{
  "resourceType": "CodeSystem",
  "id": "manufactured-dose-form",
  "meta": {
    "lastUpdated": "2022-05-28T13:47:40.239+11:00",
    "profile": [
      "http://hl7.org/fhir/StructureDefinition/shareablecodesystem"
    ]
  },
  "text": {
    "status": "generated",
    "div": "\u003cdiv xmlns\u003d\"http://www.w3.org/1999/xhtml\"\u003e\u003cp\u003eThis code system http://hl7.org/fhir/manufactured-dose-form defines the following codes:\u003c/p\u003e\u003ctable class\u003d\"codes\"\u003e\u003ctr\u003e\u003ctd style\u003d\"white-space:nowrap\"\u003e\u003cb\u003eCode\u003c/b\u003e\u003c/td\u003e\u003ctd\u003e\u003cb\u003eDisplay\u003c/b\u003e\u003c/td\u003e\u003c/tr\u003e\u003ctr\u003e\u003ctd style\u003d\"white-space:nowrap\"\u003e100000073362\u003ca name\u003d\"manufactured-dose-form-100000073362\"\u003e \u003c/a\u003e\u003c/td\u003e\u003ctd\u003eOral suspension\u003c/td\u003e\u003c/tr\u003e\u003ctr\u003e\u003ctd style\u003d\"white-space:nowrap\"\u003e100000073363\u003ca name\u003d\"manufactured-dose-form-100000073363\"\u003e \u003c/a\u003e\u003c/td\u003e\u003ctd\u003eOral gel\u003c/td\u003e\u003c/tr\u003e\u003ctr\u003e\u003ctd style\u003d\"white-space:nowrap\"\u003e100000073364\u003ca name\u003d\"manufactured-dose-form-100000073364\"\u003e \u003c/a\u003e\u003c/td\u003e\u003ctd\u003ePowder for oral solution\u003c/td\u003e\u003c/tr\u003e\u003ctr\u003e\u003ctd style\u003d\"white-space:nowrap\"\u003e100000073365\u003ca name\u003d\"manufactured-dose-form-100000073365\"\u003e \u003c/a\u003e\u003c/td\u003e\u003ctd\u003eGranules for oral solution\u003c/td\u003e\u003c/tr\u003e\u003ctr\u003e\u003ctd style\u003d\"white-space:nowrap\"\u003e100000073367\u003ca name\u003d\"manufactured-dose-form-100000073367\"\u003e \u003c/a\u003e\u003c/td\u003e\u003ctd\u003eLyophilisate for suspension\u003c/td\u003e\u003c/tr\u003e\u003ctr\u003e\u003ctd style\u003d\"white-space:nowrap\"\u003e100000073368\u003ca name\u003d\"manufactured-dose-form-100000073368\"\u003e \u003c/a\u003e\u003c/td\u003e\u003ctd\u003ePowder for syrup\u003c/td\u003e\u003c/tr\u003e\u003ctr\u003e\u003ctd style\u003d\"white-space:nowrap\"\u003e100000073369\u003ca name\u003d\"manufactured-dose-form-100000073369\"\u003e \u003c/a\u003e\u003c/td\u003e\u003ctd\u003eSoluble tablet\u003c/td\u003e\u003c/tr\u003e\u003ctr\u003e\u003ctd style\u003d\"white-space:nowrap\"\u003e100000073370\u003ca name\u003d\"manufactured-dose-form-100000073370\"\u003e \u003c/a\u003e\u003c/td\u003e\u003ctd\u003eHerbal tea\u003c/td\u003e\u003c/tr\u003e\u003ctr\u003e\u003ctd style\u003d\"white-space:nowrap\"\u003e100000073371\u003ca name\u003d\"manufactured-dose-form-100000073371\"\u003e \u003c/a\u003e\u003c/td\u003e\u003ctd\u003eInstant herbal tea\u003c/td\u003e\u003c/tr\u003e\u003ctr\u003e\u003ctd style\u003d\"white-space:nowrap\"\u003e100000073372\u003ca name\u003d\"manufactured-dose-form-100000073372\"\u003e \u003c/a\u003e\u003c/td\u003e\u003ctd\u003eGranules\u003c/td\u003e\u003c/tr\u003e\u003ctr\u003e\u003ctd style\u003d\"white-space:nowrap\"\u003e100000073373\u003ca name\u003d\"manufactured-dose-form-100000073373\"\u003e \u003c/a\u003e\u003c/td\u003e\u003ctd\u003eGastro-resistant granules\u003c/td\u003e\u003c/tr\u003e\u003ctr\u003e\u003ctd style\u003d\"white-space:nowrap\"\u003e100000073374\u003ca name\u003d\"manufactured-dose-form-100000073374\"\u003e \u003c/a\u003e\u003c/td\u003e\u003ctd\u003eModified-release granules\u003c/td\u003e\u003c/tr\u003e\u003ctr\u003e\u003ctd style\u003d\"white-space:nowrap\"\u003e100000073375\u003ca name\u003d\"manufactured-dose-form-100000073375\"\u003e \u003c/a\u003e\u003c/td\u003e\u003ctd\u003eCapsule, hard\u003c/td\u003e\u003c/tr\u003e\u003ctr\u003e\u003ctd style\u003d\"white-space:nowrap\"\u003e100000073376\u003ca name\u003d\"manufactured-dose-form-100000073376\"\u003e \u003c/a\u003e\u003c/td\u003e\u003ctd\u003eGastro-resistant capsule, hard\u003c/td\u003e\u003c/tr\u003e\u003ctr\u003e\u003ctd style\u003d\"white-space:nowrap\"\u003e100000073377\u003ca name\u003d\"manufactured-dose-form-100000073377\"\u003e \u003c/a\u003e\u003c/td\u003e\u003ctd\u003eChewable capsule, soft\u003c/td\u003e\u003c/tr\u003e\u003ctr\u003e\u003ctd style\u003d\"white-space:nowrap\"\u003e100000073378\u003ca name\u003d\"manufactured-dose-form-100000073378\"\u003e \u003c/a\u003e\u003c/td\u003e\u003ctd\u003eProlonged-release capsule, soft\u003c/td\u003e\u003c/tr\u003e\u003ctr\u003e\u003ctd style\u003d\"white-space:nowrap\"\u003e100000073379\u003ca name\u003d\"manufactured-dose-form-100000073379\"\u003e \u003c/a\u003e\u003c/td\u003e\u003ctd\u003eModified-release capsule, soft\u003c/td\u003e\u003c/tr\u003e\u003ctr\u003e\u003ctd style\u003d\"white-space:nowrap\"\u003e100000073380\u003ca name\u003d\"manufactured-dose-form-100000073380\"\u003e \u003c/a\u003e\u003c/td\u003e\u003ctd\u003eCoated tablet\u003c/td\u003e\u003c/tr\u003e\u003ctr\u003e\u003ctd style\u003d\"white-space:nowrap\"\u003e100000073642\u003ca name\u003d\"manufactured-dose-form-100000073642\"\u003e \u003c/a\u003e\u003c/td\u003e\u003ctd\u003eOral drops, solution\u003c/td\u003e\u003c/tr\u003e\u003ctr\u003e\u003ctd style\u003d\"white-space:nowrap\"\u003e100000073643\u003ca name\u003d\"manufactured-dose-form-100000073643\"\u003e \u003c/a\u003e\u003c/td\u003e\u003ctd\u003eOral drops, suspension\u003c/td\u003e\u003c/tr\u003e\u003ctr\u003e\u003ctd style\u003d\"white-space:nowrap\"\u003e100000073644\u003ca name\u003d\"manufactured-dose-form-100000073644\"\u003e \u003c/a\u003e\u003c/td\u003e\u003ctd\u003eOral drops, emulsion\u003c/td\u003e\u003c/tr\u003e\u003ctr\u003e\u003ctd style\u003d\"white-space:nowrap\"\u003e100000073645\u003ca name\u003d\"manufactured-dose-form-100000073645\"\u003e \u003c/a\u003e\u003c/td\u003e\u003ctd\u003eOral liquid\u003c/td\u003e\u003c/tr\u003e\u003ctr\u003e\u003ctd style\u003d\"white-space:nowrap\"\u003e100000073646\u003ca name\u003d\"manufactured-dose-form-100000073646\"\u003e \u003c/a\u003e\u003c/td\u003e\u003ctd\u003eOral solution\u003c/td\u003e\u003c/tr\u003e\u003ctr\u003e\u003ctd style\u003d\"white-space:nowrap\"\u003e100000073647\u003ca name\u003d\"manufactured-dose-form-100000073647\"\u003e \u003c/a\u003e\u003c/td\u003e\u003ctd\u003eOral emulsion\u003c/td\u003e\u003c/tr\u003e\u003ctr\u003e\u003ctd style\u003d\"white-space:nowrap\"\u003e100000073648\u003ca name\u003d\"manufactured-dose-form-100000073648\"\u003e \u003c/a\u003e\u003c/td\u003e\u003ctd\u003eOral paste\u003c/td\u003e\u003c/tr\u003e\u003ctr\u003e\u003ctd style\u003d\"white-space:nowrap\"\u003e100000073649\u003ca name\u003d\"manufactured-dose-form-100000073649\"\u003e \u003c/a\u003e\u003c/td\u003e\u003ctd\u003ePowder for oral suspension\u003c/td\u003e\u003c/tr\u003e\u003ctr\u003e\u003ctd style\u003d\"white-space:nowrap\"\u003e100000073650\u003ca name\u003d\"manufactured-dose-form-100000073650\"\u003e \u003c/a\u003e\u003c/td\u003e\u003ctd\u003eGranules for oral suspension\u003c/td\u003e\u003c/tr\u003e\u003ctr\u003e\u003ctd style\u003d\"white-space:nowrap\"\u003e100000073652\u003ca name\u003d\"manufactured-dose-form-100000073652\"\u003e \u003c/a\u003e\u003c/td\u003e\u003ctd\u003eSyrup\u003c/td\u003e\u003c/tr\u003e\u003ctr\u003e\u003ctd style\u003d\"white-space:nowrap\"\u003e100000073653\u003ca name\u003d\"manufactured-dose-form-100000073653\"\u003e \u003c/a\u003e\u003c/td\u003e\u003ctd\u003eGranules for syrup\u003c/td\u003e\u003c/tr\u003e\u003ctr\u003e\u003ctd style\u003d\"white-space:nowrap\"\u003e100000073654\u003ca name\u003d\"manufactured-dose-form-100000073654\"\u003e \u003c/a\u003e\u003c/td\u003e\u003ctd\u003eDispersible tablet\u003c/td\u003e\u003c/tr\u003e\u003ctr\u003e\u003ctd style\u003d\"white-space:nowrap\"\u003e100000073655\u003ca name\u003d\"manufactured-dose-form-100000073655\"\u003e \u003c/a\u003e\u003c/td\u003e\u003ctd\u003eOral powder\u003c/td\u003e\u003c/tr\u003e\u003ctr\u003e\u003ctd style\u003d\"white-space:nowrap\"\u003e100000073656\u003ca name\u003d\"manufactured-dose-form-100000073656\"\u003e \u003c/a\u003e\u003c/td\u003e\u003ctd\u003eEffervescent powder\u003c/td\u003e\u003c/tr\u003e\u003ctr\u003e\u003ctd style\u003d\"white-space:nowrap\"\u003e100000073657\u003ca name\u003d\"manufactured-dose-form-100000073657\"\u003e \u003c/a\u003e\u003c/td\u003e\u003ctd\u003eEffervescent granules\u003c/td\u003e\u003c/tr\u003e\u003ctr\u003e\u003ctd style\u003d\"white-space:nowrap\"\u003e100000073658\u003ca name\u003d\"manufactured-dose-form-100000073658\"\u003e \u003c/a\u003e\u003c/td\u003e\u003ctd\u003eProlonged-release granules\u003c/td\u003e\u003c/tr\u003e\u003ctr\u003e\u003ctd style\u003d\"white-space:nowrap\"\u003e100000073659\u003ca name\u003d\"manufactured-dose-form-100000073659\"\u003e \u003c/a\u003e\u003c/td\u003e\u003ctd\u003eCachet\u003c/td\u003e\u003c/tr\u003e\u003ctr\u003e\u003ctd style\u003d\"white-space:nowrap\"\u003e100000073660\u003ca name\u003d\"manufactured-dose-form-100000073660\"\u003e \u003c/a\u003e\u003c/td\u003e\u003ctd\u003eCapsule, soft\u003c/td\u003e\u003c/tr\u003e\u003ctr\u003e\u003ctd style\u003d\"white-space:nowrap\"\u003e100000073661\u003ca name\u003d\"manufactured-dose-form-100000073661\"\u003e \u003c/a\u003e\u003c/td\u003e\u003ctd\u003eGastro-resistant capsule, soft\u003c/td\u003e\u003c/tr\u003e\u003ctr\u003e\u003ctd style\u003d\"white-space:nowrap\"\u003e100000073662\u003ca name\u003d\"manufactured-dose-form-100000073662\"\u003e \u003c/a\u003e\u003c/td\u003e\u003ctd\u003eProlonged-release capsule, hard\u003c/td\u003e\u003c/tr\u003e\u003ctr\u003e\u003ctd style\u003d\"white-space:nowrap\"\u003e100000073663\u003ca name\u003d\"manufactured-dose-form-100000073663\"\u003e \u003c/a\u003e\u003c/td\u003e\u003ctd\u003eModified-release capsule, hard\u003c/td\u003e\u003c/tr\u003e\u003ctr\u003e\u003ctd style\u003d\"white-space:nowrap\"\u003e100000073664\u003ca name\u003d\"manufactured-dose-form-100000073664\"\u003e \u003c/a\u003e\u003c/td\u003e\u003ctd\u003eTablet\u003c/td\u003e\u003c/tr\u003e\u003ctr\u003e\u003ctd style\u003d\"white-space:nowrap\"\u003e100000073665\u003ca name\u003d\"manufactured-dose-form-100000073665\"\u003e \u003c/a\u003e\u003c/td\u003e\u003ctd\u003eFilm-coated tablet\u003c/td\u003e\u003c/tr\u003e\u003ctr\u003e\u003ctd style\u003d\"white-space:nowrap\"\u003e100000073666\u003ca name\u003d\"manufactured-dose-form-100000073666\"\u003e \u003c/a\u003e\u003c/td\u003e\u003ctd\u003eOrodispersible tablet\u003c/td\u003e\u003c/tr\u003e\u003ctr\u003e\u003ctd style\u003d\"white-space:nowrap\"\u003e100000073667\u003ca name\u003d\"manufactured-dose-form-100000073667\"\u003e \u003c/a\u003e\u003c/td\u003e\u003ctd\u003eGastro-resistant tablet\u003c/td\u003e\u003c/tr\u003e\u003ctr\u003e\u003ctd style\u003d\"white-space:nowrap\"\u003e100000073668\u003ca name\u003d\"manufactured-dose-form-100000073668\"\u003e \u003c/a\u003e\u003c/td\u003e\u003ctd\u003eModified-release tablet\u003c/td\u003e\u003c/tr\u003e\u003ctr\u003e\u003ctd style\u003d\"white-space:nowrap\"\u003e100000073669\u003ca name\u003d\"manufactured-dose-form-100000073669\"\u003e \u003c/a\u003e\u003c/td\u003e\u003ctd\u003eMedicated chewing-gum\u003c/td\u003e\u003c/tr\u003e\u003ctr\u003e\u003ctd style\u003d\"white-space:nowrap\"\u003e100000073670\u003ca name\u003d\"manufactured-dose-form-100000073670\"\u003e \u003c/a\u003e\u003c/td\u003e\u003ctd\u003ePillules\u003c/td\u003e\u003c/tr\u003e\u003ctr\u003e\u003ctd style\u003d\"white-space:nowrap\"\u003e100000073671\u003ca name\u003d\"manufactured-dose-form-100000073671\"\u003e \u003c/a\u003e\u003c/td\u003e\u003ctd\u003ePulsatile-release intraruminal device\u003c/td\u003e\u003c/tr\u003e\u003ctr\u003e\u003ctd style\u003d\"white-space:nowrap\"\u003e100000073672\u003ca name\u003d\"manufactured-dose-form-100000073672\"\u003e \u003c/a\u003e\u003c/td\u003e\u003ctd\u003ePremix for medicated feeding stuff\u003c/td\u003e\u003c/tr\u003e\u003ctr\u003e\u003ctd style\u003d\"white-space:nowrap\"\u003e100000073673\u003ca name\u003d\"manufactured-dose-form-100000073673\"\u003e \u003c/a\u003e\u003c/td\u003e\u003ctd\u003eGargle\u003c/td\u003e\u003c/tr\u003e\u003ctr\u003e\u003ctd style\u003d\"white-space:nowrap\"\u003e100000073674\u003ca name\u003d\"manufactured-dose-form-100000073674\"\u003e \u003c/a\u003e\u003c/td\u003e\u003ctd\u003eGargle, powder for solution\u003c/td\u003e\u003c/tr\u003e\u003ctr\u003e\u003ctd style\u003d\"white-space:nowrap\"\u003e100000073675\u003ca name\u003d\"manufactured-dose-form-100000073675\"\u003e \u003c/a\u003e\u003c/td\u003e\u003ctd\u003eOromucosal suspension\u003c/td\u003e\u003c/tr\u003e\u003ctr\u003e\u003ctd style\u003d\"white-space:nowrap\"\u003e100000073676\u003ca name\u003d\"manufactured-dose-form-100000073676\"\u003e \u003c/a\u003e\u003c/td\u003e\u003ctd\u003eOromucosal spray\u003c/td\u003e\u003c/tr\u003e\u003ctr\u003e\u003ctd style\u003d\"white-space:nowrap\"\u003e100000073677\u003ca name\u003d\"manufactured-dose-form-100000073677\"\u003e \u003c/a\u003e\u003c/td\u003e\u003ctd\u003eMouthwash\u003c/td\u003e\u003c/tr\u003e\u003ctr\u003e\u003ctd style\u003d\"white-space:nowrap\"\u003e100000073678\u003ca name\u003d\"manufactured-dose-form-100000073678\"\u003e \u003c/a\u003e\u003c/td\u003e\u003ctd\u003eGingival solution\u003c/td\u003e\u003c/tr\u003e\u003ctr\u003e\u003ctd style\u003d\"white-space:nowrap\"\u003e100000073679\u003ca name\u003d\"manufactured-dose-form-100000073679\"\u003e \u003c/a\u003e\u003c/td\u003e\u003ctd\u003eOromucosal paste\u003c/td\u003e\u003c/tr\u003e\u003ctr\u003e\u003ctd style\u003d\"white-space:nowrap\"\u003e100000073680\u003ca name\u003d\"manufactured-dose-form-100000073680\"\u003e \u003c/a\u003e\u003c/td\u003e\u003ctd\u003eGingival gel\u003c/td\u003e\u003c/tr\u003e\u003ctr\u003e\u003ctd style\u003d\"white-space:nowrap\"\u003e100000073681\u003ca name\u003d\"manufactured-dose-form-100000073681\"\u003e \u003c/a\u003e\u003c/td\u003e\u003ctd\u003eEffervescent tablet\u003c/td\u003e\u003c/tr\u003e\u003ctr\u003e\u003ctd style\u003d\"white-space:nowrap\"\u003e100000073682\u003ca name\u003d\"manufactured-dose-form-100000073682\"\u003e \u003c/a\u003e\u003c/td\u003e\u003ctd\u003eOral lyophilisate\u003c/td\u003e\u003c/tr\u003e\u003ctr\u003e\u003ctd style\u003d\"white-space:nowrap\"\u003e100000073683\u003ca name\u003d\"manufactured-dose-form-100000073683\"\u003e \u003c/a\u003e\u003c/td\u003e\u003ctd\u003eProlonged-release tablet\u003c/td\u003e\u003c/tr\u003e\u003ctr\u003e\u003ctd style\u003d\"white-space:nowrap\"\u003e100000073684\u003ca name\u003d\"manufactured-dose-form-100000073684\"\u003e \u003c/a\u003e\u003c/td\u003e\u003ctd\u003eChewable tablet\u003c/td\u003e\u003c/tr\u003e\u003ctr\u003e\u003ctd style\u003d\"white-space:nowrap\"\u003e100000073685\u003ca name\u003d\"manufactured-dose-form-100000073685\"\u003e \u003c/a\u003e\u003c/td\u003e\u003ctd\u003eOral gum\u003c/td\u003e\u003c/tr\u003e\u003ctr\u003e\u003ctd style\u003d\"white-space:nowrap\"\u003e100000073686\u003ca name\u003d\"manufactured-dose-form-100000073686\"\u003e \u003c/a\u003e\u003c/td\u003e\u003ctd\u003eContinuous-release intraruminal device\u003c/td\u003e\u003c/tr\u003e\u003ctr\u003e\u003ctd style\u003d\"white-space:nowrap\"\u003e100000073687\u003ca name\u003d\"manufactured-dose-form-100000073687\"\u003e \u003c/a\u003e\u003c/td\u003e\u003ctd\u003eLick block\u003c/td\u003e\u003c/tr\u003e\u003ctr\u003e\u003ctd style\u003d\"white-space:nowrap\"\u003e100000073688\u003ca name\u003d\"manufactured-dose-form-100000073688\"\u003e \u003c/a\u003e\u003c/td\u003e\u003ctd\u003eMedicated pellets\u003c/td\u003e\u003c/tr\u003e\u003ctr\u003e\u003ctd style\u003d\"white-space:nowrap\"\u003e100000073689\u003ca name\u003d\"manufactured-dose-form-100000073689\"\u003e \u003c/a\u003e\u003c/td\u003e\u003ctd\u003eConcentrate for gargle\u003c/td\u003e\u003c/tr\u003e\u003ctr\u003e\u003ctd style\u003d\"white-space:nowrap\"\u003e100000073690\u003ca name\u003d\"manufactured-dose-form-100000073690\"\u003e \u003c/a\u003e\u003c/td\u003e\u003ctd\u003eGargle, tablet for solution\u003c/td\u003e\u003c/tr\u003e\u003ctr\u003e\u003ctd style\u003d\"white-space:nowrap\"\u003e100000073691\u003ca name\u003d\"manufactured-dose-form-100000073691\"\u003e \u003c/a\u003e\u003c/td\u003e\u003ctd\u003eOromucosal solution\u003c/td\u003e\u003c/tr\u003e\u003ctr\u003e\u003ctd style\u003d\"white-space:nowrap\"\u003e100000073692\u003ca name\u003d\"manufactured-dose-form-100000073692\"\u003e \u003c/a\u003e\u003c/td\u003e\u003ctd\u003eOromucosal drops\u003c/td\u003e\u003c/tr\u003e\u003ctr\u003e\u003ctd style\u003d\"white-space:nowrap\"\u003e100000073693\u003ca name\u003d\"manufactured-dose-form-100000073693\"\u003e \u003c/a\u003e\u003c/td\u003e\u003ctd\u003eSublingual spray\u003c/td\u003e\u003c/tr\u003e\u003ctr\u003e\u003ctd style\u003d\"white-space:nowrap\"\u003e100000073694\u003ca name\u003d\"manufactured-dose-form-100000073694\"\u003e \u003c/a\u003e\u003c/td\u003e\u003ctd\u003eMouthwash, tablet for solution\u003c/td\u003e\u003c/tr\u003e\u003ctr\u003e\u003ctd style\u003d\"white-space:nowrap\"\u003e100000073695\u003ca name\u003d\"manufactured-dose-form-100000073695\"\u003e \u003c/a\u003e\u003c/td\u003e\u003ctd\u003eOromucosal gel\u003c/td\u003e\u003c/tr\u003e\u003ctr\u003e\u003ctd style\u003d\"white-space:nowrap\"\u003e100000073696\u003ca name\u003d\"manufactured-dose-form-100000073696\"\u003e \u003c/a\u003e\u003c/td\u003e\u003ctd\u003eOromucosal cream\u003c/td\u003e\u003c/tr\u003e\u003ctr\u003e\u003ctd style\u003d\"white-space:nowrap\"\u003e100000073697\u003ca name\u003d\"manufactured-dose-form-100000073697\"\u003e \u003c/a\u003e\u003c/td\u003e\u003ctd\u003eGingival paste\u003c/td\u003e\u003c/tr\u003e\u003ctr\u003e\u003ctd style\u003d\"white-space:nowrap\"\u003e100000073698\u003ca name\u003d\"manufactured-dose-form-100000073698\"\u003e \u003c/a\u003e\u003c/td\u003e\u003ctd\u003eSublingual tablet\u003c/td\u003e\u003c/tr\u003e\u003ctr\u003e\u003ctd style\u003d\"white-space:nowrap\"\u003e100000073699\u003ca name\u003d\"manufactured-dose-form-100000073699\"\u003e \u003c/a\u003e\u003c/td\u003e\u003ctd\u003eBuccal tablet\u003c/td\u003e\u003c/tr\u003e\u003ctr\u003e\u003ctd style\u003d\"white-space:nowrap\"\u003e100000073700\u003ca name\u003d\"manufactured-dose-form-100000073700\"\u003e \u003c/a\u003e\u003c/td\u003e\u003ctd\u003eCompressed lozenge\u003c/td\u003e\u003c/tr\u003e\u003ctr\u003e\u003ctd style\u003d\"white-space:nowrap\"\u003e100000073701\u003ca name\u003d\"manufactured-dose-form-100000073701\"\u003e \u003c/a\u003e\u003c/td\u003e\u003ctd\u003eOromucosal capsule\u003c/td\u003e\u003c/tr\u003e\u003ctr\u003e\u003ctd style\u003d\"white-space:nowrap\"\u003e100000073702\u003ca name\u003d\"manufactured-dose-form-100000073702\"\u003e \u003c/a\u003e\u003c/td\u003e\u003ctd\u003eMuco-adhesive buccal tablet\u003c/td\u003e\u003c/tr\u003e\u003ctr\u003e\u003ctd style\u003d\"white-space:nowrap\"\u003e100000073703\u003ca name\u003d\"manufactured-dose-form-100000073703\"\u003e \u003c/a\u003e\u003c/td\u003e\u003ctd\u003eLozenge\u003c/td\u003e\u003c/tr\u003e\u003ctr\u003e\u003ctd style\u003d\"white-space:nowrap\"\u003e100000073704\u003ca name\u003d\"manufactured-dose-form-100000073704\"\u003e \u003c/a\u003e\u003c/td\u003e\u003ctd\u003ePastille\u003c/td\u003e\u003c/tr\u003e\u003ctr\u003e\u003ctd style\u003d\"white-space:nowrap\"\u003e100000073705\u003ca name\u003d\"manufactured-dose-form-100000073705\"\u003e \u003c/a\u003e\u003c/td\u003e\u003ctd\u003eDental gel\u003c/td\u003e\u003c/tr\u003e\u003ctr\u003e\u003ctd style\u003d\"white-space:nowrap\"\u003e100000073706\u003ca name\u003d\"manufactured-dose-form-100000073706\"\u003e \u003c/a\u003e\u003c/td\u003e\u003ctd\u003eDental insert\u003c/td\u003e\u003c/tr\u003e\u003ctr\u003e\u003ctd style\u003d\"white-space:nowrap\"\u003e100000073707\u003ca name\u003d\"manufactured-dose-form-100000073707\"\u003e \u003c/a\u003e\u003c/td\u003e\u003ctd\u003eDental powder\u003c/td\u003e\u003c/tr\u003e\u003ctr\u003e\u003ctd style\u003d\"white-space:nowrap\"\u003e100000073708\u003ca name\u003d\"manufactured-dose-form-100000073708\"\u003e \u003c/a\u003e\u003c/td\u003e\u003ctd\u003eDental suspension\u003c/td\u003e\u003c/tr\u003e\u003ctr\u003e\u003ctd style\u003d\"white-space:nowrap\"\u003e100000073709\u003ca name\u003d\"manufactured-dose-form-100000073709\"\u003e \u003c/a\u003e\u003c/td\u003e\u003ctd\u003eToothpaste\u003c/td\u003e\u003c/tr\u003e\u003ctr\u003e\u003ctd style\u003d\"white-space:nowrap\"\u003e100000073710\u003ca name\u003d\"manufactured-dose-form-100000073710\"\u003e \u003c/a\u003e\u003c/td\u003e\u003ctd\u003ePeriodontal gel\u003c/td\u003e\u003c/tr\u003e\u003ctr\u003e\u003ctd style\u003d\"white-space:nowrap\"\u003e100000073711\u003ca name\u003d\"manufactured-dose-form-100000073711\"\u003e \u003c/a\u003e\u003c/td\u003e\u003ctd\u003eBath additive\u003c/td\u003e\u003c/tr\u003e\u003ctr\u003e\u003ctd style\u003d\"white-space:nowrap\"\u003e100000073712\u003ca name\u003d\"manufactured-dose-form-100000073712\"\u003e \u003c/a\u003e\u003c/td\u003e\u003ctd\u003eCream\u003c/td\u003e\u003c/tr\u003e\u003ctr\u003e\u003ctd style\u003d\"white-space:nowrap\"\u003e100000073713\u003ca name\u003d\"manufactured-dose-form-100000073713\"\u003e \u003c/a\u003e\u003c/td\u003e\u003ctd\u003eOintment\u003c/td\u003e\u003c/tr\u003e\u003ctr\u003e\u003ctd style\u003d\"white-space:nowrap\"\u003e100000073714\u003ca name\u003d\"manufactured-dose-form-100000073714\"\u003e \u003c/a\u003e\u003c/td\u003e\u003ctd\u003eMedicated plaster\u003c/td\u003e\u003c/tr\u003e\u003ctr\u003e\u003ctd style\u003d\"white-space:nowrap\"\u003e100000073715\u003ca name\u003d\"manufactured-dose-form-100000073715\"\u003e \u003c/a\u003e\u003c/td\u003e\u003ctd\u003eShampoo\u003c/td\u003e\u003c/tr\u003e\u003ctr\u003e\u003ctd style\u003d\"white-space:nowrap\"\u003e100000073716\u003ca name\u003d\"manufactured-dose-form-100000073716\"\u003e \u003c/a\u003e\u003c/td\u003e\u003ctd\u003eCutaneous spray, suspension\u003c/td\u003e\u003c/tr\u003e\u003ctr\u003e\u003ctd style\u003d\"white-space:nowrap\"\u003e100000073717\u003ca name\u003d\"manufactured-dose-form-100000073717\"\u003e \u003c/a\u003e\u003c/td\u003e\u003ctd\u003eCutaneous liquid\u003c/td\u003e\u003c/tr\u003e\u003ctr\u003e\u003ctd style\u003d\"white-space:nowrap\"\u003e100000073718\u003ca name\u003d\"manufactured-dose-form-100000073718\"\u003e \u003c/a\u003e\u003c/td\u003e\u003ctd\u003eConcentrate for cutaneous solution\u003c/td\u003e\u003c/tr\u003e\u003ctr\u003e\u003ctd style\u003d\"white-space:nowrap\"\u003e100000073719\u003ca name\u003d\"manufactured-dose-form-100000073719\"\u003e \u003c/a\u003e\u003c/td\u003e\u003ctd\u003eCutaneous emulsion\u003c/td\u003e\u003c/tr\u003e\u003ctr\u003e\u003ctd style\u003d\"white-space:nowrap\"\u003e100000073720\u003ca name\u003d\"manufactured-dose-form-100000073720\"\u003e \u003c/a\u003e\u003c/td\u003e\u003ctd\u003eCutaneous patch\u003c/td\u003e\u003c/tr\u003e\u003ctr\u003e\u003ctd style\u003d\"white-space:nowrap\"\u003e100000073721\u003ca name\u003d\"manufactured-dose-form-100000073721\"\u003e \u003c/a\u003e\u003c/td\u003e\u003ctd\u003ePeriodontal powder\u003c/td\u003e\u003c/tr\u003e\u003ctr\u003e\u003ctd style\u003d\"white-space:nowrap\"\u003e100000073722\u003ca name\u003d\"manufactured-dose-form-100000073722\"\u003e \u003c/a\u003e\u003c/td\u003e\u003ctd\u003eDental stick\u003c/td\u003e\u003c/tr\u003e\u003ctr\u003e\u003ctd style\u003d\"white-space:nowrap\"\u003e100000073723\u003ca name\u003d\"manufactured-dose-form-100000073723\"\u003e \u003c/a\u003e\u003c/td\u003e\u003ctd\u003eDental solution\u003c/td\u003e\u003c/tr\u003e\u003ctr\u003e\u003ctd style\u003d\"white-space:nowrap\"\u003e100000073724\u003ca name\u003d\"manufactured-dose-form-100000073724\"\u003e \u003c/a\u003e\u003c/td\u003e\u003ctd\u003eDental emulsion\u003c/td\u003e\u003c/tr\u003e\u003ctr\u003e\u003ctd style\u003d\"white-space:nowrap\"\u003e100000073725\u003ca name\u003d\"manufactured-dose-form-100000073725\"\u003e \u003c/a\u003e\u003c/td\u003e\u003ctd\u003ePeriodontal insert\u003c/td\u003e\u003c/tr\u003e\u003ctr\u003e\u003ctd style\u003d\"white-space:nowrap\"\u003e100000073726\u003ca name\u003d\"manufactured-dose-form-100000073726\"\u003e \u003c/a\u003e\u003c/td\u003e\u003ctd\u003eGel\u003c/td\u003e\u003c/tr\u003e\u003ctr\u003e\u003ctd style\u003d\"white-space:nowrap\"\u003e100000073727\u003ca name\u003d\"manufactured-dose-form-100000073727\"\u003e \u003c/a\u003e\u003c/td\u003e\u003ctd\u003eCutaneous paste\u003c/td\u003e\u003c/tr\u003e\u003ctr\u003e\u003ctd style\u003d\"white-space:nowrap\"\u003e100000073728\u003ca name\u003d\"manufactured-dose-form-100000073728\"\u003e \u003c/a\u003e\u003c/td\u003e\u003ctd\u003eCutaneous foam\u003c/td\u003e\u003c/tr\u003e\u003ctr\u003e\u003ctd style\u003d\"white-space:nowrap\"\u003e100000073729\u003ca name\u003d\"manufactured-dose-form-100000073729\"\u003e \u003c/a\u003e\u003c/td\u003e\u003ctd\u003eCutaneous spray, solution\u003c/td\u003e\u003c/tr\u003e\u003ctr\u003e\u003ctd style\u003d\"white-space:nowrap\"\u003e100000073730\u003ca name\u003d\"manufactured-dose-form-100000073730\"\u003e \u003c/a\u003e\u003c/td\u003e\u003ctd\u003eCutaneous spray, powder\u003c/td\u003e\u003c/tr\u003e\u003ctr\u003e\u003ctd style\u003d\"white-space:nowrap\"\u003e100000073731\u003ca name\u003d\"manufactured-dose-form-100000073731\"\u003e \u003c/a\u003e\u003c/td\u003e\u003ctd\u003eCutaneous solution\u003c/td\u003e\u003c/tr\u003e\u003ctr\u003e\u003ctd style\u003d\"white-space:nowrap\"\u003e100000073732\u003ca name\u003d\"manufactured-dose-form-100000073732\"\u003e \u003c/a\u003e\u003c/td\u003e\u003ctd\u003eCutaneous suspension\u003c/td\u003e\u003c/tr\u003e\u003ctr\u003e\u003ctd style\u003d\"white-space:nowrap\"\u003e100000073733\u003ca name\u003d\"manufactured-dose-form-100000073733\"\u003e \u003c/a\u003e\u003c/td\u003e\u003ctd\u003eCutaneous powder\u003c/td\u003e\u003c/tr\u003e\u003ctr\u003e\u003ctd style\u003d\"white-space:nowrap\"\u003e100000073734\u003ca name\u003d\"manufactured-dose-form-100000073734\"\u003e \u003c/a\u003e\u003c/td\u003e\u003ctd\u003eSolution for iontophoresis\u003c/td\u003e\u003c/tr\u003e\u003ctr\u003e\u003ctd style\u003d\"white-space:nowrap\"\u003e100000073735\u003ca name\u003d\"manufactured-dose-form-100000073735\"\u003e \u003c/a\u003e\u003c/td\u003e\u003ctd\u003eCollodion\u003c/td\u003e\u003c/tr\u003e\u003ctr\u003e\u003ctd style\u003d\"white-space:nowrap\"\u003e100000073736\u003ca name\u003d\"manufactured-dose-form-100000073736\"\u003e \u003c/a\u003e\u003c/td\u003e\u003ctd\u003ePoultice\u003c/td\u003e\u003c/tr\u003e\u003ctr\u003e\u003ctd style\u003d\"white-space:nowrap\"\u003e100000073737\u003ca name\u003d\"manufactured-dose-form-100000073737\"\u003e \u003c/a\u003e\u003c/td\u003e\u003ctd\u003eCutaneous sponge\u003c/td\u003e\u003c/tr\u003e\u003ctr\u003e\u003ctd style\u003d\"white-space:nowrap\"\u003e100000073738\u003ca name\u003d\"manufactured-dose-form-100000073738\"\u003e \u003c/a\u003e\u003c/td\u003e\u003ctd\u003eCollar\u003c/td\u003e\u003c/tr\u003e\u003ctr\u003e\u003ctd style\u003d\"white-space:nowrap\"\u003e100000073739\u003ca name\u003d\"manufactured-dose-form-100000073739\"\u003e \u003c/a\u003e\u003c/td\u003e\u003ctd\u003eEar tag\u003c/td\u003e\u003c/tr\u003e\u003ctr\u003e\u003ctd style\u003d\"white-space:nowrap\"\u003e100000073740\u003ca name\u003d\"manufactured-dose-form-100000073740\"\u003e \u003c/a\u003e\u003c/td\u003e\u003ctd\u003eDip suspension\u003c/td\u003e\u003c/tr\u003e\u003ctr\u003e\u003ctd style\u003d\"white-space:nowrap\"\u003e100000073741\u003ca name\u003d\"manufactured-dose-form-100000073741\"\u003e \u003c/a\u003e\u003c/td\u003e\u003ctd\u003eTransdermal patch\u003c/td\u003e\u003c/tr\u003e\u003ctr\u003e\u003ctd style\u003d\"white-space:nowrap\"\u003e100000073742\u003ca name\u003d\"manufactured-dose-form-100000073742\"\u003e \u003c/a\u003e\u003c/td\u003e\u003ctd\u003eMedicated nail lacquer\u003c/td\u003e\u003c/tr\u003e\u003ctr\u003e\u003ctd style\u003d\"white-space:nowrap\"\u003e100000073743\u003ca name\u003d\"manufactured-dose-form-100000073743\"\u003e \u003c/a\u003e\u003c/td\u003e\u003ctd\u003eCutaneous stick\u003c/td\u003e\u003c/tr\u003e\u003ctr\u003e\u003ctd style\u003d\"white-space:nowrap\"\u003e100000073744\u003ca name\u003d\"manufactured-dose-form-100000073744\"\u003e \u003c/a\u003e\u003c/td\u003e\u003ctd\u003eImpregnated dressing\u003c/td\u003e\u003c/tr\u003e\u003ctr\u003e\u003ctd style\u003d\"white-space:nowrap\"\u003e100000073745\u003ca name\u003d\"manufactured-dose-form-100000073745\"\u003e \u003c/a\u003e\u003c/td\u003e\u003ctd\u003eMedicated pendant\u003c/td\u003e\u003c/tr\u003e\u003ctr\u003e\u003ctd style\u003d\"white-space:nowrap\"\u003e100000073746\u003ca name\u003d\"manufactured-dose-form-100000073746\"\u003e \u003c/a\u003e\u003c/td\u003e\u003ctd\u003eDip solution\u003c/td\u003e\u003c/tr\u003e\u003ctr\u003e\u003ctd style\u003d\"white-space:nowrap\"\u003e100000073747\u003ca name\u003d\"manufactured-dose-form-100000073747\"\u003e \u003c/a\u003e\u003c/td\u003e\u003ctd\u003eDip emulsion\u003c/td\u003e\u003c/tr\u003e\u003ctr\u003e\u003ctd style\u003d\"white-space:nowrap\"\u003e100000073748\u003ca name\u003d\"manufactured-dose-form-100000073748\"\u003e \u003c/a\u003e\u003c/td\u003e\u003ctd\u003eConcentrate for dip suspension\u003c/td\u003e\u003c/tr\u003e\u003ctr\u003e\u003ctd style\u003d\"white-space:nowrap\"\u003e100000073749\u003ca name\u003d\"manufactured-dose-form-100000073749\"\u003e \u003c/a\u003e\u003c/td\u003e\u003ctd\u003ePowder for dip solution\u003c/td\u003e\u003c/tr\u003e\u003ctr\u003e\u003ctd style\u003d\"white-space:nowrap\"\u003e100000073750\u003ca name\u003d\"manufactured-dose-form-100000073750\"\u003e \u003c/a\u003e\u003c/td\u003e\u003ctd\u003ePowder for suspension for fish treatment\u003c/td\u003e\u003c/tr\u003e\u003ctr\u003e\u003ctd style\u003d\"white-space:nowrap\"\u003e100000073751\u003ca name\u003d\"manufactured-dose-form-100000073751\"\u003e \u003c/a\u003e\u003c/td\u003e\u003ctd\u003ePour-on suspension\u003c/td\u003e\u003c/tr\u003e\u003ctr\u003e\u003ctd style\u003d\"white-space:nowrap\"\u003e100000073752\u003ca name\u003d\"manufactured-dose-form-100000073752\"\u003e \u003c/a\u003e\u003c/td\u003e\u003ctd\u003eSpot-on solution\u003c/td\u003e\u003c/tr\u003e\u003ctr\u003e\u003ctd style\u003d\"white-space:nowrap\"\u003e100000073753\u003ca name\u003d\"manufactured-dose-form-100000073753\"\u003e \u003c/a\u003e\u003c/td\u003e\u003ctd\u003eSpot-on emulsion\u003c/td\u003e\u003c/tr\u003e\u003ctr\u003e\u003ctd style\u003d\"white-space:nowrap\"\u003e100000073754\u003ca name\u003d\"manufactured-dose-form-100000073754\"\u003e \u003c/a\u003e\u003c/td\u003e\u003ctd\u003eTeat dip suspension\u003c/td\u003e\u003c/tr\u003e\u003ctr\u003e\u003ctd style\u003d\"white-space:nowrap\"\u003e100000073755\u003ca name\u003d\"manufactured-dose-form-100000073755\"\u003e \u003c/a\u003e\u003c/td\u003e\u003ctd\u003eTeat spray solution\u003c/td\u003e\u003c/tr\u003e\u003ctr\u003e\u003ctd style\u003d\"white-space:nowrap\"\u003e100000073756\u003ca name\u003d\"manufactured-dose-form-100000073756\"\u003e \u003c/a\u003e\u003c/td\u003e\u003ctd\u003eSolution for skin-prick test\u003c/td\u003e\u003c/tr\u003e\u003ctr\u003e\u003ctd style\u003d\"white-space:nowrap\"\u003e100000073757\u003ca name\u003d\"manufactured-dose-form-100000073757\"\u003e \u003c/a\u003e\u003c/td\u003e\u003ctd\u003ePlaster for provocation test\u003c/td\u003e\u003c/tr\u003e\u003ctr\u003e\u003ctd style\u003d\"white-space:nowrap\"\u003e100000073758\u003ca name\u003d\"manufactured-dose-form-100000073758\"\u003e \u003c/a\u003e\u003c/td\u003e\u003ctd\u003eEye gel\u003c/td\u003e\u003c/tr\u003e\u003ctr\u003e\u003ctd style\u003d\"white-space:nowrap\"\u003e100000073759\u003ca name\u003d\"manufactured-dose-form-100000073759\"\u003e \u003c/a\u003e\u003c/td\u003e\u003ctd\u003eEye drops, solution\u003c/td\u003e\u003c/tr\u003e\u003ctr\u003e\u003ctd style\u003d\"white-space:nowrap\"\u003e100000073760\u003ca name\u003d\"manufactured-dose-form-100000073760\"\u003e \u003c/a\u003e\u003c/td\u003e\u003ctd\u003eEye drops, suspension\u003c/td\u003e\u003c/tr\u003e\u003ctr\u003e\u003ctd style\u003d\"white-space:nowrap\"\u003e100000073761\u003ca name\u003d\"manufactured-dose-form-100000073761\"\u003e \u003c/a\u003e\u003c/td\u003e\u003ctd\u003eConcentrate for dip solution\u003c/td\u003e\u003c/tr\u003e\u003ctr\u003e\u003ctd style\u003d\"white-space:nowrap\"\u003e100000073762\u003ca name\u003d\"manufactured-dose-form-100000073762\"\u003e \u003c/a\u003e\u003c/td\u003e\u003ctd\u003eConcentrate for dip emulsion\u003c/td\u003e\u003c/tr\u003e\u003ctr\u003e\u003ctd style\u003d\"white-space:nowrap\"\u003e100000073763\u003ca name\u003d\"manufactured-dose-form-100000073763\"\u003e \u003c/a\u003e\u003c/td\u003e\u003ctd\u003eConcentrate for solution for fish treatment\u003c/td\u003e\u003c/tr\u003e\u003ctr\u003e\u003ctd style\u003d\"white-space:nowrap\"\u003e100000073764\u003ca name\u003d\"manufactured-dose-form-100000073764\"\u003e \u003c/a\u003e\u003c/td\u003e\u003ctd\u003ePour-on solution\u003c/td\u003e\u003c/tr\u003e\u003ctr\u003e\u003ctd style\u003d\"white-space:nowrap\"\u003e100000073765\u003ca name\u003d\"manufactured-dose-form-100000073765\"\u003e \u003c/a\u003e\u003c/td\u003e\u003ctd\u003ePour-on emulsion\u003c/td\u003e\u003c/tr\u003e\u003ctr\u003e\u003ctd style\u003d\"white-space:nowrap\"\u003e100000073766\u003ca name\u003d\"manufactured-dose-form-100000073766\"\u003e \u003c/a\u003e\u003c/td\u003e\u003ctd\u003eSpot-on suspension\u003c/td\u003e\u003c/tr\u003e\u003ctr\u003e\u003ctd style\u003d\"white-space:nowrap\"\u003e100000073767\u003ca name\u003d\"manufactured-dose-form-100000073767\"\u003e \u003c/a\u003e\u003c/td\u003e\u003ctd\u003eTeat dip solution\u003c/td\u003e\u003c/tr\u003e\u003ctr\u003e\u003ctd style\u003d\"white-space:nowrap\"\u003e100000073768\u003ca name\u003d\"manufactured-dose-form-100000073768\"\u003e \u003c/a\u003e\u003c/td\u003e\u003ctd\u003eTeat dip emulsion\u003c/td\u003e\u003c/tr\u003e\u003ctr\u003e\u003ctd style\u003d\"white-space:nowrap\"\u003e100000073769\u003ca name\u003d\"manufactured-dose-form-100000073769\"\u003e \u003c/a\u003e\u003c/td\u003e\u003ctd\u003eTransdermal system\u003c/td\u003e\u003c/tr\u003e\u003ctr\u003e\u003ctd style\u003d\"white-space:nowrap\"\u003e100000073770\u003ca name\u003d\"manufactured-dose-form-100000073770\"\u003e \u003c/a\u003e\u003c/td\u003e\u003ctd\u003eSolution for skin-scratch test\u003c/td\u003e\u003c/tr\u003e\u003ctr\u003e\u003ctd style\u003d\"white-space:nowrap\"\u003e100000073771\u003ca name\u003d\"manufactured-dose-form-100000073771\"\u003e \u003c/a\u003e\u003c/td\u003e\u003ctd\u003eEye cream\u003c/td\u003e\u003c/tr\u003e\u003ctr\u003e\u003ctd style\u003d\"white-space:nowrap\"\u003e100000073772\u003ca name\u003d\"manufactured-dose-form-100000073772\"\u003e \u003c/a\u003e\u003c/td\u003e\u003ctd\u003eEye ointment\u003c/td\u003e\u003c/tr\u003e\u003ctr\u003e\u003ctd style\u003d\"white-space:nowrap\"\u003e100000073773\u003ca name\u003d\"manufactured-dose-form-100000073773\"\u003e \u003c/a\u003e\u003c/td\u003e\u003ctd\u003eEye drops, emulsion\u003c/td\u003e\u003c/tr\u003e\u003ctr\u003e\u003ctd style\u003d\"white-space:nowrap\"\u003e100000073775\u003ca name\u003d\"manufactured-dose-form-100000073775\"\u003e \u003c/a\u003e\u003c/td\u003e\u003ctd\u003eEye drops, solvent for reconstitution\u003c/td\u003e\u003c/tr\u003e\u003ctr\u003e\u003ctd style\u003d\"white-space:nowrap\"\u003e100000073776\u003ca name\u003d\"manufactured-dose-form-100000073776\"\u003e \u003c/a\u003e\u003c/td\u003e\u003ctd\u003eEye lotion\u003c/td\u003e\u003c/tr\u003e\u003ctr\u003e\u003ctd style\u003d\"white-space:nowrap\"\u003e100000073777\u003ca name\u003d\"manufactured-dose-form-100000073777\"\u003e \u003c/a\u003e\u003c/td\u003e\u003ctd\u003eOphthalmic insert\u003c/td\u003e\u003c/tr\u003e\u003ctr\u003e\u003ctd style\u003d\"white-space:nowrap\"\u003e100000073778\u003ca name\u003d\"manufactured-dose-form-100000073778\"\u003e \u003c/a\u003e\u003c/td\u003e\u003ctd\u003eEar cream\u003c/td\u003e\u003c/tr\u003e\u003ctr\u003e\u003ctd style\u003d\"white-space:nowrap\"\u003e100000073779\u003ca name\u003d\"manufactured-dose-form-100000073779\"\u003e \u003c/a\u003e\u003c/td\u003e\u003ctd\u003eEar ointment\u003c/td\u003e\u003c/tr\u003e\u003ctr\u003e\u003ctd style\u003d\"white-space:nowrap\"\u003e100000073780\u003ca name\u003d\"manufactured-dose-form-100000073780\"\u003e \u003c/a\u003e\u003c/td\u003e\u003ctd\u003eEar drops, suspension\u003c/td\u003e\u003c/tr\u003e\u003ctr\u003e\u003ctd style\u003d\"white-space:nowrap\"\u003e100000073782\u003ca name\u003d\"manufactured-dose-form-100000073782\"\u003e \u003c/a\u003e\u003c/td\u003e\u003ctd\u003eEye drops, prolonged-release\u003c/td\u003e\u003c/tr\u003e\u003ctr\u003e\u003ctd style\u003d\"white-space:nowrap\"\u003e100000073783\u003ca name\u003d\"manufactured-dose-form-100000073783\"\u003e \u003c/a\u003e\u003c/td\u003e\u003ctd\u003eEye lotion, solvent for reconstitution\u003c/td\u003e\u003c/tr\u003e\u003ctr\u003e\u003ctd style\u003d\"white-space:nowrap\"\u003e100000073784\u003ca name\u003d\"manufactured-dose-form-100000073784\"\u003e \u003c/a\u003e\u003c/td\u003e\u003ctd\u003eOphthalmic strip\u003c/td\u003e\u003c/tr\u003e\u003ctr\u003e\u003ctd style\u003d\"white-space:nowrap\"\u003e100000073785\u003ca name\u003d\"manufactured-dose-form-100000073785\"\u003e \u003c/a\u003e\u003c/td\u003e\u003ctd\u003eEar gel\u003c/td\u003e\u003c/tr\u003e\u003ctr\u003e\u003ctd style\u003d\"white-space:nowrap\"\u003e100000073786\u003ca name\u003d\"manufactured-dose-form-100000073786\"\u003e \u003c/a\u003e\u003c/td\u003e\u003ctd\u003eEar drops, solution\u003c/td\u003e\u003c/tr\u003e\u003ctr\u003e\u003ctd style\u003d\"white-space:nowrap\"\u003e100000073787\u003ca name\u003d\"manufactured-dose-form-100000073787\"\u003e \u003c/a\u003e\u003c/td\u003e\u003ctd\u003eEar drops, emulsion\u003c/td\u003e\u003c/tr\u003e\u003ctr\u003e\u003ctd style\u003d\"white-space:nowrap\"\u003e100000073788\u003ca name\u003d\"manufactured-dose-form-100000073788\"\u003e \u003c/a\u003e\u003c/td\u003e\u003ctd\u003eEar powder\u003c/td\u003e\u003c/tr\u003e\u003ctr\u003e\u003ctd style\u003d\"white-space:nowrap\"\u003e100000073789\u003ca name\u003d\"manufactured-dose-form-100000073789\"\u003e \u003c/a\u003e\u003c/td\u003e\u003ctd\u003eEar spray, suspension\u003c/td\u003e\u003c/tr\u003e\u003ctr\u003e\u003ctd style\u003d\"white-space:nowrap\"\u003e100000073790\u003ca name\u003d\"manufactured-dose-form-100000073790\"\u003e \u003c/a\u003e\u003c/td\u003e\u003ctd\u003eEar wash, solution\u003c/td\u003e\u003c/tr\u003e\u003ctr\u003e\u003ctd style\u003d\"white-space:nowrap\"\u003e100000073791\u003ca name\u003d\"manufactured-dose-form-100000073791\"\u003e \u003c/a\u003e\u003c/td\u003e\u003ctd\u003eEar tampon\u003c/td\u003e\u003c/tr\u003e\u003ctr\u003e\u003ctd style\u003d\"white-space:nowrap\"\u003e100000073792\u003ca name\u003d\"manufactured-dose-form-100000073792\"\u003e \u003c/a\u003e\u003c/td\u003e\u003ctd\u003eNasal cream\u003c/td\u003e\u003c/tr\u003e\u003ctr\u003e\u003ctd style\u003d\"white-space:nowrap\"\u003e100000073793\u003ca name\u003d\"manufactured-dose-form-100000073793\"\u003e \u003c/a\u003e\u003c/td\u003e\u003ctd\u003eNasal gel\u003c/td\u003e\u003c/tr\u003e\u003ctr\u003e\u003ctd style\u003d\"white-space:nowrap\"\u003e100000073794\u003ca name\u003d\"manufactured-dose-form-100000073794\"\u003e \u003c/a\u003e\u003c/td\u003e\u003ctd\u003eNasal drops, solution\u003c/td\u003e\u003c/tr\u003e\u003ctr\u003e\u003ctd style\u003d\"white-space:nowrap\"\u003e100000073795\u003ca name\u003d\"manufactured-dose-form-100000073795\"\u003e \u003c/a\u003e\u003c/td\u003e\u003ctd\u003eNasal drops, emulsion\u003c/td\u003e\u003c/tr\u003e\u003ctr\u003e\u003ctd style\u003d\"white-space:nowrap\"\u003e100000073796\u003ca name\u003d\"manufactured-dose-form-100000073796\"\u003e \u003c/a\u003e\u003c/td\u003e\u003ctd\u003eNasal spray, solution\u003c/td\u003e\u003c/tr\u003e\u003ctr\u003e\u003ctd style\u003d\"white-space:nowrap\"\u003e100000073797\u003ca name\u003d\"manufactured-dose-form-100000073797\"\u003e \u003c/a\u003e\u003c/td\u003e\u003ctd\u003eNasal spray, emulsion\u003c/td\u003e\u003c/tr\u003e\u003ctr\u003e\u003ctd style\u003d\"white-space:nowrap\"\u003e100000073798\u003ca name\u003d\"manufactured-dose-form-100000073798\"\u003e \u003c/a\u003e\u003c/td\u003e\u003ctd\u003eNasal stick\u003c/td\u003e\u003c/tr\u003e\u003ctr\u003e\u003ctd style\u003d\"white-space:nowrap\"\u003e100000073799\u003ca name\u003d\"manufactured-dose-form-100000073799\"\u003e \u003c/a\u003e\u003c/td\u003e\u003ctd\u003eVaginal gel\u003c/td\u003e\u003c/tr\u003e\u003ctr\u003e\u003ctd style\u003d\"white-space:nowrap\"\u003e100000073800\u003ca name\u003d\"manufactured-dose-form-100000073800\"\u003e \u003c/a\u003e\u003c/td\u003e\u003ctd\u003eVaginal foam\u003c/td\u003e\u003c/tr\u003e\u003ctr\u003e\u003ctd style\u003d\"white-space:nowrap\"\u003e100000073802\u003ca name\u003d\"manufactured-dose-form-100000073802\"\u003e \u003c/a\u003e\u003c/td\u003e\u003ctd\u003eEar spray, solution\u003c/td\u003e\u003c/tr\u003e\u003ctr\u003e\u003ctd style\u003d\"white-space:nowrap\"\u003e100000073803\u003ca name\u003d\"manufactured-dose-form-100000073803\"\u003e \u003c/a\u003e\u003c/td\u003e\u003ctd\u003eEar spray, emulsion\u003c/td\u003e\u003c/tr\u003e\u003ctr\u003e\u003ctd style\u003d\"white-space:nowrap\"\u003e100000073804\u003ca name\u003d\"manufactured-dose-form-100000073804\"\u003e \u003c/a\u003e\u003c/td\u003e\u003ctd\u003eEar wash, emulsion\u003c/td\u003e\u003c/tr\u003e\u003ctr\u003e\u003ctd style\u003d\"white-space:nowrap\"\u003e100000073805\u003ca name\u003d\"manufactured-dose-form-100000073805\"\u003e \u003c/a\u003e\u003c/td\u003e\u003ctd\u003eEar stick\u003c/td\u003e\u003c/tr\u003e\u003ctr\u003e\u003ctd style\u003d\"white-space:nowrap\"\u003e100000073806\u003ca name\u003d\"manufactured-dose-form-100000073806\"\u003e \u003c/a\u003e\u003c/td\u003e\u003ctd\u003eNasal ointment\u003c/td\u003e\u003c/tr\u003e\u003ctr\u003e\u003ctd style\u003d\"white-space:nowrap\"\u003e100000073807\u003ca name\u003d\"manufactured-dose-form-100000073807\"\u003e \u003c/a\u003e\u003c/td\u003e\u003ctd\u003eNasal drops, suspension\u003c/td\u003e\u003c/tr\u003e\u003ctr\u003e\u003ctd style\u003d\"white-space:nowrap\"\u003e100000073808\u003ca name\u003d\"manufactured-dose-form-100000073808\"\u003e \u003c/a\u003e\u003c/td\u003e\u003ctd\u003eNasal powder\u003c/td\u003e\u003c/tr\u003e\u003ctr\u003e\u003ctd style\u003d\"white-space:nowrap\"\u003e100000073809\u003ca name\u003d\"manufactured-dose-form-100000073809\"\u003e \u003c/a\u003e\u003c/td\u003e\u003ctd\u003eNasal spray, suspension\u003c/td\u003e\u003c/tr\u003e\u003ctr\u003e\u003ctd style\u003d\"white-space:nowrap\"\u003e100000073810\u003ca name\u003d\"manufactured-dose-form-100000073810\"\u003e \u003c/a\u003e\u003c/td\u003e\u003ctd\u003eNasal wash\u003c/td\u003e\u003c/tr\u003e\u003ctr\u003e\u003ctd style\u003d\"white-space:nowrap\"\u003e100000073811\u003ca name\u003d\"manufactured-dose-form-100000073811\"\u003e \u003c/a\u003e\u003c/td\u003e\u003ctd\u003eVaginal cream\u003c/td\u003e\u003c/tr\u003e\u003ctr\u003e\u003ctd style\u003d\"white-space:nowrap\"\u003e100000073812\u003ca name\u003d\"manufactured-dose-form-100000073812\"\u003e \u003c/a\u003e\u003c/td\u003e\u003ctd\u003eVaginal ointment\u003c/td\u003e\u003c/tr\u003e\u003ctr\u003e\u003ctd style\u003d\"white-space:nowrap\"\u003e100000073813\u003ca name\u003d\"manufactured-dose-form-100000073813\"\u003e \u003c/a\u003e\u003c/td\u003e\u003ctd\u003eVaginal solution\u003c/td\u003e\u003c/tr\u003e\u003ctr\u003e\u003ctd style\u003d\"white-space:nowrap\"\u003e100000073814\u003ca name\u003d\"manufactured-dose-form-100000073814\"\u003e \u003c/a\u003e\u003c/td\u003e\u003ctd\u003eVaginal emulsion\u003c/td\u003e\u003c/tr\u003e\u003ctr\u003e\u003ctd style\u003d\"white-space:nowrap\"\u003e100000073815\u003ca name\u003d\"manufactured-dose-form-100000073815\"\u003e \u003c/a\u003e\u003c/td\u003e\u003ctd\u003ePessary\u003c/td\u003e\u003c/tr\u003e\u003ctr\u003e\u003ctd style\u003d\"white-space:nowrap\"\u003e100000073816\u003ca name\u003d\"manufactured-dose-form-100000073816\"\u003e \u003c/a\u003e\u003c/td\u003e\u003ctd\u003eVaginal capsule, soft\u003c/td\u003e\u003c/tr\u003e\u003ctr\u003e\u003ctd style\u003d\"white-space:nowrap\"\u003e100000073817\u003ca name\u003d\"manufactured-dose-form-100000073817\"\u003e \u003c/a\u003e\u003c/td\u003e\u003ctd\u003eEffervescent vaginal tablet\u003c/td\u003e\u003c/tr\u003e\u003ctr\u003e\u003ctd style\u003d\"white-space:nowrap\"\u003e100000073818\u003ca name\u003d\"manufactured-dose-form-100000073818\"\u003e \u003c/a\u003e\u003c/td\u003e\u003ctd\u003eVaginal delivery system\u003c/td\u003e\u003c/tr\u003e\u003ctr\u003e\u003ctd style\u003d\"white-space:nowrap\"\u003e100000073819\u003ca name\u003d\"manufactured-dose-form-100000073819\"\u003e \u003c/a\u003e\u003c/td\u003e\u003ctd\u003eRectal cream\u003c/td\u003e\u003c/tr\u003e\u003ctr\u003e\u003ctd style\u003d\"white-space:nowrap\"\u003e100000073820\u003ca name\u003d\"manufactured-dose-form-100000073820\"\u003e \u003c/a\u003e\u003c/td\u003e\u003ctd\u003eRectal foam\u003c/td\u003e\u003c/tr\u003e\u003ctr\u003e\u003ctd style\u003d\"white-space:nowrap\"\u003e100000073821\u003ca name\u003d\"manufactured-dose-form-100000073821\"\u003e \u003c/a\u003e\u003c/td\u003e\u003ctd\u003eVaginal suspension\u003c/td\u003e\u003c/tr\u003e\u003ctr\u003e\u003ctd style\u003d\"white-space:nowrap\"\u003e100000073822\u003ca name\u003d\"manufactured-dose-form-100000073822\"\u003e \u003c/a\u003e\u003c/td\u003e\u003ctd\u003eTablet for vaginal solution\u003c/td\u003e\u003c/tr\u003e\u003ctr\u003e\u003ctd style\u003d\"white-space:nowrap\"\u003e100000073823\u003ca name\u003d\"manufactured-dose-form-100000073823\"\u003e \u003c/a\u003e\u003c/td\u003e\u003ctd\u003eVaginal capsule, hard\u003c/td\u003e\u003c/tr\u003e\u003ctr\u003e\u003ctd style\u003d\"white-space:nowrap\"\u003e100000073824\u003ca name\u003d\"manufactured-dose-form-100000073824\"\u003e \u003c/a\u003e\u003c/td\u003e\u003ctd\u003eVaginal tablet\u003c/td\u003e\u003c/tr\u003e\u003ctr\u003e\u003ctd style\u003d\"white-space:nowrap\"\u003e100000073825\u003ca name\u003d\"manufactured-dose-form-100000073825\"\u003e \u003c/a\u003e\u003c/td\u003e\u003ctd\u003eMedicated vaginal tampon\u003c/td\u003e\u003c/tr\u003e\u003ctr\u003e\u003ctd style\u003d\"white-space:nowrap\"\u003e100000073826\u003ca name\u003d\"manufactured-dose-form-100000073826\"\u003e \u003c/a\u003e\u003c/td\u003e\u003ctd\u003eVaginal sponge\u003c/td\u003e\u003c/tr\u003e\u003ctr\u003e\u003ctd style\u003d\"white-space:nowrap\"\u003e100000073827\u003ca name\u003d\"manufactured-dose-form-100000073827\"\u003e \u003c/a\u003e\u003c/td\u003e\u003ctd\u003eRectal gel\u003c/td\u003e\u003c/tr\u003e\u003ctr\u003e\u003ctd style\u003d\"white-space:nowrap\"\u003e100000073863\u003ca name\u003d\"manufactured-dose-form-100000073863\"\u003e \u003c/a\u003e\u003c/td\u003e\u003ctd\u003eSolution for injection\u003c/td\u003e\u003c/tr\u003e\u003c/table\u003e\u003c/div\u003e"
  },
  "extension": [
    {
      "url": "http://hl7.org/fhir/StructureDefinition/structuredefinition-wg",
      "valueCode": "brr"
    },
    {
      "url": "http://hl7.org/fhir/StructureDefinition/structuredefinition-standards-status",
      "valueCode": "trial-use"
    },
    {
      "url": "http://hl7.org/fhir/StructureDefinition/structuredefinition-fmm",
      "valueInteger": 1
    }
  ],
  "url": "http://hl7.org/fhir/manufactured-dose-form",
  "identifier": [
    {
      "system": "urn:ietf:rfc:3986",
      "value": "urn:oid:2.16.840.1.113883.4.642.1.1593"
    }
  ],
  "version": "4.3.0",
  "name": "ManufacturedDoseForm",
  "title": "ManufacturedDoseForm",
  "status": "draft",
  "experimental": false,
  "date": "2021-01-05T10:01:24+11:00",
  "publisher": "HL7 (FHIR Project)",
  "contact": [
    {
      "telecom": [
        {
          "system": "url",
          "value": "http://hl7.org/fhir"
        },
        {
          "system": "email",
          "value": "fhir@lists.hl7.org"
        }
      ]
    }
  ],
  "description": "Dose form for a medication, as manufactured (and before any mixing etc.), not necessarily ready for administration to the patient.",
  "caseSensitive": true,
  "valueSet": "http://hl7.org/fhir/ValueSet/manufactured-dose-form",
  "content": "complete",
  "concept": [
    {
      "code": "100000073362",
      "display": "Oral suspension"
    },
    {
      "code": "100000073363",
      "display": "Oral gel"
    },
    {
      "code": "100000073364",
      "display": "Powder for oral solution"
    },
    {
      "code": "100000073365",
      "display": "Granules for oral solution"
    },
    {
      "code": "100000073367",
      "display": "Lyophilisate for suspension"
    },
    {
      "code": "100000073368",
      "display": "Powder for syrup"
    },
    {
      "code": "100000073369",
      "display": "Soluble tablet"
    },
    {
      "code": "100000073370",
      "display": "Herbal tea"
    },
    {
      "code": "100000073371",
      "display": "Instant herbal tea"
    },
    {
      "code": "100000073372",
      "display": "Granules"
    },
    {
      "code": "100000073373",
      "display": "Gastro-resistant granules"
    },
    {
      "code": "100000073374",
      "display": "Modified-release granules"
    },
    {
      "code": "100000073375",
      "display": "Capsule, hard"
    },
    {
      "code": "100000073376",
      "display": "Gastro-resistant capsule, hard"
    },
    {
      "code": "100000073377",
      "display": "Chewable capsule, soft"
    },
    {
      "code": "100000073378",
      "display": "Prolonged-release capsule, soft"
    },
    {
      "code": "100000073379",
      "display": "Modified-release capsule, soft"
    },
    {
      "code": "100000073380",
      "display": "Coated tablet"
    },
    {
      "code": "100000073642",
      "display": "Oral drops, solution"
    },
    {
      "code": "100000073643",
      "display": "Oral drops, suspension"
    },
    {
      "code": "100000073644",
      "display": "Oral drops, emulsion"
    },
    {
      "code": "100000073645",
      "display": "Oral liquid"
    },
    {
      "code": "100000073646",
      "display": "Oral solution"
    },
    {
      "code": "100000073647",
      "display": "Oral emulsion"
    },
    {
      "code": "100000073648",
      "display": "Oral paste"
    },
    {
      "code": "100000073649",
      "display": "Powder for oral suspension"
    },
    {
      "code": "100000073650",
      "display": "Granules for oral suspension"
    },
    {
      "code": "100000073652",
      "display": "Syrup"
    },
    {
      "code": "100000073653",
      "display": "Granules for syrup"
    },
    {
      "code": "100000073654",
      "display": "Dispersible tablet"
    },
    {
      "code": "100000073655",
      "display": "Oral powder"
    },
    {
      "code": "100000073656",
      "display": "Effervescent powder"
    },
    {
      "code": "100000073657",
      "display": "Effervescent granules"
    },
    {
      "code": "100000073658",
      "display": "Prolonged-release granules"
    },
    {
      "code": "100000073659",
      "display": "Cachet"
    },
    {
      "code": "100000073660",
      "display": "Capsule, soft"
    },
    {
      "code": "100000073661",
      "display": "Gastro-resistant capsule, soft"
    },
    {
      "code": "100000073662",
      "display": "Prolonged-release capsule, hard"
    },
    {
      "code": "100000073663",
      "display": "Modified-release capsule, hard"
    },
    {
      "code": "100000073664",
      "display": "Tablet"
    },
    {
      "code": "100000073665",
      "display": "Film-coated tablet"
    },
    {
      "code": "100000073666",
      "display": "Orodispersible tablet"
    },
    {
      "code": "100000073667",
      "display": "Gastro-resistant tablet"
    },
    {
      "code": "100000073668",
      "display": "Modified-release tablet"
    },
    {
      "code": "100000073669",
      "display": "Medicated chewing-gum"
    },
    {
      "code": "100000073670",
      "display": "Pillules"
    },
    {
      "code": "100000073671",
      "display": "Pulsatile-release intraruminal device"
    },
    {
      "code": "100000073672",
      "display": "Premix for medicated feeding stuff"
    },
    {
      "code": "100000073673",
      "display": "Gargle"
    },
    {
      "code": "100000073674",
      "display": "Gargle, powder for solution"
    },
    {
      "code": "100000073675",
      "display": "Oromucosal suspension"
    },
    {
      "code": "100000073676",
      "display": "Oromucosal spray"
    },
    {
      "code": "100000073677",
      "display": "Mouthwash"
    },
    {
      "code": "100000073678",
      "display": "Gingival solution"
    },
    {
      "code": "100000073679",
      "display": "Oromucosal paste"
    },
    {
      "code": "100000073680",
      "display": "Gingival gel"
    },
    {
      "code": "100000073681",
      "display": "Effervescent tablet"
    },
    {
      "code": "100000073682",
      "display": "Oral lyophilisate"
    },
    {
      "code": "100000073683",
      "display": "Prolonged-release tablet"
    },
    {
      "code": "100000073684",
      "display": "Chewable tablet"
    },
    {
      "code": "100000073685",
      "display": "Oral gum"
    },
    {
      "code": "100000073686",
      "display": "Continuous-release intraruminal device"
    },
    {
      "code": "100000073687",
      "display": "Lick block"
    },
    {
      "code": "100000073688",
      "display": "Medicated pellets"
    },
    {
      "code": "100000073689",
      "display": "Concentrate for gargle"
    },
    {
      "code": "100000073690",
      "display": "Gargle, tablet for solution"
    },
    {
      "code": "100000073691",
      "display": "Oromucosal solution"
    },
    {
      "code": "100000073692",
      "display": "Oromucosal drops"
    },
    {
      "code": "100000073693",
      "display": "Sublingual spray"
    },
    {
      "code": "100000073694",
      "display": "Mouthwash, tablet for solution"
    },
    {
      "code": "100000073695",
      "display": "Oromucosal gel"
    },
    {
      "code": "100000073696",
      "display": "Oromucosal cream"
    },
    {
      "code": "100000073697",
      "display": "Gingival paste"
    },
    {
      "code": "100000073698",
      "display": "Sublingual tablet"
    },
    {
      "code": "100000073699",
      "display": "Buccal tablet"
    },
    {
      "code": "100000073700",
      "display": "Compressed lozenge"
    },
    {
      "code": "100000073701",
      "display": "Oromucosal capsule"
    },
    {
      "code": "100000073702",
      "display": "Muco-adhesive buccal tablet"
    },
    {
      "code": "100000073703",
      "display": "Lozenge"
    },
    {
      "code": "100000073704",
      "display": "Pastille"
    },
    {
      "code": "100000073705",
      "display": "Dental gel"
    },
    {
      "code": "100000073706",
      "display": "Dental insert"
    },
    {
      "code": "100000073707",
      "display": "Dental powder"
    },
    {
      "code": "100000073708",
      "display": "Dental suspension"
    },
    {
      "code": "100000073709",
      "display": "Toothpaste"
    },
    {
      "code": "100000073710",
      "display": "Periodontal gel"
    },
    {
      "code": "100000073711",
      "display": "Bath additive"
    },
    {
      "code": "100000073712",
      "display": "Cream"
    },
    {
      "code": "100000073713",
      "display": "Ointment"
    },
    {
      "code": "100000073714",
      "display": "Medicated plaster"
    },
    {
      "code": "100000073715",
      "display": "Shampoo"
    },
    {
      "code": "100000073716",
      "display": "Cutaneous spray, suspension"
    },
    {
      "code": "100000073717",
      "display": "Cutaneous liquid"
    },
    {
      "code": "100000073718",
      "display": "Concentrate for cutaneous solution"
    },
    {
      "code": "100000073719",
      "display": "Cutaneous emulsion"
    },
    {
      "code": "100000073720",
      "display": "Cutaneous patch"
    },
    {
      "code": "100000073721",
      "display": "Periodontal powder"
    },
    {
      "code": "100000073722",
      "display": "Dental stick"
    },
    {
      "code": "100000073723",
      "display": "Dental solution"
    },
    {
      "code": "100000073724",
      "display": "Dental emulsion"
    },
    {
      "code": "100000073725",
      "display": "Periodontal insert"
    },
    {
      "code": "100000073726",
      "display": "Gel"
    },
    {
      "code": "100000073727",
      "display": "Cutaneous paste"
    },
    {
      "code": "100000073728",
      "display": "Cutaneous foam"
    },
    {
      "code": "100000073729",
      "display": "Cutaneous spray, solution"
    },
    {
      "code": "100000073730",
      "display": "Cutaneous spray, powder"
    },
    {
      "code": "100000073731",
      "display": "Cutaneous solution"
    },
    {
      "code": "100000073732",
      "display": "Cutaneous suspension"
    },
    {
      "code": "100000073733",
      "display": "Cutaneous powder"
    },
    {
      "code": "100000073734",
      "display": "Solution for iontophoresis"
    },
    {
      "code": "100000073735",
      "display": "Collodion"
    },
    {
      "code": "100000073736",
      "display": "Poultice"
    },
    {
      "code": "100000073737",
      "display": "Cutaneous sponge"
    },
    {
      "code": "100000073738",
      "display": "Collar"
    },
    {
      "code": "100000073739",
      "display": "Ear tag"
    },
    {
      "code": "100000073740",
      "display": "Dip suspension"
    },
    {
      "code": "100000073741",
      "display": "Transdermal patch"
    },
    {
      "code": "100000073742",
      "display": "Medicated nail lacquer"
    },
    {
      "code": "100000073743",
      "display": "Cutaneous stick"
    },
    {
      "code": "100000073744",
      "display": "Impregnated dressing"
    },
    {
      "code": "100000073745",
      "display": "Medicated pendant"
    },
    {
      "code": "100000073746",
      "display": "Dip solution"
    },
    {
      "code": "100000073747",
      "display": "Dip emulsion"
    },
    {
      "code": "100000073748",
      "display": "Concentrate for dip suspension"
    },
    {
      "code": "100000073749",
      "display": "Powder for dip solution"
    },
    {
      "code": "100000073750",
      "display": "Powder for suspension for fish treatment"
    },
    {
      "code": "100000073751",
      "display": "Pour-on suspension"
    },
    {
      "code": "100000073752",
      "display": "Spot-on solution"
    },
    {
      "code": "100000073753",
      "display": "Spot-on emulsion"
    },
    {
      "code": "100000073754",
      "display": "Teat dip suspension"
    },
    {
      "code": "100000073755",
      "display": "Teat spray solution"
    },
    {
      "code": "100000073756",
      "display": "Solution for skin-prick test"
    },
    {
      "code": "100000073757",
      "display": "Plaster for provocation test"
    },
    {
      "code": "100000073758",
      "display": "Eye gel"
    },
    {
      "code": "100000073759",
      "display": "Eye drops, solution"
    },
    {
      "code": "100000073760",
      "display": "Eye drops, suspension"
    },
    {
      "code": "100000073761",
      "display": "Concentrate for dip solution"
    },
    {
      "code": "100000073762",
      "display": "Concentrate for dip emulsion"
    },
    {
      "code": "100000073763",
      "display": "Concentrate for solution for fish treatment"
    },
    {
      "code": "100000073764",
      "display": "Pour-on solution"
    },
    {
      "code": "100000073765",
      "display": "Pour-on emulsion"
    },
    {
      "code": "100000073766",
      "display": "Spot-on suspension"
    },
    {
      "code": "100000073767",
      "display": "Teat dip solution"
    },
    {
      "code": "100000073768",
      "display": "Teat dip emulsion"
    },
    {
      "code": "100000073769",
      "display": "Transdermal system"
    },
    {
      "code": "100000073770",
      "display": "Solution for skin-scratch test"
    },
    {
      "code": "100000073771",
      "display": "Eye cream"
    },
    {
      "code": "100000073772",
      "display": "Eye ointment"
    },
    {
      "code": "100000073773",
      "display": "Eye drops, emulsion"
    },
    {
      "code": "100000073775",
      "display": "Eye drops, solvent for reconstitution"
    },
    {
      "code": "100000073776",
      "display": "Eye lotion"
    },
    {
      "code": "100000073777",
      "display": "Ophthalmic insert"
    },
    {
      "code": "100000073778",
      "display": "Ear cream"
    },
    {
      "code": "100000073779",
      "display": "Ear ointment"
    },
    {
      "code": "100000073780",
      "display": "Ear drops, suspension"
    },
    {
      "code": "100000073782",
      "display": "Eye drops, prolonged-release"
    },
    {
      "code": "100000073783",
      "display": "Eye lotion, solvent for reconstitution"
    },
    {
      "code": "100000073784",
      "display": "Ophthalmic strip"
    },
    {
      "code": "100000073785",
      "display": "Ear gel"
    },
    {
      "code": "100000073786",
      "display": "Ear drops, solution"
    },
    {
      "code": "100000073787",
      "display": "Ear drops, emulsion"
    },
    {
      "code": "100000073788",
      "display": "Ear powder"
    },
    {
      "code": "100000073789",
      "display": "Ear spray, suspension"
    },
    {
      "code": "100000073790",
      "display": "Ear wash, solution"
    },
    {
      "code": "100000073791",
      "display": "Ear tampon"
    },
    {
      "code": "100000073792",
      "display": "Nasal cream"
    },
    {
      "code": "100000073793",
      "display": "Nasal gel"
    },
    {
      "code": "100000073794",
      "display": "Nasal drops, solution"
    },
    {
      "code": "100000073795",
      "display": "Nasal drops, emulsion"
    },
    {
      "code": "100000073796",
      "display": "Nasal spray, solution"
    },
    {
      "code": "100000073797",
      "display": "Nasal spray, emulsion"
    },
    {
      "code": "100000073798",
      "display": "Nasal stick"
    },
    {
      "code": "100000073799",
      "display": "Vaginal gel"
    },
    {
      "code": "100000073800",
      "display": "Vaginal foam"
    },
    {
      "code": "100000073802",
      "display": "Ear spray, solution"
    },
    {
      "code": "100000073803",
      "display": "Ear spray, emulsion"
    },
    {
      "code": "100000073804",
      "display": "Ear wash, emulsion"
    },
    {
      "code": "100000073805",
      "display": "Ear stick"
    },
    {
      "code": "100000073806",
      "display": "Nasal ointment"
    },
    {
      "code": "100000073807",
      "display": "Nasal drops, suspension"
    },
    {
      "code": "100000073808",
      "display": "Nasal powder"
    },
    {
      "code": "100000073809",
      "display": "Nasal spray, suspension"
    },
    {
      "code": "100000073810",
      "display": "Nasal wash"
    },
    {
      "code": "100000073811",
      "display": "Vaginal cream"
    },
    {
      "code": "100000073812",
      "display": "Vaginal ointment"
    },
    {
      "code": "100000073813",
      "display": "Vaginal solution"
    },
    {
      "code": "100000073814",
      "display": "Vaginal emulsion"
    },
    {
      "code": "100000073815",
      "display": "Pessary"
    },
    {
      "code": "100000073816",
      "display": "Vaginal capsule, soft"
    },
    {
      "code": "100000073817",
      "display": "Effervescent vaginal tablet"
    },
    {
      "code": "100000073818",
      "display": "Vaginal delivery system"
    },
    {
      "code": "100000073819",
      "display": "Rectal cream"
    },
    {
      "code": "100000073820",
      "display": "Rectal foam"
    },
    {
      "code": "100000073821",
      "display": "Vaginal suspension"
    },
    {
      "code": "100000073822",
      "display": "Tablet for vaginal solution"
    },
    {
      "code": "100000073823",
      "display": "Vaginal capsule, hard"
    },
    {
      "code": "100000073824",
      "display": "Vaginal tablet"
    },
    {
      "code": "100000073825",
      "display": "Medicated vaginal tampon"
    },
    {
      "code": "100000073826",
      "display": "Vaginal sponge"
    },
    {
      "code": "100000073827",
      "display": "Rectal gel"
    },
    {
      "code": "100000073863",
      "display": "Solution for injection"
    }
  ]
}