{
  "base": ["any-base"],
  "resourceType": "SearchParameter",
  "id": "codesystem-extensions-CodeSystem-author",
  "url": "http://hl7.org/fhir/SearchParameter/codesystem-extensions-CodeSystem-author",
  "version": "4.3.0",
  "name": "author",
  "status": "draft",
  "experimental": true,
  "description": "Optional Extensions Element",
  "code": "author",
  "type": "string",
  "xpath": "f:CodeSystem/f:extension[@url\u003d\u0027http://hl7.org/fhir/StructureDefinition/codesystem-author\u0027] | /f:#author",
  "xpathUsage": "normal"
}
