{
  "resourceType": "CodeSystem",
  "id": "substance-weight-type",
  "meta": {
    "lastUpdated": "2022-05-28T13:47:40.239+11:00",
    "profile": [
      "http://hl7.org/fhir/StructureDefinition/shareablecodesystem"
    ]
  },
  "text": {
    "status": "generated",
    "div": "\u003cdiv xmlns\u003d\"http://www.w3.org/1999/xhtml\"\u003e\u003cp\u003eThis code system http://hl7.org/fhir/substance-weight-type defines the following codes:\u003c/p\u003e\u003ctable class\u003d\"codes\"\u003e\u003ctr\u003e\u003ctd style\u003d\"white-space:nowrap\"\u003e\u003cb\u003eCode\u003c/b\u003e\u003c/td\u003e\u003ctd\u003e\u003cb\u003eDisplay\u003c/b\u003e\u003c/td\u003e\u003c/tr\u003e\u003ctr\u003e\u003ctd style\u003d\"white-space:nowrap\"\u003eExact\u003ca name\u003d\"substance-weight-type-Exact\"\u003e \u003c/a\u003e\u003c/td\u003e\u003ctd\u003eexact\u003c/td\u003e\u003c/tr\u003e\u003ctr\u003e\u003ctd style\u003d\"white-space:nowrap\"\u003eAverage\u003ca name\u003d\"substance-weight-type-Average\"\u003e \u003c/a\u003e\u003c/td\u003e\u003ctd\u003enumber average\u003c/td\u003e\u003c/tr\u003e\u003ctr\u003e\u003ctd style\u003d\"white-space:nowrap\"\u003eWeightAverage\u003ca name\u003d\"substance-weight-type-WeightAverage\"\u003e \u003c/a\u003e\u003c/td\u003e\u003ctd\u003eweight average\u003c/td\u003e\u003c/tr\u003e\u003c/table\u003e\u003c/div\u003e"
  },
  "extension": [
    {
      "url": "http://hl7.org/fhir/StructureDefinition/structuredefinition-wg",
      "valueCode": "brr"
    },
    {
      "url": "http://hl7.org/fhir/StructureDefinition/structuredefinition-standards-status",
      "valueCode": "trial-use"
    },
    {
      "url": "http://hl7.org/fhir/StructureDefinition/structuredefinition-fmm",
      "valueInteger": 1
    }
  ],
  "url": "http://hl7.org/fhir/substance-weight-type",
  "identifier": [
    {
      "system": "urn:ietf:rfc:3986",
      "value": "urn:oid:2.16.840.1.113883.4.642.1.1617"
    }
  ],
  "version": "4.3.0",
  "name": "SubstanceWeightType",
  "title": "SubstanceWeightType",
  "status": "draft",
  "experimental": false,
  "date": "2021-01-05T10:01:24+11:00",
  "publisher": "HL7 (FHIR Project)",
  "contact": [
    {
      "telecom": [
        {
          "system": "url",
          "value": "http://hl7.org/fhir"
        },
        {
          "system": "email",
          "value": "fhir@lists.hl7.org"
        }
      ]
    }
  ],
  "caseSensitive": true,
  "valueSet": "http://hl7.org/fhir/ValueSet/substance-weight-type",
  "content": "complete",
  "concept": [
    {
      "code": "Exact",
      "display": "exact"
    },
    {
      "code": "Average",
      "display": "number average"
    },
    {
      "code": "WeightAverage",
      "display": "weight average"
    }
  ]
}