{
  "resourceType": "CodeSystem",
  "id": "medication-statement-category",
  "meta": {
    "lastUpdated": "2022-05-28T12:47:40.239+10:00",
    "profile": [
      "http://hl7.org/fhir/StructureDefinition/shareablecodesystem"
    ]
  },
  "text": {
    "status": "generated",
    "div": "\u003cdiv xmlns\u003d\"http://www.w3.org/1999/xhtml\"\u003e\u003cp\u003eThis code system http://terminology.hl7.org/CodeSystem/medication-statement-category defines the following codes:\u003c/p\u003e\u003ctable class\u003d\"codes\"\u003e\u003ctr\u003e\u003ctd style\u003d\"white-space:nowrap\"\u003e\u003cb\u003eCode\u003c/b\u003e\u003c/td\u003e\u003ctd\u003e\u003cb\u003eDisplay\u003c/b\u003e\u003c/td\u003e\u003ctd\u003e\u003cb\u003eDefinition\u003c/b\u003e\u003c/td\u003e\u003c/tr\u003e\u003ctr\u003e\u003ctd style\u003d\"white-space:nowrap\"\u003einpatient\u003ca name\u003d\"medication-statement-category-inpatient\"\u003e \u003c/a\u003e\u003c/td\u003e\u003ctd\u003eInpatient\u003c/td\u003e\u003ctd\u003eIncludes orders for medications to be administered or consumed in an inpatient or acute care setting\u003c/td\u003e\u003c/tr\u003e\u003ctr\u003e\u003ctd style\u003d\"white-space:nowrap\"\u003eoutpatient\u003ca name\u003d\"medication-statement-category-outpatient\"\u003e \u003c/a\u003e\u003c/td\u003e\u003ctd\u003eOutpatient\u003c/td\u003e\u003ctd\u003eIncludes orders for medications to be administered or consumed in an outpatient setting (for example, Emergency Department, Outpatient Clinic, Outpatient Surgery, Doctor\u0027s office)\u003c/td\u003e\u003c/tr\u003e\u003ctr\u003e\u003ctd style\u003d\"white-space:nowrap\"\u003ecommunity\u003ca name\u003d\"medication-statement-category-community\"\u003e \u003c/a\u003e\u003c/td\u003e\u003ctd\u003eCommunity\u003c/td\u003e\u003ctd\u003eIncludes orders for medications to be administered or consumed by the patient in their home (this would include long term care or nursing homes, hospices, etc.).\u003c/td\u003e\u003c/tr\u003e\u003ctr\u003e\u003ctd style\u003d\"white-space:nowrap\"\u003epatientspecified\u003ca name\u003d\"medication-statement-category-patientspecified\"\u003e \u003c/a\u003e\u003c/td\u003e\u003ctd\u003ePatient Specified\u003c/td\u003e\u003ctd\u003eIncludes statements about medication use, including over the counter medication, provided by the patient, agent or another provider\u003c/td\u003e\u003c/tr\u003e\u003c/table\u003e\u003c/div\u003e"
  },
  "extension": [
    {
      "url": "http://hl7.org/fhir/StructureDefinition/structuredefinition-wg",
      "valueCode": "phx"
    }
  ],
  "url": "http://terminology.hl7.org/CodeSystem/medication-statement-category",
  "identifier": [
    {
      "system": "urn:ietf:rfc:3986",
      "value": "urn:oid:2.16.840.1.113883.4.642.1.1120"
    }
  ],
  "version": "4.3.0",
  "name": "MedicationStatement Category Codes",
  "status": "draft",
  "experimental": false,
  "caseSensitive": true,
  "valueSet": "http://hl7.org/fhir/ValueSet/medication-statement-category",
  "content": "complete",
  "concept": [
    {
      "code": "inpatient",
      "display": "Inpatient",
      "definition": "Includes orders for medications to be administered or consumed in an inpatient or acute care setting"
    },
    {
      "code": "outpatient",
      "display": "Outpatient",
      "definition": "Includes orders for medications to be administered or consumed in an outpatient setting (for example, Emergency Department, Outpatient Clinic, Outpatient Surgery, Doctor\u0027s office)"
    },
    {
      "code": "community",
      "display": "Community",
      "definition": "Includes orders for medications to be administered or consumed by the patient in their home (this would include long term care or nursing homes, hospices, etc.)."
    },
    {
      "code": "patientspecified",
      "display": "Patient Specified",
      "definition": "Includes statements about medication use, including over the counter medication, provided by the patient, agent or another provider"
    }
  ]
}