{
  "resourceType": "CodeSystem",
  "id": "adjudication",
  "meta": {
    "lastUpdated": "2022-05-28T12:47:40.239+10:00",
    "profile": [
      "http://hl7.org/fhir/StructureDefinition/shareablecodesystem"
    ]
  },
  "text": {
    "status": "generated",
    "div": "\u003cdiv xmlns\u003d\"http://www.w3.org/1999/xhtml\"\u003e\u003cp\u003eThis code system http://terminology.hl7.org/CodeSystem/adjudication defines the following codes:\u003c/p\u003e\u003ctable class\u003d\"codes\"\u003e\u003ctr\u003e\u003ctd style\u003d\"white-space:nowrap\"\u003e\u003cb\u003eCode\u003c/b\u003e\u003c/td\u003e\u003ctd\u003e\u003cb\u003eDisplay\u003c/b\u003e\u003c/td\u003e\u003ctd\u003e\u003cb\u003eDefinition\u003c/b\u003e\u003c/td\u003e\u003c/tr\u003e\u003ctr\u003e\u003ctd style\u003d\"white-space:nowrap\"\u003esubmitted\u003ca name\u003d\"adjudication-submitted\"\u003e \u003c/a\u003e\u003c/td\u003e\u003ctd\u003eSubmitted Amount\u003c/td\u003e\u003ctd\u003eThe total submitted amount for the claim or group or line item.\u003c/td\u003e\u003c/tr\u003e\u003ctr\u003e\u003ctd style\u003d\"white-space:nowrap\"\u003ecopay\u003ca name\u003d\"adjudication-copay\"\u003e \u003c/a\u003e\u003c/td\u003e\u003ctd\u003eCoPay\u003c/td\u003e\u003ctd\u003ePatient Co-Payment\u003c/td\u003e\u003c/tr\u003e\u003ctr\u003e\u003ctd style\u003d\"white-space:nowrap\"\u003eeligible\u003ca name\u003d\"adjudication-eligible\"\u003e \u003c/a\u003e\u003c/td\u003e\u003ctd\u003eEligible Amount\u003c/td\u003e\u003ctd\u003eAmount of the change which is considered for adjudication.\u003c/td\u003e\u003c/tr\u003e\u003ctr\u003e\u003ctd style\u003d\"white-space:nowrap\"\u003edeductible\u003ca name\u003d\"adjudication-deductible\"\u003e \u003c/a\u003e\u003c/td\u003e\u003ctd\u003eDeductible\u003c/td\u003e\u003ctd\u003eAmount deducted from the eligible amount prior to adjudication.\u003c/td\u003e\u003c/tr\u003e\u003ctr\u003e\u003ctd style\u003d\"white-space:nowrap\"\u003eunallocdeduct\u003ca name\u003d\"adjudication-unallocdeduct\"\u003e \u003c/a\u003e\u003c/td\u003e\u003ctd\u003eUnallocated Deductible\u003c/td\u003e\u003ctd\u003eThe amount of deductible which could not allocated to other line items.\u003c/td\u003e\u003c/tr\u003e\u003ctr\u003e\u003ctd style\u003d\"white-space:nowrap\"\u003eeligpercent\u003ca name\u003d\"adjudication-eligpercent\"\u003e \u003c/a\u003e\u003c/td\u003e\u003ctd\u003eEligible %\u003c/td\u003e\u003ctd\u003eEligible Percentage.\u003c/td\u003e\u003c/tr\u003e\u003ctr\u003e\u003ctd style\u003d\"white-space:nowrap\"\u003etax\u003ca name\u003d\"adjudication-tax\"\u003e \u003c/a\u003e\u003c/td\u003e\u003ctd\u003eTax\u003c/td\u003e\u003ctd\u003eThe amount of tax.\u003c/td\u003e\u003c/tr\u003e\u003ctr\u003e\u003ctd style\u003d\"white-space:nowrap\"\u003ebenefit\u003ca name\u003d\"adjudication-benefit\"\u003e \u003c/a\u003e\u003c/td\u003e\u003ctd\u003eBenefit Amount\u003c/td\u003e\u003ctd\u003eAmount payable under the coverage\u003c/td\u003e\u003c/tr\u003e\u003c/table\u003e\u003c/div\u003e"
  },
  "extension": [
    {
      "url": "http://hl7.org/fhir/StructureDefinition/structuredefinition-wg",
      "valueCode": "fm"
    }
  ],
  "url": "http://terminology.hl7.org/CodeSystem/adjudication",
  "identifier": [
    {
      "system": "urn:ietf:rfc:3986",
      "value": "urn:oid:2.16.840.1.113883.4.642.1.1171"
    }
  ],
  "version": "4.3.0",
  "name": "AdjudicationCodes",
  "title": "Adjudication Codes",
  "status": "draft",
  "experimental": false,
  "description": "This value set includes a smattering of Adjudication codes.",
  "copyright": "This is an example set.",
  "caseSensitive": true,
  "content": "complete",
  "concept": [
    {
      "code": "submitted",
      "display": "Submitted Amount",
      "definition": "The total submitted amount for the claim or group or line item."
    },
    {
      "code": "copay",
      "display": "CoPay",
      "definition": "Patient Co-Payment"
    },
    {
      "code": "eligible",
      "display": "Eligible Amount",
      "definition": "Amount of the change which is considered for adjudication."
    },
    {
      "code": "deductible",
      "display": "Deductible",
      "definition": "Amount deducted from the eligible amount prior to adjudication."
    },
    {
      "code": "unallocdeduct",
      "display": "Unallocated Deductible",
      "definition": "The amount of deductible which could not allocated to other line items."
    },
    {
      "code": "eligpercent",
      "display": "Eligible %",
      "definition": "Eligible Percentage."
    },
    {
      "code": "tax",
      "display": "Tax",
      "definition": "The amount of tax."
    },
    {
      "code": "benefit",
      "display": "Benefit Amount",
      "definition": "Amount payable under the coverage"
    }
  ]
}