{
  "resourceType": "CodeSystem",
  "id": "participantrequired",
  "meta": {
    "lastUpdated": "2022-05-28T13:47:40.239+11:00",
    "profile": [
      "http://hl7.org/fhir/StructureDefinition/shareablecodesystem"
    ]
  },
  "text": {
    "status": "generated",
    "div": "\u003cdiv xmlns\u003d\"http://www.w3.org/1999/xhtml\"\u003e\n      \n      \u003ch2\u003eParticipantRequired\u003c/h2\u003e\n      \n      \u003cdiv\u003e\n        \n        \u003cp\u003eIs the Participant required to attend the appointment.\u003c/p\u003e\n\n      \n      \u003c/div\u003e\n      \n      \u003cp\u003eThis code system http://hl7.org/fhir/participantrequired defines the following codes:\u003c/p\u003e\n      \n      \u003ctable class\u003d\"codes\"\u003e\n        \n        \u003ctr\u003e\n          \n          \u003ctd style\u003d\"white-space:nowrap\"\u003e\n            \n            \u003cb\u003eCode\u003c/b\u003e\n          \n          \u003c/td\u003e\n          \n          \u003ctd\u003e\n            \n            \u003cb\u003eDisplay\u003c/b\u003e\n          \n          \u003c/td\u003e\n          \n          \u003ctd\u003e\n            \n            \u003cb\u003eDefinition\u003c/b\u003e\n          \n          \u003c/td\u003e\n        \n        \u003c/tr\u003e\n        \n        \u003ctr\u003e\n          \n          \u003ctd style\u003d\"white-space:nowrap\"\u003erequired\n            \n            \u003ca name\u003d\"participantrequired-required\"\u003e \u003c/a\u003e\n          \n          \u003c/td\u003e\n          \n          \u003ctd\u003eRequired\u003c/td\u003e\n          \n          \u003ctd\u003eThe participant is required to attend the appointment.\u003c/td\u003e\n        \n        \u003c/tr\u003e\n        \n        \u003ctr\u003e\n          \n          \u003ctd style\u003d\"white-space:nowrap\"\u003eoptional\n            \n            \u003ca name\u003d\"participantrequired-optional\"\u003e \u003c/a\u003e\n          \n          \u003c/td\u003e\n          \n          \u003ctd\u003eOptional\u003c/td\u003e\n          \n          \u003ctd\u003eThe participant may optionally attend the appointment.\u003c/td\u003e\n        \n        \u003c/tr\u003e\n        \n        \u003ctr\u003e\n          \n          \u003ctd style\u003d\"white-space:nowrap\"\u003einformation-only\n            \n            \u003ca name\u003d\"participantrequired-information-only\"\u003e \u003c/a\u003e\n          \n          \u003c/td\u003e\n          \n          \u003ctd\u003eInformation Only\u003c/td\u003e\n          \n          \u003ctd\u003eThe participant is excluded from the appointment, and might not be informed of the appointment taking place. (Appointment is about them, not for them - such as 2 doctors discussing results about a patient\u0027s test).\u003c/td\u003e\n        \n        \u003c/tr\u003e\n      \n      \u003c/table\u003e\n    \n    \u003c/div\u003e"
  },
  "extension": [
    {
      "url": "http://hl7.org/fhir/StructureDefinition/structuredefinition-wg",
      "valueCode": "pa"
    },
    {
      "url": "http://hl7.org/fhir/StructureDefinition/structuredefinition-standards-status",
      "valueCode": "trial-use"
    },
    {
      "url": "http://hl7.org/fhir/StructureDefinition/structuredefinition-fmm",
      "valueInteger": 3
    }
  ],
  "url": "http://hl7.org/fhir/participantrequired",
  "identifier": [
    {
      "system": "urn:ietf:rfc:3986",
      "value": "urn:oid:2.16.840.1.113883.4.642.4.489"
    }
  ],
  "version": "4.3.0",
  "name": "ParticipantRequired",
  "title": "ParticipantRequired",
  "status": "draft",
  "experimental": false,
  "date": "2021-01-17T07:06:13+11:00",
  "publisher": "HL7 (FHIR Project)",
  "contact": [
    {
      "telecom": [
        {
          "system": "url",
          "value": "http://hl7.org/fhir"
        },
        {
          "system": "email",
          "value": "fhir@lists.hl7.org"
        }
      ]
    }
  ],
  "description": "Is the Participant required to attend the appointment.",
  "caseSensitive": true,
  "valueSet": "http://hl7.org/fhir/ValueSet/participantrequired",
  "content": "complete",
  "concept": [
    {
      "code": "required",
      "display": "Required",
      "definition": "The participant is required to attend the appointment."
    },
    {
      "code": "optional",
      "display": "Optional",
      "definition": "The participant may optionally attend the appointment."
    },
    {
      "code": "information-only",
      "display": "Information Only",
      "definition": "The participant is excluded from the appointment, and might not be informed of the appointment taking place. (Appointment is about them, not for them - such as 2 doctors discussing results about a patient\u0027s test)."
    }
  ]
}