{
  "resourceType": "CodeSystem",
  "id": "contract-subtype",
  "meta": {
    "lastUpdated": "2022-05-28T12:47:40.239+10:00",
    "profile": [
      "http://hl7.org/fhir/StructureDefinition/shareablecodesystem"
    ]
  },
  "text": {
    "status": "generated",
    "div": "\u003cdiv xmlns\u003d\"http://www.w3.org/1999/xhtml\"\u003e\u003cp\u003eThis code system http://hl7.org/fhir/contract-subtype defines the following codes:\u003c/p\u003e\u003ctable class\u003d\"codes\"\u003e\u003ctr\u003e\u003ctd style\u003d\"white-space:nowrap\"\u003e\u003cb\u003eCode\u003c/b\u003e\u003c/td\u003e\u003ctd\u003e\u003cb\u003eDisplay\u003c/b\u003e\u003c/td\u003e\u003ctd\u003e\u003cb\u003eDefinition\u003c/b\u003e\u003c/td\u003e\u003c/tr\u003e\u003ctr\u003e\u003ctd style\u003d\"white-space:nowrap\"\u003edisclosure-ca\u003ca name\u003d\"contract-subtype-disclosure-ca\"\u003e \u003c/a\u003e\u003c/td\u003e\u003ctd\u003eDisclosure-CA\u003c/td\u003e\u003ctd\u003eCanadian health information disclosure policy.\u003c/td\u003e\u003c/tr\u003e\u003ctr\u003e\u003ctd style\u003d\"white-space:nowrap\"\u003edisclosure-us\u003ca name\u003d\"contract-subtype-disclosure-us\"\u003e \u003c/a\u003e\u003c/td\u003e\u003ctd\u003eDisclosure-US\u003c/td\u003e\u003ctd\u003eUnited States health information disclosure policy.\u003c/td\u003e\u003c/tr\u003e\u003c/table\u003e\u003c/div\u003e"
  },
  "extension": [
    {
      "url": "http://hl7.org/fhir/StructureDefinition/structuredefinition-wg",
      "valueCode": "fm"
    }
  ],
  "url": "http://hl7.org/fhir/contract-subtype",
  "identifier": [
    {
      "system": "urn:ietf:rfc:3986",
      "value": "urn:oid:2.16.840.1.113883.4.642.1.0"
    }
  ],
  "version": "4.3.0",
  "name": "ContractSubtypeCodes",
  "title": "Contract Subtype Codes",
  "status": "draft",
  "experimental": false,
  "description": "This value set includes sample Contract Subtype codes.",
  "copyright": "This is an example set.",
  "caseSensitive": true,
  "content": "complete",
  "concept": [
    {
      "code": "disclosure-ca",
      "display": "Disclosure-CA",
      "definition": "Canadian health information disclosure policy."
    },
    {
      "code": "disclosure-us",
      "display": "Disclosure-US",
      "definition": "United States health information disclosure policy."
    }
  ]
}