{
  "resourceType": "CompartmentDefinition",
  "id": "example",
  "text": {
    "status": "generated",
    "div": "\u003cdiv xmlns\u003d\"http://www.w3.org/1999/xhtml\"\u003e\u003cp\u003e\u003cb\u003eGenerated Narrative\u003c/b\u003e\u003c/p\u003e\u003cdiv style\u003d\"display: inline-block; background-color: #d9e0e7; padding: 6px; margin: 4px; border: 1px solid #8da1b4; border-radius: 5px; line-height: 60%\"\u003e\u003cp style\u003d\"margin-bottom: 0px\"\u003eResource \u0026quot;example\u0026quot; \u003c/p\u003e\u003c/div\u003e\u003cp\u003e\u003cb\u003eurl\u003c/b\u003e: \u003ccode\u003ehttp://hl7.org/fhir/CompartmentDefinition/example\u003c/code\u003e\u003c/p\u003e\u003cp\u003e\u003cb\u003ename\u003c/b\u003e: EXAMPLE\u003c/p\u003e\u003cp\u003e\u003cb\u003estatus\u003c/b\u003e: draft\u003c/p\u003e\u003cp\u003e\u003cb\u003eexperimental\u003c/b\u003e: true\u003c/p\u003e\u003cp\u003e\u003cb\u003edate\u003c/b\u003e: 2017-02-24\u003c/p\u003e\u003cp\u003e\u003cb\u003epublisher\u003c/b\u003e: Health Level Seven International (FHIR Infrastructure)\u003c/p\u003e\u003cp\u003e\u003cb\u003econtact\u003c/b\u003e: [string]: \u003ca href\u003d\"http://hl7.org/fhir\"\u003ehttp://hl7.org/fhir\u003c/a\u003e\u003c/p\u003e\u003cp\u003e\u003cb\u003edescription\u003c/b\u003e: The set of resources associated with a particular Device (example with Communication and CommunicationRequest resourses only).\u003c/p\u003e\u003cp\u003e\u003cb\u003epurpose\u003c/b\u003e: Provides an example of a FHIR compartment definition based on the Device resource type.\u003c/p\u003e\u003cp\u003e\u003cb\u003ecode\u003c/b\u003e: Device\u003c/p\u003e\u003cp\u003e\u003cb\u003esearch\u003c/b\u003e: true\u003c/p\u003e\u003cblockquote\u003e\u003cp\u003e\u003cb\u003eresource\u003c/b\u003e\u003c/p\u003e\u003cp\u003e\u003cb\u003ecode\u003c/b\u003e: Communication\u003c/p\u003e\u003cp\u003e\u003cb\u003eparam\u003c/b\u003e: sender, recipient\u003c/p\u003e\u003cp\u003e\u003cb\u003edocumentation\u003c/b\u003e: The device used as the message sender and recipient\u003c/p\u003e\u003c/blockquote\u003e\u003cblockquote\u003e\u003cp\u003e\u003cb\u003eresource\u003c/b\u003e\u003c/p\u003e\u003cp\u003e\u003cb\u003ecode\u003c/b\u003e: CommunicationRequest\u003c/p\u003e\u003cp\u003e\u003cb\u003eparam\u003c/b\u003e: sender, recipient\u003c/p\u003e\u003cp\u003e\u003cb\u003edocumentation\u003c/b\u003e: The device used as the message sender and recipient\u003c/p\u003e\u003c/blockquote\u003e\u003c/div\u003e"
  },
  "url": "http://hl7.org/fhir/CompartmentDefinition/example",
  "name": "EXAMPLE",
  "status": "draft",
  "experimental": true,
  "date": "2017-02-24",
  "publisher": "Health Level Seven International (FHIR Infrastructure)",
  "contact": [
    {
      "name": "[string]",
      "telecom": [
        {
          "system": "url",
          "value": "http://hl7.org/fhir"
        }
      ]
    }
  ],
  "description": "The set of resources associated with a particular Device (example with Communication and CommunicationRequest resourses only).",
  "useContext": [
    {
      "code": {
        "system": "http://terminology.hl7.org/CodeSystem/usage-context-type",
        "code": "focus"
      },
      "valueCodeableConcept": {
        "coding": [
          {
            "system": "http://hl7.org/fhir/resource-types",
            "code": "Device"
          }
        ]
      }
    }
  ],
  "purpose": "Provides an example of a FHIR compartment definition based on the Device resource type.",
  "code": "Device",
  "search": true,
  "resource": [
    {
      "code": "Communication",
      "param": [
        "sender",
        "recipient"
      ],
      "documentation": "The device used as the message sender and recipient"
    },
    {
      "code": "CommunicationRequest",
      "param": [
        "sender",
        "recipient"
      ],
      "documentation": "The device used as the message sender and recipient"
    }
  ]
}