{
  "resourceType": "Condition",
  "id": "f003",
  "text": {
    "status": "generated",
    "div": "\u003cdiv xmlns\u003d\"http://www.w3.org/1999/xhtml\"\u003e\u003cp\u003e\u003cb\u003eGenerated Narrative\u003c/b\u003e\u003c/p\u003e\u003cdiv style\u003d\"display: inline-block; background-color: #d9e0e7; padding: 6px; margin: 4px; border: 1px solid #8da1b4; border-radius: 5px; line-height: 60%\"\u003e\u003cp style\u003d\"margin-bottom: 0px\"\u003eResource \u0026quot;f003\u0026quot; \u003c/p\u003e\u003c/div\u003e\u003cp\u003e\u003cb\u003eclinicalStatus\u003c/b\u003e: Active \u003cspan style\u003d\"background: LightGoldenRodYellow; margin: 4px; border: 1px solid khaki\"\u003e (\u003ca href\u003d\"codesystem-condition-clinical.html\"\u003eCondition Clinical Status Codes\u003c/a\u003e#active)\u003c/span\u003e\u003c/p\u003e\u003cp\u003e\u003cb\u003everificationStatus\u003c/b\u003e: Confirmed \u003cspan style\u003d\"background: LightGoldenRodYellow; margin: 4px; border: 1px solid khaki\"\u003e (\u003ca href\u003d\"codesystem-condition-ver-status.html\"\u003eConditionVerificationStatus\u003c/a\u003e#confirmed)\u003c/span\u003e\u003c/p\u003e\u003cp\u003e\u003cb\u003ecategory\u003c/b\u003e: diagnosis \u003cspan style\u003d\"background: LightGoldenRodYellow; margin: 4px; border: 1px solid khaki\"\u003e (\u003ca href\u003d\"https://browser.ihtsdotools.org/\"\u003eSNOMED CT\u003c/a\u003e#439401001)\u003c/span\u003e\u003c/p\u003e\u003cp\u003e\u003cb\u003eseverity\u003c/b\u003e: Mild to moderate \u003cspan style\u003d\"background: LightGoldenRodYellow; margin: 4px; border: 1px solid khaki\"\u003e (\u003ca href\u003d\"https://browser.ihtsdotools.org/\"\u003eSNOMED CT\u003c/a\u003e#371923003)\u003c/span\u003e\u003c/p\u003e\u003cp\u003e\u003cb\u003ecode\u003c/b\u003e: Retropharyngeal abscess \u003cspan style\u003d\"background: LightGoldenRodYellow; margin: 4px; border: 1px solid khaki\"\u003e (\u003ca href\u003d\"https://browser.ihtsdotools.org/\"\u003eSNOMED CT\u003c/a\u003e#18099001)\u003c/span\u003e\u003c/p\u003e\u003cp\u003e\u003cb\u003ebodySite\u003c/b\u003e: Entire retropharyngeal area \u003cspan style\u003d\"background: LightGoldenRodYellow; margin: 4px; border: 1px solid khaki\"\u003e (\u003ca href\u003d\"https://browser.ihtsdotools.org/\"\u003eSNOMED CT\u003c/a\u003e#280193007)\u003c/span\u003e\u003c/p\u003e\u003cp\u003e\u003cb\u003esubject\u003c/b\u003e: \u003ca href\u003d\"patient-f001.html\"\u003ePatient/f001: P. van de Heuvel\u003c/a\u003e \u0026quot;Pieter VAN DE HEUVEL\u0026quot;\u003c/p\u003e\u003cp\u003e\u003cb\u003eencounter\u003c/b\u003e: \u003ca href\u003d\"encounter-f003.html\"\u003eEncounter/f003\u003c/a\u003e\u003c/p\u003e\u003cp\u003e\u003cb\u003eonset\u003c/b\u003e: 2012-02-27\u003c/p\u003e\u003cp\u003e\u003cb\u003erecordedDate\u003c/b\u003e: 2012-02-20\u003c/p\u003e\u003cp\u003e\u003cb\u003easserter\u003c/b\u003e: \u003ca href\u003d\"patient-f001.html\"\u003ePatient/f001: P. van de Heuvel\u003c/a\u003e \u0026quot;Pieter VAN DE HEUVEL\u0026quot;\u003c/p\u003e\u003ch3\u003eEvidences\u003c/h3\u003e\u003ctable class\u003d\"grid\"\u003e\u003ctr\u003e\u003ctd\u003e-\u003c/td\u003e\u003ctd\u003e\u003cb\u003eCode\u003c/b\u003e\u003c/td\u003e\u003c/tr\u003e\u003ctr\u003e\u003ctd\u003e*\u003c/td\u003e\u003ctd\u003eCT of neck \u003cspan style\u003d\"background: LightGoldenRodYellow; margin: 4px; border: 1px solid khaki\"\u003e (\u003ca href\u003d\"https://browser.ihtsdotools.org/\"\u003eSNOMED CT\u003c/a\u003e#169068008)\u003c/span\u003e\u003c/td\u003e\u003c/tr\u003e\u003c/table\u003e\u003c/div\u003e"
  },
  "clinicalStatus": {
    "coding": [
      {
        "system": "http://terminology.hl7.org/CodeSystem/condition-clinical",
        "code": "active"
      }
    ]
  },
  "verificationStatus": {
    "coding": [
      {
        "system": "http://terminology.hl7.org/CodeSystem/condition-ver-status",
        "code": "confirmed"
      }
    ]
  },
  "category": [
    {
      "coding": [
        {
          "system": "http://snomed.info/sct",
          "code": "439401001",
          "display": "diagnosis"
        }
      ]
    }
  ],
  "severity": {
    "coding": [
      {
        "system": "http://snomed.info/sct",
        "code": "371923003",
        "display": "Mild to moderate"
      }
    ]
  },
  "code": {
    "coding": [
      {
        "system": "http://snomed.info/sct",
        "code": "18099001",
        "display": "Retropharyngeal abscess"
      }
    ]
  },
  "bodySite": [
    {
      "coding": [
        {
          "system": "http://snomed.info/sct",
          "code": "280193007",
          "display": "Entire retropharyngeal area"
        }
      ]
    }
  ],
  "subject": {
    "reference": "Patient/f001",
    "display": "P. van de Heuvel"
  },
  "encounter": {
    "reference": "Encounter/f003"
  },
  "onsetDateTime": "2012-02-27",
  "recordedDate": "2012-02-20",
  "asserter": {
    "reference": "Patient/f001",
    "display": "P. van de Heuvel"
  },
  "evidence": [
    {
      "code": [
        {
          "coding": [
            {
              "system": "http://snomed.info/sct",
              "code": "169068008",
              "display": "CT of neck"
            }
          ]
        }
      ]
    }
  ],
  "meta": {
    "tag": [
      {
        "system": "http://terminology.hl7.org/CodeSystem/v3-ActReason",
        "code": "HTEST",
        "display": "test health data"
      }
    ]
  }
}