{
  "resourceType": "MedicationDispense",
  "id": "meddisp0321",
  "text": {
    "status": "generated",
    "div": "\u003cdiv xmlns\u003d\"http://www.w3.org/1999/xhtml\"\u003e\u003cp\u003e\u003cb\u003eGenerated Narrative\u003c/b\u003e\u003c/p\u003e\u003cdiv style\u003d\"display: inline-block; background-color: #d9e0e7; padding: 6px; margin: 4px; border: 1px solid #8da1b4; border-radius: 5px; line-height: 60%\"\u003e\u003cp style\u003d\"margin-bottom: 0px\"\u003eResource \u0026quot;meddisp0321\u0026quot; \u003c/p\u003e\u003c/div\u003e\u003cp\u003e\u003cb\u003estatus\u003c/b\u003e: in-progress\u003c/p\u003e\u003cp\u003e\u003cb\u003emedication\u003c/b\u003e: Vicodin 5mg Hydrocodone, 500mg Acetaminophen tablet \u003cspan style\u003d\"background: LightGoldenRodYellow; margin: 4px; border: 1px solid khaki\"\u003e (\u003ca href\u003d\"http://terminology.hl7.org/3.1.0/CodeSystem-v3-ndc.html\"\u003eNational drug codes\u003c/a\u003e#0074-3043-13)\u003c/span\u003e\u003c/p\u003e\u003cp\u003e\u003cb\u003esubject\u003c/b\u003e: \u003ca href\u003d\"patient-pat1.html\"\u003ePatient/pat1: Donald Duck\u003c/a\u003e \u0026quot;Duck DONALD\u0026quot;\u003c/p\u003e\u003ch3\u003ePerformers\u003c/h3\u003e\u003ctable class\u003d\"grid\"\u003e\u003ctr\u003e\u003ctd\u003e-\u003c/td\u003e\u003ctd\u003e\u003cb\u003eActor\u003c/b\u003e\u003c/td\u003e\u003c/tr\u003e\u003ctr\u003e\u003ctd\u003e*\u003c/td\u003e\u003ctd\u003e\u003ca href\u003d\"practitioner-f006.html\"\u003ePractitioner/f006\u003c/a\u003e \u0026quot;Rob VAN DEN BERK\u0026quot;\u003c/td\u003e\u003c/tr\u003e\u003c/table\u003e\u003cp\u003e\u003cb\u003eauthorizingPrescription\u003c/b\u003e: \u003ca href\u003d\"medicationrequest-medrx0321.html\"\u003eMedicationRequest/medrx0321\u003c/a\u003e\u003c/p\u003e\u003cp\u003e\u003cb\u003etype\u003c/b\u003e: Refill - Part Fill \u003cspan style\u003d\"background: LightGoldenRodYellow; margin: 4px; border: 1px solid khaki\"\u003e (\u003ca href\u003d\"http://terminology.hl7.org/3.1.0/CodeSystem-v3-ActCode.html\"\u003eActCode\u003c/a\u003e#RFP)\u003c/span\u003e\u003c/p\u003e\u003cp\u003e\u003cb\u003equantity\u003c/b\u003e: 30(unit TAB from http://terminology.hl7.org/CodeSystem/v3-orderableDrugForm)\u003cspan style\u003d\"background: LightGoldenRodYellow\"\u003e (Details: http://terminology.hl7.org/CodeSystem/v3-orderableDrugForm code TAB \u003d \u0027Tablet\u0027)\u003c/span\u003e\u003c/p\u003e\u003cp\u003e\u003cb\u003edaysSupply\u003c/b\u003e: 10 Day\u003cspan style\u003d\"background: LightGoldenRodYellow\"\u003e (Details: UCUM code d \u003d \u0027d\u0027)\u003c/span\u003e\u003c/p\u003e\u003cp\u003e\u003cb\u003ewhenPrepared\u003c/b\u003e: 2015-01-15T10:20:00Z\u003c/p\u003e\u003c/div\u003e"
  },
  "status": "in-progress",
  "medicationCodeableConcept": {
    "coding": [
      {
        "system": "http://hl7.org/fhir/sid/ndc",
        "code": "0074-3043-13",
        "display": "Vicodin 5mg Hydrocodone, 500mg Acetaminophen tablet"
      }
    ]
  },
  "subject": {
    "reference": "Patient/pat1",
    "display": "Donald Duck"
  },
  "performer": [
    {
      "actor": {
        "reference": "Practitioner/f006"
      }
    }
  ],
  "authorizingPrescription": [
    {
      "reference": "MedicationRequest/medrx0321"
    }
  ],
  "type": {
    "coding": [
      {
        "system": "http://terminology.hl7.org/CodeSystem/v3-ActCode",
        "code": "RFP",
        "display": "Refill - Part Fill"
      }
    ]
  },
  "quantity": {
    "value": 30,
    "system": "http://terminology.hl7.org/CodeSystem/v3-orderableDrugForm",
    "code": "TAB"
  },
  "daysSupply": {
    "value": 10,
    "unit": "Day",
    "system": "http://unitsofmeasure.org",
    "code": "d"
  },
  "whenPrepared": "2015-01-15T10:20:00Z",
  "dosageInstruction": [
    {
      "sequence": 1,
      "text": "1 tablet every four hours as needed for pain",
      "additionalInstruction": [
        {
          "coding": [
            {
              "system": "http://snomed.info/sct",
              "code": "418914006",
              "display": "Warning. May cause drowsiness. If affected do not drive or operate machinery. Avoid alcoholic drink (qualifier value)"
            }
          ]
        }
      ],
      "timing": {
        "repeat": {
          "frequency": 1,
          "period": 4,
          "periodUnit": "h"
        }
      },
      "asNeededCodeableConcept": {
        "coding": [
          {
            "system": "http://snomed.info/sct",
            "code": "203082005",
            "display": "Fibromyalgia (disorder)"
          }
        ]
      },
      "route": {
        "coding": [
          {
            "system": "http://snomed.info/sct",
            "code": "26643006",
            "display": "Oral Route"
          }
        ]
      },
      "doseAndRate": [
        {
          "type": {
            "coding": [
              {
                "system": "http://terminology.hl7.org/CodeSystem/dose-rate-type",
                "code": "ordered",
                "display": "Ordered"
              }
            ]
          },
          "doseQuantity": {
            "value": 1,
            "unit": "TAB",
            "system": "http://terminology.hl7.org/CodeSystem/v3-orderableDrugForm",
            "code": "TAB"
          }
        }
      ]
    }
  ],
  "meta": {
    "tag": [
      {
        "system": "http://terminology.hl7.org/CodeSystem/v3-ActReason",
        "code": "HTEST",
        "display": "test health data"
      }
    ]
  }
}