{
  "resourceType": "Observation",
  "id": "bmd",
  "text": {
    "status": "generated",
    "div": "\u003cdiv xmlns\u003d\"http://www.w3.org/1999/xhtml\"\u003e\u003cp\u003e\u003cb\u003eGenerated Narrative\u003c/b\u003e\u003c/p\u003e\u003cdiv style\u003d\"display: inline-block; background-color: #d9e0e7; padding: 6px; margin: 4px; border: 1px solid #8da1b4; border-radius: 5px; line-height: 60%\"\u003e\u003cp style\u003d\"margin-bottom: 0px\"\u003eResource \u0026quot;bmd\u0026quot; \u003c/p\u003e\u003c/div\u003e\u003cp\u003e\u003cb\u003estatus\u003c/b\u003e: final\u003c/p\u003e\u003cp\u003e\u003cb\u003ecode\u003c/b\u003e: BMD - Left Femur \u003cspan style\u003d\"background: LightGoldenRodYellow; margin: 4px; border: 1px solid khaki\"\u003e (\u003ca href\u003d\"https://loinc.org/\"\u003eLOINC\u003c/a\u003e#24701-5 \u0026quot;Femur DXA Bone density\u0026quot;)\u003c/span\u003e\u003c/p\u003e\u003cp\u003e\u003cb\u003esubject\u003c/b\u003e: \u003ca href\u003d\"patient-pat2.html\"\u003ePatient/pat2\u003c/a\u003e \u0026quot;Duck DONALD\u0026quot;\u003c/p\u003e\u003cp\u003e\u003cb\u003eperformer\u003c/b\u003e: \u003ca href\u003d\"organization-1832473e-2fe0-452d-abe9-3cdb9879522f.html\"\u003eOrganization/1832473e-2fe0-452d-abe9-3cdb9879522f: Acme Imaging Diagnostics\u003c/a\u003e \u0026quot;Clinical Lab\u0026quot;\u003c/p\u003e\u003cp\u003e\u003cb\u003evalue\u003c/b\u003e: 0.887 g/cm²\u003cspan style\u003d\"background: LightGoldenRodYellow\"\u003e (Details: UCUM code g/cm-2 \u003d \u0027g/cm-2\u0027)\u003c/span\u003e\u003c/p\u003e\u003cp\u003e\u003cb\u003ebodySite\u003c/b\u003e: Left Femur \u003cspan style\u003d\"background: LightGoldenRodYellow; margin: 4px; border: 1px solid khaki\"\u003e (\u003ca href\u003d\"https://browser.ihtsdotools.org/\"\u003eSNOMED CT\u003c/a\u003e#71341001:272741003\u003d7771000)\u003c/span\u003e\u003c/p\u003e\u003c/div\u003e"
  },
  "status": "final",
  "code": {
    "coding": [
      {
        "system": "http://loinc.org",
        "code": "24701-5",
        "display": "Femur DXA Bone density"
      }
    ],
    "text": "BMD - Left Femur"
  },
  "subject": {
    "reference": "Patient/pat2"
  },
  "performer": [
    {
      "reference": "Organization/1832473e-2fe0-452d-abe9-3cdb9879522f",
      "display": "Acme Imaging Diagnostics"
    }
  ],
  "valueQuantity": {
    "value": 0.887,
    "unit": "g/cm²",
    "system": "http://unitsofmeasure.org",
    "code": "g/cm-2"
  },
  "bodySite": {
    "coding": [
      {
        "system": "http://snomed.info/sct",
        "code": "71341001:272741003\u003d7771000"
      }
    ],
    "text": "Left Femur"
  },
  "meta": {
    "tag": [
      {
        "system": "http://terminology.hl7.org/CodeSystem/v3-ActReason",
        "code": "HTEST",
        "display": "test health data"
      }
    ]
  }
}