{
  "resourceType": "Observation",
  "id": "example-haplotype2",
  "text": {
    "status": "extensions",
    "div": "\u003cdiv xmlns\u003d\"http://www.w3.org/1999/xhtml\"\u003e\u003cp\u003e\u003cb\u003eGenerated Narrative\u003c/b\u003e\u003c/p\u003e\u003cdiv style\u003d\"display: inline-block; background-color: #d9e0e7; padding: 6px; margin: 4px; border: 1px solid #8da1b4; border-radius: 5px; line-height: 60%\"\u003e\u003cp style\u003d\"margin-bottom: 0px\"\u003eResource \u0026quot;example-haplotype2\u0026quot; \u003c/p\u003e\u003c/div\u003e\u003cp\u003e\u003cb\u003eGene\u003c/b\u003e: CYP2C9 \u003cspan style\u003d\"background: LightGoldenRodYellow; margin: 4px; border: 1px solid khaki\"\u003e (\u003ca href\u003d\"http://terminology.hl7.org/3.1.0/CodeSystem-v3-hgnc.html\"\u003eHUGO Gene Nomenclature\u003c/a\u003e#2623)\u003c/span\u003e\u003c/p\u003e\u003cp\u003e\u003cb\u003estatus\u003c/b\u003e: unknown\u003c/p\u003e\u003cp\u003e\u003cb\u003ecode\u003c/b\u003e: The material on this page will be removed in a future release. This content is deprecated and SHOULD NOT be used. Implementers are instead directed to the ([Genomics Reporting Implementation Guide](http://hl7.org/fhir/uv/genomics-reporting/index.html)) for guidance. Genetic analysis master panel-- This is the parent OBR for the panel holding all of the associated observations that can be reported with a molecular genetics analysis result. \u003cspan style\u003d\"background: LightGoldenRodYellow; margin: 4px; border: 1px solid khaki\"\u003e (\u003ca href\u003d\"https://loinc.org/\"\u003eLOINC\u003c/a\u003e#55233-1)\u003c/span\u003e\u003c/p\u003e\u003cp\u003e\u003cb\u003esubject\u003c/b\u003e: \u003ca href\u003d\"todo.html\"\u003ePatient/727127: J*********** C***********\u003c/a\u003e\u003c/p\u003e\u003cp\u003e\u003cb\u003eeffective\u003c/b\u003e: 2013-04-03T15:30:10+01:00\u003c/p\u003e\u003cp\u003e\u003cb\u003evalue\u003c/b\u003e: *4 \u003cspan style\u003d\"background: LightGoldenRodYellow; margin: 4px; border: 1px solid khaki\"\u003e (pharmakb.org#PA16581679)\u003c/span\u003e\u003c/p\u003e\u003cp\u003e\u003cb\u003edevice\u003c/b\u003e: \u003ca href\u003d\"device-example.html\"\u003eDevice/example\u003c/a\u003e\u003c/p\u003e\u003cp\u003e\u003cb\u003ederivedFrom\u003c/b\u003e: \u003c/p\u003e\u003cul\u003e\u003cli\u003e\u003ca href\u003d\"molecularsequence-example-pgx-1.html\"\u003eMolecularSequence/example-pgx-1\u003c/a\u003e\u003c/li\u003e\u003cli\u003e\u003ca href\u003d\"molecularsequence-example-pgx-2.html\"\u003eMolecularSequence/example-pgx-2\u003c/a\u003e\u003c/li\u003e\u003c/ul\u003e\u003c/div\u003e"
  },
  "extension": [
    {
      "url": "http://hl7.org/fhir/StructureDefinition/observation-geneticsGene",
      "valueCodeableConcept": {
        "coding": [
          {
            "system": "http://www.genenames.org",
            "code": "2623",
            "display": "CYP2C9"
          }
        ]
      }
    }
  ],
  "status": "unknown",
  "code": {
    "coding": [
      {
        "system": "http://loinc.org",
        "code": "55233-1",
        "display": "The material on this page will be removed in a future release. This content is deprecated and SHOULD NOT be used. Implementers are instead directed to the ([Genomics Reporting Implementation Guide](http://hl7.org/fhir/uv/genomics-reporting/index.html)) for guidance. Genetic analysis master panel-- This is the parent OBR for the panel holding all of the associated observations that can be reported with a molecular genetics analysis result."
      }
    ]
  },
  "subject": {
    "reference": "Patient/727127",
    "display": "J*********** C***********"
  },
  "effectiveDateTime": "2013-04-03T15:30:10+01:00",
  "valueCodeableConcept": {
    "coding": [
      {
        "system": "http://pharmakb.org",
        "code": "PA16581679",
        "display": "*4"
      }
    ]
  },
  "device": {
    "reference": "Device/example"
  },
  "derivedFrom": [
    {
      "reference": "MolecularSequence/example-pgx-1"
    },
    {
      "reference": "MolecularSequence/example-pgx-2"
    }
  ],
  "meta": {
    "tag": [
      {
        "system": "http://terminology.hl7.org/CodeSystem/v3-ActReason",
        "code": "HTEST",
        "display": "test health data"
      }
    ]
  }
}