{
  "resourceType": "Procedure",
  "id": "f004",
  "text": {
    "status": "generated",
    "div": "\u003cdiv xmlns\u003d\"http://www.w3.org/1999/xhtml\"\u003e\u003cp\u003e\u003cb\u003eGenerated Narrative\u003c/b\u003e\u003c/p\u003e\u003cdiv style\u003d\"display: inline-block; background-color: #d9e0e7; padding: 6px; margin: 4px; border: 1px solid #8da1b4; border-radius: 5px; line-height: 60%\"\u003e\u003cp style\u003d\"margin-bottom: 0px\"\u003eResource \u0026quot;f004\u0026quot; \u003c/p\u003e\u003c/div\u003e\u003cp\u003e\u003cb\u003estatus\u003c/b\u003e: completed\u003c/p\u003e\u003cp\u003e\u003cb\u003ecode\u003c/b\u003e: Tracheotomy \u003cspan style\u003d\"background: LightGoldenRodYellow; margin: 4px; border: 1px solid khaki\"\u003e (\u003ca href\u003d\"https://browser.ihtsdotools.org/\"\u003eSNOMED CT\u003c/a\u003e#48387007)\u003c/span\u003e\u003c/p\u003e\u003cp\u003e\u003cb\u003esubject\u003c/b\u003e: \u003ca href\u003d\"patient-f001.html\"\u003ePatient/f001: P. van de Heuvel\u003c/a\u003e \u0026quot;Pieter VAN DE HEUVEL\u0026quot;\u003c/p\u003e\u003cp\u003e\u003cb\u003eencounter\u003c/b\u003e: \u003ca href\u003d\"encounter-f003.html\"\u003eEncounter/f003\u003c/a\u003e\u003c/p\u003e\u003cp\u003e\u003cb\u003eperformed\u003c/b\u003e: 2013-03-22T09:30:10+01:00 --\u0026gt; 2013-03-22T10:30:10+01:00\u003c/p\u003e\u003ch3\u003ePerformers\u003c/h3\u003e\u003ctable class\u003d\"grid\"\u003e\u003ctr\u003e\u003ctd\u003e-\u003c/td\u003e\u003ctd\u003e\u003cb\u003eFunction\u003c/b\u003e\u003c/td\u003e\u003ctd\u003e\u003cb\u003eActor\u003c/b\u003e\u003c/td\u003e\u003c/tr\u003e\u003ctr\u003e\u003ctd\u003e*\u003c/td\u003e\u003ctd\u003eCare role \u003cspan style\u003d\"background: LightGoldenRodYellow; margin: 4px; border: 1px solid khaki\"\u003e (unknown#01.000 \u0026quot;Arts\u0026quot;)\u003c/span\u003e\u003c/td\u003e\u003ctd\u003e\u003ca href\u003d\"practitioner-f005.html\"\u003ePractitioner/f005: A. Langeveld\u003c/a\u003e \u0026quot;Langeveld ANNE\u0026quot;\u003c/td\u003e\u003c/tr\u003e\u003c/table\u003e\u003cp\u003e\u003cb\u003ereasonCode\u003c/b\u003e: ensure breathing during surgery \u003cspan style\u003d\"background: LightGoldenRodYellow; margin: 4px; border: 1px solid khaki\"\u003e ()\u003c/span\u003e\u003c/p\u003e\u003cp\u003e\u003cb\u003ebodySite\u003c/b\u003e: Retropharyngeal area \u003cspan style\u003d\"background: LightGoldenRodYellow; margin: 4px; border: 1px solid khaki\"\u003e (\u003ca href\u003d\"https://browser.ihtsdotools.org/\"\u003eSNOMED CT\u003c/a\u003e#83030008)\u003c/span\u003e\u003c/p\u003e\u003cp\u003e\u003cb\u003eoutcome\u003c/b\u003e: removal of the retropharyngeal abscess \u003cspan style\u003d\"background: LightGoldenRodYellow; margin: 4px; border: 1px solid khaki\"\u003e ()\u003c/span\u003e\u003c/p\u003e\u003cp\u003e\u003cb\u003ereport\u003c/b\u003e: \u003ca href\u003d\"diagnosticreport-f001.html\"\u003eDiagnosticReport/f001: ???????????\u003c/a\u003e\u003c/p\u003e\u003cp\u003e\u003cb\u003efollowUp\u003c/b\u003e: described in care plan \u003cspan style\u003d\"background: LightGoldenRodYellow; margin: 4px; border: 1px solid khaki\"\u003e ()\u003c/span\u003e\u003c/p\u003e\u003c/div\u003e"
  },
  "status": "completed",
  "code": {
    "coding": [
      {
        "system": "http://snomed.info/sct",
        "code": "48387007",
        "display": "Tracheotomy"
      }
    ]
  },
  "subject": {
    "reference": "Patient/f001",
    "display": "P. van de Heuvel"
  },
  "encounter": {
    "reference": "Encounter/f003"
  },
  "performedPeriod": {
    "start": "2013-03-22T09:30:10+01:00",
    "end": "2013-03-22T10:30:10+01:00"
  },
  "performer": [
    {
      "function": {
        "coding": [
          {
            "system": "urn:oid:2.16.840.1.113883.2.4.15.111",
            "code": "01.000",
            "display": "Arts"
          }
        ],
        "text": "Care role"
      },
      "actor": {
        "reference": "Practitioner/f005",
        "display": "A. Langeveld"
      }
    }
  ],
  "reasonCode": [
    {
      "text": "ensure breathing during surgery"
    }
  ],
  "bodySite": [
    {
      "coding": [
        {
          "system": "http://snomed.info/sct",
          "code": "83030008",
          "display": "Retropharyngeal area"
        }
      ]
    }
  ],
  "outcome": {
    "text": "removal of the retropharyngeal abscess"
  },
  "report": [
    {
      "reference": "DiagnosticReport/f001",
      "display": "???????????"
    }
  ],
  "followUp": [
    {
      "text": "described in care plan"
    }
  ],
  "meta": {
    "tag": [
      {
        "system": "http://terminology.hl7.org/CodeSystem/v3-ActReason",
        "code": "HTEST",
        "display": "test health data"
      }
    ]
  }
}