{
  "resourceType": "SearchParameter",
  "id": "questionnaireresponse-extensions-QuestionnaireResponse-item-subject",
  "url": "http://hl7.org/fhir/SearchParameter/questionnaireresponse-extensions-QuestionnaireResponse-item-subject",
  "version": "4.3.0",
  "name": "item-subject",
  "status": "draft",
  "experimental": true,
  "description": "Allows searching for QuestionnaireResponses by item value where the item has isSubject\u003dtrue",
  "code": "item-subject",
  "base": [
    "QuestionnaireResponse"
  ],
  "type": "reference",
  "expression": "QuestionnaireResponse.item.where(extension(\u0027http://hl7.org/fhir/StructureDefinition/questionnaireresponse-isSubject\u0027).exists()).answer.value.ofType(Reference)",
  "xpathUsage": "normal"
}