{
  "resourceType": "ValueSet",
  "id": "reason-medication-status-codes",
  "meta": {
    "lastUpdated": "2022-05-28T12:47:40.239+10:00",
    "profile": [
      "http://hl7.org/fhir/StructureDefinition/shareablevalueset"
    ]
  },
  "text": {
    "status": "generated",
    "div": "\u003cdiv xmlns\u003d\"http://www.w3.org/1999/xhtml\"\u003e\u003cp\u003eThis value set includes codes based on the following rules:\u003c/p\u003e\u003cul\u003e\u003cli\u003eInclude codes from \u003ca href\u003d\"http://www.snomed.org/\"\u003e\u003ccode\u003ehttp://snomed.info/sct\u003c/code\u003e\u003c/a\u003e where concept  is-a  266710000 (Drugs not taken/completed)\u003c/li\u003e\u003cli\u003eInclude codes from \u003ca href\u003d\"http://www.snomed.org/\"\u003e\u003ccode\u003ehttp://snomed.info/sct\u003c/code\u003e\u003c/a\u003e where concept  is-a  410684002 (Drug therapy status)\u003c/li\u003e\u003c/ul\u003e\u003c/div\u003e"
  },
  "extension": [
    {
      "url": "http://hl7.org/fhir/StructureDefinition/structuredefinition-wg",
      "valueCode": "phx"
    },
    {
      "url": "http://hl7.org/fhir/StructureDefinition/structuredefinition-standards-status",
      "valueCode": "draft"
    },
    {
      "url": "http://hl7.org/fhir/StructureDefinition/structuredefinition-fmm",
      "valueInteger": 1
    }
  ],
  "url": "http://hl7.org/fhir/ValueSet/reason-medication-status-codes",
  "identifier": [
    {
      "system": "urn:ietf:rfc:3986",
      "value": "urn:oid:2.16.840.1.113883.4.642.3.369"
    }
  ],
  "version": "4.3.0",
  "name": "SNOMEDCTDrugTherapyStatusCodes",
  "title": "SNOMED CT Drug Therapy Status codes",
  "status": "draft",
  "experimental": true,
  "publisher": "FHIR Project team",
  "contact": [
    {
      "telecom": [
        {
          "system": "url",
          "value": "http://hl7.org/fhir"
        }
      ]
    }
  ],
  "description": "This value set includes some taken and not taken reason codes from SNOMED CT - provided as an exemplar",
  "copyright": "This value set includes content from SNOMED CT, which is copyright © 2002+ International Health Terminology Standards Development Organisation (IHTSDO), and distributed by agreement between IHTSDO and HL7. Implementer use of SNOMED CT is not covered by this agreement",
  "compose": {
    "include": [
      {
        "system": "http://snomed.info/sct",
        "filter": [
          {
            "property": "concept",
            "op": "is-a",
            "value": "266710000"
          }
        ]
      },
      {
        "system": "http://snomed.info/sct",
        "filter": [
          {
            "property": "concept",
            "op": "is-a",
            "value": "410684002"
          }
        ]
      }
    ]
  }
}