{
  "resourceType": "ValueSet",
  "id": "detectedissue-severity",
  "meta": {
    "lastUpdated": "2022-05-28T13:47:40.239+11:00",
    "profile": [
      "http://hl7.org/fhir/StructureDefinition/shareablevalueset"
    ]
  },
  "text": {
    "status": "generated",
    "div": "\u003cdiv xmlns\u003d\"http://www.w3.org/1999/xhtml\"\u003e\n      \u003ch2\u003eDetectedIssueSeverity\u003c/h2\u003e\n      \u003cdiv\u003e\n        \u003cp\u003eIndicates the potential degree of impact of the identified issue on the patient.\u003c/p\u003e\n\n      \u003c/div\u003e\n      \u003cp\u003eThis value set includes codes from the following code systems:\u003c/p\u003e\n      \u003cul\u003e\n        \u003cli\u003eInclude all codes defined in \n          \u003ca href\u003d\"codesystem-detectedissue-severity.html\"\u003e\n            \u003ccode\u003ehttp://hl7.org/fhir/detectedissue-severity\u003c/code\u003e\n          \u003c/a\u003e\n        \u003c/li\u003e\n      \u003c/ul\u003e\n    \u003c/div\u003e"
  },
  "extension": [
    {
      "url": "http://hl7.org/fhir/StructureDefinition/structuredefinition-wg",
      "valueCode": "cds"
    },
    {
      "url": "http://hl7.org/fhir/StructureDefinition/structuredefinition-standards-status",
      "valueCode": "trial-use"
    },
    {
      "url": "http://hl7.org/fhir/StructureDefinition/structuredefinition-fmm",
      "valueInteger": 1
    }
  ],
  "url": "http://hl7.org/fhir/ValueSet/detectedissue-severity",
  "identifier": [
    {
      "system": "urn:ietf:rfc:3986",
      "value": "urn:oid:2.16.840.1.113883.4.642.3.206"
    }
  ],
  "version": "4.3.0",
  "name": "DetectedIssueSeverity",
  "title": "DetectedIssueSeverity",
  "status": "draft",
  "experimental": true,
  "date": "2021-01-17T07:06:13+11:00",
  "publisher": "HL7 (FHIR Project)",
  "contact": [
    {
      "telecom": [
        {
          "system": "url",
          "value": "http://hl7.org/fhir"
        },
        {
          "system": "email",
          "value": "fhir@lists.hl7.org"
        }
      ]
    }
  ],
  "description": "Indicates the potential degree of impact of the identified issue on the patient.",
  "immutable": true,
  "compose": {
    "include": [
      {
        "system": "http://hl7.org/fhir/detectedissue-severity"
      }
    ]
  }
}