{
  "resourceType": "ValueSet",
  "id": "related-artifact-type",
  "meta": {
    "lastUpdated": "2022-05-28T12:47:40.239+10:00",
    "profile": [
      "http://hl7.org/fhir/StructureDefinition/shareablevalueset"
    ]
  },
  "text": {
    "status": "generated",
    "div": "\u003cdiv xmlns\u003d\"http://www.w3.org/1999/xhtml\"\u003e\u003cul\u003e\u003cli\u003eInclude all codes defined in \u003ca href\u003d\"codesystem-related-artifact-type.html\"\u003e\u003ccode\u003ehttp://hl7.org/fhir/related-artifact-type\u003c/code\u003e\u003c/a\u003e\u003c/li\u003e\u003c/ul\u003e\u003c/div\u003e"
  },
  "extension": [
    {
      "url": "http://hl7.org/fhir/StructureDefinition/structuredefinition-wg",
      "valueCode": "fhir"
    },
    {
      "url": "http://hl7.org/fhir/StructureDefinition/structuredefinition-standards-status",
      "valueCode": "trial-use"
    },
    {
      "url": "http://hl7.org/fhir/StructureDefinition/structuredefinition-fmm",
      "valueInteger": 5
    }
  ],
  "url": "http://hl7.org/fhir/ValueSet/related-artifact-type",
  "identifier": [
    {
      "system": "urn:ietf:rfc:3986",
      "value": "urn:oid:2.16.840.1.113883.4.642.3.99"
    }
  ],
  "version": "4.3.0",
  "name": "RelatedArtifactType",
  "title": "RelatedArtifactType",
  "status": "draft",
  "experimental": false,
  "date": "2022-05-28T12:47:40+10:00",
  "publisher": "HL7 (FHIR Project)",
  "contact": [
    {
      "telecom": [
        {
          "system": "url",
          "value": "http://hl7.org/fhir"
        },
        {
          "system": "email",
          "value": "fhir@lists.hl7.org"
        }
      ]
    }
  ],
  "description": "The type of relationship to the related artifact.",
  "immutable": true,
  "compose": {
    "include": [
      {
        "system": "http://hl7.org/fhir/related-artifact-type"
      }
    ]
  }
}