{
  "resourceType": "ValueSet",
  "id": "substance-source-material-genus",
  "meta": {
    "lastUpdated": "2022-05-28T13:47:40.239+11:00",
    "profile": [
      "http://hl7.org/fhir/StructureDefinition/shareablevalueset"
    ]
  },
  "text": {
    "status": "generated",
    "div": "\u003cdiv xmlns\u003d\"http://www.w3.org/1999/xhtml\"\u003e\n      \u003cul\u003e\n        \u003cli\u003eInclude all codes defined in \n          \u003ca href\u003d\"codesystem-substance-source-material-genus.html\"\u003e\n            \u003ccode\u003ehttp://hl7.org/fhir/substance-source-material-genus\u003c/code\u003e\n          \u003c/a\u003e\n        \u003c/li\u003e\n      \u003c/ul\u003ehttp://hl7.org/fhir/ValueSet/substance-source-material-genus\n    \u003c/div\u003e"
  },
  "extension": [
    {
      "url": "http://hl7.org/fhir/StructureDefinition/structuredefinition-wg",
      "valueCode": "brr"
    },
    {
      "url": "http://hl7.org/fhir/StructureDefinition/structuredefinition-standards-status",
      "valueCode": "trial-use"
    },
    {
      "url": "http://hl7.org/fhir/StructureDefinition/structuredefinition-fmm",
      "valueInteger": 1
    }
  ],
  "url": "http://hl7.org/fhir/ValueSet/substance-source-material-genus",
  "identifier": [
    {
      "system": "urn:ietf:rfc:3986",
      "value": "urn:oid:2.16.840.1.113883.4.642.3.1626"
    }
  ],
  "version": "4.3.0",
  "name": "SourceMaterialGenus",
  "title": "SourceMaterialGenus",
  "status": "draft",
  "experimental": true,
  "date": "2020-12-28T16:55:11+11:00",
  "publisher": "HL7 (FHIR Project)",
  "contact": [
    {
      "telecom": [
        {
          "system": "url",
          "value": "http://hl7.org/fhir"
        },
        {
          "system": "email",
          "value": "fhir@lists.hl7.org"
        }
      ]
    }
  ],
  "description": "The genus of an organism, typically referring to the Latin epithet of the genus element of the plant/animal scientific name.",
  "immutable": true,
  "compose": {
    "include": [
      {
        "system": "http://hl7.org/fhir/substance-source-material-genus"
      }
    ]
  }
}