{
  "resourceType": "ValueSet",
  "id": "inactive",
  "url": "http://hl7.org/fhir/ValueSet/inactive",
  "name": "Example-inactive",
  "title": "Example with inactive codes",
  "status": "draft",
  "experimental": true,
  "description": "HL7 v3 ActMood Predicate codes, including inactive codes",
  "compose": {
    "inactive": true,
    "include": [
      {
        "system": "http://terminology.hl7.org/CodeSystem/v3-ActMood",
        "filter": [
          {
            "property": "concept",
            "op": "descendent-of",
            "value": "_ActMoodPredicate"
          }
        ]
      }
    ]
  },
  "expansion": {
    "identifier": "urn:uuid:46c00b3f-003a-4f31-9d4b-ea2de58b2a99",
    "timestamp": "2017-02-26T10:00:00Z",
    "contains": [
      {
        "system": "http://terminology.hl7.org/CodeSystem/v3-ActMood",
        "inactive": true,
        "code": "CRT",
        "display": "criterion"
      },
      {
        "system": "http://terminology.hl7.org/CodeSystem/v3-ActMood",
        "code": "EXPEC",
        "display": "expectation",
        "contains": [
          {
            "system": "http://terminology.hl7.org/CodeSystem/v3-ActMood",
            "code": "GOL",
            "display": "goal"
          },
          {
            "system": "http://terminology.hl7.org/CodeSystem/v3-ActMood",
            "code": "RSK",
            "display": "risk"
          }
        ]
      },
      {
        "system": "http://terminology.hl7.org/CodeSystem/v3-ActMood",
        "code": "OPT",
        "display": "option"
      }
    ]
  }
}