{
  "resourceType": "CodeSystem",
  "id": "explanationofbenefit-status",
  "meta": {
    "lastUpdated": "2022-05-28T13:47:40.239+11:00",
    "profile": [
      "http://hl7.org/fhir/StructureDefinition/shareablecodesystem"
    ]
  },
  "text": {
    "status": "generated",
    "div": "\u003cdiv xmlns\u003d\"http://www.w3.org/1999/xhtml\"\u003e\n      \n      \u003ch2\u003eExplanationOfBenefitStatus\u003c/h2\u003e\n      \n      \u003cdiv\u003e\n        \n        \u003cp\u003eA code specifying the state of the resource instance.\u003c/p\u003e\n\n      \n      \u003c/div\u003e\n      \n      \u003cp\u003eThis code system http://hl7.org/fhir/explanationofbenefit-status defines the following codes:\u003c/p\u003e\n      \n      \u003ctable class\u003d\"codes\"\u003e\n        \n        \u003ctr\u003e\n          \n          \u003ctd style\u003d\"white-space:nowrap\"\u003e\n            \n            \u003cb\u003eCode\u003c/b\u003e\n          \n          \u003c/td\u003e\n          \n          \u003ctd\u003e\n            \n            \u003cb\u003eDisplay\u003c/b\u003e\n          \n          \u003c/td\u003e\n          \n          \u003ctd\u003e\n            \n            \u003cb\u003eDefinition\u003c/b\u003e\n          \n          \u003c/td\u003e\n        \n        \u003c/tr\u003e\n        \n        \u003ctr\u003e\n          \n          \u003ctd style\u003d\"white-space:nowrap\"\u003eactive\n            \n            \u003ca name\u003d\"explanationofbenefit-status-active\"\u003e \u003c/a\u003e\n          \n          \u003c/td\u003e\n          \n          \u003ctd\u003eActive\u003c/td\u003e\n          \n          \u003ctd\u003eThe resource instance is currently in-force.\u003c/td\u003e\n        \n        \u003c/tr\u003e\n        \n        \u003ctr\u003e\n          \n          \u003ctd style\u003d\"white-space:nowrap\"\u003ecancelled\n            \n            \u003ca name\u003d\"explanationofbenefit-status-cancelled\"\u003e \u003c/a\u003e\n          \n          \u003c/td\u003e\n          \n          \u003ctd\u003eCancelled\u003c/td\u003e\n          \n          \u003ctd\u003eThe resource instance is withdrawn, rescinded or reversed.\u003c/td\u003e\n        \n        \u003c/tr\u003e\n        \n        \u003ctr\u003e\n          \n          \u003ctd style\u003d\"white-space:nowrap\"\u003edraft\n            \n            \u003ca name\u003d\"explanationofbenefit-status-draft\"\u003e \u003c/a\u003e\n          \n          \u003c/td\u003e\n          \n          \u003ctd\u003eDraft\u003c/td\u003e\n          \n          \u003ctd\u003eA new resource instance the contents of which is not complete.\u003c/td\u003e\n        \n        \u003c/tr\u003e\n        \n        \u003ctr\u003e\n          \n          \u003ctd style\u003d\"white-space:nowrap\"\u003eentered-in-error\n            \n            \u003ca name\u003d\"explanationofbenefit-status-entered-in-error\"\u003e \u003c/a\u003e\n          \n          \u003c/td\u003e\n          \n          \u003ctd\u003eEntered In Error\u003c/td\u003e\n          \n          \u003ctd\u003eThe resource instance was entered in error.\u003c/td\u003e\n        \n        \u003c/tr\u003e\n      \n      \u003c/table\u003e\n    \n    \u003c/div\u003e"
  },
  "extension": [
    {
      "url": "http://hl7.org/fhir/StructureDefinition/structuredefinition-wg",
      "valueCode": "fm"
    },
    {
      "url": "http://hl7.org/fhir/StructureDefinition/structuredefinition-standards-status",
      "valueCode": "trial-use"
    },
    {
      "url": "http://hl7.org/fhir/StructureDefinition/structuredefinition-fmm",
      "valueInteger": 2
    }
  ],
  "url": "http://hl7.org/fhir/explanationofbenefit-status",
  "identifier": [
    {
      "system": "urn:ietf:rfc:3986",
      "value": "urn:oid:2.16.840.1.113883.4.642.4.619"
    }
  ],
  "version": "4.3.0",
  "name": "ExplanationOfBenefitStatus",
  "title": "ExplanationOfBenefitStatus",
  "status": "draft",
  "experimental": false,
  "date": "2021-01-17T07:06:13+11:00",
  "publisher": "HL7 (FHIR Project)",
  "contact": [
    {
      "telecom": [
        {
          "system": "url",
          "value": "http://hl7.org/fhir"
        },
        {
          "system": "email",
          "value": "fhir@lists.hl7.org"
        }
      ]
    }
  ],
  "description": "A code specifying the state of the resource instance.",
  "caseSensitive": true,
  "valueSet": "http://hl7.org/fhir/ValueSet/explanationofbenefit-status",
  "content": "complete",
  "concept": [
    {
      "code": "active",
      "display": "Active",
      "definition": "The resource instance is currently in-force."
    },
    {
      "code": "cancelled",
      "display": "Cancelled",
      "definition": "The resource instance is withdrawn, rescinded or reversed."
    },
    {
      "code": "draft",
      "display": "Draft",
      "definition": "A new resource instance the contents of which is not complete."
    },
    {
      "code": "entered-in-error",
      "display": "Entered In Error",
      "definition": "The resource instance was entered in error."
    }
  ]
}