{
  "resourceType": "EvidenceVariable",
  "id": "example-alteplase-for-stroke",
  "text": {
    "status": "generated",
    "div": "\u003cdiv xmlns\u003d\"http://www.w3.org/1999/xhtml\"\u003e\n      \u003cp\u003e\n        \u0026quot;Alteplase for Stroke\u0026quot; is an exposure concept with a detailed dosing instruction that may be used in expressing what an Evidence is about.\n      \u003c/p\u003e\n\t\u003c/div\u003e"
  },
  "title": "Alteplase for Stroke",
  "status": "draft",
  "useContext": [
    {
      "code": {
        "system": "http://terminology.hl7.org/CodeSystem/usage-context-type",
        "code": "focus"
      },
      "valueCodeableConcept": {
        "text": "Stroke"
      }
    }
  ],
  "actual": true,
  "characteristic": [
    {
      "description": "IV alteplase 0.9 mg/kg (maximum 90 mg) as 10% of dose over 1 minute and 90% over 1 hour",
      "definitionCanonical": "http://example.org/fhir/ActivityDefinition/example-alteplase-dosing"
    }
  ],
  "meta": {
    "tag": [
      {
        "system": "http://terminology.hl7.org/CodeSystem/v3-ActReason",
        "code": "HTEST",
        "display": "test health data"
      }
    ]
  }
}