{
  "resourceType": "Bundle",
  "id": "3d20ea4b-90dc-4d0d-b15a-c7a893389401",
  "type": "history",
  "timestamp": "2020-04-17T10:24:13.1882432-05:00",
  "entry": [
    {
      "fullUrl": "urn:uuid:a5b053d4-2603-446f-ae86-f5853ac09334",
      "resource": {
        "resourceType": "SubscriptionStatus",
        "id": "a5b053d4-2603-446f-ae86-f5853ac09334",
        "text": {
          "status": "generated",
          "div": "\u003cdiv xmlns\u003d\"http://www.w3.org/1999/xhtml\"\u003e\u003cp\u003e\u003cb\u003eGenerated Narrative\u003c/b\u003e\u003c/p\u003e\u003cdiv style\u003d\"display: inline-block; background-color: #d9e0e7; padding: 6px; margin: 4px; border: 1px solid #8da1b4; border-radius: 5px; line-height: 60%\"\u003e\u003cp style\u003d\"margin-bottom: 0px\"\u003eResource \u0026quot;a5b053d4-2603-446f-ae86-f5853ac09334\u0026quot; \u003c/p\u003e\u003c/div\u003e\u003cp\u003e\u003cb\u003estatus\u003c/b\u003e: active\u003c/p\u003e\u003cp\u003e\u003cb\u003etype\u003c/b\u003e: heartbeat\u003c/p\u003e\u003cp\u003e\u003cb\u003eeventsSinceSubscriptionStart\u003c/b\u003e: 310\u003c/p\u003e\u003cp\u003e\u003cb\u003esubscription\u003c/b\u003e: \u003ca href\u003d\"todo.html\"\u003ehttp://example.org/FHIR/R4B/Subscription/123\u003c/a\u003e\u003c/p\u003e\u003cp\u003e\u003cb\u003etopic\u003c/b\u003e: \u003ca href\u003d\"http://example.org/FHIR/R4B/SubscriptionTopic/admission\"\u003ehttp://example.org/FHIR/R4B/SubscriptionTopic/admission\u003c/a\u003e\u003c/p\u003e\u003c/div\u003e"
        },
        "status": "active",
        "type": "heartbeat",
        "eventsSinceSubscriptionStart": "310",
        "subscription": {
          "reference": "http://example.org/FHIR/R4B/Subscription/123"
        },
        "topic": "http://example.org/FHIR/R4B/SubscriptionTopic/admission"
      },
      "request": {
        "method": "GET",
        "url": "Subscription/123/$status"
      },
      "response": {
        "status": "200"
      }
    }
  ],
  "meta": {
    "tag": [
      {
        "system": "http://terminology.hl7.org/CodeSystem/v3-ActReason",
        "code": "HTEST",
        "display": "test health data"
      }
    ]
  }
}