{
  "resourceType": "NutritionOrder",
  "id": "enteralbolus",
  "text": {
    "status": "generated",
    "div": "\u003cdiv xmlns\u003d\"http://www.w3.org/1999/xhtml\"\u003e\u003cp\u003e\u003cb\u003eGenerated Narrative\u003c/b\u003e\u003c/p\u003e\u003cdiv style\u003d\"display: inline-block; background-color: #d9e0e7; padding: 6px; margin: 4px; border: 1px solid #8da1b4; border-radius: 5px; line-height: 60%\"\u003e\u003cp style\u003d\"margin-bottom: 0px\"\u003eResource \u0026quot;enteralbolus\u0026quot; \u003c/p\u003e\u003c/div\u003e\u003cp\u003e\u003cb\u003eidentifier\u003c/b\u003e: id: 123\u003c/p\u003e\u003cp\u003e\u003cb\u003estatus\u003c/b\u003e: active\u003c/p\u003e\u003cp\u003e\u003cb\u003eintent\u003c/b\u003e: order\u003c/p\u003e\u003cp\u003e\u003cb\u003epatient\u003c/b\u003e: \u003ca href\u003d\"patient-example.html\"\u003ePatient/example: Peter Chalmers\u003c/a\u003e \u0026quot;Peter CHALMERS\u0026quot;\u003c/p\u003e\u003cp\u003e\u003cb\u003eencounter\u003c/b\u003e: \u003ca href\u003d\"encounter-example.html\"\u003eEncounter/example: Inpatient\u003c/a\u003e\u003c/p\u003e\u003cp\u003e\u003cb\u003edateTime\u003c/b\u003e: 2014-09-17\u003c/p\u003e\u003cp\u003e\u003cb\u003eorderer\u003c/b\u003e: \u003ca href\u003d\"practitioner-example.html\"\u003ePractitioner/example: Dr Adam Careful\u003c/a\u003e \u0026quot;Adam CAREFUL\u0026quot;\u003c/p\u003e\u003cp\u003e\u003cb\u003eallergyIntolerance\u003c/b\u003e: \u003ca href\u003d\"allergyintolerance-example.html\"\u003eAllergyIntolerance/example: Cashew Nuts\u003c/a\u003e\u003c/p\u003e\u003cp\u003e\u003cb\u003efoodPreferenceModifier\u003c/b\u003e: Dairy Free \u003cspan style\u003d\"background: LightGoldenRodYellow; margin: 4px; border: 1px solid khaki\"\u003e (\u003ca href\u003d\"codesystem-encounter-diet.html\"\u003eDiet\u003c/a\u003e#dairy-free)\u003c/span\u003e\u003c/p\u003e\u003cp\u003e\u003cb\u003eexcludeFoodModifier\u003c/b\u003e: Cashew Nut \u003cspan style\u003d\"background: LightGoldenRodYellow; margin: 4px; border: 1px solid khaki\"\u003e (\u003ca href\u003d\"https://browser.ihtsdotools.org/\"\u003eSNOMED CT[20140730]\u003c/a\u003e#227493005)\u003c/span\u003e\u003c/p\u003e\u003cblockquote\u003e\u003cp\u003e\u003cb\u003eenteralFormula\u003c/b\u003e\u003c/p\u003e\u003cp\u003e\u003cb\u003ebaseFormulaType\u003c/b\u003e: Adult high protein formula \u003cspan style\u003d\"background: LightGoldenRodYellow; margin: 4px; border: 1px solid khaki\"\u003e (\u003ca href\u003d\"https://browser.ihtsdotools.org/\"\u003eSNOMED CT\u003c/a\u003e#442991000124104)\u003c/span\u003e\u003c/p\u003e\u003cp\u003e\u003cb\u003ebaseFormulaProductName\u003c/b\u003e: Acme High Protein Formula\u003c/p\u003e\u003cp\u003e\u003cb\u003eadditiveType\u003c/b\u003e: Lipid \u003cspan style\u003d\"background: LightGoldenRodYellow; margin: 4px; border: 1px solid khaki\"\u003e (\u003ca href\u003d\"codesystem-entformula-additive.html\"\u003eEnteral Formula Additive Type Code\u003c/a\u003e#lipid)\u003c/span\u003e\u003c/p\u003e\u003cp\u003e\u003cb\u003eadditiveProductName\u003c/b\u003e: Acme Lipid Additive\u003c/p\u003e\u003cp\u003e\u003cb\u003ecaloricDensity\u003c/b\u003e: 1.5 calories per milliliter\u003cspan style\u003d\"background: LightGoldenRodYellow\"\u003e (Details: UCUM code cal/mL \u003d \u0027cal/mL\u0027)\u003c/span\u003e\u003c/p\u003e\u003cp\u003e\u003cb\u003erouteofAdministration\u003c/b\u003e: Instillation, gastrostomy tube \u003cspan style\u003d\"background: LightGoldenRodYellow; margin: 4px; border: 1px solid khaki\"\u003e (\u003ca href\u003d\"http://terminology.hl7.org/3.1.0/CodeSystem-v3-RouteOfAdministration.html\"\u003eRouteOfAdministration\u003c/a\u003e#GT)\u003c/span\u003e\u003c/p\u003e\u003ch3\u003eAdministrations\u003c/h3\u003e\u003ctable class\u003d\"grid\"\u003e\u003ctr\u003e\u003ctd\u003e-\u003c/td\u003e\u003ctd\u003e\u003cb\u003eSchedule\u003c/b\u003e\u003c/td\u003e\u003ctd\u003e\u003cb\u003eQuantity\u003c/b\u003e\u003c/td\u003e\u003c/tr\u003e\u003ctr\u003e\u003ctd\u003e*\u003c/td\u003e\u003ctd\u003eStarting 2014-09-17T16:00:00Z, Do Once per 4 hours\u003c/td\u003e\u003ctd\u003e240 milliliters\u003cspan style\u003d\"background: LightGoldenRodYellow\"\u003e (Details: UCUM code mL \u003d \u0027mL\u0027)\u003c/span\u003e\u003c/td\u003e\u003c/tr\u003e\u003c/table\u003e\u003cp\u003e\u003cb\u003emaxVolumeToDeliver\u003c/b\u003e: 1440 milliliter/day\u003cspan style\u003d\"background: LightGoldenRodYellow\"\u003e (Details: UCUM code mL/d \u003d \u0027mL/d\u0027)\u003c/span\u003e\u003c/p\u003e\u003cp\u003e\u003cb\u003eadministrationInstruction\u003c/b\u003e: 240 mls every 4hrs\u003c/p\u003e\u003c/blockquote\u003e\u003c/div\u003e"
  },
  "identifier": [
    {
      "system": "http://www.acme.org/nutritionorders",
      "value": "123"
    }
  ],
  "status": "active",
  "intent": "order",
  "patient": {
    "reference": "Patient/example",
    "display": "Peter Chalmers"
  },
  "encounter": {
    "reference": "Encounter/example",
    "display": "Inpatient"
  },
  "dateTime": "2014-09-17",
  "orderer": {
    "reference": "Practitioner/example",
    "display": "Dr Adam Careful"
  },
  "allergyIntolerance": [
    {
      "reference": "AllergyIntolerance/example",
      "display": "Cashew Nuts"
    }
  ],
  "foodPreferenceModifier": [
    {
      "coding": [
        {
          "system": "http://terminology.hl7.org/CodeSystem/diet",
          "code": "dairy-free"
        }
      ]
    }
  ],
  "excludeFoodModifier": [
    {
      "coding": [
        {
          "system": "http://snomed.info/sct",
          "version": "20140730",
          "code": "227493005",
          "display": "Cashew Nut"
        }
      ]
    }
  ],
  "enteralFormula": {
    "baseFormulaType": {
      "coding": [
        {
          "system": "http://snomed.info/sct",
          "code": "442991000124104",
          "display": "Adult high protein formula"
        }
      ]
    },
    "baseFormulaProductName": "Acme High Protein Formula",
    "additiveType": {
      "coding": [
        {
          "system": "http://terminology.hl7.org/CodeSystem/entformula-additive",
          "code": "lipid",
          "display": "Lipid"
        }
      ]
    },
    "additiveProductName": "Acme Lipid Additive",
    "caloricDensity": {
      "value": 1.5,
      "unit": "calories per milliliter",
      "system": "http://unitsofmeasure.org",
      "code": "cal/mL"
    },
    "routeofAdministration": {
      "coding": [
        {
          "system": "http://terminology.hl7.org/CodeSystem/v3-RouteOfAdministration",
          "code": "GT",
          "display": "Instillation, gastrostomy tube"
        }
      ]
    },
    "administration": [
      {
        "schedule": {
          "repeat": {
            "boundsPeriod": {
              "start": "2014-09-17T16:00:00Z"
            },
            "frequency": 1,
            "period": 4,
            "periodUnit": "h"
          }
        },
        "quantity": {
          "value": 240,
          "unit": "milliliters",
          "system": "http://unitsofmeasure.org",
          "code": "mL"
        }
      }
    ],
    "maxVolumeToDeliver": {
      "value": 1440,
      "unit": "milliliter/day",
      "system": "http://unitsofmeasure.org",
      "code": "mL/d"
    },
    "administrationInstruction": "240 mls every 4hrs"
  },
  "meta": {
    "tag": [
      {
        "system": "http://terminology.hl7.org/CodeSystem/v3-ActReason",
        "code": "HTEST",
        "display": "test health data"
      }
    ]
  }
}