{
  "resourceType": "Task",
  "id": "example6",
  "text": {
    "status": "generated",
    "div": "\u003cdiv xmlns\u003d\"http://www.w3.org/1999/xhtml\"\u003e\u003cp\u003e\u003cb\u003eGenerated Narrative\u003c/b\u003e\u003c/p\u003e\u003cdiv style\u003d\"display: inline-block; background-color: #d9e0e7; padding: 6px; margin: 4px; border: 1px solid #8da1b4; border-radius: 5px; line-height: 60%\"\u003e\u003cp style\u003d\"margin-bottom: 0px\"\u003eResource \u0026quot;example6\u0026quot; \u003c/p\u003e\u003c/div\u003e\u003cp\u003e\u003cb\u003eidentifier\u003c/b\u003e: id: 20170201-001 (OFFICIAL)\u003c/p\u003e\u003cp\u003e\u003cb\u003ebasedOn\u003c/b\u003e: \u003cspan\u003e: General Wellness Careplan\u003c/span\u003e\u003c/p\u003e\u003cp\u003e\u003cb\u003egroupIdentifier\u003c/b\u003e: id: G20170201-001 (OFFICIAL)\u003c/p\u003e\u003cp\u003e\u003cb\u003estatus\u003c/b\u003e: completed\u003c/p\u003e\u003cp\u003e\u003cb\u003ebusinessStatus\u003c/b\u003e: test completed and posted \u003cspan style\u003d\"background: LightGoldenRodYellow; margin: 4px; border: 1px solid khaki\"\u003e ()\u003c/span\u003e\u003c/p\u003e\u003cp\u003e\u003cb\u003eintent\u003c/b\u003e: order\u003c/p\u003e\u003cp\u003e\u003cb\u003epriority\u003c/b\u003e: routine\u003c/p\u003e\u003cp\u003e\u003cb\u003ecode\u003c/b\u003e: Lipid Panel \u003cspan style\u003d\"background: LightGoldenRodYellow; margin: 4px; border: 1px solid khaki\"\u003e ()\u003c/span\u003e\u003c/p\u003e\u003cp\u003e\u003cb\u003edescription\u003c/b\u003e: Create order for getting specimen, Set up inhouse testing,  generate order for any sendouts and submit with specimen\u003c/p\u003e\u003cp\u003e\u003cb\u003efocus\u003c/b\u003e: \u003ca href\u003d\"servicerequest-lipid.html\"\u003eServiceRequest/lipid: Lipid Panel Request\u003c/a\u003e\u003c/p\u003e\u003cp\u003e\u003cb\u003efor\u003c/b\u003e: \u003ca href\u003d\"patient-example.html\"\u003ePatient/example: Peter James Chalmers\u003c/a\u003e \u0026quot;Peter CHALMERS\u0026quot;\u003c/p\u003e\u003cp\u003e\u003cb\u003eencounter\u003c/b\u003e: \u003ca href\u003d\"encounter-example.html\"\u003eEncounter/example: Example In-Patient Encounter\u003c/a\u003e\u003c/p\u003e\u003cp\u003e\u003cb\u003eexecutionPeriod\u003c/b\u003e: 2016-10-31T08:25:05+10:00 --\u0026gt; 2016-10-31T18:45:05+10:00\u003c/p\u003e\u003cp\u003e\u003cb\u003eauthoredOn\u003c/b\u003e: 2016-10-31T08:25:05+10:00\u003c/p\u003e\u003cp\u003e\u003cb\u003elastModified\u003c/b\u003e: 2016-10-31T18:45:05+10:00\u003c/p\u003e\u003cp\u003e\u003cb\u003erequester\u003c/b\u003e: \u003ca href\u003d\"practitioner-example.html\"\u003ePractitioner/example: Dr Adam Careful\u003c/a\u003e \u0026quot;Adam CAREFUL\u0026quot;\u003c/p\u003e\u003cp\u003e\u003cb\u003eperformerType\u003c/b\u003e: Performer \u003cspan style\u003d\"background: LightGoldenRodYellow; margin: 4px; border: 1px solid khaki\"\u003e (task-performer-type#performer)\u003c/span\u003e\u003c/p\u003e\u003cp\u003e\u003cb\u003eowner\u003c/b\u003e: \u003ca href\u003d\"organization-1832473e-2fe0-452d-abe9-3cdb9879522f.html\"\u003eOrganization/1832473e-2fe0-452d-abe9-3cdb9879522f: Clinical Laboratory @ Acme Hospital\u003c/a\u003e \u0026quot;Clinical Lab\u0026quot;\u003c/p\u003e\u003cp\u003e\u003cb\u003ereasonCode\u003c/b\u003e: The Task.reason should only be included if there is no Task.focus or if it differs from the reason indicated on the focus \u003cspan style\u003d\"background: LightGoldenRodYellow; margin: 4px; border: 1px solid khaki\"\u003e ()\u003c/span\u003e\u003c/p\u003e\u003cp\u003e\u003cb\u003enote\u003c/b\u003e: This is an example to demonstrate using task for actioning a servicerequest and to illustrate how to populate many of the task elements - this is the parent task that will be broken into subtask to grab the specimen and a sendout lab test\u003c/p\u003e\u003ch3\u003eRestrictions\u003c/h3\u003e\u003ctable class\u003d\"grid\"\u003e\u003ctr\u003e\u003ctd\u003e-\u003c/td\u003e\u003ctd\u003e\u003cb\u003eRepetitions\u003c/b\u003e\u003c/td\u003e\u003ctd\u003e\u003cb\u003ePeriod\u003c/b\u003e\u003c/td\u003e\u003c/tr\u003e\u003ctr\u003e\u003ctd\u003e*\u003c/td\u003e\u003ctd\u003e1\u003c/td\u003e\u003ctd\u003e?? --\u0026gt; 2016-11-02T09:45:05+10:00\u003c/td\u003e\u003c/tr\u003e\u003c/table\u003e\u003cblockquote\u003e\u003cp\u003e\u003cb\u003eoutput\u003c/b\u003e\u003c/p\u003e\u003cp\u003e\u003cb\u003etype\u003c/b\u003e: DiagnosticReport generated \u003cspan style\u003d\"background: LightGoldenRodYellow; margin: 4px; border: 1px solid khaki\"\u003e ()\u003c/span\u003e\u003c/p\u003e\u003cp\u003e\u003cb\u003evalue\u003c/b\u003e: \u003ca href\u003d\"diagnosticreport-lipids.html\"\u003eDiagnosticReport/lipids\u003c/a\u003e\u003c/p\u003e\u003c/blockquote\u003e\u003cblockquote\u003e\u003cp\u003e\u003cb\u003eoutput\u003c/b\u003e\u003c/p\u003e\u003cp\u003e\u003cb\u003etype\u003c/b\u003e: collected specimen \u003cspan style\u003d\"background: LightGoldenRodYellow; margin: 4px; border: 1px solid khaki\"\u003e ()\u003c/span\u003e\u003c/p\u003e\u003cp\u003e\u003cb\u003evalue\u003c/b\u003e: \u003ca href\u003d\"specimen-101.html\"\u003eSpecimen/101\u003c/a\u003e\u003c/p\u003e\u003c/blockquote\u003e\u003c/div\u003e"
  },
  "identifier": [
    {
      "use": "official",
      "system": "http:/goodhealth.org/identifiers",
      "value": "20170201-001"
    }
  ],
  "basedOn": [
    {
      "display": "General Wellness Careplan"
    }
  ],
  "groupIdentifier": {
    "use": "official",
    "system": "http:/goodhealth.org/accession/identifiers",
    "value": "G20170201-001"
  },
  "status": "completed",
  "businessStatus": {
    "text": "test completed and posted"
  },
  "intent": "order",
  "priority": "routine",
  "code": {
    "text": "Lipid Panel"
  },
  "description": "Create order for getting specimen, Set up inhouse testing,  generate order for any sendouts and submit with specimen",
  "focus": {
    "reference": "ServiceRequest/lipid",
    "display": "Lipid Panel Request"
  },
  "for": {
    "reference": "Patient/example",
    "display": "Peter James Chalmers"
  },
  "encounter": {
    "reference": "Encounter/example",
    "display": "Example In-Patient Encounter"
  },
  "executionPeriod": {
    "start": "2016-10-31T08:25:05+10:00",
    "end": "2016-10-31T18:45:05+10:00"
  },
  "authoredOn": "2016-10-31T08:25:05+10:00",
  "lastModified": "2016-10-31T18:45:05+10:00",
  "requester": {
    "reference": "Practitioner/example",
    "display": "Dr Adam Careful"
  },
  "performerType": [
    {
      "coding": [
        {
          "system": "http://terminology.hl7.org/CodeSystem/task-performer-type",
          "code": "performer",
          "display": "Performer"
        }
      ],
      "text": "Performer"
    }
  ],
  "owner": {
    "reference": "Organization/1832473e-2fe0-452d-abe9-3cdb9879522f",
    "display": "Clinical Laboratory @ Acme Hospital"
  },
  "reasonCode": {
    "text": "The Task.reason should only be included if there is no Task.focus or if it differs from the reason indicated on the focus"
  },
  "note": [
    {
      "text": "This is an example to demonstrate using task for actioning a servicerequest and to illustrate how to populate many of the task elements - this is the parent task that will be broken into subtask to grab the specimen and a sendout lab test"
    }
  ],
  "restriction": {
    "repetitions": 1,
    "period": {
      "end": "2016-11-02T09:45:05+10:00"
    }
  },
  "output": [
    {
      "type": {
        "text": "DiagnosticReport generated"
      },
      "valueReference": {
        "reference": "DiagnosticReport/lipids"
      }
    },
    {
      "type": {
        "text": "collected specimen"
      },
      "valueReference": {
        "reference": "Specimen/101"
      }
    }
  ],
  "meta": {
    "tag": [
      {
        "system": "http://terminology.hl7.org/CodeSystem/v3-ActReason",
        "code": "HTEST",
        "display": "test health data"
      }
    ]
  }
}