{
  "resourceType": "CarePlan",
  "id": "f002",
  "text": {
    "status": "generated",
    "div": "\u003cdiv xmlns\u003d\"http://www.w3.org/1999/xhtml\"\u003e\u003cp\u003e\u003cb\u003eGenerated Narrative: CarePlan\u003c/b\u003e\u003ca name\u003d\"f002\"\u003e \u003c/a\u003e\u003c/p\u003e\u003cdiv style\u003d\"display: inline-block; background-color: #d9e0e7; padding: 6px; margin: 4px; border: 1px solid #8da1b4; border-radius: 5px; line-height: 60%\"\u003e\u003cp style\u003d\"margin-bottom: 0px\"\u003eResource CarePlan \u0026quot;f002\u0026quot; \u003c/p\u003e\u003c/div\u003e\u003cp\u003e\u003cb\u003eidentifier\u003c/b\u003e: id: CP2934 (use: OFFICIAL)\u003c/p\u003e\u003cp\u003e\u003cb\u003estatus\u003c/b\u003e: completed\u003c/p\u003e\u003cp\u003e\u003cb\u003eintent\u003c/b\u003e: plan\u003c/p\u003e\u003cp\u003e\u003cb\u003esubject\u003c/b\u003e: \u003ca href\u003d\"patient-example-f001-pieter.html\"\u003ePatient/f001: P. van de Heuvel\u003c/a\u003e \u0026quot;Pieter VAN DE HEUVEL\u0026quot;\u003c/p\u003e\u003cp\u003e\u003cb\u003eperiod\u003c/b\u003e: 2011-07-06 --\u0026gt; 2013-07-07\u003c/p\u003e\u003cp\u003e\u003cb\u003ecareTeam\u003c/b\u003e: \u003ca name\u003d\"careteam\"\u003e \u003c/a\u003e\u003c/p\u003e\u003cblockquote\u003e\u003cp/\u003e\u003cp\u003e\u003ca name\u003d\"careteam\"\u003e \u003c/a\u003e\u003c/p\u003e\u003ch3\u003eParticipants\u003c/h3\u003e\u003ctable class\u003d\"grid\"\u003e\u003ctr\u003e\u003ctd\u003e-\u003c/td\u003e\u003ctd\u003e\u003cb\u003eMember\u003c/b\u003e\u003c/td\u003e\u003c/tr\u003e\u003ctr\u003e\u003ctd\u003e*\u003c/td\u003e\u003ctd\u003e\u003ca href\u003d\"practitioner-example-f003-mv.html\"\u003ePractitioner/f003: M.I.M. Versteegh\u003c/a\u003e \u0026quot;Marc VERSTEEGH\u0026quot;\u003c/td\u003e\u003c/tr\u003e\u003c/table\u003e\u003c/blockquote\u003e\u003ch3\u003eAddresses\u003c/h3\u003e\u003ctable class\u003d\"grid\"\u003e\u003ctr\u003e\u003ctd\u003e-\u003c/td\u003e\u003ctd\u003e\u003cb\u003eReference\u003c/b\u003e\u003c/td\u003e\u003c/tr\u003e\u003ctr\u003e\u003ctd\u003e*\u003c/td\u003e\u003ctd\u003e\u003ca href\u003d\"condition-example-f201-fever.html\"\u003eCondition/f201: ?????\u003c/a\u003e\u003c/td\u003e\u003c/tr\u003e\u003c/table\u003e\u003cp\u003e\u003cb\u003egoal\u003c/b\u003e: \u003ca name\u003d\"goal\"\u003e \u003c/a\u003e\u003c/p\u003e\u003cblockquote\u003e\u003cp/\u003e\u003cp\u003e\u003ca name\u003d\"goal\"\u003e \u003c/a\u003e\u003c/p\u003e\u003cp\u003e\u003cb\u003elifecycleStatus\u003c/b\u003e: completed\u003c/p\u003e\u003cp\u003e\u003cb\u003eachievementStatus\u003c/b\u003e: Achieved \u003cspan style\u003d\"background: LightGoldenRodYellow; margin: 4px; border: 1px solid khaki\"\u003e (\u003ca href\u003d\"http://terminology.hl7.org/5.1.0/CodeSystem-goal-achievement.html\"\u003eGoal achievement status\u003c/a\u003e#achieved)\u003c/span\u003e\u003c/p\u003e\u003cp\u003e\u003cb\u003edescription\u003c/b\u003e: succesful surgery on lung of patient \u003cspan style\u003d\"background: LightGoldenRodYellow; margin: 4px; border: 1px solid khaki\"\u003e ()\u003c/span\u003e\u003c/p\u003e\u003cp\u003e\u003cb\u003esubject\u003c/b\u003e: \u003ca href\u003d\"patient-example-f001-pieter.html\"\u003ePatient/f001: P. van de Heuvel\u003c/a\u003e \u0026quot;Pieter VAN DE HEUVEL\u0026quot;\u003c/p\u003e\u003cp\u003e\u003cb\u003enote\u003c/b\u003e: goal accomplished with minor complications\u003c/p\u003e\u003c/blockquote\u003e\u003ch3\u003eActivities\u003c/h3\u003e\u003ctable class\u003d\"grid\"\u003e\u003ctr\u003e\u003ctd\u003e-\u003c/td\u003e\u003ctd\u003e\u003cb\u003ePlannedActivityReference\u003c/b\u003e\u003c/td\u003e\u003c/tr\u003e\u003ctr\u003e\u003ctd\u003e*\u003c/td\u003e\u003ctd\u003e\u003ca name\u003d\"activity\"\u003e \u003c/a\u003e\u003cblockquote\u003e\u003cp/\u003e\u003cp\u003e\u003ca name\u003d\"activity\"\u003e \u003c/a\u003e\u003c/p\u003e\u003cp\u003e\u003cb\u003estatus\u003c/b\u003e: completed\u003c/p\u003e\u003cp\u003e\u003cb\u003eintent\u003c/b\u003e: order\u003c/p\u003e\u003ch3\u003eCodes\u003c/h3\u003e\u003ctable class\u003d\"grid\"\u003e\u003ctr\u003e\u003ctd\u003e-\u003c/td\u003e\u003ctd\u003e\u003cb\u003eConcept\u003c/b\u003e\u003c/td\u003e\u003c/tr\u003e\u003ctr\u003e\u003ctd\u003e*\u003c/td\u003e\u003ctd\u003ePartial lobectomy of lung \u003cspan style\u003d\"background: LightGoldenRodYellow; margin: 4px; border: 1px solid khaki\"\u003e (\u003ca href\u003d\"https://browser.ihtsdotools.org/\"\u003eSNOMED CT\u003c/a\u003e#359615001)\u003c/span\u003e\u003c/td\u003e\u003c/tr\u003e\u003c/table\u003e\u003cp\u003e\u003cb\u003esubject\u003c/b\u003e: \u003ca href\u003d\"patient-example-f001-pieter.html\"\u003ePatient/f001: P. van de Heuvel\u003c/a\u003e \u0026quot;Pieter VAN DE HEUVEL\u0026quot;\u003c/p\u003e\u003cp\u003e\u003cb\u003eoccurrence\u003c/b\u003e: 2011-07-07T09:30:10+01:00\u003c/p\u003e\u003cp\u003e\u003cb\u003eperformer\u003c/b\u003e: \u003ca href\u003d\"practitioner-example-f003-mv.html\"\u003ePractitioner/f003: M.I.M. Versteegh\u003c/a\u003e \u0026quot;Marc VERSTEEGH\u0026quot;\u003c/p\u003e\u003c/blockquote\u003e\u003c/td\u003e\u003c/tr\u003e\u003c/table\u003e\u003c/div\u003e"
  },
  "contained": [
    {
      "resourceType": "CareTeam",
      "id": "careteam",
      "participant": [
        {
          "member": {
            "reference": "Practitioner/f003",
            "display": "M.I.M. Versteegh"
          }
        }
      ]
    },
    {
      "resourceType": "Goal",
      "id": "goal",
      "lifecycleStatus": "completed",
      "achievementStatus": {
        "coding": [
          {
            "system": "http://terminology.hl7.org/CodeSystem/goal-achievement",
            "code": "achieved",
            "display": "Achieved"
          }
        ],
        "text": "Achieved"
      },
      "description": {
        "text": "succesful surgery on lung of patient"
      },
      "subject": {
        "reference": "Patient/f001",
        "display": "P. van de Heuvel"
      },
      "note": [
        {
          "text": "goal accomplished with minor complications"
        }
      ]
    },
    {
      "resourceType": "ServiceRequest",
      "id": "activity",
      "status": "completed",
      "intent": "order",
      "code": {
        "concept": {
          "coding": [
            {
              "system": "http://snomed.info/sct",
              "code": "359615001",
              "display": "Partial lobectomy of lung"
            }
          ]
        }
      },
      "subject": {
        "reference": "Patient/f001",
        "display": "P. van de Heuvel"
      },
      "occurrenceDateTime": "2011-07-07T09:30:10+01:00",
      "performer": [
        {
          "reference": "Practitioner/f003",
          "display": "M.I.M. Versteegh"
        }
      ]
    }
  ],
  "identifier": [
    {
      "use": "official",
      "system": "http://www.bmc.nl/zorgportal/identifiers/careplans",
      "value": "CP2934"
    }
  ],
  "status": "completed",
  "intent": "plan",
  "subject": {
    "reference": "Patient/f001",
    "display": "P. van de Heuvel"
  },
  "period": {
    "start": "2011-07-06",
    "end": "2013-07-07"
  },
  "careTeam": [
    {
      "reference": "#careteam"
    }
  ],
  "addresses": [
    {
      "reference": {
        "reference": "Condition/f201",
        "display": "?????"
      }
    }
  ],
  "goal": [
    {
      "reference": "#goal"
    }
  ],
  "activity": [
    {
      "plannedActivityReference": {
        "reference": "#activity"
      }
    }
  ],
  "meta": {
    "tag": [
      {
        "system": "http://terminology.hl7.org/CodeSystem/v3-ActReason",
        "code": "HTEST",
        "display": "test health data"
      }
    ]
  }
}