{
  "resourceType": "ConceptMap",
  "id": "cm-address-use-v3",
  "text": {
    "status": "extensions",
    "div": "\u003cdiv xmlns\u003d\"http://www.w3.org/1999/xhtml\"\u003e\u003ch2\u003ev3.AddressUse (http://hl7.org/fhir/ConceptMap/cm-address-use-v3)\u003c/h2\u003e\u003cp\u003eMapping from \u003ca href\u003d\"valueset-address-use.html\"\u003eAddressUse\u003c/a\u003e to \u003ca href\u003d\"http://terminology.hl7.org/5.1.0/ValueSet-v3-AddressUse.html\"\u003eAddressUse\u003c/a\u003e\u003c/p\u003e\u003cp\u003eDRAFT. Published on 2023-03-26T15:21:02+11:00 by HL7 (FHIR Project) (\u003ca href\u003d\"http://hl7.org/fhir\"\u003ehttp://hl7.org/fhir\u003c/a\u003e, \u003ca href\u003d\"mailto:fhir@lists.hl7.org\"\u003efhir@lists.hl7.org\u003c/a\u003e). \u003c/p\u003e\u003cbr/\u003e\u003cp\u003e\u003cb\u003eGroup 1\u003c/b\u003eMapping from \u003ca href\u003d\"codesystem-address-use.html\"\u003eAddressUse\u003c/a\u003e to \u003ca href\u003d\"http://terminology.hl7.org/5.1.0/CodeSystem-v3-AddressUse.html\"\u003eAddressUse\u003c/a\u003e\u003c/p\u003e\u003ctable class\u003d\"grid\"\u003e\u003ctr\u003e\u003ctd colspan\u003d\"2\"\u003e\u003cb\u003eSource Concept Details\u003c/b\u003e\u003c/td\u003e\u003ctd\u003e\u003cb\u003eRelationship\u003c/b\u003e\u003c/td\u003e\u003ctd colspan\u003d\"2\"\u003e\u003cb\u003eTarget Concept Details\u003c/b\u003e\u003c/td\u003e\u003ctd\u003e\u003cb\u003eComment\u003c/b\u003e\u003c/td\u003e\u003ctd colspan\u003d\"2\"\u003e\u003cb\u003eProperties\u003c/b\u003e\u003c/td\u003e\u003c/tr\u003e\u003ctr\u003e\u003ctd colspan\u003d\"2\"\u003e\u003cb\u003eCodes\u003c/b\u003e from \u003ca href\u003d\"codesystem-address-use.html\" title\u003d\"http://hl7.org/fhir/address-use\"\u003eAddressUse\u003c/a\u003e\u003c/td\u003e\u003ctd/\u003e\u003ctd colspan\u003d\"2\"\u003e\u003cb\u003eCodes\u003c/b\u003e from \u003ca href\u003d\"http://terminology.hl7.org/5.1.0/CodeSystem-v3-AddressUse.html\" title\u003d\"http://terminology.hl7.org/CodeSystem/v3-AddressUse\"\u003eAddressUse\u003c/a\u003e\u003c/td\u003e\u003ctd/\u003e\u003c/tr\u003e\u003ctr\u003e\u003ctd style\u003d\"border-right-width: 0px\"\u003ehome\u003c/td\u003e\u003ctd style\u003d\"border-left-width: 0px\"\u003eHome\u003c/td\u003e\u003ctd\u003e\u003ca href\u003d\"codesystem-concept-map-relationship.html#equivalent\" title\u003d\"equivalent\"\u003eis equivalent to\u003c/a\u003e\u003c/td\u003e\u003ctd style\u003d\"border-right-width: 0px\"\u003eH\u003c/td\u003e\u003ctd style\u003d\"border-left-width: 0px\"\u003ehome address\u003c/td\u003e\u003ctd/\u003e\u003c/tr\u003e\u003ctr\u003e\u003ctd style\u003d\"border-right-width: 0px\"\u003ework\u003c/td\u003e\u003ctd style\u003d\"border-left-width: 0px\"\u003eWork\u003c/td\u003e\u003ctd\u003e\u003ca href\u003d\"codesystem-concept-map-relationship.html#equivalent\" title\u003d\"equivalent\"\u003eis equivalent to\u003c/a\u003e\u003c/td\u003e\u003ctd style\u003d\"border-right-width: 0px\"\u003eWP\u003c/td\u003e\u003ctd style\u003d\"border-left-width: 0px\"\u003ework place\u003c/td\u003e\u003ctd/\u003e\u003c/tr\u003e\u003ctr\u003e\u003ctd style\u003d\"border-right-width: 0px\"\u003etemp\u003c/td\u003e\u003ctd style\u003d\"border-left-width: 0px\"\u003eTemporary\u003c/td\u003e\u003ctd\u003e\u003ca href\u003d\"codesystem-concept-map-relationship.html#equivalent\" title\u003d\"equivalent\"\u003eis equivalent to\u003c/a\u003e\u003c/td\u003e\u003ctd style\u003d\"border-right-width: 0px\"\u003eTMP\u003c/td\u003e\u003ctd style\u003d\"border-left-width: 0px\"\u003etemporary address\u003c/td\u003e\u003ctd/\u003e\u003c/tr\u003e\u003ctr\u003e\u003ctd style\u003d\"border-right-width: 0px; border-bottom-style: none\"\u003eold\u003c/td\u003e\u003ctd style\u003d\"border-left-width: 0px; border-bottom-style: none\"\u003eOld / Incorrect\u003c/td\u003e\u003ctd\u003e\u003ca href\u003d\"codesystem-concept-map-relationship.html#source-is-broader-than-target\" title\u003d\"source-is-broader-than-target\"\u003eis broader than\u003c/a\u003e\u003c/td\u003e\u003ctd style\u003d\"border-right-width: 0px\"\u003eOLD\u003c/td\u003e\u003ctd style\u003d\"border-left-width: 0px\"\u003eno longer in use\u003c/td\u003e\u003ctd\u003eBad or Old\u003c/td\u003e\u003c/tr\u003e\u003ctr\u003e\u003ctd style\u003d\"border-right-width: 0px; border-top-style: none\"/\u003e\u003ctd style\u003d\"border-top-style: none; border-left-width: 0px\"/\u003e\u003ctd\u003e\u003ca href\u003d\"codesystem-concept-map-relationship.html#source-is-broader-than-target\" title\u003d\"source-is-broader-than-target\"\u003eis broader than\u003c/a\u003e\u003c/td\u003e\u003ctd style\u003d\"border-right-width: 0px\"\u003eBAD\u003c/td\u003e\u003ctd style\u003d\"border-left-width: 0px\"\u003ebad address\u003c/td\u003e\u003ctd\u003eBad or Old\u003c/td\u003e\u003c/tr\u003e\u003c/table\u003e\u003c/div\u003e"
  },
  "url": "http://hl7.org/fhir/ConceptMap/cm-address-use-v3",
  "version": "5.0.0",
  "name": "v3.AddressUse",
  "title": "v3 map for AddressUse",
  "status": "draft",
  "experimental": false,
  "date": "2023-03-26T15:21:02+11:00",
  "publisher": "HL7 (FHIR Project)",
  "contact": [
    {
      "telecom": [
        {
          "system": "url",
          "value": "http://hl7.org/fhir"
        },
        {
          "system": "email",
          "value": "fhir@lists.hl7.org"
        }
      ]
    }
  ],
  "jurisdiction": [
    {
      "coding": [
        {
          "system": "http://unstats.un.org/unsd/methods/m49/m49.htm",
          "code": "001",
          "display": "World"
        }
      ]
    }
  ],
  "sourceScopeCanonical": "http://hl7.org/fhir/ValueSet/address-use",
  "targetScopeCanonical": "http://terminology.hl7.org/ValueSet/v3-AddressUse",
  "group": [
    {
      "source": "http://hl7.org/fhir/address-use",
      "target": "http://terminology.hl7.org/CodeSystem/v3-AddressUse",
      "element": [
        {
          "code": "home",
          "target": [
            {
              "code": "H",
              "relationship": "equivalent"
            }
          ]
        },
        {
          "code": "work",
          "target": [
            {
              "code": "WP",
              "relationship": "equivalent"
            }
          ]
        },
        {
          "code": "temp",
          "target": [
            {
              "code": "TMP",
              "relationship": "equivalent"
            }
          ]
        },
        {
          "code": "old",
          "target": [
            {
              "code": "OLD",
              "relationship": "source-is-broader-than-target",
              "comment": "Bad or Old"
            },
            {
              "code": "BAD",
              "relationship": "source-is-broader-than-target",
              "comment": "Bad or Old"
            }
          ]
        }
      ]
    }
  ]
}