{
  "resourceType": "CodeSystem",
  "id": "knowledge-representation-level",
  "meta": {
    "lastUpdated": "2023-03-26T15:21:02.749+11:00",
    "profile": [
      "http://hl7.org/fhir/StructureDefinition/shareablecodesystem"
    ]
  },
  "text": {
    "status": "generated",
    "div": "\u003cdiv xmlns\u003d\"http://www.w3.org/1999/xhtml\"\u003e\u003cp\u003eThis code system \u003ccode\u003ehttp://hl7.org/fhir/CodeSystem/knowledge-representation-level\u003c/code\u003e defines the following codes:\u003c/p\u003e\u003ctable class\u003d\"codes\"\u003e\u003ctr\u003e\u003ctd style\u003d\"white-space:nowrap\"\u003e\u003cb\u003eCode\u003c/b\u003e\u003c/td\u003e\u003ctd\u003e\u003cb\u003eDisplay\u003c/b\u003e\u003c/td\u003e\u003ctd\u003e\u003cb\u003eDefinition\u003c/b\u003e\u003c/td\u003e\u003c/tr\u003e\u003ctr\u003e\u003ctd style\u003d\"white-space:nowrap\"\u003enarrative\u003ca name\u003d\"knowledge-representation-level-narrative\"\u003e \u003c/a\u003e\u003c/td\u003e\u003ctd\u003eNarrative\u003c/td\u003e\u003ctd\u003eThe knowledge is expressed as narrative text, affording broad shareability, but limited computability. The knowledge is typically expressed independent of delivery method (modality), technology platform, and implementation site. Knowledge at this level is typically authored by guideline developers for a broad range of purposes including communication of policy, synthesis of evidence, and dissemination of best-practices.\u003c/td\u003e\u003c/tr\u003e\u003ctr\u003e\u003ctd style\u003d\"white-space:nowrap\"\u003esemi-structured\u003ca name\u003d\"knowledge-representation-level-semi-structured\"\u003e \u003c/a\u003e\u003c/td\u003e\u003ctd\u003eSemi-Structured\u003c/td\u003e\u003ctd\u003eThe knowledge is expressed as organized text, often accompanied by diagrams such as flow charts and decision tables, affording broad shareability and moderate computability. The knowledge is typically expressed independent of delivery method (modality), technology platform, and implementation site. Knowledge at this level is typically authored by clinical domain experts for the purpose of communication the description of recommendations for implementation in various modalities.\u003c/td\u003e\u003c/tr\u003e\u003ctr\u003e\u003ctd style\u003d\"white-space:nowrap\"\u003estructured\u003ca name\u003d\"knowledge-representation-level-structured\"\u003e \u003c/a\u003e\u003c/td\u003e\u003ctd\u003eStructured\u003c/td\u003e\u003ctd\u003eThe knowledge is expressed in a structured way that is interpretable by computer, including being coded using standard terminologies and specifications for the representation of structured content, affording broad shareability and high computability. The knowledge is typically expressed independent of delivery method (modality), technology platform, and implementation site. Knowledge at this level is typically authored by knowledge engineersto enable precise communication and validation of the recommendations.\u003c/td\u003e\u003c/tr\u003e\u003ctr\u003e\u003ctd style\u003d\"white-space:nowrap\"\u003eexecutable\u003ca name\u003d\"knowledge-representation-level-executable\"\u003e \u003c/a\u003e\u003c/td\u003e\u003ctd\u003eExecutable\u003c/td\u003e\u003ctd\u003eThe knowledge is expressed in a way that is coded and interpretable by CDS systems using a variety of formats, affording direct executability, but potentially limited shareability. The knowledge is typically expressed focusing on a specific delivery method (modality), technology platform, and implementation environment. Knowledge at this level is typically built and developed by implementers working in specific technology platforms, for the purpose of implementation at a specific site, though affordances such as computable mappings and configuration capabilities can broaden the usability of the knowledge artifact.\u003c/td\u003e\u003c/tr\u003e\u003c/table\u003e\u003c/div\u003e"
  },
  "extension": [
    {
      "url": "http://hl7.org/fhir/StructureDefinition/cqf-knowledgeCapability",
      "valueCode": "shareable"
    },
    {
      "url": "http://hl7.org/fhir/StructureDefinition/cqf-knowledgeCapability",
      "valueCode": "computable"
    },
    {
      "url": "http://hl7.org/fhir/StructureDefinition/cqf-knowledgeCapability",
      "valueCode": "publishable"
    },
    {
      "url": "http://hl7.org/fhir/StructureDefinition/cqf-knowledgeRepresentationLevel",
      "valueCode": "structured"
    }
  ],
  "url": "http://hl7.org/fhir/CodeSystem/knowledge-representation-level",
  "identifier": [
    {
      "system": "urn:ietf:rfc:3986",
      "value": "urn:oid:2.16.840.1.113883.4.642.4.1864"
    }
  ],
  "version": "5.0.0",
  "name": "KnowledgeRepresentationLevel",
  "title": "Knowledge Representation Level",
  "status": "draft",
  "experimental": false,
  "date": "2019-05-08",
  "publisher": "Health Level 7 International - Clinical Decision Support WG",
  "contact": [
    {
      "telecom": [
        {
          "system": "url",
          "value": "http://www.hl7.org/Special/committees/dss/index.cfm"
        }
      ]
    }
  ],
  "description": "A knowledge representation level, narrative, semi-structured, structured, and executable",
  "jurisdiction": [
    {
      "coding": [
        {
          "system": "http://unstats.un.org/unsd/methods/m49/m49.htm",
          "code": "001",
          "display": "World"
        }
      ]
    }
  ],
  "caseSensitive": true,
  "valueSet": "http://hl7.org/fhir/uv/cpg/ValueSet/knowledge-representation-level",
  "content": "complete",
  "concept": [
    {
      "code": "narrative",
      "display": "Narrative",
      "definition": "The knowledge is expressed as narrative text, affording broad shareability, but limited computability. The knowledge is typically expressed independent of delivery method (modality), technology platform, and implementation site. Knowledge at this level is typically authored by guideline developers for a broad range of purposes including communication of policy, synthesis of evidence, and dissemination of best-practices."
    },
    {
      "code": "semi-structured",
      "display": "Semi-Structured",
      "definition": "The knowledge is expressed as organized text, often accompanied by diagrams such as flow charts and decision tables, affording broad shareability and moderate computability. The knowledge is typically expressed independent of delivery method (modality), technology platform, and implementation site. Knowledge at this level is typically authored by clinical domain experts for the purpose of communication the description of recommendations for implementation in various modalities."
    },
    {
      "code": "structured",
      "display": "Structured",
      "definition": "The knowledge is expressed in a structured way that is interpretable by computer, including being coded using standard terminologies and specifications for the representation of structured content, affording broad shareability and high computability. The knowledge is typically expressed independent of delivery method (modality), technology platform, and implementation site. Knowledge at this level is typically authored by knowledge engineersto enable precise communication and validation of the recommendations."
    },
    {
      "code": "executable",
      "display": "Executable",
      "definition": "The knowledge is expressed in a way that is coded and interpretable by CDS systems using a variety of formats, affording direct executability, but potentially limited shareability. The knowledge is typically expressed focusing on a specific delivery method (modality), technology platform, and implementation environment. Knowledge at this level is typically built and developed by implementers working in specific technology platforms, for the purpose of implementation at a specific site, though affordances such as computable mappings and configuration capabilities can broaden the usability of the knowledge artifact."
    }
  ]
}