{
  "resourceType": "CodeSystem",
  "id": "product-intended-use",
  "meta": {
    "lastUpdated": "2023-03-26T15:21:02.749+11:00",
    "profile": [
      "http://hl7.org/fhir/StructureDefinition/shareablecodesystem"
    ]
  },
  "text": {
    "status": "generated",
    "div": "\u003cdiv xmlns\u003d\"http://www.w3.org/1999/xhtml\"\u003e\u003cp\u003eThis code system \u003ccode\u003ehttp://hl7.org/fhir/product-intended-use\u003c/code\u003e defines the following codes:\u003c/p\u003e\u003ctable class\u003d\"codes\"\u003e\u003ctr\u003e\u003ctd style\u003d\"white-space:nowrap\"\u003e\u003cb\u003eCode\u003c/b\u003e\u003c/td\u003e\u003c/tr\u003e\u003ctr\u003e\u003ctd style\u003d\"white-space:nowrap\"\u003ePrevention\u003ca name\u003d\"product-intended-use-Prevention\"\u003e \u003c/a\u003e\u003c/td\u003e\u003c/tr\u003e\u003ctr\u003e\u003ctd style\u003d\"white-space:nowrap\"\u003eTreatment\u003ca name\u003d\"product-intended-use-Treatment\"\u003e \u003c/a\u003e\u003c/td\u003e\u003c/tr\u003e\u003ctr\u003e\u003ctd style\u003d\"white-space:nowrap\"\u003eAlleviation\u003ca name\u003d\"product-intended-use-Alleviation\"\u003e \u003c/a\u003e\u003c/td\u003e\u003c/tr\u003e\u003ctr\u003e\u003ctd style\u003d\"white-space:nowrap\"\u003eDiagnosis\u003ca name\u003d\"product-intended-use-Diagnosis\"\u003e \u003c/a\u003e\u003c/td\u003e\u003c/tr\u003e\u003ctr\u003e\u003ctd style\u003d\"white-space:nowrap\"\u003eMonitoring\u003ca name\u003d\"product-intended-use-Monitoring\"\u003e \u003c/a\u003e\u003c/td\u003e\u003c/tr\u003e\u003c/table\u003e\u003c/div\u003e"
  },
  "extension": [
    {
      "url": "http://hl7.org/fhir/StructureDefinition/structuredefinition-wg",
      "valueCode": "brr"
    },
    {
      "url": "http://hl7.org/fhir/StructureDefinition/structuredefinition-standards-status",
      "valueCode": "trial-use"
    },
    {
      "url": "http://hl7.org/fhir/StructureDefinition/structuredefinition-fmm",
      "valueInteger": 1
    }
  ],
  "url": "http://hl7.org/fhir/product-intended-use",
  "identifier": [
    {
      "system": "urn:ietf:rfc:3986",
      "value": "urn:oid:2.16.840.1.113883.4.642.4.1908"
    }
  ],
  "version": "5.0.0",
  "name": "ProductIntendedUse",
  "title": "Product Intended Use",
  "status": "active",
  "experimental": false,
  "date": "2021-01-05T10:01:24+11:00",
  "publisher": "HL7 (FHIR Project)",
  "contact": [
    {
      "telecom": [
        {
          "system": "url",
          "value": "http://hl7.org/fhir"
        },
        {
          "system": "email",
          "value": "fhir@lists.hl7.org"
        }
      ]
    }
  ],
  "description": "ProductIntendedUse",
  "jurisdiction": [
    {
      "coding": [
        {
          "system": "http://unstats.un.org/unsd/methods/m49/m49.htm",
          "code": "001",
          "display": "World"
        }
      ]
    }
  ],
  "caseSensitive": true,
  "valueSet": "http://hl7.org/fhir/ValueSet/product-intended-use",
  "content": "complete",
  "concept": [
    {
      "code": "Prevention",
      "display": "Prevention"
    },
    {
      "code": "Treatment",
      "display": "Treatment"
    },
    {
      "code": "Alleviation",
      "display": "Alleviation"
    },
    {
      "code": "Diagnosis",
      "display": "Diagnosis"
    },
    {
      "code": "Monitoring",
      "display": "Monitoring"
    }
  ]
}