{
  "resourceType": "CodeSystem",
  "id": "imagingstudy-status",
  "meta": {
    "lastUpdated": "2023-03-26T15:21:02.749+11:00",
    "profile": [
      "http://hl7.org/fhir/StructureDefinition/shareablecodesystem"
    ]
  },
  "text": {
    "status": "generated",
    "div": "\u003cdiv xmlns\u003d\"http://www.w3.org/1999/xhtml\"\u003e\u003cp\u003eThis code system \u003ccode\u003ehttp://hl7.org/fhir/imagingstudy-status\u003c/code\u003e defines the following codes:\u003c/p\u003e\u003ctable class\u003d\"codes\"\u003e\u003ctr\u003e\u003ctd style\u003d\"white-space:nowrap\"\u003e\u003cb\u003eCode\u003c/b\u003e\u003c/td\u003e\u003ctd\u003e\u003cb\u003eDisplay\u003c/b\u003e\u003c/td\u003e\u003ctd\u003e\u003cb\u003eDefinition\u003c/b\u003e\u003c/td\u003e\u003c/tr\u003e\u003ctr\u003e\u003ctd style\u003d\"white-space:nowrap\"\u003eregistered\u003ca name\u003d\"imagingstudy-status-registered\"\u003e \u003c/a\u003e\u003c/td\u003e\u003ctd\u003eRegistered\u003c/td\u003e\u003ctd\u003eThe existence of the imaging study is registered, but there is nothing yet available.\u003c/td\u003e\u003c/tr\u003e\u003ctr\u003e\u003ctd style\u003d\"white-space:nowrap\"\u003eavailable\u003ca name\u003d\"imagingstudy-status-available\"\u003e \u003c/a\u003e\u003c/td\u003e\u003ctd\u003eAvailable\u003c/td\u003e\u003ctd\u003eAt least one instance has been associated with this imaging study.\u003c/td\u003e\u003c/tr\u003e\u003ctr\u003e\u003ctd style\u003d\"white-space:nowrap\"\u003ecancelled\u003ca name\u003d\"imagingstudy-status-cancelled\"\u003e \u003c/a\u003e\u003c/td\u003e\u003ctd\u003eCancelled\u003c/td\u003e\u003ctd\u003eThe imaging study is unavailable because the imaging study was not started or not completed (also sometimes called \u0026quot;aborted\u0026quot;).\u003c/td\u003e\u003c/tr\u003e\u003ctr\u003e\u003ctd style\u003d\"white-space:nowrap\"\u003eentered-in-error\u003ca name\u003d\"imagingstudy-status-entered-in-error\"\u003e \u003c/a\u003e\u003c/td\u003e\u003ctd\u003eEntered in Error\u003c/td\u003e\u003ctd\u003eThe imaging study has been withdrawn following a previous final release.  This electronic record should never have existed, though it is possible that real-world decisions were based on it. (If real-world activity has occurred, the status should be \u0026quot;cancelled\u0026quot; rather than \u0026quot;entered-in-error\u0026quot;.).\u003c/td\u003e\u003c/tr\u003e\u003ctr\u003e\u003ctd style\u003d\"white-space:nowrap\"\u003eunknown\u003ca name\u003d\"imagingstudy-status-unknown\"\u003e \u003c/a\u003e\u003c/td\u003e\u003ctd\u003eUnknown\u003c/td\u003e\u003ctd\u003eThe system does not know which of the status values currently applies for this request. Note: This concept is not to be used for \u0026quot;other\u0026quot; - one of the listed statuses is presumed to apply, it\u0027s just not known which one.\u003c/td\u003e\u003c/tr\u003e\u003c/table\u003e\u003c/div\u003e"
  },
  "extension": [
    {
      "url": "http://hl7.org/fhir/StructureDefinition/structuredefinition-wg",
      "valueCode": "ii"
    },
    {
      "url": "http://hl7.org/fhir/StructureDefinition/structuredefinition-standards-status",
      "valueCode": "trial-use"
    },
    {
      "url": "http://hl7.org/fhir/StructureDefinition/structuredefinition-fmm",
      "valueInteger": 4
    }
  ],
  "url": "http://hl7.org/fhir/imagingstudy-status",
  "identifier": [
    {
      "system": "urn:ietf:rfc:3986",
      "value": "urn:oid:2.16.840.1.113883.4.642.4.991"
    }
  ],
  "version": "5.0.0",
  "name": "ImagingStudyStatus",
  "title": "Imaging Study Status",
  "status": "active",
  "experimental": false,
  "date": "2021-01-05T10:01:24+11:00",
  "publisher": "HL7 (FHIR Project)",
  "contact": [
    {
      "telecom": [
        {
          "system": "url",
          "value": "http://hl7.org/fhir"
        },
        {
          "system": "email",
          "value": "fhir@lists.hl7.org"
        }
      ]
    }
  ],
  "description": "The status of the ImagingStudy.",
  "jurisdiction": [
    {
      "coding": [
        {
          "system": "http://unstats.un.org/unsd/methods/m49/m49.htm",
          "code": "001",
          "display": "World"
        }
      ]
    }
  ],
  "caseSensitive": true,
  "valueSet": "http://hl7.org/fhir/ValueSet/imagingstudy-status",
  "content": "complete",
  "concept": [
    {
      "code": "registered",
      "display": "Registered",
      "definition": "The existence of the imaging study is registered, but there is nothing yet available."
    },
    {
      "code": "available",
      "display": "Available",
      "definition": "At least one instance has been associated with this imaging study."
    },
    {
      "code": "cancelled",
      "display": "Cancelled",
      "definition": "The imaging study is unavailable because the imaging study was not started or not completed (also sometimes called \"aborted\")."
    },
    {
      "code": "entered-in-error",
      "display": "Entered in Error",
      "definition": "The imaging study has been withdrawn following a previous final release.  This electronic record should never have existed, though it is possible that real-world decisions were based on it. (If real-world activity has occurred, the status should be \"cancelled\" rather than \"entered-in-error\".)."
    },
    {
      "code": "unknown",
      "display": "Unknown",
      "definition": "The system does not know which of the status values currently applies for this request. Note: This concept is not to be used for \"other\" - one of the listed statuses is presumed to apply, it\u0027s just not known which one."
    }
  ]
}