{
  "resourceType": "CodeSystem",
  "id": "devicedefinition-relationtype",
  "meta": {
    "lastUpdated": "2023-03-26T15:21:02.749+11:00",
    "profile": [
      "http://hl7.org/fhir/StructureDefinition/shareablecodesystem"
    ]
  },
  "text": {
    "status": "generated",
    "div": "\u003cdiv xmlns\u003d\"http://www.w3.org/1999/xhtml\"\u003e\u003cp\u003eThis code system \u003ccode\u003ehttp://hl7.org/fhir/devicedefinition-relationtype\u003c/code\u003e defines the following codes:\u003c/p\u003e\u003ctable class\u003d\"codes\"\u003e\u003ctr\u003e\u003ctd style\u003d\"white-space:nowrap\"\u003e\u003cb\u003eCode\u003c/b\u003e\u003c/td\u003e\u003ctd\u003e\u003cb\u003eDisplay\u003c/b\u003e\u003c/td\u003e\u003ctd\u003e\u003cb\u003eDefinition\u003c/b\u003e\u003c/td\u003e\u003c/tr\u003e\u003ctr\u003e\u003ctd style\u003d\"white-space:nowrap\"\u003egateway\u003ca name\u003d\"devicedefinition-relationtype-gateway\"\u003e \u003c/a\u003e\u003c/td\u003e\u003ctd\u003eGateway\u003c/td\u003e\u003ctd\u003eGateway.\u003c/td\u003e\u003c/tr\u003e\u003ctr\u003e\u003ctd style\u003d\"white-space:nowrap\"\u003ereplaces\u003ca name\u003d\"devicedefinition-relationtype-replaces\"\u003e \u003c/a\u003e\u003c/td\u003e\u003ctd\u003eReplaces\u003c/td\u003e\u003ctd\u003eThe current device replaces the linked device.\u003c/td\u003e\u003c/tr\u003e\u003ctr\u003e\u003ctd style\u003d\"white-space:nowrap\"\u003eprevious\u003ca name\u003d\"devicedefinition-relationtype-previous\"\u003e \u003c/a\u003e\u003c/td\u003e\u003ctd\u003ePrevious\u003c/td\u003e\u003ctd\u003eThe current device is a previous device and has been replaced by the linked device.\u003c/td\u003e\u003c/tr\u003e\u003c/table\u003e\u003c/div\u003e"
  },
  "extension": [
    {
      "url": "http://hl7.org/fhir/StructureDefinition/structuredefinition-wg",
      "valueCode": "oo"
    },
    {
      "url": "http://hl7.org/fhir/StructureDefinition/structuredefinition-standards-status",
      "valueCode": "trial-use"
    },
    {
      "url": "http://hl7.org/fhir/StructureDefinition/structuredefinition-fmm",
      "valueInteger": 0
    }
  ],
  "url": "http://hl7.org/fhir/devicedefinition-relationtype",
  "identifier": [
    {
      "system": "urn:ietf:rfc:3986",
      "value": "urn:oid:2.16.840.1.113883.4.642.4.1933"
    }
  ],
  "version": "5.0.0",
  "name": "DeviceDefinitionRelationType",
  "title": "Device Definition Relation Type",
  "status": "active",
  "experimental": false,
  "date": "2021-01-05T10:01:24+11:00",
  "publisher": "HL7 (FHIR Project)",
  "contact": [
    {
      "telecom": [
        {
          "system": "url",
          "value": "http://hl7.org/fhir"
        },
        {
          "system": "email",
          "value": "fhir@lists.hl7.org"
        }
      ]
    }
  ],
  "description": "The type of relation between devices.",
  "jurisdiction": [
    {
      "coding": [
        {
          "system": "http://unstats.un.org/unsd/methods/m49/m49.htm",
          "code": "001",
          "display": "World"
        }
      ]
    }
  ],
  "caseSensitive": true,
  "valueSet": "http://hl7.org/fhir/ValueSet/device-relationtype",
  "content": "complete",
  "concept": [
    {
      "code": "gateway",
      "display": "Gateway",
      "definition": "Gateway."
    },
    {
      "code": "replaces",
      "display": "Replaces",
      "definition": "The current device replaces the linked device."
    },
    {
      "code": "previous",
      "display": "Previous",
      "definition": "The current device is a previous device and has been replaced by the linked device."
    }
  ]
}