{
  "resourceType": "CodeSystem",
  "id": "transport-status-reason",
  "meta": {
    "lastUpdated": "2023-03-26T15:21:02.749+11:00",
    "profile": [
      "http://hl7.org/fhir/StructureDefinition/shareablecodesystem"
    ]
  },
  "text": {
    "status": "generated",
    "div": "\u003cdiv xmlns\u003d\"http://www.w3.org/1999/xhtml\"\u003e\u003cp\u003eThis code system \u003ccode\u003ehttp://hl7.org/fhir/transport-status-reason\u003c/code\u003e defines the following codes:\u003c/p\u003e\u003ctable class\u003d\"codes\"\u003e\u003ctr\u003e\u003ctd style\u003d\"white-space:nowrap\"\u003e\u003cb\u003eCode\u003c/b\u003e\u003c/td\u003e\u003ctd\u003e\u003cb\u003eDisplay\u003c/b\u003e\u003c/td\u003e\u003ctd\u003e\u003cb\u003eDefinition\u003c/b\u003e\u003c/td\u003e\u003c/tr\u003e\u003ctr\u003e\u003ctd style\u003d\"white-space:nowrap\"\u003edeclined-by-patient\u003ca name\u003d\"transport-status-reason-declined-by-patient\"\u003e \u003c/a\u003e\u003c/td\u003e\u003ctd\u003eDeclined by patient\u003c/td\u003e\u003ctd\u003ePatient declined transport.\u003c/td\u003e\u003c/tr\u003e\u003ctr\u003e\u003ctd style\u003d\"white-space:nowrap\"\u003erefused-by-recipient\u003ca name\u003d\"transport-status-reason-refused-by-recipient\"\u003e \u003c/a\u003e\u003c/td\u003e\u003ctd\u003eRefused by recipient\u003c/td\u003e\u003ctd\u003eTransport was refused by recipient.\u003c/td\u003e\u003c/tr\u003e\u003ctr\u003e\u003ctd style\u003d\"white-space:nowrap\"\u003epatient-not-available\u003ca name\u003d\"transport-status-reason-patient-not-available\"\u003e \u003c/a\u003e\u003c/td\u003e\u003ctd\u003ePatient not available\u003c/td\u003e\u003ctd\u003eThe patient was not available for transport.\u003c/td\u003e\u003c/tr\u003e\u003ctr\u003e\u003ctd style\u003d\"white-space:nowrap\"\u003especimen-not-available\u003ca name\u003d\"transport-status-reason-specimen-not-available\"\u003e \u003c/a\u003e\u003c/td\u003e\u003ctd\u003eSpecimen not available\u003c/td\u003e\u003ctd\u003eThe specimen was not available for transport.\u003c/td\u003e\u003c/tr\u003e\u003ctr\u003e\u003ctd style\u003d\"white-space:nowrap\"\u003ewrong-request-data\u003ca name\u003d\"transport-status-reason-wrong-request-data\"\u003e \u003c/a\u003e\u003c/td\u003e\u003ctd\u003eWrong request data\u003c/td\u003e\u003ctd\u003eWrong data in the transport request.\u003c/td\u003e\u003c/tr\u003e\u003ctr\u003e\u003ctd style\u003d\"white-space:nowrap\"\u003ein-route-accident\u003ca name\u003d\"transport-status-reason-in-route-accident\"\u003e \u003c/a\u003e\u003c/td\u003e\u003ctd\u003eIn route accident\u003c/td\u003e\u003ctd\u003eAn accident has occurred in route.\u003c/td\u003e\u003c/tr\u003e\u003ctr\u003e\u003ctd style\u003d\"white-space:nowrap\"\u003erequest-not-acknowledged\u003ca name\u003d\"transport-status-reason-request-not-acknowledged\"\u003e \u003c/a\u003e\u003c/td\u003e\u003ctd\u003eRequest not acknowledged\u003c/td\u003e\u003ctd\u003eThe transport request was not acknowledged.\u003c/td\u003e\u003c/tr\u003e\u003c/table\u003e\u003c/div\u003e"
  },
  "extension": [
    {
      "url": "http://hl7.org/fhir/StructureDefinition/structuredefinition-wg",
      "valueCode": "oo"
    },
    {
      "url": "http://hl7.org/fhir/StructureDefinition/structuredefinition-standards-status",
      "valueCode": "trial-use"
    },
    {
      "url": "http://hl7.org/fhir/StructureDefinition/structuredefinition-fmm",
      "valueInteger": 1
    }
  ],
  "url": "http://hl7.org/fhir/transport-status-reason",
  "identifier": [
    {
      "system": "urn:ietf:rfc:3986",
      "value": "urn:oid:2.16.840.1.113883.4.642.4.1930"
    }
  ],
  "version": "5.0.0",
  "name": "TransportStatus",
  "title": "Transport Status",
  "status": "active",
  "experimental": false,
  "date": "2021-01-05T10:01:24+11:00",
  "publisher": "HL7 (FHIR Project)",
  "contact": [
    {
      "telecom": [
        {
          "system": "url",
          "value": "http://hl7.org/fhir"
        },
        {
          "system": "email",
          "value": "fhir@lists.hl7.org"
        }
      ]
    }
  ],
  "description": "Status of transport.",
  "jurisdiction": [
    {
      "coding": [
        {
          "system": "http://unstats.un.org/unsd/methods/m49/m49.htm",
          "code": "001",
          "display": "World"
        }
      ]
    }
  ],
  "caseSensitive": true,
  "valueSet": "http://hl7.org/fhir/ValueSet/transport-status-reason",
  "content": "complete",
  "concept": [
    {
      "code": "declined-by-patient",
      "display": "Declined by patient",
      "definition": "Patient declined transport."
    },
    {
      "code": "refused-by-recipient",
      "display": "Refused by recipient",
      "definition": "Transport was refused by recipient."
    },
    {
      "code": "patient-not-available",
      "display": "Patient not available",
      "definition": "The patient was not available for transport."
    },
    {
      "code": "specimen-not-available",
      "display": "Specimen not available",
      "definition": "The specimen was not available for transport."
    },
    {
      "code": "wrong-request-data",
      "display": "Wrong request data",
      "definition": "Wrong data in the transport request."
    },
    {
      "code": "in-route-accident",
      "display": "In route accident",
      "definition": "An accident has occurred in route."
    },
    {
      "code": "request-not-acknowledged",
      "display": "Request not acknowledged",
      "definition": "The transport request was not acknowledged."
    }
  ]
}