{
  "resourceType": "CodeSystem",
  "id": "inventoryitem-nametype",
  "meta": {
    "lastUpdated": "2023-03-26T15:21:02.749+11:00",
    "profile": [
      "http://hl7.org/fhir/StructureDefinition/shareablecodesystem"
    ]
  },
  "text": {
    "status": "generated",
    "div": "\u003cdiv xmlns\u003d\"http://www.w3.org/1999/xhtml\"\u003e\u003cp\u003eThis code system \u003ccode\u003ehttp://hl7.org/fhir/inventoryitem-nametype\u003c/code\u003e defines the following codes:\u003c/p\u003e\u003ctable class\u003d\"codes\"\u003e\u003ctr\u003e\u003ctd style\u003d\"white-space:nowrap\"\u003e\u003cb\u003eCode\u003c/b\u003e\u003c/td\u003e\u003ctd\u003e\u003cb\u003eDisplay\u003c/b\u003e\u003c/td\u003e\u003ctd\u003e\u003cb\u003eDefinition\u003c/b\u003e\u003c/td\u003e\u003c/tr\u003e\u003ctr\u003e\u003ctd style\u003d\"white-space:nowrap\"\u003etrade-name\u003ca name\u003d\"inventoryitem-nametype-trade-name\"\u003e \u003c/a\u003e\u003c/td\u003e\u003ctd\u003eTrade Name\u003c/td\u003e\u003ctd\u003eThe official trade name of the item.\u003c/td\u003e\u003c/tr\u003e\u003ctr\u003e\u003ctd style\u003d\"white-space:nowrap\"\u003ealias\u003ca name\u003d\"inventoryitem-nametype-alias\"\u003e \u003c/a\u003e\u003c/td\u003e\u003ctd\u003eAlias\u003c/td\u003e\u003ctd\u003eAn alias or common name for the item.\u003c/td\u003e\u003c/tr\u003e\u003ctr\u003e\u003ctd style\u003d\"white-space:nowrap\"\u003eoriginal-name\u003ca name\u003d\"inventoryitem-nametype-original-name\"\u003e \u003c/a\u003e\u003c/td\u003e\u003ctd\u003eOriginal Name\u003c/td\u003e\u003ctd\u003eThe original name of the item.\u003c/td\u003e\u003c/tr\u003e\u003ctr\u003e\u003ctd style\u003d\"white-space:nowrap\"\u003epreferred\u003ca name\u003d\"inventoryitem-nametype-preferred\"\u003e \u003c/a\u003e\u003c/td\u003e\u003ctd\u003ePreferred\u003c/td\u003e\u003ctd\u003eThe preferred name of the item.\u003c/td\u003e\u003c/tr\u003e\u003c/table\u003e\u003c/div\u003e"
  },
  "extension": [
    {
      "url": "http://hl7.org/fhir/StructureDefinition/structuredefinition-wg",
      "valueCode": "oo"
    }
  ],
  "url": "http://hl7.org/fhir/inventoryitem-nametype",
  "version": "5.0.0",
  "name": "InventoryItemNameType",
  "title": "InventoryItem Name Type",
  "status": "active",
  "experimental": false,
  "publisher": "HL7 International",
  "description": "InventoryItem Name Type",
  "jurisdiction": [
    {
      "coding": [
        {
          "system": "http://unstats.un.org/unsd/methods/m49/m49.htm",
          "code": "001",
          "display": "World"
        }
      ]
    }
  ],
  "caseSensitive": true,
  "valueSet": "http://hl7.org/fhir/ValueSet/inventoryitem-nametype",
  "content": "complete",
  "concept": [
    {
      "code": "trade-name",
      "display": "Trade Name",
      "definition": "The official trade name of the item."
    },
    {
      "code": "alias",
      "display": "Alias",
      "definition": "An alias or common name for the item."
    },
    {
      "code": "original-name",
      "display": "Original Name",
      "definition": "The original name of the item."
    },
    {
      "code": "preferred",
      "display": "Preferred",
      "definition": "The preferred name of the item."
    }
  ]
}