{
  "resourceType": "CodeSystem",
  "id": "endpoint-environment",
  "meta": {
    "lastUpdated": "2023-03-26T15:21:02.749+11:00",
    "profile": [
      "http://hl7.org/fhir/StructureDefinition/shareablecodesystem"
    ]
  },
  "text": {
    "status": "generated",
    "div": "\u003cdiv xmlns\u003d\"http://www.w3.org/1999/xhtml\"\u003e\u003cp\u003eThis code system \u003ccode\u003ehttp://hl7.org/fhir/endpoint-environment\u003c/code\u003e defines the following codes:\u003c/p\u003e\u003ctable class\u003d\"codes\"\u003e\u003ctr\u003e\u003ctd style\u003d\"white-space:nowrap\"\u003e\u003cb\u003eCode\u003c/b\u003e\u003c/td\u003e\u003ctd\u003e\u003cb\u003eDisplay\u003c/b\u003e\u003c/td\u003e\u003ctd\u003e\u003cb\u003eDefinition\u003c/b\u003e\u003c/td\u003e\u003c/tr\u003e\u003ctr\u003e\u003ctd style\u003d\"white-space:nowrap\"\u003eprod\u003ca name\u003d\"endpoint-environment-prod\"\u003e \u003c/a\u003e\u003c/td\u003e\u003ctd\u003eProduction\u003c/td\u003e\u003ctd\u003eProduction environment and is expected to contain real data and should be protected appropriately\u003c/td\u003e\u003c/tr\u003e\u003ctr\u003e\u003ctd style\u003d\"white-space:nowrap\"\u003estaging\u003ca name\u003d\"endpoint-environment-staging\"\u003e \u003c/a\u003e\u003c/td\u003e\u003ctd\u003eStaging\u003c/td\u003e\u003ctd\u003eStaging environment typically used while preparing for a release to production\u003c/td\u003e\u003c/tr\u003e\u003ctr\u003e\u003ctd style\u003d\"white-space:nowrap\"\u003edev\u003ca name\u003d\"endpoint-environment-dev\"\u003e \u003c/a\u003e\u003c/td\u003e\u003ctd\u003eDevelopment\u003c/td\u003e\u003ctd\u003eDevelopment environment used while building systems\u003c/td\u003e\u003c/tr\u003e\u003ctr\u003e\u003ctd style\u003d\"white-space:nowrap\"\u003etest\u003ca name\u003d\"endpoint-environment-test\"\u003e \u003c/a\u003e\u003c/td\u003e\u003ctd\u003eTest\u003c/td\u003e\u003ctd\u003eTest environment, it is not intended for production usage.\u003c/td\u003e\u003c/tr\u003e\u003ctr\u003e\u003ctd style\u003d\"white-space:nowrap\"\u003etrain\u003ca name\u003d\"endpoint-environment-train\"\u003e \u003c/a\u003e\u003c/td\u003e\u003ctd\u003eTraining\u003c/td\u003e\u003ctd\u003eTraining environment, it is not intended for production usage and typically contains data specifically prepared for training usage.\u003c/td\u003e\u003c/tr\u003e\u003c/table\u003e\u003c/div\u003e"
  },
  "extension": [
    {
      "url": "http://hl7.org/fhir/StructureDefinition/structuredefinition-wg",
      "valueCode": "pa"
    },
    {
      "url": "http://hl7.org/fhir/StructureDefinition/structuredefinition-standards-status",
      "valueCode": "trial-use"
    },
    {
      "url": "http://hl7.org/fhir/StructureDefinition/structuredefinition-fmm",
      "valueInteger": 0
    }
  ],
  "url": "http://hl7.org/fhir/endpoint-environment",
  "identifier": [
    {
      "system": "urn:ietf:rfc:3986",
      "value": "urn:oid:2.16.840.1.113883.4.642.4.2041"
    }
  ],
  "version": "5.0.0",
  "name": "EndpointEnvironment",
  "title": "Endpoint Environment",
  "status": "active",
  "experimental": false,
  "date": "2021-01-05T10:01:24+11:00",
  "publisher": "HL7 (FHIR Project)",
  "description": "The environment type of the endpoint.",
  "jurisdiction": [
    {
      "coding": [
        {
          "system": "http://unstats.un.org/unsd/methods/m49/m49.htm",
          "code": "001",
          "display": "World"
        }
      ]
    }
  ],
  "caseSensitive": true,
  "valueSet": "http://hl7.org/fhir/ValueSet/endpoint-environment",
  "content": "complete",
  "concept": [
    {
      "code": "prod",
      "display": "Production",
      "definition": "Production environment and is expected to contain real data and should be protected appropriately"
    },
    {
      "code": "staging",
      "display": "Staging",
      "definition": "Staging environment typically used while preparing for a release to production"
    },
    {
      "code": "dev",
      "display": "Development",
      "definition": "Development environment used while building systems"
    },
    {
      "code": "test",
      "display": "Test",
      "definition": "Test environment, it is not intended for production usage."
    },
    {
      "code": "train",
      "display": "Training",
      "definition": "Training environment, it is not intended for production usage and typically contains data specifically prepared for training usage."
    }
  ]
}