{
  "resourceType": "CodeSystem",
  "id": "medication-cost-category",
  "meta": {
    "lastUpdated": "2023-03-26T15:21:02.749+11:00",
    "profile": [
      "http://hl7.org/fhir/StructureDefinition/shareablecodesystem"
    ]
  },
  "text": {
    "status": "generated",
    "div": "\u003cdiv xmlns\u003d\"http://www.w3.org/1999/xhtml\"\u003e\u003cp\u003eThis code system \u003ccode\u003ehttp://hl7.org/fhir/medication-cost-category\u003c/code\u003e defines the following codes:\u003c/p\u003e\u003ctable class\u003d\"codes\"\u003e\u003ctr\u003e\u003ctd style\u003d\"white-space:nowrap\"\u003e\u003cb\u003eCode\u003c/b\u003e\u003c/td\u003e\u003ctd\u003e\u003cb\u003eDisplay\u003c/b\u003e\u003c/td\u003e\u003ctd\u003e\u003cb\u003eDefinition\u003c/b\u003e\u003c/td\u003e\u003c/tr\u003e\u003ctr\u003e\u003ctd style\u003d\"white-space:nowrap\"\u003ebanda\u003ca name\u003d\"medication-cost-category-banda\"\u003e \u003c/a\u003e\u003c/td\u003e\u003ctd\u003eBand A\u003c/td\u003e\u003ctd\u003eTier A cost for this medication\u003c/td\u003e\u003c/tr\u003e\u003ctr\u003e\u003ctd style\u003d\"white-space:nowrap\"\u003ebandb\u003ca name\u003d\"medication-cost-category-bandb\"\u003e \u003c/a\u003e\u003c/td\u003e\u003ctd\u003eBand B\u003c/td\u003e\u003ctd\u003eTier B cost for this medication\u003c/td\u003e\u003c/tr\u003e\u003c/table\u003e\u003c/div\u003e"
  },
  "extension": [
    {
      "url": "http://hl7.org/fhir/StructureDefinition/structuredefinition-wg",
      "valueCode": "phx"
    }
  ],
  "url": "http://hl7.org/fhir/medication-cost-category",
  "identifier": [
    {
      "system": "urn:ietf:rfc:3986",
      "value": "urn:oid:2.16.840.1.113883.4.642.4.2068"
    }
  ],
  "version": "5.0.0",
  "name": "MedicationCostCategoryCodes",
  "title": "Medication Cost Category Codes",
  "status": "active",
  "experimental": false,
  "publisher": "HL7 International",
  "description": "Medication Cost Category Codes",
  "jurisdiction": [
    {
      "coding": [
        {
          "system": "http://unstats.un.org/unsd/methods/m49/m49.htm",
          "code": "001",
          "display": "World"
        }
      ]
    }
  ],
  "caseSensitive": true,
  "valueSet": "http://hl7.org/fhir/ValueSet/medication-cost-category",
  "content": "complete",
  "concept": [
    {
      "code": "banda",
      "display": "Band A",
      "definition": "Tier A cost for this medication"
    },
    {
      "code": "bandb",
      "display": "Band B",
      "definition": "Tier B cost for this medication"
    }
  ]
}