{
  "resourceType": "CodeSystem",
  "id": "additional-binding-purpose",
  "meta": {
    "lastUpdated": "2023-03-26T15:21:02.749+11:00",
    "profile": [
      "http://hl7.org/fhir/StructureDefinition/shareablecodesystem"
    ]
  },
  "text": {
    "status": "generated",
    "div": "\u003cdiv xmlns\u003d\"http://www.w3.org/1999/xhtml\"\u003e\u003cp\u003eThis code system \u003ccode\u003ehttp://hl7.org/fhir/CodeSystem/additional-binding-purpose\u003c/code\u003e defines the following codes:\u003c/p\u003e\u003ctable class\u003d\"codes\"\u003e\u003ctr\u003e\u003ctd style\u003d\"white-space:nowrap\"\u003e\u003cb\u003eCode\u003c/b\u003e\u003c/td\u003e\u003ctd\u003e\u003cb\u003eDisplay\u003c/b\u003e\u003c/td\u003e\u003ctd\u003e\u003cb\u003eDefinition\u003c/b\u003e\u003c/td\u003e\u003c/tr\u003e\u003ctr\u003e\u003ctd style\u003d\"white-space:nowrap\"\u003emaximum\u003ca name\u003d\"additional-binding-purpose-maximum\"\u003e \u003c/a\u003e\u003c/td\u003e\u003ctd\u003eMaximum Binding\u003c/td\u003e\u003ctd\u003eA required binding, for use when the binding strength is \u0027extensible\u0027 or \u0027preferred\u0027\u003c/td\u003e\u003c/tr\u003e\u003ctr\u003e\u003ctd style\u003d\"white-space:nowrap\"\u003eminimum\u003ca name\u003d\"additional-binding-purpose-minimum\"\u003e \u003c/a\u003e\u003c/td\u003e\u003ctd\u003eMinimum Binding\u003c/td\u003e\u003ctd\u003eThe minimum allowable value set - any conformant system SHALL support all these codes\u003c/td\u003e\u003c/tr\u003e\u003ctr\u003e\u003ctd style\u003d\"white-space:nowrap\"\u003erequired\u003ca name\u003d\"additional-binding-purpose-required\"\u003e \u003c/a\u003e\u003c/td\u003e\u003ctd\u003eRequired Binding\u003c/td\u003e\u003ctd\u003eThis value set is used as a required binding (in addition to the base binding (not a replacement), usually in a particular usage context)\u003c/td\u003e\u003c/tr\u003e\u003ctr\u003e\u003ctd style\u003d\"white-space:nowrap\"\u003eextensible\u003ca name\u003d\"additional-binding-purpose-extensible\"\u003e \u003c/a\u003e\u003c/td\u003e\u003ctd\u003eConformance Binding\u003c/td\u003e\u003ctd\u003eThis value set is used as an extensible binding (in addition to the base binding (not a replacement), usually in a particular usage context)\u003c/td\u003e\u003c/tr\u003e\u003ctr\u003e\u003ctd style\u003d\"white-space:nowrap\"\u003ecandidate\u003ca name\u003d\"additional-binding-purpose-candidate\"\u003e \u003c/a\u003e\u003c/td\u003e\u003ctd\u003eCandidate Binding\u003c/td\u003e\u003ctd\u003eThis value set is a candidate to substitute for the overall conformance value set in some situations; usually these are defined in the documentation\u003c/td\u003e\u003c/tr\u003e\u003ctr\u003e\u003ctd style\u003d\"white-space:nowrap\"\u003ecurrent\u003ca name\u003d\"additional-binding-purpose-current\"\u003e \u003c/a\u003e\u003c/td\u003e\u003ctd\u003eCurrent Binding\u003c/td\u003e\u003ctd\u003eNew records are required to use this value set, but legacy records may use other codes. The definition of \u0027new record\u0027 is difficult, since systems often create new records based on pre-existing data. Usually \u0027current\u0027 bindings are mandated by an external authority that makes clear rules around this\u003c/td\u003e\u003c/tr\u003e\u003ctr\u003e\u003ctd style\u003d\"white-space:nowrap\"\u003epreferred\u003ca name\u003d\"additional-binding-purpose-preferred\"\u003e \u003c/a\u003e\u003c/td\u003e\u003ctd\u003ePreferred Binding\u003c/td\u003e\u003ctd\u003eThis is the value set that is preferred in a given context (documentation should explain why)\u003c/td\u003e\u003c/tr\u003e\u003ctr\u003e\u003ctd style\u003d\"white-space:nowrap\"\u003eui\u003ca name\u003d\"additional-binding-purpose-ui\"\u003e \u003c/a\u003e\u003c/td\u003e\u003ctd\u003eUI Suggested Binding\u003c/td\u003e\u003ctd\u003eThis value set is provided for user look up in a given context. Typically, these valuesets only include a subset of codes relevant for input in a context\u003c/td\u003e\u003c/tr\u003e\u003ctr\u003e\u003ctd style\u003d\"white-space:nowrap\"\u003estarter\u003ca name\u003d\"additional-binding-purpose-starter\"\u003e \u003c/a\u003e\u003c/td\u003e\u003ctd\u003eStarter Binding\u003c/td\u003e\u003ctd\u003eThis value set is a good set of codes to start with when designing your system\u003c/td\u003e\u003c/tr\u003e\u003ctr\u003e\u003ctd style\u003d\"white-space:nowrap\"\u003ecomponent\u003ca name\u003d\"additional-binding-purpose-component\"\u003e \u003c/a\u003e\u003c/td\u003e\u003ctd\u003eComponent Binding\u003c/td\u003e\u003ctd\u003eThis value set is a component of the base value set. Usually this is called out so that documentation can be written about a portion of the value set\u003c/td\u003e\u003c/tr\u003e\u003c/table\u003e\u003c/div\u003e"
  },
  "extension": [
    {
      "url": "http://hl7.org/fhir/StructureDefinition/structuredefinition-standards-status",
      "valueCode": "trial-use"
    },
    {
      "url": "http://hl7.org/fhir/StructureDefinition/structuredefinition-wg",
      "valueCode": "fhir"
    },
    {
      "url": "http://hl7.org/fhir/StructureDefinition/structuredefinition-fmm",
      "valueInteger": 5
    }
  ],
  "url": "http://hl7.org/fhir/CodeSystem/additional-binding-purpose",
  "version": "5.0.0",
  "name": "AdditionalBindingPurposeCodes",
  "title": "Additional Binding Purpose Codes",
  "status": "active",
  "experimental": true,
  "description": "Additional Binding Purpose",
  "jurisdiction": [
    {
      "coding": [
        {
          "system": "http://unstats.un.org/unsd/methods/m49/m49.htm",
          "code": "001"
        }
      ]
    }
  ],
  "caseSensitive": true,
  "valueSet": "http://hl7.org/fhir/ValueSet/additional-binding-purpose",
  "content": "complete",
  "concept": [
    {
      "code": "maximum",
      "display": "Maximum Binding",
      "definition": "A required binding, for use when the binding strength is \u0027extensible\u0027 or \u0027preferred\u0027"
    },
    {
      "code": "minimum",
      "display": "Minimum Binding",
      "definition": "The minimum allowable value set - any conformant system SHALL support all these codes"
    },
    {
      "code": "required",
      "display": "Required Binding",
      "definition": "This value set is used as a required binding (in addition to the base binding (not a replacement), usually in a particular usage context)"
    },
    {
      "code": "extensible",
      "display": "Conformance Binding",
      "definition": "This value set is used as an extensible binding (in addition to the base binding (not a replacement), usually in a particular usage context)"
    },
    {
      "code": "candidate",
      "display": "Candidate Binding",
      "definition": "This value set is a candidate to substitute for the overall conformance value set in some situations; usually these are defined in the documentation"
    },
    {
      "code": "current",
      "display": "Current Binding",
      "definition": "New records are required to use this value set, but legacy records may use other codes. The definition of \u0027new record\u0027 is difficult, since systems often create new records based on pre-existing data. Usually \u0027current\u0027 bindings are mandated by an external authority that makes clear rules around this"
    },
    {
      "code": "preferred",
      "display": "Preferred Binding",
      "definition": "This is the value set that is preferred in a given context (documentation should explain why)"
    },
    {
      "code": "ui",
      "display": "UI Suggested Binding",
      "definition": "This value set is provided for user look up in a given context. Typically, these valuesets only include a subset of codes relevant for input in a context"
    },
    {
      "code": "starter",
      "display": "Starter Binding",
      "definition": "This value set is a good set of codes to start with when designing your system"
    },
    {
      "code": "component",
      "display": "Component Binding",
      "definition": "This value set is a component of the base value set. Usually this is called out so that documentation can be written about a portion of the value set"
    }
  ]
}