{
  "resourceType": "CodeSystem",
  "id": "datestype",
  "meta": {
    "lastUpdated": "2023-03-26T15:21:02.749+11:00",
    "profile": [
      "http://hl7.org/fhir/StructureDefinition/shareablecodesystem"
    ]
  },
  "text": {
    "status": "generated",
    "div": "\u003cdiv xmlns\u003d\"http://www.w3.org/1999/xhtml\"\u003e\u003cp\u003eThis code system \u003ccode\u003ehttp://hl7.org/fhir/datestype\u003c/code\u003e defines the following codes:\u003c/p\u003e\u003ctable class\u003d\"codes\"\u003e\u003ctr\u003e\u003ctd style\u003d\"white-space:nowrap\"\u003e\u003cb\u003eCode\u003c/b\u003e\u003c/td\u003e\u003ctd\u003e\u003cb\u003eDisplay\u003c/b\u003e\u003c/td\u003e\u003ctd\u003e\u003cb\u003eDefinition\u003c/b\u003e\u003c/td\u003e\u003c/tr\u003e\u003ctr\u003e\u003ctd style\u003d\"white-space:nowrap\"\u003ecard-issued\u003ca name\u003d\"datestype-card-issued\"\u003e \u003c/a\u003e\u003c/td\u003e\u003ctd\u003eCard Issued\u003c/td\u003e\u003ctd\u003eThe date when an insurance card was issued.\u003c/td\u003e\u003c/tr\u003e\u003ctr\u003e\u003ctd style\u003d\"white-space:nowrap\"\u003eclaim-received\u003ca name\u003d\"datestype-claim-received\"\u003e \u003c/a\u003e\u003c/td\u003e\u003ctd\u003eClaim Received\u003c/td\u003e\u003ctd\u003eThe date when an insurer nreceived a claim, pre-authorization or predetermination.\u003c/td\u003e\u003c/tr\u003e\u003ctr\u003e\u003ctd style\u003d\"white-space:nowrap\"\u003eservice-expected\u003ca name\u003d\"datestype-service-expected\"\u003e \u003c/a\u003e\u003c/td\u003e\u003ctd\u003eService Expected\u003c/td\u003e\u003ctd\u003eThe date or period on or during which the services are expected to be performed.\u003c/td\u003e\u003c/tr\u003e\u003c/table\u003e\u003c/div\u003e"
  },
  "extension": [
    {
      "url": "http://hl7.org/fhir/StructureDefinition/structuredefinition-wg",
      "valueCode": "fm"
    }
  ],
  "url": "http://hl7.org/fhir/datestype",
  "version": "5.0.0",
  "name": "DatesEventTypeCodes",
  "title": "Dates Event Type Codes",
  "status": "active",
  "experimental": false,
  "publisher": "HL7 International",
  "description": "This value set includes sample Dates Event Type codes.",
  "jurisdiction": [
    {
      "coding": [
        {
          "system": "http://unstats.un.org/unsd/methods/m49/m49.htm",
          "code": "001",
          "display": "World"
        }
      ]
    }
  ],
  "copyright": "This is an example set.",
  "caseSensitive": true,
  "content": "complete",
  "concept": [
    {
      "code": "card-issued",
      "display": "Card Issued",
      "definition": "The date when an insurance card was issued."
    },
    {
      "code": "claim-received",
      "display": "Claim Received",
      "definition": "The date when an insurer nreceived a claim, pre-authorization or predetermination."
    },
    {
      "code": "service-expected",
      "display": "Service Expected",
      "definition": "The date or period on or during which the services are expected to be performed."
    }
  ]
}