{
  "resourceType": "Condition",
  "id": "f203",
  "text": {
    "status": "generated",
    "div": "\u003cdiv xmlns\u003d\"http://www.w3.org/1999/xhtml\"\u003e\u003cp\u003e\u003cb\u003eGenerated Narrative: Condition\u003c/b\u003e\u003ca name\u003d\"f203\"\u003e \u003c/a\u003e\u003c/p\u003e\u003cdiv style\u003d\"display: inline-block; background-color: #d9e0e7; padding: 6px; margin: 4px; border: 1px solid #8da1b4; border-radius: 5px; line-height: 60%\"\u003e\u003cp style\u003d\"margin-bottom: 0px\"\u003eResource Condition \u0026quot;f203\u0026quot; \u003c/p\u003e\u003c/div\u003e\u003cp\u003e\u003cb\u003eclinicalStatus\u003c/b\u003e: Active \u003cspan style\u003d\"background: LightGoldenRodYellow; margin: 4px; border: 1px solid khaki\"\u003e (\u003ca href\u003d\"http://terminology.hl7.org/5.1.0/CodeSystem-condition-clinical.html\"\u003eCondition Clinical Status Codes\u003c/a\u003e#active)\u003c/span\u003e\u003c/p\u003e\u003cp\u003e\u003cb\u003everificationStatus\u003c/b\u003e: Confirmed \u003cspan style\u003d\"background: LightGoldenRodYellow; margin: 4px; border: 1px solid khaki\"\u003e (\u003ca href\u003d\"http://terminology.hl7.org/5.1.0/CodeSystem-condition-ver-status.html\"\u003eConditionVerificationStatus\u003c/a\u003e#confirmed)\u003c/span\u003e\u003c/p\u003e\u003cp\u003e\u003cb\u003ecategory\u003c/b\u003e: Problem \u003cspan style\u003d\"background: LightGoldenRodYellow; margin: 4px; border: 1px solid khaki\"\u003e (\u003ca href\u003d\"https://browser.ihtsdotools.org/\"\u003eSNOMED CT\u003c/a\u003e#55607006; \u003ca href\u003d\"http://terminology.hl7.org/5.1.0/CodeSystem-condition-category.html\"\u003eCondition Category Codes\u003c/a\u003e#problem-list-item)\u003c/span\u003e\u003c/p\u003e\u003cp\u003e\u003cb\u003eseverity\u003c/b\u003e: Moderate to severe \u003cspan style\u003d\"background: LightGoldenRodYellow; margin: 4px; border: 1px solid khaki\"\u003e (\u003ca href\u003d\"https://browser.ihtsdotools.org/\"\u003eSNOMED CT\u003c/a\u003e#371924009)\u003c/span\u003e\u003c/p\u003e\u003cp\u003e\u003cb\u003ecode\u003c/b\u003e: Bacterial sepsis \u003cspan style\u003d\"background: LightGoldenRodYellow; margin: 4px; border: 1px solid khaki\"\u003e (\u003ca href\u003d\"https://browser.ihtsdotools.org/\"\u003eSNOMED CT\u003c/a\u003e#10001005)\u003c/span\u003e\u003c/p\u003e\u003cp\u003e\u003cb\u003ebodySite\u003c/b\u003e: Pulmonary vascular structure \u003cspan style\u003d\"background: LightGoldenRodYellow; margin: 4px; border: 1px solid khaki\"\u003e (\u003ca href\u003d\"https://browser.ihtsdotools.org/\"\u003eSNOMED CT\u003c/a\u003e#281158006)\u003c/span\u003e\u003c/p\u003e\u003cp\u003e\u003cb\u003esubject\u003c/b\u003e: \u003ca href\u003d\"patient-example-f201-roel.html\"\u003ePatient/f201: Roel\u003c/a\u003e \u0026quot;Roel\u0026quot;\u003c/p\u003e\u003cp\u003e\u003cb\u003eencounter\u003c/b\u003e: \u003ca href\u003d\"encounter-example-f203-20130311.html\"\u003eEncounter/f203: Roel\u0027s encounter on March elevanth\u003c/a\u003e\u003c/p\u003e\u003cp\u003e\u003cb\u003eonset\u003c/b\u003e: 2013-03-08\u003c/p\u003e\u003cp\u003e\u003cb\u003erecordedDate\u003c/b\u003e: 2013-03-11\u003c/p\u003e\u003ch3\u003eParticipants\u003c/h3\u003e\u003ctable class\u003d\"grid\"\u003e\u003ctr\u003e\u003ctd\u003e-\u003c/td\u003e\u003ctd\u003e\u003cb\u003eFunction\u003c/b\u003e\u003c/td\u003e\u003ctd\u003e\u003cb\u003eActor\u003c/b\u003e\u003c/td\u003e\u003c/tr\u003e\u003ctr\u003e\u003ctd\u003e*\u003c/td\u003e\u003ctd\u003eAuthor \u003cspan style\u003d\"background: LightGoldenRodYellow; margin: 4px; border: 1px solid khaki\"\u003e (\u003ca href\u003d\"http://terminology.hl7.org/5.1.0/CodeSystem-provenance-participant-type.html\"\u003eProvenance participant type\u003c/a\u003e#author)\u003c/span\u003e\u003c/td\u003e\u003ctd\u003e\u003ca href\u003d\"practitioner-example-f201-ab.html\"\u003ePractitioner/f201\u003c/a\u003e \u0026quot;Dokter Bronsig\u0026quot;\u003c/td\u003e\u003c/tr\u003e\u003c/table\u003e\u003ch3\u003eEvidences\u003c/h3\u003e\u003ctable class\u003d\"grid\"\u003e\u003ctr\u003e\u003ctd\u003e-\u003c/td\u003e\u003ctd\u003e\u003cb\u003eReference\u003c/b\u003e\u003c/td\u003e\u003c/tr\u003e\u003ctr\u003e\u003ctd\u003e*\u003c/td\u003e\u003ctd\u003e\u003ca href\u003d\"diagnosticreport-example-f202-bloodculture.html\"\u003eDiagnosticReport/f202: Diagnostic report for Roel\u0027s sepsis\u003c/a\u003e\u003c/td\u003e\u003c/tr\u003e\u003c/table\u003e\u003c/div\u003e"
  },
  "clinicalStatus": {
    "coding": [
      {
        "system": "http://terminology.hl7.org/CodeSystem/condition-clinical",
        "code": "active"
      }
    ]
  },
  "verificationStatus": {
    "coding": [
      {
        "system": "http://terminology.hl7.org/CodeSystem/condition-ver-status",
        "code": "confirmed"
      }
    ]
  },
  "category": [
    {
      "coding": [
        {
          "system": "http://snomed.info/sct",
          "code": "55607006",
          "display": "Problem"
        },
        {
          "system": "http://terminology.hl7.org/CodeSystem/condition-category",
          "code": "problem-list-item"
        }
      ]
    }
  ],
  "severity": {
    "coding": [
      {
        "system": "http://snomed.info/sct",
        "code": "371924009",
        "display": "Moderate to severe"
      }
    ]
  },
  "code": {
    "coding": [
      {
        "system": "http://snomed.info/sct",
        "code": "10001005",
        "display": "Bacterial sepsis"
      }
    ]
  },
  "bodySite": [
    {
      "coding": [
        {
          "system": "http://snomed.info/sct",
          "code": "281158006",
          "display": "Pulmonary vascular structure"
        }
      ]
    }
  ],
  "subject": {
    "reference": "Patient/f201",
    "display": "Roel"
  },
  "encounter": {
    "reference": "Encounter/f203",
    "display": "Roel\u0027s encounter on March elevanth"
  },
  "onsetDateTime": "2013-03-08",
  "recordedDate": "2013-03-11",
  "participant": [
    {
      "function": {
        "coding": [
          {
            "system": "http://terminology.hl7.org/CodeSystem/provenance-participant-type",
            "code": "author",
            "display": "Author"
          }
        ]
      },
      "actor": {
        "reference": "Practitioner/f201"
      }
    }
  ],
  "evidence": [
    {
      "reference": {
        "reference": "DiagnosticReport/f202",
        "display": "Diagnostic report for Roel\u0027s sepsis"
      }
    }
  ],
  "meta": {
    "tag": [
      {
        "system": "http://terminology.hl7.org/CodeSystem/v3-ActReason",
        "code": "HTEST",
        "display": "test health data"
      }
    ]
  }
}