{
  "resourceType": "DeviceMetric",
  "id": "example",
  "text": {
    "status": "generated",
    "div": "\u003cdiv xmlns\u003d\"http://www.w3.org/1999/xhtml\"\u003e\u003cp\u003e\u003cb\u003eGenerated Narrative: DeviceMetric\u003c/b\u003e\u003ca name\u003d\"example\"\u003e \u003c/a\u003e\u003c/p\u003e\u003cdiv style\u003d\"display: inline-block; background-color: #d9e0e7; padding: 6px; margin: 4px; border: 1px solid #8da1b4; border-radius: 5px; line-height: 60%\"\u003e\u003cp style\u003d\"margin-bottom: 0px\"\u003eResource DeviceMetric \u0026quot;example\u0026quot; \u003c/p\u003e\u003c/div\u003e\u003cp\u003e\u003cb\u003eidentifier\u003c/b\u003e: id: 345675\u003c/p\u003e\u003cp\u003e\u003cb\u003etype\u003c/b\u003e: MDC_PULS_OXIM_SAT_O2 \u003cspan style\u003d\"background: LightGoldenRodYellow; margin: 4px; border: 1px solid khaki\"\u003e (\u003ca href\u003d\"http://terminology.hl7.org/5.1.0/CodeSystem-v3-mdc.html\"\u003eISO 11073-10101 Health informatics - Point-of-care\u003c/a\u003e#150456)\u003c/span\u003e\u003c/p\u003e\u003cp\u003e\u003cb\u003eunit\u003c/b\u003e: MDC_DIM_PERCENT \u003cspan style\u003d\"background: LightGoldenRodYellow; margin: 4px; border: 1px solid khaki\"\u003e (\u003ca href\u003d\"http://terminology.hl7.org/5.1.0/CodeSystem-v3-mdc.html\"\u003eISO 11073-10101 Health informatics - Point-of-care\u003c/a\u003e#262688)\u003c/span\u003e\u003c/p\u003e\u003cp\u003e\u003cb\u003edevice\u003c/b\u003e: \u003ca href\u003d\"broken-link.html\"\u003eDevice/dev1\u003c/a\u003e\u003c/p\u003e\u003cp\u003e\u003cb\u003eoperationalStatus\u003c/b\u003e: on\u003c/p\u003e\u003cp\u003e\u003cb\u003ecolor\u003c/b\u003e: blue\u003c/p\u003e\u003cp\u003e\u003cb\u003ecategory\u003c/b\u003e: measurement\u003c/p\u003e\u003cp\u003e\u003cb\u003emeasurementFrequency\u003c/b\u003e: 1 Hertz\u003cspan style\u003d\"background: LightGoldenRodYellow\"\u003e (Details: UCUM code Hz \u003d \u0027Hz\u0027)\u003c/span\u003e\u003c/p\u003e\u003ch3\u003eCalibrations\u003c/h3\u003e\u003ctable class\u003d\"grid\"\u003e\u003ctr\u003e\u003ctd\u003e-\u003c/td\u003e\u003ctd\u003e\u003cb\u003eType\u003c/b\u003e\u003c/td\u003e\u003ctd\u003e\u003cb\u003eState\u003c/b\u003e\u003c/td\u003e\u003ctd\u003e\u003cb\u003eTime\u003c/b\u003e\u003c/td\u003e\u003c/tr\u003e\u003ctr\u003e\u003ctd\u003e*\u003c/td\u003e\u003ctd\u003etwo-point\u003c/td\u003e\u003ctd\u003ecalibrated\u003c/td\u003e\u003ctd\u003e29 Dec 2016, 1:03:04 am\u003c/td\u003e\u003c/tr\u003e\u003c/table\u003e\u003c/div\u003e"
  },
  "identifier": [
    {
      "system": "http://goodcare.org/devicemetric/id",
      "value": "345675"
    }
  ],
  "type": {
    "coding": [
      {
        "system": "urn:iso:std:iso:11073:10101",
        "code": "150456",
        "display": "MDC_PULS_OXIM_SAT_O2"
      }
    ]
  },
  "unit": {
    "coding": [
      {
        "system": "urn:iso:std:iso:11073:10101",
        "code": "262688",
        "display": "MDC_DIM_PERCENT"
      }
    ]
  },
  "device": {
    "reference": "Device/dev1"
  },
  "operationalStatus": "on",
  "color": "blue",
  "category": "measurement",
  "measurementFrequency": {
    "value": 1,
    "unit": "Hertz",
    "system": "http://unitsofmeasure.org",
    "code": "Hz"
  },
  "calibration": [
    {
      "type": "two-point",
      "state": "calibrated",
      "time": "2016-12-28T09:03:04-05:00"
    }
  ],
  "meta": {
    "tag": [
      {
        "system": "http://terminology.hl7.org/CodeSystem/v3-ActReason",
        "code": "HTEST",
        "display": "test health data"
      }
    ]
  }
}