{
  "resourceType": "ImmunizationEvaluation",
  "id": "example",
  "text": {
    "status": "generated",
    "div": "\u003cdiv xmlns\u003d\"http://www.w3.org/1999/xhtml\"\u003e\u003cp\u003e\u003cb\u003eGenerated Narrative: ImmunizationEvaluation\u003c/b\u003e\u003ca name\u003d\"example\"\u003e \u003c/a\u003e\u003c/p\u003e\u003cdiv style\u003d\"display: inline-block; background-color: #d9e0e7; padding: 6px; margin: 4px; border: 1px solid #8da1b4; border-radius: 5px; line-height: 60%\"\u003e\u003cp style\u003d\"margin-bottom: 0px\"\u003eResource ImmunizationEvaluation \u0026quot;example\u0026quot; \u003c/p\u003e\u003c/div\u003e\u003cp\u003e\u003cb\u003eidentifier\u003c/b\u003e: id: urn:oid:1.3.6.1.4.1.21367.2005.3.7.1234\u003c/p\u003e\u003cp\u003e\u003cb\u003estatus\u003c/b\u003e: completed\u003c/p\u003e\u003cp\u003e\u003cb\u003epatient\u003c/b\u003e: \u003ca href\u003d\"patient-example.html\"\u003ePatient/example\u003c/a\u003e \u0026quot;Peter CHALMERS\u0026quot;\u003c/p\u003e\u003cp\u003e\u003cb\u003edate\u003c/b\u003e: 2013-01-10\u003c/p\u003e\u003cp\u003e\u003cb\u003eauthority\u003c/b\u003e: \u003ca href\u003d\"organization-example.html\"\u003eOrganization/hl7\u003c/a\u003e \u0026quot;Health Level Seven International\u0026quot;\u003c/p\u003e\u003cp\u003e\u003cb\u003etargetDisease\u003c/b\u003e: Gestational rubella syndrome \u003cspan style\u003d\"background: LightGoldenRodYellow; margin: 4px; border: 1px solid khaki\"\u003e (\u003ca href\u003d\"https://browser.ihtsdotools.org/\"\u003eSNOMED CT\u003c/a\u003e#1857005)\u003c/span\u003e\u003c/p\u003e\u003cp\u003e\u003cb\u003eimmunizationEvent\u003c/b\u003e: \u003ca href\u003d\"immunization-example.html\"\u003eImmunization/example\u003c/a\u003e\u003c/p\u003e\u003cp\u003e\u003cb\u003edoseStatus\u003c/b\u003e: Valid \u003cspan style\u003d\"background: LightGoldenRodYellow; margin: 4px; border: 1px solid khaki\"\u003e (\u003ca href\u003d\"http://terminology.hl7.org/5.1.0/CodeSystem-immunization-evaluation-dose-status.html\"\u003eImmunization Evaluation Dose Status codes\u003c/a\u003e#valid)\u003c/span\u003e\u003c/p\u003e\u003cp\u003e\u003cb\u003eseries\u003c/b\u003e: Vaccination Series 1\u003c/p\u003e\u003cp\u003e\u003cb\u003edoseNumber\u003c/b\u003e: 1\u003c/p\u003e\u003cp\u003e\u003cb\u003eseriesDoses\u003c/b\u003e: 3\u003c/p\u003e\u003c/div\u003e"
  },
  "identifier": [
    {
      "system": "urn:ietf:rfc:3986",
      "value": "urn:oid:1.3.6.1.4.1.21367.2005.3.7.1234"
    }
  ],
  "status": "completed",
  "patient": {
    "reference": "Patient/example"
  },
  "date": "2013-01-10",
  "authority": {
    "reference": "Organization/hl7"
  },
  "targetDisease": {
    "coding": [
      {
        "system": "http://snomed.info/sct",
        "code": "1857005"
      }
    ]
  },
  "immunizationEvent": {
    "reference": "Immunization/example"
  },
  "doseStatus": {
    "coding": [
      {
        "system": "http://terminology.hl7.org/CodeSystem/immunization-evaluation-dose-status",
        "code": "valid",
        "display": "Valid"
      }
    ]
  },
  "series": "Vaccination Series 1",
  "doseNumber": "1",
  "seriesDoses": "3",
  "meta": {
    "tag": [
      {
        "system": "http://terminology.hl7.org/CodeSystem/v3-ActReason",
        "code": "HTEST",
        "display": "test health data"
      }
    ]
  }
}