{
  "resourceType": "MedicationDispense",
  "id": "meddisp0301",
  "text": {
    "status": "generated",
    "div": "\u003cdiv xmlns\u003d\"http://www.w3.org/1999/xhtml\"\u003e\u003cp\u003e\u003cb\u003eGenerated Narrative: MedicationDispense\u003c/b\u003e\u003ca name\u003d\"meddisp0301\"\u003e \u003c/a\u003e\u003c/p\u003e\u003cdiv style\u003d\"display: inline-block; background-color: #d9e0e7; padding: 6px; margin: 4px; border: 1px solid #8da1b4; border-radius: 5px; line-height: 60%\"\u003e\u003cp style\u003d\"margin-bottom: 0px\"\u003eResource MedicationDispense \u0026quot;meddisp0301\u0026quot; \u003c/p\u003e\u003c/div\u003e\u003cp\u003e\u003cb\u003estatus\u003c/b\u003e: in-progress\u003c/p\u003e\u003ch3\u003eMedications\u003c/h3\u003e\u003ctable class\u003d\"grid\"\u003e\u003ctr\u003e\u003ctd\u003e-\u003c/td\u003e\u003ctd\u003e\u003cb\u003eReference\u003c/b\u003e\u003c/td\u003e\u003c/tr\u003e\u003ctr\u003e\u003ctd\u003e*\u003c/td\u003e\u003ctd\u003e\u003cspan title\u003d\"  Linked to a RESOURCE Medication  \"\u003e\u003ca name\u003d\"med0301\"\u003e \u003c/a\u003e\u003c/span\u003e\u003cblockquote\u003e\u003cp/\u003e\u003cp\u003e\u003ca name\u003d\"med0301\"\u003e \u003c/a\u003e\u003c/p\u003e\u003cp\u003e\u003cb\u003ecode\u003c/b\u003e: Vancomycin Hydrochloride (VANCOMYCIN HYDROCHLORIDE) \u003cspan style\u003d\"background: LightGoldenRodYellow; margin: 4px; border: 1px solid khaki\"\u003e (\u003ca href\u003d\"http://terminology.hl7.org/5.1.0/CodeSystem-v3-ndc.html\"\u003eNational drug codes\u003c/a\u003e#0409-6531-02)\u003c/span\u003e\u003c/p\u003e\u003c/blockquote\u003e\u003c/td\u003e\u003c/tr\u003e\u003c/table\u003e\u003cp\u003e\u003cb\u003esubject\u003c/b\u003e: \u003ca href\u003d\"patient-example-a.html\"\u003ePatient/pat1: Donald Duck\u003c/a\u003e \u0026quot;Donald DUCK\u0026quot;\u003c/p\u003e\u003cp\u003e\u003cb\u003esupportingInformation\u003c/b\u003e: \u003ca href\u003d\"condition-example-f203-sepsis.html\"\u003eCondition/f203\u003c/a\u003e\u003c/p\u003e\u003ch3\u003ePerformers\u003c/h3\u003e\u003ctable class\u003d\"grid\"\u003e\u003ctr\u003e\u003ctd\u003e-\u003c/td\u003e\u003ctd\u003e\u003cb\u003eActor\u003c/b\u003e\u003c/td\u003e\u003c/tr\u003e\u003ctr\u003e\u003ctd\u003e*\u003c/td\u003e\u003ctd\u003e\u003ca href\u003d\"practitioner-example-f006-rvdb.html\"\u003ePractitioner/f006\u003c/a\u003e \u0026quot;Rob VAN DEN BERK\u0026quot;\u003c/td\u003e\u003c/tr\u003e\u003c/table\u003e\u003cp\u003e\u003cb\u003elocation\u003c/b\u003e: \u003ca href\u003d\"location-example-ukpharmacy.html\"\u003eLocation/ukp: Pharmacy\u003c/a\u003e \u0026quot;UK Pharmacies\u0026quot;\u003c/p\u003e\u003cp\u003e\u003cb\u003eauthorizingPrescription\u003c/b\u003e: \u003ca href\u003d\"medicationrequest0318.html\"\u003eMedicationRequest/medrx0318\u003c/a\u003e\u003c/p\u003e\u003cp\u003e\u003cb\u003etype\u003c/b\u003e: Emergency Supply \u003cspan style\u003d\"background: LightGoldenRodYellow; margin: 4px; border: 1px solid khaki\"\u003e (\u003ca href\u003d\"http://terminology.hl7.org/5.1.0/CodeSystem-v3-ActCode.html\"\u003eActCode\u003c/a\u003e#EM)\u003c/span\u003e\u003c/p\u003e\u003cp\u003e\u003cb\u003equantity\u003c/b\u003e: 12 Vial\u003cspan style\u003d\"background: LightGoldenRodYellow\"\u003e (Details: SNOMED CT code 733026001 \u003d \u0027733026001\u0027)\u003c/span\u003e\u003c/p\u003e\u003cp\u003e\u003cb\u003edaysSupply\u003c/b\u003e: 3 Day\u003cspan style\u003d\"background: LightGoldenRodYellow\"\u003e (Details: UCUM code d \u003d \u0027d\u0027)\u003c/span\u003e\u003c/p\u003e\u003cp\u003e\u003cb\u003ewhenPrepared\u003c/b\u003e: 2015-01-15T10:20:00Z\u003c/p\u003e\u003cp\u003e\u003cb\u003edestination\u003c/b\u003e: \u003ca href\u003d\"location-example-patients-home.html\"\u003eLocation/ph\u003c/a\u003e \u0026quot;Patient\u0027s Home\u0026quot;\u003c/p\u003e\u003cp\u003e\u003cb\u003ereceiver\u003c/b\u003e: \u003ca href\u003d\"patient-example-a.html\"\u003ePatient/pat1: Donald Duck\u003c/a\u003e \u0026quot;Donald DUCK\u0026quot;\u003c/p\u003e\u003cblockquote\u003e\u003cp\u003e\u003cb\u003edosageInstruction\u003c/b\u003e\u003c/p\u003e\u003cp\u003e\u003cb\u003esequence\u003c/b\u003e: 1\u003c/p\u003e\u003cp\u003e\u003cb\u003etext\u003c/b\u003e: 500mg IV q6h x 3 days\u003c/p\u003e\u003cp\u003e\u003cb\u003etiming\u003c/b\u003e: Once per 6 hours\u003c/p\u003e\u003cp\u003e\u003cb\u003eroute\u003c/b\u003e: Intravenous \u003cspan style\u003d\"background: LightGoldenRodYellow; margin: 4px; border: 1px solid khaki\"\u003e (\u003ca href\u003d\"https://browser.ihtsdotools.org/\"\u003eSNOMED CT\u003c/a\u003e#255560000)\u003c/span\u003e\u003c/p\u003e\u003cp\u003e\u003cb\u003emethod\u003c/b\u003e: Push - dosing instruction imperative (qualifier value) \u003cspan style\u003d\"background: LightGoldenRodYellow; margin: 4px; border: 1px solid khaki\"\u003e (\u003ca href\u003d\"https://browser.ihtsdotools.org/\"\u003eSNOMED CT\u003c/a\u003e#420620005)\u003c/span\u003e\u003c/p\u003e\u003cblockquote\u003e\u003cp\u003e\u003cb\u003edoseAndRate\u003c/b\u003e\u003c/p\u003e\u003c/blockquote\u003e\u003c/blockquote\u003e\u003c/div\u003e"
  },
  "contained": [
    {
      "resourceType": "Medication",
      "id": "med0301",
      "code": {
        "coding": [
          {
            "system": "http://hl7.org/fhir/sid/ndc",
            "code": "0409-6531-02",
            "display": "Vancomycin Hydrochloride (VANCOMYCIN HYDROCHLORIDE)"
          }
        ]
      }
    }
  ],
  "status": "in-progress",
  "medication": {
    "reference": {
      "reference": "#med0301",
      "display": "Vancomycin Hydrochloride"
    }
  },
  "subject": {
    "reference": "Patient/pat1",
    "display": "Donald Duck"
  },
  "supportingInformation": [
    {
      "reference": "Condition/f203"
    }
  ],
  "performer": [
    {
      "actor": {
        "reference": "Practitioner/f006"
      }
    }
  ],
  "location": {
    "reference": "Location/ukp",
    "display": "Pharmacy"
  },
  "authorizingPrescription": [
    {
      "reference": "MedicationRequest/medrx0318"
    }
  ],
  "type": {
    "coding": [
      {
        "system": "http://terminology.hl7.org/CodeSystem/v3-ActCode",
        "code": "EM",
        "display": "Emergency Supply"
      }
    ]
  },
  "quantity": {
    "value": 12,
    "unit": "Vial",
    "system": "http://snomed.info.sct",
    "code": "733026001"
  },
  "daysSupply": {
    "value": 3,
    "unit": "Day",
    "system": "http://unitsofmeasure.org",
    "code": "d"
  },
  "whenPrepared": "2015-01-15T10:20:00Z",
  "destination": {
    "reference": "Location/ph"
  },
  "receiver": [
    {
      "reference": "Patient/pat1",
      "display": "Donald Duck"
    }
  ],
  "dosageInstruction": [
    {
      "sequence": 1,
      "text": "500mg IV q6h x 3 days",
      "timing": {
        "repeat": {
          "frequency": 1,
          "period": 6,
          "periodUnit": "h"
        }
      },
      "route": {
        "coding": [
          {
            "system": "http://snomed.info/sct",
            "code": "255560000",
            "display": "Intravenous"
          }
        ]
      },
      "method": {
        "coding": [
          {
            "system": "http://snomed.info/sct",
            "code": "420620005",
            "display": "Push - dosing instruction imperative (qualifier value)"
          }
        ]
      },
      "doseAndRate": [
        {
          "type": {
            "coding": [
              {
                "system": "http://terminology.hl7.org/CodeSystem/dose-rate-type",
                "code": "ordered",
                "display": "Ordered"
              }
            ]
          },
          "doseQuantity": {
            "value": 500,
            "unit": "mg",
            "system": "http://unitsofmeasure.org",
            "code": "mg"
          }
        }
      ]
    }
  ],
  "meta": {
    "tag": [
      {
        "system": "http://terminology.hl7.org/CodeSystem/v3-ActReason",
        "code": "HTEST",
        "display": "test health data"
      }
    ]
  }
}