{
  "resourceType": "MedicationAdministration",
  "id": "medadminexample03",
  "text": {
    "status": "generated",
    "div": "\u003cdiv xmlns\u003d\"http://www.w3.org/1999/xhtml\"\u003e\u003cp\u003e\u003cb\u003eGenerated Narrative: MedicationAdministration\u003c/b\u003e\u003ca name\u003d\"medadminexample03\"\u003e \u003c/a\u003e\u003c/p\u003e\u003cdiv style\u003d\"display: inline-block; background-color: #d9e0e7; padding: 6px; margin: 4px; border: 1px solid #8da1b4; border-radius: 5px; line-height: 60%\"\u003e\u003cp style\u003d\"margin-bottom: 0px\"\u003eResource MedicationAdministration \u0026quot;medadminexample03\u0026quot; \u003c/p\u003e\u003c/div\u003e\u003cp\u003e\u003cb\u003estatus\u003c/b\u003e: on-hold\u003c/p\u003e\u003cp\u003e\u003cb\u003estatusReason\u003c/b\u003e: Administration of medication not done due to a contraindication (situation) \u003cspan style\u003d\"background: LightGoldenRodYellow; margin: 4px; border: 1px solid khaki\"\u003e (\u003ca href\u003d\"https://browser.ihtsdotools.org/\"\u003eSNOMED CT\u003c/a\u003e#373147003)\u003c/span\u003e\u003c/p\u003e\u003ch3\u003eMedications\u003c/h3\u003e\u003ctable class\u003d\"grid\"\u003e\u003ctr\u003e\u003ctd\u003e-\u003c/td\u003e\u003ctd\u003e\u003cb\u003eReference\u003c/b\u003e\u003c/td\u003e\u003c/tr\u003e\u003ctr\u003e\u003ctd\u003e*\u003c/td\u003e\u003ctd\u003e\u003ca name\u003d\"med0303\"\u003e \u003c/a\u003e\u003cblockquote\u003e\u003cp/\u003e\u003cp\u003e\u003ca name\u003d\"med0303\"\u003e \u003c/a\u003e\u003c/p\u003e\u003cp\u003e\u003cb\u003ecode\u003c/b\u003e: Alemtuzumab 10mg/ml (Lemtrada) \u003cspan style\u003d\"background: LightGoldenRodYellow; margin: 4px; border: 1px solid khaki\"\u003e (\u003ca href\u003d\"http://terminology.hl7.org/5.1.0/CodeSystem-v3-rxNorm.html\"\u003eRxNorm\u003c/a\u003e#1594660)\u003c/span\u003e\u003c/p\u003e\u003c/blockquote\u003e\u003c/td\u003e\u003c/tr\u003e\u003c/table\u003e\u003cp\u003e\u003cb\u003esubject\u003c/b\u003e: \u003ca href\u003d\"patient-example-a.html\"\u003ePatient/pat1: Donald Duck\u003c/a\u003e \u0026quot;Donald DUCK\u0026quot;\u003c/p\u003e\u003cp\u003e\u003cb\u003eencounter\u003c/b\u003e: \u003ca href\u003d\"encounter-example-f001-heart.html\"\u003eEncounter/f001\u003c/a\u003e\u003c/p\u003e\u003cp\u003e\u003cb\u003esupportingInformation\u003c/b\u003e: \u003ca href\u003d\"condition-example-f204-renal.html\"\u003eCondition/f204\u003c/a\u003e\u003c/p\u003e\u003cp\u003e\u003cb\u003eoccurence\u003c/b\u003e: 2015-01-15T14:30:00+01:00 --\u0026gt; 2015-01-15T14:30:00+01:00\u003c/p\u003e\u003cp\u003e\u003cb\u003erequest\u003c/b\u003e: \u003ca href\u003d\"medicationrequest0317.html\"\u003eMedicationRequest/medrx0317\u003c/a\u003e\u003c/p\u003e\u003cp\u003e\u003cb\u003enote\u003c/b\u003e: Patient started Bupropion this morning - will administer in a reduced dose tomorrow\u003c/p\u003e\u003c/div\u003e"
  },
  "contained": [
    {
      "resourceType": "Medication",
      "id": "med0303",
      "code": {
        "coding": [
          {
            "system": "http://www.nlm.nih.gov/research/umls/rxnorm",
            "code": "1594660",
            "display": "Alemtuzumab 10mg/ml (Lemtrada)"
          }
        ]
      }
    }
  ],
  "status": "on-hold",
  "statusReason": [
    {
      "coding": [
        {
          "system": "http://snomed.info/sct",
          "code": "373147003",
          "display": "Administration of medication not done due to a contraindication (situation)"
        }
      ]
    }
  ],
  "medication": {
    "reference": {
      "reference": "#med0303"
    }
  },
  "subject": {
    "reference": "Patient/pat1",
    "display": "Donald Duck"
  },
  "encounter": {
    "reference": "Encounter/f001"
  },
  "supportingInformation": [
    {
      "reference": "Condition/f204"
    }
  ],
  "occurencePeriod": {
    "start": "2015-01-15T14:30:00+01:00",
    "end": "2015-01-15T14:30:00+01:00"
  },
  "request": {
    "reference": "MedicationRequest/medrx0317"
  },
  "note": [
    {
      "text": "Patient started Bupropion this morning - will administer in a reduced dose tomorrow"
    }
  ],
  "meta": {
    "tag": [
      {
        "system": "http://terminology.hl7.org/CodeSystem/v3-ActReason",
        "code": "HTEST",
        "display": "test health data"
      }
    ]
  }
}