{
  "resourceType": "Observation",
  "id": "example",
  "text": {
    "status": "generated",
    "div": "\u003cdiv xmlns\u003d\"http://www.w3.org/1999/xhtml\"\u003e\u003cp\u003e\u003cb\u003eGenerated Narrative: Observation\u003c/b\u003e\u003ca name\u003d\"example\"\u003e \u003c/a\u003e\u003c/p\u003e\u003cdiv style\u003d\"display: inline-block; background-color: #d9e0e7; padding: 6px; margin: 4px; border: 1px solid #8da1b4; border-radius: 5px; line-height: 60%\"\u003e\u003cp style\u003d\"margin-bottom: 0px\"\u003eResource Observation \u0026quot;example\u0026quot; \u003c/p\u003e\u003c/div\u003e\u003cp\u003e\u003cb\u003estatus\u003c/b\u003e: \u003cspan title\u003d\"   the mandatory quality flags:   \"\u003efinal\u003c/span\u003e\u003c/p\u003e\u003cp\u003e\u003cb\u003ecategory\u003c/b\u003e: \u003cspan title\u003d\"  category code is A code that classifies the general type of observation being made. This is used for searching, sorting and display purposes. \"\u003eVital Signs \u003cspan style\u003d\"background: LightGoldenRodYellow; margin: 4px; border: 1px solid khaki\"\u003e (\u003ca href\u003d\"http://terminology.hl7.org/5.1.0/CodeSystem-observation-category.html\"\u003eObservation Category Codes\u003c/a\u003e#vital-signs)\u003c/span\u003e\u003c/span\u003e\u003c/p\u003e\u003cp\u003e\u003cb\u003ecode\u003c/b\u003e: \u003cspan title\u003d\"  \n    Observations are often coded in multiple code systems.\n      - LOINC provides codes of varying granularity (though not usefully more specific in this particular case) and more generic LOINCs  can be mapped to more specific codes as shown here\n      - snomed provides a clinically relevant code that is usually less granular than LOINC\n      - the source system provides its own code, which may be less or more granular than LOINC\n    \"\u003eBody Weight \u003cspan style\u003d\"background: LightGoldenRodYellow; margin: 4px; border: 1px solid khaki\"\u003e (\u003ca href\u003d\"https://loinc.org/\"\u003eLOINC\u003c/a\u003e#29463-7; \u003ca href\u003d\"https://loinc.org/\"\u003eLOINC\u003c/a\u003e#3141-9 \u0026quot;Body weight Measured\u0026quot;; \u003ca href\u003d\"https://browser.ihtsdotools.org/\"\u003eSNOMED CT\u003c/a\u003e#27113001 \u0026quot;Body weight\u0026quot;; clinical-codes#body-weight)\u003c/span\u003e\u003c/span\u003e\u003c/p\u003e\u003cp\u003e\u003cb\u003esubject\u003c/b\u003e: \u003ca href\u003d\"patient-example.html\"\u003ePatient/example\u003c/a\u003e \u0026quot;Peter CHALMERS\u0026quot;\u003c/p\u003e\u003cp\u003e\u003cb\u003eencounter\u003c/b\u003e: \u003ca href\u003d\"encounter-example.html\"\u003eEncounter/example\u003c/a\u003e\u003c/p\u003e\u003cp\u003e\u003cb\u003eeffective\u003c/b\u003e: 2016-03-28\u003c/p\u003e\u003cp\u003e\u003cb\u003evalue\u003c/b\u003e: \u003cspan title\u003d\"   In FHIR, units may be represented twice. Once in the\n    agreed human representation, and once in a coded form.\n    Both is best, since it\u0027s not always possible to infer\n    one from the other in code.\n\n    When a computable unit is provided, UCUM (http://unitsofmeasure.org)\n    is always preferred, but it doesn\u0027t provide notional units (such as\n    \u0026quot;tablet\u0026quot;), etc. For these, something else is required (e.g. SNOMED CT)\n     \"\u003e185 lbs\u003cspan style\u003d\"background: LightGoldenRodYellow\"\u003e (Details: UCUM code [lb_av] \u003d \u0027lb_av\u0027)\u003c/span\u003e\u003c/span\u003e\u003c/p\u003e\u003c/div\u003e"
  },
  "status": "final",
  "category": [
    {
      "coding": [
        {
          "system": "http://terminology.hl7.org/CodeSystem/observation-category",
          "code": "vital-signs",
          "display": "Vital Signs"
        }
      ]
    }
  ],
  "code": {
    "coding": [
      {
        "system": "http://loinc.org",
        "code": "29463-7",
        "display": "Body Weight"
      },
      {
        "system": "http://loinc.org",
        "code": "3141-9",
        "display": "Body weight Measured"
      },
      {
        "system": "http://snomed.info/sct",
        "code": "27113001",
        "display": "Body weight"
      },
      {
        "system": "http://acme.org/devices/clinical-codes",
        "code": "body-weight",
        "display": "Body Weight"
      }
    ]
  },
  "subject": {
    "reference": "Patient/example"
  },
  "encounter": {
    "reference": "Encounter/example"
  },
  "effectiveDateTime": "2016-03-28",
  "valueQuantity": {
    "value": 185,
    "unit": "lbs",
    "system": "http://unitsofmeasure.org",
    "code": "[lb_av]"
  },
  "meta": {
    "tag": [
      {
        "system": "http://terminology.hl7.org/CodeSystem/v3-ActReason",
        "code": "HTEST",
        "display": "test health data"
      }
    ]
  }
}