{
  "resourceType": "OperationDefinition",
  "id": "Measure-data-requirements",
  "text": {
    "status": "extensions",
    "div": "\u003cdiv xmlns\u003d\"http://www.w3.org/1999/xhtml\"\u003e\u003cp\u003eURL: [base]/Measure/[id]/$data-requirements\u003c/p\u003e\u003cp\u003eParameters\u003c/p\u003e\u003ctable class\u003d\"grid\"\u003e\u003ctr\u003e\u003ctd\u003e\u003cb\u003eUse\u003c/b\u003e\u003c/td\u003e\u003ctd\u003e\u003cb\u003eName\u003c/b\u003e\u003c/td\u003e\u003ctd\u003e\u003cb\u003eScope\u003c/b\u003e\u003c/td\u003e\u003ctd\u003e\u003cb\u003eCardinality\u003c/b\u003e\u003c/td\u003e\u003ctd\u003e\u003cb\u003eType\u003c/b\u003e\u003c/td\u003e\u003ctd\u003e\u003cb\u003eBinding\u003c/b\u003e\u003c/td\u003e\u003ctd\u003e\u003cb\u003eDocumentation\u003c/b\u003e\u003c/td\u003e\u003c/tr\u003e\u003ctr\u003e\u003ctd\u003eIN\u003c/td\u003e\u003ctd\u003eperiodStart\u003c/td\u003e\u003ctd/\u003e\u003ctd\u003e1..1\u003c/td\u003e\u003ctd\u003e\u003ca href\u003d\"datatypes.html#date\"\u003edate\u003c/a\u003e\u003c/td\u003e\u003ctd/\u003e\u003ctd\u003e\u003cdiv\u003e\u003cp\u003eThe start of the measurement period. In keeping with the semantics of the date parameter used in the FHIR search operation, the period will start at the beginning of the period implied by the supplied timestamp. E.g. a value of 2014 would set the period start to be 2014-01-01T00:00:00 inclusive\u003c/p\u003e\n\u003c/div\u003e\u003c/td\u003e\u003c/tr\u003e\u003ctr\u003e\u003ctd\u003eIN\u003c/td\u003e\u003ctd\u003eperiodEnd\u003c/td\u003e\u003ctd/\u003e\u003ctd\u003e1..1\u003c/td\u003e\u003ctd\u003e\u003ca href\u003d\"datatypes.html#date\"\u003edate\u003c/a\u003e\u003c/td\u003e\u003ctd/\u003e\u003ctd\u003e\u003cdiv\u003e\u003cp\u003eThe end of the measurement period. The period will end at the end of the period implied by the supplied timestamp. E.g. a value of 2014 would set the period end to be 2014-12-31T23:59:59 inclusive\u003c/p\u003e\n\u003c/div\u003e\u003c/td\u003e\u003c/tr\u003e\u003ctr\u003e\u003ctd\u003eOUT\u003c/td\u003e\u003ctd\u003ereturn\u003c/td\u003e\u003ctd/\u003e\u003ctd\u003e1..1\u003c/td\u003e\u003ctd\u003e\u003ca href\u003d\"library.html\"\u003eLibrary\u003c/a\u003e\u003c/td\u003e\u003ctd/\u003e\u003ctd\u003e\u003cdiv\u003e\u003cp\u003eThe result of the requirements gathering is a module-definition Library that describes the aggregate parameters, data requirements, and dependencies of the measure\u003c/p\u003e\n\u003c/div\u003e\u003c/td\u003e\u003c/tr\u003e\u003c/table\u003e\u003cdiv\u003e\u003cp\u003eThe effect of invoking this operation is to determine the aggregate set of data requirements and dependencies for the measure. The result is a Library resource with a type of module-definition that contains all the parameter definitions and data requirements of the libraries referenced by the measures. Implementations SHOULD aggregate data requirements intelligently (i.e. by collapsing overlapping data requirements). This operation defines what resources are subsequently referenced in the evaluatedResources element of the MeasureReport when submitting measure data\u003c/p\u003e\n\u003c/div\u003e\u003c/div\u003e"
  },
  "extension": [
    {
      "url": "http://hl7.org/fhir/StructureDefinition/structuredefinition-fmm",
      "valueInteger": 3
    },
    {
      "url": "http://hl7.org/fhir/StructureDefinition/structuredefinition-standards-status",
      "valueCode": "trial-use"
    }
  ],
  "url": "http://hl7.org/fhir/OperationDefinition/Measure-data-requirements",
  "version": "5.0.0",
  "name": "DataRequirements",
  "title": "Data Requirements",
  "status": "draft",
  "kind": "operation",
  "experimental": false,
  "date": "2023-03-26T15:21:02+11:00",
  "publisher": "HL7 (FHIR Project)",
  "contact": [
    {
      "telecom": [
        {
          "system": "url",
          "value": "http://hl7.org/fhir"
        },
        {
          "system": "email",
          "value": "fhir@lists.hl7.org"
        }
      ]
    }
  ],
  "description": "The data-requirements operation aggregates and returns the parameters and data requirements for the measure and all its dependencies as a single module definition",
  "jurisdiction": [
    {
      "coding": [
        {
          "system": "http://unstats.un.org/unsd/methods/m49/m49.htm",
          "code": "001",
          "display": "World"
        }
      ]
    }
  ],
  "affectsState": false,
  "code": "data-requirements",
  "comment": "The effect of invoking this operation is to determine the aggregate set of data requirements and dependencies for the measure. The result is a Library resource with a type of module-definition that contains all the parameter definitions and data requirements of the libraries referenced by the measures. Implementations SHOULD aggregate data requirements intelligently (i.e. by collapsing overlapping data requirements). This operation defines what resources are subsequently referenced in the evaluatedResources element of the MeasureReport when submitting measure data",
  "resource": [
    "Measure"
  ],
  "system": false,
  "type": false,
  "instance": true,
  "parameter": [
    {
      "name": "periodStart",
      "use": "in",
      "min": 1,
      "max": "1",
      "documentation": "The start of the measurement period. In keeping with the semantics of the date parameter used in the FHIR search operation, the period will start at the beginning of the period implied by the supplied timestamp. E.g. a value of 2014 would set the period start to be 2014-01-01T00:00:00 inclusive",
      "type": "date"
    },
    {
      "name": "periodEnd",
      "use": "in",
      "min": 1,
      "max": "1",
      "documentation": "The end of the measurement period. The period will end at the end of the period implied by the supplied timestamp. E.g. a value of 2014 would set the period end to be 2014-12-31T23:59:59 inclusive",
      "type": "date"
    },
    {
      "name": "return",
      "use": "out",
      "min": 1,
      "max": "1",
      "documentation": "The result of the requirements gathering is a module-definition Library that describes the aggregate parameters, data requirements, and dependencies of the measure",
      "type": "Library"
    }
  ]
}