{
  "resourceType": "Provenance",
  "id": "signature",
  "text": {
    "status": "generated",
    "div": "\u003cdiv xmlns\u003d\"http://www.w3.org/1999/xhtml\"\u003e\u003cp\u003e\u003cb\u003eGenerated Narrative: Provenance\u003c/b\u003e\u003ca name\u003d\"signature\"\u003e \u003c/a\u003e\u003c/p\u003e\u003cdiv style\u003d\"display: inline-block; background-color: #d9e0e7; padding: 6px; margin: 4px; border: 1px solid #8da1b4; border-radius: 5px; line-height: 60%\"\u003e\u003cp style\u003d\"margin-bottom: 0px\"\u003eResource Provenance \u0026quot;signature\u0026quot; \u003c/p\u003e\u003c/div\u003e\u003cp\u003e\u003cb\u003etarget\u003c/b\u003e: \u003cspan title\u003d\" \n\t\u0026lt;text\u0026gt;\n\t\t\u0026lt;status value\u003d\u0026quot;extensions\u0026quot;/\u0026gt;\n\t\t\u0026lt;div xmlns\u003d\u0026quot;http://www.w3.org/1999/xhtml\u0026quot;\u0026gt;procedure record authored on 27-June 2015 by Harold Hippocrates, MD Content extracted from Referral received 26-June\u0026lt;/div\u0026gt;\n\t\u0026lt;/text\u0026gt;\n \u0026amp;#10;  \n    where possible, provenance targets should be version specific,\n    so that there is no ambiguity about which version of the \n    record this relates to\n   \"\u003e\u003ca href\u003d\"documentreference-example.html\"\u003eDocumentReference/example/_history/4\u003c/a\u003e\u003c/span\u003e\u003c/p\u003e\u003cp\u003e\u003cb\u003erecorded\u003c/b\u003e: 27 Aug 2015, 8:39:24 am\u003c/p\u003e\u003ch3\u003eAuthorizations\u003c/h3\u003e\u003ctable class\u003d\"grid\"\u003e\u003ctr\u003e\u003ctd\u003e-\u003c/td\u003e\u003ctd\u003e\u003cb\u003eConcept\u003c/b\u003e\u003c/td\u003e\u003c/tr\u003e\u003ctr\u003e\u003ctd\u003e*\u003c/td\u003e\u003ctd\u003etreatment \u003cspan style\u003d\"background: LightGoldenRodYellow; margin: 4px; border: 1px solid khaki\"\u003e (\u003ca href\u003d\"http://terminology.hl7.org/5.1.0/CodeSystem-v3-ActReason.html\"\u003eActReason\u003c/a\u003e#TREAT)\u003c/span\u003e\u003c/td\u003e\u003c/tr\u003e\u003c/table\u003e\u003cp\u003e\u003cb\u003eactivity\u003c/b\u003e: authenticated \u003cspan style\u003d\"background: LightGoldenRodYellow; margin: 4px; border: 1px solid khaki\"\u003e (\u003ca href\u003d\"http://terminology.hl7.org/5.1.0/CodeSystem-v3-DocumentCompletion.html\"\u003eDocumentCompletion\u003c/a\u003e#AU)\u003c/span\u003e\u003c/p\u003e\u003ch3\u003eAgents\u003c/h3\u003e\u003ctable class\u003d\"grid\"\u003e\u003ctr\u003e\u003ctd\u003e-\u003c/td\u003e\u003ctd\u003e\u003cb\u003eType\u003c/b\u003e\u003c/td\u003e\u003ctd\u003e\u003cb\u003eWho\u003c/b\u003e\u003c/td\u003e\u003c/tr\u003e\u003ctr\u003e\u003ctd\u003e*\u003c/td\u003e\u003ctd\u003eVerifier \u003cspan style\u003d\"background: LightGoldenRodYellow; margin: 4px; border: 1px solid khaki\"\u003e (\u003ca href\u003d\"http://terminology.hl7.org/5.1.0/CodeSystem-contractsignertypecodes.html\"\u003eContract Signer Type Codes\u003c/a\u003e#VERF)\u003c/span\u003e\u003c/td\u003e\u003ctd\u003e\u003cspan title\u003d\"  very often, the user won\u0027t have a known system - these aren\u0027t available \n      for security system log ons. But where you can define it, you should.\n      Most of the time the userId is fully qualfied such as an email address\t   \"\u003e\u003cspan/\u003e\u003c/span\u003e\u003c/td\u003e\u003c/tr\u003e\u003c/table\u003e\u003ch3\u003eSignatures\u003c/h3\u003e\u003ctable class\u003d\"grid\"\u003e\u003ctr\u003e\u003ctd\u003e-\u003c/td\u003e\u003ctd\u003e\u003cb\u003eType\u003c/b\u003e\u003c/td\u003e\u003ctd\u003e\u003cb\u003eWhen\u003c/b\u003e\u003c/td\u003e\u003ctd\u003e\u003cb\u003eWho\u003c/b\u003e\u003c/td\u003e\u003ctd\u003e\u003cb\u003eTargetFormat\u003c/b\u003e\u003c/td\u003e\u003ctd\u003e\u003cb\u003eSigFormat\u003c/b\u003e\u003c/td\u003e\u003ctd\u003e\u003cb\u003eData\u003c/b\u003e\u003c/td\u003e\u003c/tr\u003e\u003ctr\u003e\u003ctd\u003e*\u003c/td\u003e\u003ctd\u003e\u003cspan title\u003d\"  verification signature  \"\u003eVerification Signature (Details: urn:iso-astm:E1762-95:2013 code 1.2.840.10065.1.12.1.5 \u003d \u0027Verification Signature\u0027, stated as \u0027Verification Signature\u0027)\u003c/span\u003e\u003c/td\u003e\u003ctd\u003e27 Aug 2015, 8:39:24 am\u003c/td\u003e\u003ctd\u003e\u003ca href\u003d\"practitioner-example-xcda-author.html\"\u003ePractitioner/xcda-author\u003c/a\u003e \u0026quot;Harold HIPPOCRATES\u0026quot;\u003c/td\u003e\u003ctd\u003eapplication/fhir+xml\u003c/td\u003e\u003ctd\u003eapplication/signature+xml\u003c/td\u003e\u003ctd\u003eLi4u\u003c/td\u003e\u003c/tr\u003e\u003c/table\u003e\u003c/div\u003e"
  },
  "target": [
    {
      "reference": "DocumentReference/example/_history/4"
    }
  ],
  "recorded": "2015-08-27T08:39:24+10:00",
  "authorization": [
    {
      "concept": {
        "coding": [
          {
            "system": "http://terminology.hl7.org/CodeSystem/v3-ActReason",
            "code": "TREAT",
            "display": "treatment"
          }
        ]
      }
    }
  ],
  "activity": {
    "coding": [
      {
        "system": "http://terminology.hl7.org/CodeSystem/v3-DocumentCompletion",
        "code": "AU",
        "display": "authenticated"
      }
    ]
  },
  "agent": [
    {
      "type": {
        "coding": [
          {
            "system": "http://terminology.hl7.org/CodeSystem/contractsignertypecodes",
            "code": "VERF"
          }
        ]
      },
      "who": {
        "identifier": {
          "system": "urn:ietf:rfc:3986",
          "value": "mailto://hhd@ssa.gov"
        }
      }
    }
  ],
  "signature": [
    {
      "type": [
        {
          "system": "urn:iso-astm:E1762-95:2013",
          "code": "1.2.840.10065.1.12.1.5",
          "display": "Verification Signature"
        }
      ],
      "when": "2015-08-27T08:39:24+10:00",
      "who": {
        "reference": "Practitioner/xcda-author"
      },
      "targetFormat": "application/fhir+xml",
      "sigFormat": "application/signature+xml",
      "data": "Li4u"
    }
  ],
  "meta": {
    "tag": [
      {
        "system": "http://terminology.hl7.org/CodeSystem/v3-ActReason",
        "code": "HTEST",
        "display": "test health data"
      }
    ]
  }
}