{
  "resourceType": "RelatedPerson",
  "id": "relatedPersonDenovoMother",
  "text": {
    "status": "generated",
    "div": "\u003cdiv xmlns\u003d\"http://www.w3.org/1999/xhtml\"\u003e\u003cp\u003e\u003cb\u003eGenerated Narrative: RelatedPerson\u003c/b\u003e\u003ca name\u003d\"relatedPersonDenovoMother\"\u003e \u003c/a\u003e\u003c/p\u003e\u003cdiv style\u003d\"display: inline-block; background-color: #d9e0e7; padding: 6px; margin: 4px; border: 1px solid #8da1b4; border-radius: 5px; line-height: 60%\"\u003e\u003cp style\u003d\"margin-bottom: 0px\"\u003eResource RelatedPerson \u0026quot;relatedPersonDenovoMother\u0026quot; \u003c/p\u003e\u003c/div\u003e\u003cp\u003e\u003cb\u003eidentifier\u003c/b\u003e: Medical record number: 11112 (use: TEMP, period: 2021-01-01 --\u0026gt; (ongoing))\u003c/p\u003e\u003cp\u003e\u003cb\u003eactive\u003c/b\u003e: true\u003c/p\u003e\u003cp\u003e\u003cb\u003epatient\u003c/b\u003e: \u003cspan title\u003d\"  0..1 Whether this related person\u0027s record is in active use  \"\u003e\u003ca href\u003d\"broken-link.html\"\u003ePatient/denovoChild\u003c/a\u003e\u003c/span\u003e\u003c/p\u003e\u003cp\u003e\u003cb\u003erelationship\u003c/b\u003e: natural mother \u003cspan style\u003d\"background: LightGoldenRodYellow; margin: 4px; border: 1px solid khaki\"\u003e (\u003ca href\u003d\"http://terminology.hl7.org/5.1.0/CodeSystem-v3-RoleCode.html\"\u003eRoleCode\u003c/a\u003e#NMTH)\u003c/span\u003e\u003c/p\u003e\u003cp\u003e\u003cb\u003ename\u003c/b\u003e: Jane Mother Doe (OFFICIAL)\u003c/p\u003e\u003cp\u003e\u003cb\u003egender\u003c/b\u003e: female\u003c/p\u003e\u003cp\u003e\u003cb\u003ebirthDate\u003c/b\u003e: 2000-01-01\u003c/p\u003e\u003c/div\u003e"
  },
  "identifier": [
    {
      "use": "temp",
      "type": {
        "coding": [
          {
            "system": "http://terminology.hl7.org/CodeSystem/v2-0203",
            "code": "MR",
            "display": "Medical record number"
          }
        ]
      },
      "system": "http://www.somesystemabc.net/identifiers/persons",
      "value": "11112",
      "period": {
        "start": "2021-01-01"
      },
      "assigner": {
        "display": "Child Hospital"
      }
    }
  ],
  "active": true,
  "patient": {
    "reference": "Patient/denovoChild"
  },
  "relationship": [
    {
      "coding": [
        {
          "system": "http://terminology.hl7.org/CodeSystem/v3-RoleCode",
          "code": "NMTH",
          "display": "natural mother"
        }
      ]
    }
  ],
  "name": [
    {
      "use": "official",
      "family": "Doe",
      "given": [
        "Jane",
        "Mother"
      ]
    }
  ],
  "gender": "female",
  "birthDate": "2000-01-01",
  "meta": {
    "tag": [
      {
        "system": "http://terminology.hl7.org/CodeSystem/v3-ActReason",
        "code": "HTEST",
        "display": "test health data"
      }
    ]
  }
}