{
  "resourceType": "ConceptMap",
  "id": "sc-allergyintolerance-clinical",
  "text": {
    "status": "extensions",
    "div": "\u003cdiv xmlns\u003d\"http://www.w3.org/1999/xhtml\"\u003e\u003ch2\u003eAllergyIntoleranceClinicalStatusCodesCanonicalMap (http://hl7.org/fhir/ConceptMap/sc-allergyintolerance-clinical)\u003c/h2\u003e\u003cp\u003eMapping from \u003ca href\u003d\"valueset-allergyintolerance-clinical.html\"\u003eAllergyIntolerance Clinical Status Codes\u003c/a\u003e to \u003ca href\u003d\"valueset-resource-status.html\"\u003eCanonical Status Codes for FHIR Resources\u003c/a\u003e\u003c/p\u003e\u003cp\u003eDRAFT. Published on ?ngen-10? by FHIR Project team (\u003ca href\u003d\"http://hl7.org/fhir\"\u003ehttp://hl7.org/fhir\u003c/a\u003e). \u003c/p\u003e\u003cdiv\u003e\u003cp\u003eCanonical Mapping for \u0026quot;Preferred value set for AllergyIntolerance Clinical Status.\u0026quot;\u003c/p\u003e\n\u003c/div\u003e\u003cbr/\u003e\u003cp\u003e\u003cb\u003eGroup 1\u003c/b\u003eMapping from \u003ca href\u003d\"http://terminology.hl7.org/5.1.0/CodeSystem-allergyintolerance-clinical.html\"\u003eAllergyIntolerance Clinical Status Codes\u003c/a\u003e to \u003ca href\u003d\"codesystem-resource-status.html\"\u003eCanonical Status Codes for FHIR Resources\u003c/a\u003e\u003c/p\u003e\u003ctable class\u003d\"grid\"\u003e\u003ctr\u003e\u003ctd\u003e\u003cb\u003eSource Code\u003c/b\u003e\u003c/td\u003e\u003ctd\u003e\u003cb\u003eRelationship\u003c/b\u003e\u003c/td\u003e\u003ctd\u003e\u003cb\u003eTarget Code\u003c/b\u003e\u003c/td\u003e\u003c/tr\u003e\u003ctr\u003e\u003ctd\u003eactive\u003c/td\u003e\u003ctd\u003e\u003ca href\u003d\"codesystem-concept-map-relationship.html#equivalent\" title\u003d\"equivalent\"\u003eis equivalent to\u003c/a\u003e\u003c/td\u003e\u003ctd\u003eactive\u003c/td\u003e\u003c/tr\u003e\u003ctr\u003e\u003ctd\u003einactive\u003c/td\u003e\u003ctd\u003e\u003ca href\u003d\"codesystem-concept-map-relationship.html#equivalent\" title\u003d\"equivalent\"\u003eis equivalent to\u003c/a\u003e\u003c/td\u003e\u003ctd\u003einactive\u003c/td\u003e\u003c/tr\u003e\u003ctr\u003e\u003ctd\u003eresolved\u003c/td\u003e\u003ctd\u003e\u003ca href\u003d\"codesystem-concept-map-relationship.html#equivalent\" title\u003d\"equivalent\"\u003eis equivalent to\u003c/a\u003e\u003c/td\u003e\u003ctd\u003eresolved\u003c/td\u003e\u003c/tr\u003e\u003c/table\u003e\u003c/div\u003e"
  },
  "url": "http://hl7.org/fhir/ConceptMap/sc-allergyintolerance-clinical",
  "version": "5.0.0",
  "name": "AllergyIntoleranceClinicalStatusCodesCanonicalMap",
  "title": "Canonical Mapping for \"AllergyIntolerance Clinical Status Codes\"",
  "status": "draft",
  "experimental": false,
  "publisher": "FHIR Project team",
  "contact": [
    {
      "telecom": [
        {
          "system": "url",
          "value": "http://hl7.org/fhir"
        }
      ]
    }
  ],
  "description": "Canonical Mapping for \"Preferred value set for AllergyIntolerance Clinical Status.\"",
  "jurisdiction": [
    {
      "coding": [
        {
          "system": "http://unstats.un.org/unsd/methods/m49/m49.htm",
          "code": "001",
          "display": "World"
        }
      ]
    }
  ],
  "sourceScopeCanonical": "http://hl7.org/fhir/ValueSet/allergyintolerance-clinical",
  "targetScopeCanonical": "http://hl7.org/fhir/ValueSet/resource-status",
  "group": [
    {
      "source": "http://terminology.hl7.org/CodeSystem/allergyintolerance-clinical",
      "target": "http://hl7.org/fhir/resource-status",
      "element": [
        {
          "code": "active",
          "target": [
            {
              "code": "active",
              "relationship": "equivalent"
            }
          ]
        },
        {
          "code": "inactive",
          "target": [
            {
              "code": "inactive",
              "relationship": "equivalent"
            }
          ]
        },
        {
          "code": "resolved",
          "target": [
            {
              "code": "resolved",
              "relationship": "equivalent"
            }
          ]
        }
      ]
    }
  ]
}