{
  "resourceType": "ValueSet",
  "id": "example-expansion",
  "meta": {
    "profile": [
      "http://hl7.org/fhir/StructureDefinition/shareablevalueset"
    ]
  },
  "text": {
    "status": "additional",
    "div": "\u003cdiv xmlns\u003d\"http://www.w3.org/1999/xhtml\"\u003e\n\t\t\t\n      \u003ctable class\u003d\"grid\"\u003e\n\t\t\t\t\n        \u003ctr\u003e\n\t\t\t\t\t\n          \u003ctd\u003ehttp://loinc.org\u003c/td\u003e\n\t\t\t\t\t\n          \u003ctd\u003e14647-2\u003c/td\u003e\n\t\t\t\t\t\n          \u003ctd\u003eCholesterol [Moles/volume] in Serum or Plasma\u003c/td\u003e\n\t\t\t\t\n        \u003c/tr\u003e\n\t\t\t\t\n        \u003ctr\u003e\n\t\t\t\t\t\n          \u003ctd colspan\u003d\"3\"\u003e\n\t\t\t\t\t\t\n            \u003cb\u003eAdditional Cholesterol codes\u003c/b\u003e\n\t\t\t\t\t\n          \u003c/td\u003e\n\t\t\t\t\n        \u003c/tr\u003e\n\t\t\t\t\n        \u003ctr\u003e\n\t\t\t\t\t\n          \u003ctd\u003ehttp://loinc.org\u003c/td\u003e\n\t\t\t\t\t\n          \u003ctd\u003e2093-3\u003c/td\u003e\n\t\t\t\t\t\n          \u003ctd\u003eCholesterol [Mass/volume] in Serum or Plasma\u003c/td\u003e\n\t\t\t\t\n        \u003c/tr\u003e\n\t\t\t\t\n        \u003ctr\u003e\n\t\t\t\t\t\n          \u003ctd\u003ehttp://loinc.org\u003c/td\u003e\n\t\t\t\t\t\n          \u003ctd\u003e48620-9\u003c/td\u003e\n\t\t\t\t\t\n          \u003ctd\u003eCholesterol [Mass/volume] in Serum or Plasma ultracentrifugate\u003c/td\u003e\n\t\t\t\t\n        \u003c/tr\u003e\n\t\t\t\t\n        \u003ctr\u003e\n\t\t\t\t\t\n          \u003ctd\u003ehttp://loinc.org\u003c/td\u003e\n\t\t\t\t\t\n          \u003ctd\u003e9342-7\u003c/td\u003e\n\t\t\t\t\t\n          \u003ctd\u003eCholesterol [Percentile]\u003c/td\u003e\n\t\t\t\t\n        \u003c/tr\u003e\n\t\t\t\t\n        \u003ctr\u003e\n\t\t\t\t\t\n          \u003ctd colspan\u003d\"3\"\u003e\n\t\t\t\t\t\t\n            \u003cb\u003eCholesterol Ratios\u003c/b\u003e\n\t\t\t\t\t\n          \u003c/td\u003e\n\t\t\t\t\n        \u003c/tr\u003e\n\t\t\t\t\n        \u003ctr\u003e\n\t\t\t\t\t\n          \u003ctd\u003ehttp://loinc.org\u003c/td\u003e\n\t\t\t\t\t\n          \u003ctd\u003e2096-6\u003c/td\u003e\n\t\t\t\t\t\n          \u003ctd\u003eCholesterol/Triglyceride [Mass Ratio] in Serum or Plasma\u003c/td\u003e\n\t\t\t\t\n        \u003c/tr\u003e\n\t\t\t\t\n        \u003ctr\u003e\n\t\t\t\t\t\n          \u003ctd\u003ehttp://loinc.org\u003c/td\u003e\n\t\t\t\t\t\n          \u003ctd\u003e35200-5\u003c/td\u003e\n\t\t\t\t\t\n          \u003ctd\u003eCholesterol/Triglyceride [Mass Ratio] in Serum or Plasma\u003c/td\u003e\n\t\t\t\t\n        \u003c/tr\u003e\n\t\t\t\t\n        \u003ctr\u003e\n\t\t\t\t\t\n          \u003ctd\u003ehttp://loinc.org\u003c/td\u003e\n\t\t\t\t\t\n          \u003ctd\u003e48089-7\u003c/td\u003e\n\t\t\t\t\t\n          \u003ctd\u003eCholesterol/Apolipoprotein B [Molar ratio] in Serum or Plasma\u003c/td\u003e\n\t\t\t\t\n        \u003c/tr\u003e\n\t\t\t\t\n        \u003ctr\u003e\n\t\t\t\t\t\n          \u003ctd\u003ehttp://loinc.org\u003c/td\u003e\n\t\t\t\t\t\n          \u003ctd\u003e55838-7\u003c/td\u003e\n\t\t\t\t\t\n          \u003ctd\u003eCholesterol/Phospholipid [Molar ratio] in Serum or Plasma\u003c/td\u003e\n\t\t\t\t\n        \u003c/tr\u003e\n\t\t\t\n      \u003c/table\u003e\n\t\t\n    \u003c/div\u003e"
  },
  "url": "http://hl7.org/fhir/ValueSet/example-expansion",
  "identifier": [
    {
      "system": "urn:ietf:rfc:3986",
      "value": "urn:oid:2.16.840.1.113883.4.642.3.3141"
    }
  ],
  "version": "5.0.0",
  "name": "LOINCCodesForCholesterolInSerumPlasma",
  "title": "LOINC Codes for Cholesterol in Serum/Plasma",
  "status": "draft",
  "experimental": true,
  "date": "2015-06-22",
  "publisher": "FHIR Project team",
  "contact": [
    {
      "telecom": [
        {
          "system": "url",
          "value": "http://hl7.org/fhir"
        }
      ]
    }
  ],
  "description": "This is an example value set that includes all the LOINC codes for serum/plasma cholesterol from v2.36.",
  "copyright": "This content from LOINC® is copyright © 1995 Regenstrief Institute, Inc. and the LOINC Committee, and available at no cost under the license at http://loinc.org/terms-of-use.",
  "compose": {
    "include": [
      {
        "system": "http://loinc.org",
        "filter": [
          {
            "property": "parent",
            "op": "\u003d",
            "value": "LP43571-6"
          }
        ]
      }
    ]
  },
  "expansion": {
    "extension": [
      {
        "url": "http://hl7.org/fhir/StructureDefinition/valueset-expansionSource",
        "valueUri": "http://hl7.org/fhir/ValueSet/example"
      }
    ],
    "identifier": "urn:uuid:42316ff8-2714-4680-9980-f37a6d1a71bc",
    "timestamp": "2015-06-22T13:56:07Z",
    "total": 8,
    "offset": 0,
    "parameter": [
      {
        "name": "version",
        "valueString": "2.50"
      }
    ],
    "property": [
      {
        "code": "PROPERTY",
        "uri": "http://loinc.org/property/PROPERTY"
      }
    ],
    "contains": [
      {
        "system": "http://loinc.org",
        "version": "2.50",
        "code": "14647-2",
        "display": "Cholesterol [Moles/volume] in Serum or Plasma",
        "property": [
          {
            "code": "PROPERTY",
            "valueCode": "SCnc"
          }
        ]
      },
      {
        "abstract": true,
        "display": "Cholesterol codes",
        "contains": [
          {
            "system": "http://loinc.org",
            "version": "2.50",
            "code": "2093-3",
            "display": "Cholesterol [Mass/volume] in Serum or Plasma",
            "property": [
              {
                "code": "PROPERTY",
                "valueCode": "SCnc"
              }
            ]
          },
          {
            "system": "http://loinc.org",
            "version": "2.50",
            "code": "48620-9",
            "display": "Cholesterol [Mass/volume] in Serum or Plasma ultracentrifugate",
            "property": [
              {
                "code": "PROPERTY",
                "valueCode": "MCnc"
              }
            ]
          },
          {
            "system": "http://loinc.org",
            "version": "2.50",
            "code": "9342-7",
            "display": "Cholesterol [Percentile]",
            "property": [
              {
                "code": "PROPERTY",
                "valueCode": "Prctl"
              }
            ]
          }
        ]
      },
      {
        "abstract": true,
        "display": "Cholesterol Ratios",
        "contains": [
          {
            "system": "http://loinc.org",
            "version": "2.50",
            "code": "2096-6",
            "display": "Cholesterol/Triglyceride [Mass Ratio] in Serum or Plasma",
            "property": [
              {
                "code": "PROPERTY",
                "valueCode": "SCnc"
              }
            ]
          },
          {
            "system": "http://loinc.org",
            "version": "2.50",
            "code": "35200-5",
            "display": "Cholesterol/Triglyceride [Mass Ratio] in Serum or Plasma",
            "property": [
              {
                "code": "PROPERTY",
                "valueCode": "SCnc"
              }
            ]
          },
          {
            "system": "http://loinc.org",
            "version": "2.50",
            "code": "48089-7",
            "display": "Cholesterol/Apolipoprotein B [Molar ratio] in Serum or Plasma",
            "property": [
              {
                "code": "PROPERTY",
                "valueCode": "SCnc"
              }
            ]
          },
          {
            "system": "http://loinc.org",
            "version": "2.50",
            "code": "55838-7",
            "display": "Cholesterol/Phospholipid [Molar ratio] in Serum or Plasma",
            "property": [
              {
                "code": "PROPERTY",
                "valueCode": "SCnc"
              }
            ]
          }
        ]
      }
    ]
  }
}