{
  "resourceType": "ValueSet",
  "id": "system-restful-interaction",
  "meta": {
    "lastUpdated": "2023-03-26T15:21:02.749+11:00",
    "profile": [
      "http://hl7.org/fhir/StructureDefinition/shareablevalueset"
    ]
  },
  "text": {
    "status": "extensions",
    "div": "\u003cdiv xmlns\u003d\"http://www.w3.org/1999/xhtml\"\u003e\n      \n      \n      \u003cul\u003e\n        \n        \n        \u003cli\u003eInclude these codes as defined in \n          \n          \n          \u003ca href\u003d\"codesystem-restful-interaction.html\"\u003e\n            \n            \n            \u003ccode\u003ehttp://hl7.org/fhir/restful-interaction\u003c/code\u003e\n          \n          \n          \u003c/a\u003e\n          \n          \n          \u003ctable class\u003d\"none\"\u003e\n            \n            \n            \u003ctr\u003e\n              \n              \n              \u003ctd style\u003d\"white-space:nowrap\"\u003e\n                \n                \n                \u003cb\u003eCode\u003c/b\u003e\n              \n              \n              \u003c/td\u003e\n              \n              \n              \u003ctd\u003e\n                \n                \n                \u003cb\u003eDisplay\u003c/b\u003e\n              \n              \n              \u003c/td\u003e\n              \n              \n              \u003ctd\u003e\n                \n                \n                \u003cb\u003eDefinition\u003c/b\u003e\n              \n              \n              \u003c/td\u003e\n            \n            \n            \u003c/tr\u003e\n            \n            \n            \u003ctr\u003e\n              \n              \n              \u003ctd\u003e\n                \n                \n                \u003ca href\u003d\"codesystem-restful-interaction.html#restful-interaction-transaction\"\u003etransaction\u003c/a\u003e\n              \n              \n              \u003c/td\u003e\n              \n              \n              \u003ctd\u003etransaction\u003c/td\u003e\n              \n              \n              \u003ctd\u003eUpdate, create or delete a set of resources as a single transaction.\u003c/td\u003e\n            \n            \n            \u003c/tr\u003e\n            \n            \n            \u003ctr\u003e\n              \n              \n              \u003ctd\u003e\n                \n                \n                \u003ca href\u003d\"codesystem-restful-interaction.html#restful-interaction-batch\"\u003ebatch\u003c/a\u003e\n              \n              \n              \u003c/td\u003e\n              \n              \n              \u003ctd\u003ebatch\u003c/td\u003e\n              \n              \n              \u003ctd\u003eperform a set of a separate interactions in a single http operation\u003c/td\u003e\n            \n            \n            \u003c/tr\u003e\n            \n            \n            \u003ctr\u003e\n              \n              \n              \u003ctd\u003e\n                \n                \n                \u003ca href\u003d\"codesystem-restful-interaction.html#restful-interaction-search-system\"\u003esearch-system\u003c/a\u003e\n              \n              \n              \u003c/td\u003e\n              \n              \n              \u003ctd\u003esearch-system\u003c/td\u003e\n              \n              \n              \u003ctd\u003eSearch all resources based on some filter criteria.\u003c/td\u003e\n            \n            \n            \u003c/tr\u003e\n            \n            \n            \u003ctr\u003e\n              \n              \n              \u003ctd\u003e\n                \n                \n                \u003ca href\u003d\"codesystem-restful-interaction.html#restful-interaction-history-system\"\u003ehistory-system\u003c/a\u003e\n              \n              \n              \u003c/td\u003e\n              \n              \n              \u003ctd\u003ehistory-system\u003c/td\u003e\n              \n              \n              \u003ctd\u003eRetrieve the change history for all resources on a system.\u003c/td\u003e\n            \n            \n            \u003c/tr\u003e\n          \n          \n          \u003c/table\u003e\n        \n        \n        \u003c/li\u003e\n      \n      \n      \u003c/ul\u003e\n    \n    \n    \u003c/div\u003e"
  },
  "extension": [
    {
      "url": "http://hl7.org/fhir/StructureDefinition/structuredefinition-wg",
      "valueCode": "fhir"
    },
    {
      "url": "http://hl7.org/fhir/StructureDefinition/structuredefinition-standards-status",
      "valueCode": "normative"
    },
    {
      "url": "http://hl7.org/fhir/StructureDefinition/structuredefinition-normative-version",
      "valueCode": "4.0.0"
    },
    {
      "url": "http://hl7.org/fhir/StructureDefinition/structuredefinition-fmm",
      "valueInteger": 5
    }
  ],
  "url": "http://hl7.org/fhir/ValueSet/system-restful-interaction",
  "identifier": [
    {
      "system": "urn:ietf:rfc:3986",
      "value": "urn:oid:2.16.840.1.113883.4.642.3.181"
    },
    {
      "use": "old",
      "system": "urn:ietf:rfc:3986",
      "value": "urn:oid:2.16.840.1.113883.4.642.3.171"
    },
    {
      "use": "old",
      "system": "urn:ietf:rfc:3986",
      "value": "urn:oid:2.16.840.1.113883.4.642.2.84"
    }
  ],
  "version": "5.0.0",
  "name": "SystemRestfulInteraction",
  "title": "System Restful Interaction",
  "status": "active",
  "experimental": false,
  "date": "2020-12-28T16:55:11+11:00",
  "publisher": "HL7 (FHIR Project)",
  "contact": [
    {
      "telecom": [
        {
          "system": "url",
          "value": "http://hl7.org/fhir"
        },
        {
          "system": "email",
          "value": "fhir@lists.hl7.org"
        }
      ]
    }
  ],
  "description": "Operations supported by REST at the system level.",
  "jurisdiction": [
    {
      "coding": [
        {
          "system": "http://unstats.un.org/unsd/methods/m49/m49.htm",
          "code": "001",
          "display": "World"
        }
      ]
    }
  ],
  "compose": {
    "include": [
      {
        "system": "http://hl7.org/fhir/restful-interaction",
        "concept": [
          {
            "code": "transaction"
          },
          {
            "code": "batch"
          },
          {
            "code": "search-system"
          },
          {
            "code": "history-system"
          }
        ]
      }
    ]
  }
}