{
  "resourceType": "ValueSet",
  "id": "provenance-activity-type",
  "meta": {
    "lastUpdated": "2023-03-26T15:21:02.749+11:00",
    "profile": [
      "http://hl7.org/fhir/StructureDefinition/shareablevalueset"
    ]
  },
  "text": {
    "status": "extensions",
    "div": "\u003cdiv xmlns\u003d\"http://www.w3.org/1999/xhtml\"\u003e\u003cul\u003e\u003cli\u003eInclude these codes as defined in \u003ca href\u003d\"http://terminology.hl7.org/5.1.0/CodeSystem-iso-21089-lifecycle.html\"\u003e\u003ccode\u003ehttp://terminology.hl7.org/CodeSystem/iso-21089-lifecycle\u003c/code\u003e\u003c/a\u003e\u003ctable class\u003d\"none\"\u003e\u003ctr\u003e\u003ctd style\u003d\"white-space:nowrap\"\u003e\u003cb\u003eCode\u003c/b\u003e\u003c/td\u003e\u003ctd\u003e\u003cb\u003eDisplay\u003c/b\u003e\u003c/td\u003e\u003ctd\u003e\u003cb\u003eDefinition\u003c/b\u003e\u003c/td\u003e\u003c/tr\u003e\u003ctr\u003e\u003ctd\u003e\u003ca href\u003d\"http://terminology.hl7.org/5.1.0/CodeSystem-iso-21089-lifecycle.html#iso-21089-lifecycle-amend\"\u003eamend\u003c/a\u003e\u003c/td\u003e\u003ctd\u003eAmend (Update) Record Lifecycle Event\u003c/td\u003e\u003ctd\u003eOccurs when an agent makes any change to record entry content currently residing in storage considered permanent (persistent).\u003c/td\u003e\u003c/tr\u003e\u003ctr\u003e\u003ctd\u003e\u003ca href\u003d\"http://terminology.hl7.org/5.1.0/CodeSystem-iso-21089-lifecycle.html#iso-21089-lifecycle-originate\"\u003eoriginate\u003c/a\u003e\u003c/td\u003e\u003ctd\u003eOriginate/Retain Record Lifecycle Event\u003c/td\u003e\u003ctd\u003eOccurs when an agent causes the system to: a) initiate capture of potential record content, and b) incorporate that content into the storage considered a permanent part of the health record.\u003c/td\u003e\u003c/tr\u003e\u003ctr\u003e\u003ctd\u003e\u003ca href\u003d\"http://terminology.hl7.org/5.1.0/CodeSystem-iso-21089-lifecycle.html#iso-21089-lifecycle-merge\"\u003emerge\u003c/a\u003e\u003c/td\u003e\u003ctd\u003eMerge Record Lifecycle Event\u003c/td\u003e\u003ctd\u003eOccurs when an agent causes the system to combine or join content from two or more record entries, resulting in a single logical record entry.\u003c/td\u003e\u003c/tr\u003e\u003ctr\u003e\u003ctd\u003e\u003ca href\u003d\"http://terminology.hl7.org/5.1.0/CodeSystem-iso-21089-lifecycle.html#iso-21089-lifecycle-deidentify\"\u003edeidentify\u003c/a\u003e\u003c/td\u003e\u003ctd\u003eDe-Identify (Anononymize) Record Lifecycle Event\u003c/td\u003e\u003ctd\u003eOccurs when an agent causes the system to scrub record entry content to reduce the association between a set of identifying data and the data subject in a way that might or might not be reversible.\u003c/td\u003e\u003c/tr\u003e\u003ctr\u003e\u003ctd\u003e\u003ca href\u003d\"http://terminology.hl7.org/5.1.0/CodeSystem-iso-21089-lifecycle.html#iso-21089-lifecycle-receive\"\u003ereceive\u003c/a\u003e\u003c/td\u003e\u003ctd\u003eReceive/Retain Record Lifecycle Event\u003c/td\u003e\u003ctd\u003eOccurs when an agent causes the system to a) initiate capture of data content from elsewhere, and b) incorporate that content into the storage considered a permanent part of the health record.\u003c/td\u003e\u003c/tr\u003e\u003ctr\u003e\u003ctd\u003e\u003ca href\u003d\"http://terminology.hl7.org/5.1.0/CodeSystem-iso-21089-lifecycle.html#iso-21089-lifecycle-transform\"\u003etransform\u003c/a\u003e\u003c/td\u003e\u003ctd\u003eTransform/Translate Record Lifecycle Event\u003c/td\u003e\u003ctd\u003eOccurs when an agent causes the system to change the form, language or code system used to represent record entry content.\u003c/td\u003e\u003c/tr\u003e\u003ctr\u003e\u003ctd\u003e\u003ca href\u003d\"http://terminology.hl7.org/5.1.0/CodeSystem-iso-21089-lifecycle.html#iso-21089-lifecycle-verify\"\u003everify\u003c/a\u003e\u003c/td\u003e\u003ctd\u003eVerify Record Lifecycle Event\u003c/td\u003e\u003ctd\u003eOccurs when an agent causes the system to confirm compliance of data or data objects with regulations, requirements, specifications, or other imposed conditions based on organizational policy.\u003c/td\u003e\u003c/tr\u003e\u003c/table\u003e\u003c/li\u003e\u003c/ul\u003e\u003c/div\u003e"
  },
  "extension": [
    {
      "url": "http://hl7.org/fhir/StructureDefinition/valueset-extensible",
      "valueBoolean": true
    },
    {
      "url": "http://hl7.org/fhir/StructureDefinition/structuredefinition-wg",
      "valueCode": "sec"
    },
    {
      "url": "http://hl7.org/fhir/StructureDefinition/structuredefinition-standards-status",
      "valueCode": "draft"
    },
    {
      "url": "http://hl7.org/fhir/StructureDefinition/structuredefinition-fmm",
      "valueInteger": 1
    }
  ],
  "url": "http://hl7.org/fhir/ValueSet/provenance-activity-type",
  "identifier": [
    {
      "system": "urn:ietf:rfc:3986",
      "value": "urn:oid:2.16.840.1.113883.4.642.3.438"
    },
    {
      "use": "old",
      "system": "urn:ietf:rfc:3986",
      "value": "urn:oid:2.16.840.1.113883.4.642.3.429"
    }
  ],
  "version": "5.0.0",
  "name": "ProvenanceActivityType",
  "title": "ValueSet of sample of representative activity type codes.",
  "status": "draft",
  "experimental": true,
  "date": "2022-05-10T18:00:00+01:00",
  "publisher": "HL7 Security Work Group",
  "contact": [
    {
      "telecom": [
        {
          "system": "url",
          "value": "http://hl7.org/fhir"
        },
        {
          "system": "email",
          "value": "fhir@lists.hl7.org"
        }
      ]
    }
  ],
  "description": "Some potential code systems are:\n- [v3-DocumentCompletion](http://terminology.hl7.org/3.0.0/CodeSystem-v3-DocumentCompletion.html)\n- [v3-DataOperation](http://terminology.hl7.org/3.0.0/CodeSystem-v3-DataOperation.html)\n- [v3-ActCode](http://hl7.org/fhir/v3/ActCode/cs.html)\n- [ISO Lifecycle](http://terminology.hl7.org/CodeSystem/iso-21089-lifecycle)",
  "jurisdiction": [
    {
      "coding": [
        {
          "system": "http://unstats.un.org/unsd/methods/m49/m49.htm",
          "code": "001",
          "display": "World"
        }
      ]
    }
  ],
  "compose": {
    "include": [
      {
        "system": "http://terminology.hl7.org/CodeSystem/iso-21089-lifecycle",
        "concept": [
          {
            "code": "amend"
          },
          {
            "code": "originate"
          },
          {
            "code": "merge"
          },
          {
            "code": "deidentify"
          },
          {
            "code": "receive"
          },
          {
            "code": "transform"
          },
          {
            "code": "verify"
          }
        ]
      }
    ]
  }
}