{
  "resourceType": "ValueSet",
  "id": "security-label-examples",
  "meta": {
    "lastUpdated": "2023-03-26T15:21:02.749+11:00",
    "profile": [
      "http://hl7.org/fhir/StructureDefinition/shareablevalueset"
    ]
  },
  "text": {
    "status": "generated",
    "div": "\u003cdiv xmlns\u003d\"http://www.w3.org/1999/xhtml\"\u003e\u003cp\u003eThis value set includes codes based on the following rules:\u003c/p\u003e\u003cul\u003e\u003cli\u003eImport all the codes that are contained in \u003ca href\u003d\"valueset-security-label-data-examples.html\"\u003eExample set of Data Security Labels\u003c/a\u003e\u003c/li\u003e\u003cli\u003eImport all the codes that are contained in \u003ca href\u003d\"valueset-security-label-event-examples.html\"\u003eExample set of Event / Bundle used Security Labels\u003c/a\u003e\u003c/li\u003e\u003c/ul\u003e\u003c/div\u003e"
  },
  "extension": [
    {
      "url": "http://hl7.org/fhir/StructureDefinition/structuredefinition-wg",
      "valueCode": "sec"
    },
    {
      "url": "http://hl7.org/fhir/StructureDefinition/structuredefinition-standards-status",
      "valueCode": "draft"
    },
    {
      "url": "http://hl7.org/fhir/StructureDefinition/structuredefinition-fmm",
      "valueInteger": 1
    }
  ],
  "url": "http://hl7.org/fhir/ValueSet/security-label-examples",
  "identifier": [
    {
      "system": "urn:ietf:rfc:3986",
      "value": "urn:oid:2.16.840.1.113883.4.642.3.3011"
    }
  ],
  "version": "5.0.0",
  "name": "SecurityLabelExamples",
  "title": "Example set of Security Labels",
  "status": "draft",
  "experimental": true,
  "date": "2022-05-10",
  "publisher": "HL7 Security Work Group",
  "contact": [
    {
      "telecom": [
        {
          "system": "url",
          "value": "http://hl7.org/fhir"
        },
        {
          "system": "email",
          "value": "fhir@lists.hl7.org"
        }
      ]
    }
  ],
  "description": "A sample of security labels from [Healthcare Privacy and Security Classification System](security-labels.html#hcs) as the combination of data and event codes.",
  "jurisdiction": [
    {
      "coding": [
        {
          "system": "http://unstats.un.org/unsd/methods/m49/m49.htm",
          "code": "001",
          "display": "World"
        }
      ]
    }
  ],
  "compose": {
    "include": [
      {
        "valueSet": [
          "http://hl7.org/fhir/ValueSet/security-label-data-examples"
        ]
      },
      {
        "valueSet": [
          "http://hl7.org/fhir/ValueSet/security-label-event-examples"
        ]
      }
    ]
  }
}