{"category":"food","criticality":"CRITH","id":"allergyintolerance-example","identifier":[{"system":"http://acme.com/ids/patients/risks","value":"49476534"}],"lastOccurence":"2012-06","patient":{"reference":"Patient/example"},"reaction":[{"certainty":"confirmed","description":"Challenge Protocol. Severe Reaction to 1/8 cashew. Epinephrine administered","manifestation":[{"coding":[{"code":"39579001","display":"Anaphylactic reaction","system":"http://snomed.info/sct"}]}],"onset":"2012-06-12","severity":"severe","substance":{"coding":[{"code":"C3214954","display":"cashew nut allergenic extract Injectable Product","system":"http://www.nlm.nih.gov/research/umls/rxnorm"}]}},{"certainty":"likely","manifestation":[{"coding":[{"code":"64305001","display":"Urticaria","system":"http://snomed.info/sct"}]}],"onset":"2004","severity":"moderate"}],"recordedDate":"2014-10-09T14:58:00+11:00","recorder":{"reference":"Practitioner/example"},"resourceType":"AllergyIntolerance","status":"confirmed","substance":{"coding":[{"code":"227493005","display":"Cashew nuts","system":"http://snomed.info/sct"}]},"text":{"div":"<div><p><b>Generated Narrative with Details</b></p><p><b>id</b>: allergyintolerance-example</p><p><b>identifier</b>: 49476534</p><p><b>recordedDate</b>: 09/10/2014 2:58:00 PM</p><p><b>recorder</b>: <a>Practitioner/example</a></p><p><b>patient</b>: <a>Patient/example</a></p><p><b>substance</b>: Cashew nuts <span>(Details : {SNOMED CT code '227493005' = '227493005', given as 'Cashew nuts'})</span></p><p><b>status</b>: confirmed</p><p><b>criticality</b>: CRITH</p><p><b>type</b>: allergy</p><p><b>category</b>: food</p><p><b>lastOccurence</b>: 01/06/2012</p><blockquote><p><b>reaction</b></p><p><b>substance</b>: cashew nut allergenic extract Injectable Product <span>(Details : {RxNorm code 'C3214954' = '??', given as 'cashew nut allergenic extract Injectable Product'})</span></p><p><b>certainty</b>: confirmed</p><p><b>manifestation</b>: Anaphylactic reaction <span>(Details : {SNOMED CT code '39579001' = '39579001', given as 'Anaphylactic reaction'})</span></p><p><b>description</b>: Challenge Protocol. Severe Reaction to 1/8 cashew. Epinephrine administered</p><p><b>onset</b>: 12/06/2012</p><p><b>severity</b>: severe</p></blockquote><blockquote><p><b>reaction</b></p><p><b>certainty</b>: likely</p><p><b>manifestation</b>: Urticaria <span>(Details : {SNOMED CT code '64305001' = '64305001', given as 'Urticaria'})</span></p><p><b>onset</b>: 01/01/2004</p><p><b>severity</b>: moderate</p></blockquote></div>","status":"generated"},"type":"allergy"}