{
  "resourceType": "Condition",
  "id": "cond-uslab-example2",
  "text": {
    "status": "generated",
    "div": "<div><p><b>Generated Narrative with Details</b></p><p><b>id</b>: cond-uslab-example2</p><p><b>patient</b>: <a>Todd Lerr</a></p><p><b>code</b>: Abnormal lead level in blood <span>(Details : {http://www.cms.gov/Medicare/Coding/ICD10/index.html code 'R78.71' = '??', given as 'Abnormal lead level in blood'})</span></p><p><b>category</b>: Diagnosis <span>(Details : {http://hl7.org/fhir/condition-category code 'diagnosis' = 'Diagnosis', given as 'Diagnosis'})</span></p><p><b>verificationStatus</b>: provisional</p></div>"
  },
  "patient": {
    "reference": "Patient/patient-uslab-example2",
    "display": "Todd Lerr"
  },
  "code": {
    "fhir_comments": [
      "  EH note to balloters-  these examples are  to demonstrate content and structure the clinical scenario and ICD coding is artificial and  probably wrong.  "
    ],
    "coding": [
      {
        "system": "http://www.cms.gov/Medicare/Coding/ICD10/index.html",
        "code": "R78.71",
        "display": "Abnormal lead level in blood"
      }
    ]
  },
  "category": {
    "coding": [
      {
        "system": "http://hl7.org/fhir/condition-category",
        "code": "diagnosis",
        "display": "Diagnosis"
      }
    ]
  },
  "verificationStatus": "provisional"
}