{
  "resourceType": "Questionnaire",
  "id": "qs1",
  "contained": [
    {
      "resourceType": "ValueSet",
      "id": "vs2",
      "name": "Type options for AllergyIntolerance.recorder",
      "status": "active",
      "description": "Type options for AllergyIntolerance.recorder",
      "expansion": {
        "identifier": "urn:uuid:7bbe9716-50e3-47a2-bef7-aa024decdc8b",
        "timestamp": "2015-10-24T07:44:27+11:00",
        "contains": [
          {
            "system": "http://hl7.org/fhir/resource-types",
            "code": "daf-pract",
            "display": "daf-pract"
          },
          {
            "system": "http://hl7.org/fhir/resource-types",
            "code": "daf-patient",
            "display": "daf-patient"
          }
        ]
      }
    },
    {
      "resourceType": "ValueSet",
      "id": "vs3",
      "name": "Type options for AllergyIntolerance.reporter",
      "status": "active",
      "description": "Type options for AllergyIntolerance.reporter",
      "expansion": {
        "identifier": "urn:uuid:e99684d1-817f-4ac7-bb62-38512370409f",
        "timestamp": "2015-10-24T07:44:27+11:00",
        "contains": [
          {
            "system": "http://hl7.org/fhir/resource-types",
            "code": "daf-pract",
            "display": "daf-pract"
          },
          {
            "system": "http://hl7.org/fhir/resource-types",
            "code": "daf-patient",
            "display": "daf-patient"
          },
          {
            "system": "http://hl7.org/fhir/resource-types",
            "code": "daf-relatedperson",
            "display": "daf-relatedperson"
          }
        ]
      }
    }
  ],
  "identifier": [
    {
      "system": "urn:ietf:rfc:3986"
    }
  ],
  "status": "draft",
  "date": "2014-08-21T00:00:00+10:00",
  "publisher": "Health Level Seven International (Infrastructure and Messaging - Data Access Framework)",
  "group": {
    "extension": [
      {
        "url": "http://hl7.org/fhir/Profile/questionnaire-extensions#flyover",
        "valueString": "Risk of harmful or undesirable, physiological response which is unique to an individual and associated with exposure to a substance."
      }
    ],
    "linkId": "AllergyIntolerance",
    "title": "Allergy or Intolerance (generally: Risk Of Adverse reaction to a substance)",
    "text": "Substances include, but are not limited to: a therapeutic substance administered correctly at an appropriate dosage for the individual; food; material derived from plants or animals; or venom from insect stings.",
    "required": false,
    "repeats": true,
    "group": [
      {
        "extension": [
          {
            "url": "http://hl7.org/fhir/Profile/questionnaire-extensions#flyover",
            "valueString": "The logical id of the resource, as used in the URL for the resource. Once assigned, this value never changes. The only time that a resource does not have an id is when it is being submitted to the server using a create operation. Bundles always have an id, though it is usually a generated UUID."
          },
          {
            "url": "http://www.healthintersections.com.au/fhir/Profile/metadata#type",
            "valueString": "string"
          }
        ],
        "linkId": "AllergyIntolerance.id",
        "required": false,
        "repeats": true,
        "question": [
          {
            "linkId": "AllergyIntolerance.id.value",
            "text": "Logical id of this artifact",
            "type": "string",
            "required": false,
            "repeats": false
          }
        ]
      },
      {
        "extension": [
          {
            "url": "http://hl7.org/fhir/Profile/questionnaire-extensions#flyover",
            "valueString": "The metadata about the resource. This is content that is maintained by the infrastructure. Changes to the content may not always be associated with version changes to the resource."
          }
        ],
        "linkId": "AllergyIntolerance.meta",
        "text": "Metadata about the resource",
        "required": false,
        "repeats": true
      },
      {
        "extension": [
          {
            "url": "http://hl7.org/fhir/Profile/questionnaire-extensions#flyover",
            "valueString": "A reference to a set of rules that were followed when the resource was constructed, and which must be understood when processing the content. Asserting this rule set restricts the content to be only understood by a limited set of trading partners. This inherently limits the usefulness of the data in the long term. However, the existing health eco-system is highly fractured, and not yet ready to define, collect, and exchange data in a generally computable sense. Wherever possible, implementers and/or specification writers should avoid using this element as much as possible."
          },
          {
            "url": "http://www.healthintersections.com.au/fhir/Profile/metadata#type",
            "valueString": "uri"
          }
        ],
        "linkId": "AllergyIntolerance.implicitRules",
        "required": false,
        "repeats": true,
        "question": [
          {
            "linkId": "AllergyIntolerance.implicitRules.value",
            "text": "A set of rules under which this content was created",
            "type": "string",
            "required": false,
            "repeats": false
          }
        ]
      },
      {
        "extension": [
          {
            "url": "http://hl7.org/fhir/Profile/questionnaire-extensions#flyover",
            "valueString": "The base language in which the resource is written. Language is provided to support indexing and accessibility (typically, services such as text to speech use the language tag). The html language tag in the narrative applies  to the narrative. The language tag on the resource may be used to specify the language of other presentations generated from the data in the resource  Not all the content has to be in the base language. The Resource.language should not be assumed to apply to the narrative automatically. If a language is specified, it should it also be specified on the div element in the html (see rules in HTML5 for information about the relationship between xml:lang and the html lang attribute)."
          },
          {
            "url": "http://www.healthintersections.com.au/fhir/Profile/metadata#type",
            "valueString": "code"
          }
        ],
        "linkId": "AllergyIntolerance.language",
        "required": false,
        "repeats": true,
        "question": [
          {
            "linkId": "AllergyIntolerance.language.value",
            "text": "language",
            "type": "choice",
            "required": false,
            "repeats": false
          }
        ]
      },
      {
        "extension": [
          {
            "url": "http://hl7.org/fhir/Profile/questionnaire-extensions#flyover",
            "valueString": "A human-readable narrative that contains a summary of the resource, and may be used to represent the content of the resource to a human. The narrative need not encode all the structured data, but is required to contain sufficient detail to make it \"clinically safe\" for a human to just read the narrative. Resource definitions may define what content should be represented in the narrative to ensure clinical safety. Contained resources do not have narrative. Resources that are not contained SHOULD have a narrative."
          }
        ],
        "linkId": "AllergyIntolerance.text",
        "text": "Text summary of the resource, for human interpretation",
        "required": false,
        "repeats": true
      },
      {
        "extension": [
          {
            "url": "http://hl7.org/fhir/Profile/questionnaire-extensions#flyover",
            "valueString": "These resources do not have an independent existence apart from the resource that contains them - they cannot be identified independently, and nor can they have their own independent transaction scope. This should never be done when the content can be identified properly, as once identification is lost, it is extremely difficult (and context dependent) to restore it again."
          }
        ],
        "linkId": "AllergyIntolerance.contained",
        "text": "Contained, inline Resources",
        "required": false,
        "repeats": true
      },
      {
        "extension": [
          {
            "url": "http://hl7.org/fhir/Profile/questionnaire-extensions#flyover",
            "valueString": "May be used to represent additional information that is not part of the basic definition of the resource. In order to make the use of extensions safe and manageable, there is a strict set of governance  applied to the definition and use of extensions. Though any implementer is allowed to define an extension, there is a set of requirements that SHALL be met as part of the definition of the extension. There can be no stigma associated with the use of extensions by any application, project, or standard - regardless of the institution or jurisdiction that uses or defines the extensions.  The use of extensions is what allows the FHIR specification to retain a core level of simplicity for everyone."
          }
        ],
        "linkId": "AllergyIntolerance.extension",
        "text": "Additional Content defined by implementations",
        "required": false,
        "repeats": true
      },
      {
        "extension": [
          {
            "url": "http://hl7.org/fhir/Profile/questionnaire-extensions#flyover",
            "valueString": "May be used to represent additional information that is not part of the basic definition of the resource, and that modifies the understanding of the element that contains it. Usually modifier elements provide negation or qualification. In order to make the use of extensions safe and manageable, there is a strict set of governance applied to the definition and use of extensions. Though any implementer is allowed to define an extension, there is a set of requirements that SHALL be met as part of the definition of the extension. Applications processing a resource are required to check for modifier extensions. There can be no stigma associated with the use of extensions by any application, project, or standard - regardless of the institution or jurisdiction that uses or defines the extensions.  The use of extensions is what allows the FHIR specification to retain a core level of simplicity for everyone."
          }
        ],
        "linkId": "AllergyIntolerance.modifierExtension",
        "text": "Extensions that cannot be ignored",
        "required": false,
        "repeats": true
      },
      {
        "extension": [
          {
            "url": "http://hl7.org/fhir/Profile/questionnaire-extensions#flyover",
            "valueString": "This records identifiers associated with this allergy/intolerance concern that are defined by business processes and/or used to refer to it when a direct URL reference to the resource itself is not appropriate (e.g. in CDA documents, or in written / printed documentation)."
          },
          {
            "url": "http://www.healthintersections.com.au/fhir/Profile/metadata#type",
            "valueString": "Identifier"
          }
        ],
        "linkId": "AllergyIntolerance.identifier",
        "text": "External ids for this item",
        "required": false,
        "repeats": true,
        "question": [
          {
            "linkId": "AllergyIntolerance.identifier.label",
            "text": "label:",
            "type": "string",
            "required": false,
            "repeats": false
          },
          {
            "linkId": "AllergyIntolerance.identifier.system",
            "text": "system:",
            "type": "string",
            "required": false,
            "repeats": false
          },
          {
            "linkId": "AllergyIntolerance.identifier.value",
            "text": "value:",
            "type": "string",
            "required": false,
            "repeats": false
          }
        ]
      },
      {
        "extension": [
          {
            "url": "http://hl7.org/fhir/Profile/questionnaire-extensions#flyover",
            "valueString": "Record of the date and/or time of the onset of the Allergy or Intolerance."
          },
          {
            "url": "http://www.healthintersections.com.au/fhir/Profile/metadata#type",
            "valueString": "datetime"
          }
        ],
        "linkId": "AllergyIntolerance.onset",
        "required": false,
        "repeats": true,
        "question": [
          {
            "linkId": "AllergyIntolerance.onset.value",
            "text": "Date(/time) when manifestations showed",
            "type": "dateTime",
            "required": false,
            "repeats": false
          }
        ]
      },
      {
        "extension": [
          {
            "url": "http://hl7.org/fhir/Profile/questionnaire-extensions#flyover",
            "valueString": "Date when the sensitivity was recorded."
          },
          {
            "url": "http://www.healthintersections.com.au/fhir/Profile/metadata#type",
            "valueString": "datetime"
          }
        ],
        "linkId": "AllergyIntolerance.recordedDate",
        "required": false,
        "repeats": true,
        "question": [
          {
            "linkId": "AllergyIntolerance.recordedDate.value",
            "text": "When recorded",
            "type": "dateTime",
            "required": false,
            "repeats": false
          }
        ]
      },
      {
        "extension": [
          {
            "url": "http://hl7.org/fhir/Profile/questionnaire-extensions#flyover",
            "valueString": "Individual who recorded the record and takes responsibility for its conten."
          }
        ],
        "linkId": "AllergyIntolerance.recorder",
        "text": "Who recorded the sensitivity",
        "required": false,
        "repeats": true,
        "question": [
          {
            "linkId": "AllergyIntolerance.recorder._type",
            "text": "type",
            "type": "choice",
            "required": false,
            "repeats": false,
            "options": {
              "reference": "#vs2"
            },
            "group": [
              {
                "extension": [
                  {
                    "url": "http://www.healthintersections.com.au/fhir/Profile/metadata#type",
                    "valueString": "Reference"
                  }
                ],
                "linkId": "AllergyIntolerance.recorder._daf-pract",
                "question": [
                  {
                    "extension": [
                      {
                        "url": "http://www.healthintersections.com.au/fhir/Profile/metadata#reference",
                        "valueString": "/daf-pract?subject=$subj&patient=$subj&encounter=$encounter"
                      }
                    ],
                    "linkId": "AllergyIntolerance.recorder._daf-pract.value",
                    "text": "daf-pract",
                    "type": "reference",
                    "required": false,
                    "repeats": false
                  }
                ]
              },
              {
                "extension": [
                  {
                    "url": "http://www.healthintersections.com.au/fhir/Profile/metadata#type",
                    "valueString": "Reference"
                  }
                ],
                "linkId": "AllergyIntolerance.recorder._daf-patient",
                "question": [
                  {
                    "extension": [
                      {
                        "url": "http://www.healthintersections.com.au/fhir/Profile/metadata#reference",
                        "valueString": "/daf-patient?subject=$subj&patient=$subj&encounter=$encounter"
                      }
                    ],
                    "linkId": "AllergyIntolerance.recorder._daf-patient.value",
                    "text": "daf-patient",
                    "type": "reference",
                    "required": false,
                    "repeats": false
                  }
                ]
              }
            ]
          }
        ]
      },
      {
        "extension": [
          {
            "url": "http://hl7.org/fhir/Profile/questionnaire-extensions#flyover",
            "valueString": "The patient who has the allergy or intolerance."
          },
          {
            "url": "http://www.healthintersections.com.au/fhir/Profile/metadata#type",
            "valueString": "Reference"
          }
        ],
        "linkId": "AllergyIntolerance.patient",
        "required": true,
        "repeats": true,
        "question": [
          {
            "extension": [
              {
                "url": "http://www.healthintersections.com.au/fhir/Profile/metadata#reference",
                "valueString": "/daf-patient?subject=$subj&patient=$subj&encounter=$encounter"
              }
            ],
            "linkId": "AllergyIntolerance.patient.value",
            "text": "Who the sensitivity is for",
            "type": "reference",
            "required": false,
            "repeats": false
          }
        ]
      },
      {
        "extension": [
          {
            "url": "http://hl7.org/fhir/Profile/questionnaire-extensions#flyover",
            "valueString": "The source of the information about the allergy that is recorded. The recorder takes repsonsibility for the content, but can reference the source from where they got it."
          }
        ],
        "linkId": "AllergyIntolerance.reporter",
        "text": "Source of the information about the allergy",
        "required": false,
        "repeats": true,
        "question": [
          {
            "linkId": "AllergyIntolerance.reporter._type",
            "text": "type",
            "type": "choice",
            "required": false,
            "repeats": false,
            "options": {
              "reference": "#vs3"
            },
            "group": [
              {
                "extension": [
                  {
                    "url": "http://www.healthintersections.com.au/fhir/Profile/metadata#type",
                    "valueString": "Reference"
                  }
                ],
                "linkId": "AllergyIntolerance.reporter._daf-pract",
                "question": [
                  {
                    "extension": [
                      {
                        "url": "http://www.healthintersections.com.au/fhir/Profile/metadata#reference",
                        "valueString": "/daf-pract?subject=$subj&patient=$subj&encounter=$encounter"
                      }
                    ],
                    "linkId": "AllergyIntolerance.reporter._daf-pract.value",
                    "text": "daf-pract",
                    "type": "reference",
                    "required": false,
                    "repeats": false
                  }
                ]
              },
              {
                "extension": [
                  {
                    "url": "http://www.healthintersections.com.au/fhir/Profile/metadata#type",
                    "valueString": "Reference"
                  }
                ],
                "linkId": "AllergyIntolerance.reporter._daf-patient",
                "question": [
                  {
                    "extension": [
                      {
                        "url": "http://www.healthintersections.com.au/fhir/Profile/metadata#reference",
                        "valueString": "/daf-patient?subject=$subj&patient=$subj&encounter=$encounter"
                      }
                    ],
                    "linkId": "AllergyIntolerance.reporter._daf-patient.value",
                    "text": "daf-patient",
                    "type": "reference",
                    "required": false,
                    "repeats": false
                  }
                ]
              },
              {
                "extension": [
                  {
                    "url": "http://www.healthintersections.com.au/fhir/Profile/metadata#type",
                    "valueString": "Reference"
                  }
                ],
                "linkId": "AllergyIntolerance.reporter._daf-relatedperson",
                "question": [
                  {
                    "extension": [
                      {
                        "url": "http://www.healthintersections.com.au/fhir/Profile/metadata#reference",
                        "valueString": "/daf-relatedperson?subject=$subj&patient=$subj&encounter=$encounter"
                      }
                    ],
                    "linkId": "AllergyIntolerance.reporter._daf-relatedperson.value",
                    "text": "daf-relatedperson",
                    "type": "reference",
                    "required": false,
                    "repeats": false
                  }
                ]
              }
            ]
          }
        ]
      },
      {
        "extension": [
          {
            "url": "http://hl7.org/fhir/Profile/questionnaire-extensions#flyover",
            "valueString": "Identification of a substance, or a class of substances, that is considered to be responsible for the adverse reaction risk. It is strongly recommended that the substance be coded with a terminology, where possible. For example, some terminologies used include RxNorm, SNOMED CT, DM+D, NDFRT, ICD-9, IDC-10, UNI, ATC and CPT. Plain text should only be used if there is no appropriate terminology available. Additional details about a substance can be specified in the text."
          },
          {
            "url": "http://www.healthintersections.com.au/fhir/Profile/metadata#type",
            "valueString": "CodeableConcept"
          }
        ],
        "linkId": "AllergyIntolerance.substance",
        "text": "Substance, (or class) considered to be responsible for risk",
        "required": true,
        "repeats": true,
        "question": [
          {
            "linkId": "AllergyIntolerance.substance.coding",
            "text": "code:",
            "type": "open-choice",
            "required": false,
            "repeats": false
          },
          {
            "linkId": "AllergyIntolerance.substance.text",
            "text": "text:",
            "type": "string",
            "required": false,
            "repeats": false
          }
        ]
      },
      {
        "extension": [
          {
            "url": "http://hl7.org/fhir/Profile/questionnaire-extensions#flyover",
            "valueString": "Assertion about certainty associated with the propensity, or potential risk, of a reaction to the identified Substance. Decision support would typically raise alerts for 'Unconfirmed', 'Confirmed', and 'Resolved' and ignore a 'Refuted' reaction. In particular, 'Refuted' may be useful for reconciliation of the Adverse Reaction List. Some implementations may choose to make this field mandatory."
          },
          {
            "url": "http://www.healthintersections.com.au/fhir/Profile/metadata#type",
            "valueString": "code"
          }
        ],
        "linkId": "AllergyIntolerance.status",
        "required": false,
        "repeats": true,
        "question": [
          {
            "linkId": "AllergyIntolerance.status.value",
            "text": "status",
            "type": "choice",
            "required": false,
            "repeats": false
          }
        ]
      },
      {
        "extension": [
          {
            "url": "http://hl7.org/fhir/Profile/questionnaire-extensions#flyover",
            "valueString": "Estimate of the potential clinical harm, or seriousness, of the reaction to the identified Substance. The default criticality value for any propensity to an adverse reaction should be 'Low Risk', indicating at the very least a relative contraindication to deliberate or voluntary exposure to the Substance. 'High Risk' is flagged if the clinician has identified a propensity for a more serious or potentially life-threatening reaction, such as anaphylaxis, and implies an absolute contraindication to deliberate or voluntary exposure to the substance. If this element is missing, the criticality is unknown (though it may be known elsewhere)."
          },
          {
            "url": "http://www.healthintersections.com.au/fhir/Profile/metadata#type",
            "valueString": "code"
          }
        ],
        "linkId": "AllergyIntolerance.criticality",
        "required": false,
        "repeats": true,
        "question": [
          {
            "linkId": "AllergyIntolerance.criticality.value",
            "text": "criticality",
            "type": "choice",
            "required": false,
            "repeats": false
          }
        ]
      },
      {
        "extension": [
          {
            "url": "http://hl7.org/fhir/Profile/questionnaire-extensions#flyover",
            "valueString": "Identification of the underlying physiological mechanism for the reaction risk. Allergic (typically immune-mediated) reactions have been traditionally regarded as an indicator for potential escalation to significant future risk. Contemporary knowledge suggests that some reactions previously thought to be immune-mediated are, in fact, non-immune, but in some cases can still pose a life threatening risk. It is acknowledged that many clinicians may not be in a position to distinguish the mechanism of a particular reaction. Often the term \"allergy\" is used rather generically and may overlap with the use of \"intolerance\" - in practice the boundaries between these two concepts may not be well-defined or understood. This data element is included nevertheless, because many legacy systems have captured this attribute. Immunologic testing may provide supporting evidence for the basis of the reaction and the causative substance, but no tests are 100% sensitive or specific for sensitivity to a particular substance. If, as is commonly the case, it is unclear whether the reaction is due to an allergy or an intolerance, then the type element should be omitted from the resource."
          },
          {
            "url": "http://www.healthintersections.com.au/fhir/Profile/metadata#type",
            "valueString": "code"
          }
        ],
        "linkId": "AllergyIntolerance.type",
        "required": false,
        "repeats": true,
        "question": [
          {
            "linkId": "AllergyIntolerance.type.value",
            "text": "type",
            "type": "choice",
            "required": false,
            "repeats": false
          }
        ]
      },
      {
        "extension": [
          {
            "url": "http://hl7.org/fhir/Profile/questionnaire-extensions#flyover",
            "valueString": "Category of the identified Substance. This data element has been included because it is currently being captured in some clinical systems. This data can be derived from the Substance where coding systems are used, and is effectively redundant in that situation."
          },
          {
            "url": "http://www.healthintersections.com.au/fhir/Profile/metadata#type",
            "valueString": "code"
          }
        ],
        "linkId": "AllergyIntolerance.category",
        "required": false,
        "repeats": true,
        "question": [
          {
            "linkId": "AllergyIntolerance.category.value",
            "text": "category",
            "type": "choice",
            "required": false,
            "repeats": false
          }
        ]
      },
      {
        "extension": [
          {
            "url": "http://hl7.org/fhir/Profile/questionnaire-extensions#flyover",
            "valueString": "Represents the date and/or time of the last known occurrence of a reaction event. This date may be replicated by one of the Onset of Reaction dates. Where a textual representation of the date of last occurrence is required e.g. 'In Childhood, '10 years ago' the Comment element should be used."
          },
          {
            "url": "http://www.healthintersections.com.au/fhir/Profile/metadata#type",
            "valueString": "datetime"
          }
        ],
        "linkId": "AllergyIntolerance.lastOccurence",
        "required": false,
        "repeats": true,
        "question": [
          {
            "linkId": "AllergyIntolerance.lastOccurence.value",
            "text": "Date(/time) of last known occurrence of a reaction",
            "type": "dateTime",
            "required": false,
            "repeats": false
          }
        ]
      },
      {
        "extension": [
          {
            "url": "http://hl7.org/fhir/Profile/questionnaire-extensions#flyover",
            "valueString": "Additional narrative about the propensity for the Adverse Reaction, not captured in other fields. For example: including reason for flagging a seriousness of 'High Risk'; and instructions related to future exposure or administration of the Substance, such as administration within an Intensive Care Unit or under corticosteroid cover. The notes should be related to an allergy or intolerance as a condition in general and not related to any particular episode of it. For episode notes and descriptions, use AllergyIntolerance.event.description and  AllergyIntolerance.event.notes."
          },
          {
            "url": "http://www.healthintersections.com.au/fhir/Profile/metadata#type",
            "valueString": "Annotation"
          }
        ],
        "linkId": "AllergyIntolerance.note",
        "text": "Additional text not captured in other fields",
        "required": false,
        "repeats": true
      },
      {
        "extension": [
          {
            "url": "http://hl7.org/fhir/Profile/questionnaire-extensions#flyover",
            "valueString": "Details about each adverse reaction event linked to exposure to the identified Substance."
          }
        ],
        "linkId": "AllergyIntolerance.reaction",
        "title": "Adverse Reaction Events linked to exposure to substance",
        "required": false,
        "repeats": true,
        "group": [
          {
            "extension": [
              {
                "url": "http://hl7.org/fhir/Profile/questionnaire-extensions#flyover",
                "valueString": "unique id for the element within a resource (for internal references)."
              },
              {
                "url": "http://www.healthintersections.com.au/fhir/Profile/metadata#type",
                "valueString": "string"
              }
            ],
            "linkId": "AllergyIntolerance.reaction.id",
            "required": false,
            "repeats": true,
            "question": [
              {
                "linkId": "AllergyIntolerance.reaction.id.value",
                "text": "xml:id (or equivalent in JSON)",
                "type": "string",
                "required": false,
                "repeats": false
              }
            ]
          },
          {
            "extension": [
              {
                "url": "http://hl7.org/fhir/Profile/questionnaire-extensions#flyover",
                "valueString": "May be used to represent additional information that is not part of the basic definition of the element. In order to make the use of extensions safe and manageable, there is a strict set of governance  applied to the definition and use of extensions. Though any implementer is allowed to define an extension, there is a set of requirements that SHALL be met as part of the definition of the extension. There can be no stigma associated with the use of extensions by any application, project, or standard - regardless of the institution or jurisdiction that uses or defines the extensions.  The use of extensions is what allows the FHIR specification to retain a core level of simplicity for everyone."
              }
            ],
            "linkId": "AllergyIntolerance.reaction.extension",
            "text": "Additional Content defined by implementations",
            "required": false,
            "repeats": true
          },
          {
            "extension": [
              {
                "url": "http://hl7.org/fhir/Profile/questionnaire-extensions#flyover",
                "valueString": "May be used to represent additional information that is not part of the basic definition of the element, and that modifies the understanding of the element that contains it. Usually modifier elements provide negation or qualification. In order to make the use of extensions safe and manageable, there is a strict set of governance applied to the definition and use of extensions. Though any implementer is allowed to define an extension, there is a set of requirements that SHALL be met as part of the definition of the extension. Applications processing a resource are required to check for modifier extensions. There can be no stigma associated with the use of extensions by any application, project, or standard - regardless of the institution or jurisdiction that uses or defines the extensions.  The use of extensions is what allows the FHIR specification to retain a core level of simplicity for everyone."
              }
            ],
            "linkId": "AllergyIntolerance.reaction.modifierExtension",
            "text": "Extensions that cannot be ignored",
            "required": false,
            "repeats": true
          },
          {
            "extension": [
              {
                "url": "http://hl7.org/fhir/Profile/questionnaire-extensions#flyover",
                "valueString": "Identification of the specific substance considered to be responsible for the Adverse Reaction event. Note: the substance for a specific reaction may be different to the substance identified as the cause of the risk, but must be consistent with it. For instance, it may be a more specific substance (e.g. a brand medication) or a composite substance that includes the identified substance. It must be clinically safe to only process the AllergyIntolerance.substance and ignore the AllergyIntolerance.event.substance. Coding of the specific substance with a terminology capable of triggering decision support should be used wherever possible.  The substance field allows for the use of a specific substance or a group or class of substances, for example \"Penicillins\". The specific substance field could be used for Amoxycillin. Duplication is acceptable when a specific substance has been recorded in the 'substance' field."
              },
              {
                "url": "http://www.healthintersections.com.au/fhir/Profile/metadata#type",
                "valueString": "CodeableConcept"
              }
            ],
            "linkId": "AllergyIntolerance.reaction.substance",
            "text": "Specific substance considered to be responsible for event",
            "required": false,
            "repeats": true,
            "question": [
              {
                "linkId": "AllergyIntolerance.reaction.substance.coding",
                "text": "code:",
                "type": "open-choice",
                "required": false,
                "repeats": false
              },
              {
                "linkId": "AllergyIntolerance.reaction.substance.text",
                "text": "text:",
                "type": "string",
                "required": false,
                "repeats": false
              }
            ]
          },
          {
            "extension": [
              {
                "url": "http://hl7.org/fhir/Profile/questionnaire-extensions#flyover",
                "valueString": "Statement about the degree of clinical certainty that the specific substance was the cause of the manifestation in this reaction event."
              },
              {
                "url": "http://www.healthintersections.com.au/fhir/Profile/metadata#type",
                "valueString": "code"
              }
            ],
            "linkId": "AllergyIntolerance.reaction.certainty",
            "required": false,
            "repeats": true,
            "question": [
              {
                "linkId": "AllergyIntolerance.reaction.certainty.value",
                "text": "certainty",
                "type": "choice",
                "required": false,
                "repeats": false
              }
            ]
          },
          {
            "extension": [
              {
                "url": "http://hl7.org/fhir/Profile/questionnaire-extensions#flyover",
                "valueString": "Clinical symptoms and/or signs that are observed or associated with the adverse reaction event. Manifestation can be expressed as a single word, phrase or brief description. For example: nausea, rash or no reaction. It is preferable that manifestation should be coded with a terminology, where possible. The values entered here may be used to display on an application screen as part of a list of adverse reactions, as recommended in the UK NHS CUI guidelines.  Terminologies commonly used include, but are not limited to, SNOMED CT or ICD10."
              },
              {
                "url": "http://www.healthintersections.com.au/fhir/Profile/metadata#type",
                "valueString": "CodeableConcept"
              }
            ],
            "linkId": "AllergyIntolerance.reaction.manifestation",
            "text": "Clinical symptoms/signs associated with the Event",
            "required": true,
            "repeats": true,
            "question": [
              {
                "linkId": "AllergyIntolerance.reaction.manifestation.coding",
                "text": "code:",
                "type": "open-choice",
                "required": false,
                "repeats": false
              },
              {
                "linkId": "AllergyIntolerance.reaction.manifestation.text",
                "text": "text:",
                "type": "string",
                "required": false,
                "repeats": false
              }
            ]
          },
          {
            "extension": [
              {
                "url": "http://hl7.org/fhir/Profile/questionnaire-extensions#flyover",
                "valueString": "Text description about the reaction as a whole, including details of the manifestation if required. Use the description to provide any details of a particular event of the occurred reaction such as circumstances, reaction specifics, what happened before/after. Information, related to the event, but not describing a particular care should be captured in the comment field. For example: at the age of four, the patient was given penicillin for strep throat and subsequently developed severe hives."
              },
              {
                "url": "http://www.healthintersections.com.au/fhir/Profile/metadata#type",
                "valueString": "string"
              }
            ],
            "linkId": "AllergyIntolerance.reaction.description",
            "required": false,
            "repeats": true,
            "question": [
              {
                "linkId": "AllergyIntolerance.reaction.description.value",
                "text": "Description of the event as a whole",
                "type": "string",
                "required": false,
                "repeats": false
              }
            ]
          },
          {
            "extension": [
              {
                "url": "http://hl7.org/fhir/Profile/questionnaire-extensions#flyover",
                "valueString": "Record of the date and/or time of the onset of the Reaction."
              },
              {
                "url": "http://www.healthintersections.com.au/fhir/Profile/metadata#type",
                "valueString": "datetime"
              }
            ],
            "linkId": "AllergyIntolerance.reaction.onset",
            "required": false,
            "repeats": true,
            "question": [
              {
                "linkId": "AllergyIntolerance.reaction.onset.value",
                "text": "Date(/time) when manifestations showed",
                "type": "dateTime",
                "required": false,
                "repeats": false
              }
            ]
          },
          {
            "extension": [
              {
                "url": "http://hl7.org/fhir/Profile/questionnaire-extensions#flyover",
                "valueString": "Clinical assessment of the severity of the reaction event as a whole, potentially considering multiple different manifestations. It is acknowledged that this assessment is very subjective. There may be some some specific practice domains where objective scales have been applied. Objective scales can be included in this model as extensions."
              },
              {
                "url": "http://www.healthintersections.com.au/fhir/Profile/metadata#type",
                "valueString": "code"
              }
            ],
            "linkId": "AllergyIntolerance.reaction.severity",
            "required": false,
            "repeats": true,
            "question": [
              {
                "linkId": "AllergyIntolerance.reaction.severity.value",
                "text": "severity",
                "type": "choice",
                "required": false,
                "repeats": false
              }
            ]
          },
          {
            "extension": [
              {
                "url": "http://hl7.org/fhir/Profile/questionnaire-extensions#flyover",
                "valueString": "Identification of the route by which the subject was exposed to the substance. Coding of the route of exposure with a terminology should be used wherever possible."
              },
              {
                "url": "http://www.healthintersections.com.au/fhir/Profile/metadata#type",
                "valueString": "CodeableConcept"
              }
            ],
            "linkId": "AllergyIntolerance.reaction.exposureRoute",
            "text": "How the subject was exposed to the substance",
            "required": false,
            "repeats": true,
            "question": [
              {
                "linkId": "AllergyIntolerance.reaction.exposureRoute.coding",
                "text": "code:",
                "type": "open-choice",
                "required": false,
                "repeats": false
              },
              {
                "linkId": "AllergyIntolerance.reaction.exposureRoute.text",
                "text": "text:",
                "type": "string",
                "required": false,
                "repeats": false
              }
            ]
          },
          {
            "extension": [
              {
                "url": "http://hl7.org/fhir/Profile/questionnaire-extensions#flyover",
                "valueString": "Additional text about the adverse reaction event not captured in other fields. Use this field to record information indirectly related to a particular event and not captured in the description. For example: Clinical records are no longer available, recorded based on information provided to the patient by her mother and her mother is deceased."
              },
              {
                "url": "http://www.healthintersections.com.au/fhir/Profile/metadata#type",
                "valueString": "Annotation"
              }
            ],
            "linkId": "AllergyIntolerance.reaction.note",
            "text": "Text about event not captured in other fields",
            "required": false,
            "repeats": true
          }
        ]
      }
    ]
  }
}