{"date":"2015-03-17T00:00:00+11:00","group":{"extension":[{"url":"http://hl7.org/fhir/Profile/questionnaire-extensions#flyover","valueString":"Details and position information for a physical place where services are provided  and resources and participants may be stored, found, contained or accommodated."}],"group":[{"extension":[{"url":"http://hl7.org/fhir/Profile/questionnaire-extensions#flyover","valueString":"The logical id of the resource, as used in the URL for the resource. Once assigned, this value never changes. The only time that a resource does not have an id is when it is being submitted to the server using a create operation. Bundles always have an id, though it is usually a generated UUID."},{"url":"http://www.healthintersections.com.au/fhir/Profile/metadata#type","valueString":"string"}],"linkId":"Location.id","question":[{"linkId":"Location.id.value","repeats":false,"required":false,"text":"Logical id of this artifact","type":"string"}],"repeats":true,"required":false},{"extension":[{"url":"http://hl7.org/fhir/Profile/questionnaire-extensions#flyover","valueString":"The metadata about the resource. This is content that is maintained by the infrastructure. Changes to the content may not always be associated with version changes to the resource."}],"linkId":"Location.meta","repeats":true,"required":false,"text":"Metadata about the resource"},{"extension":[{"url":"http://hl7.org/fhir/Profile/questionnaire-extensions#flyover","valueString":"A reference to a set of rules that were followed when the resource was constructed, and which must be understood when processing the content. Asserting this rule set restricts the content to be only understood by a limited set of trading partners. This inherently limits the usefulness of the data in the long term. However, the existing health eco-system is highly fractured, and not yet ready to define, collect, and exchange data in a generally computable sense. Wherever possible, implementers and/or specification writers should avoid using this element as much as possible."},{"url":"http://www.healthintersections.com.au/fhir/Profile/metadata#type","valueString":"uri"}],"linkId":"Location.implicitRules","question":[{"linkId":"Location.implicitRules.value","repeats":false,"required":false,"text":"A set of rules under which this content was created","type":"string"}],"repeats":true,"required":false},{"extension":[{"url":"http://hl7.org/fhir/Profile/questionnaire-extensions#flyover","valueString":"The base language in which the resource is written. Language is provided to support indexing and accessibility (typically, services such as text to speech use the language tag). The html language tag in the narrative applies  to the narrative. The language tag on the resource may be used to specify the language of other presentations generated from the data in the resource  Not all the content has to be in the base language. The Resource.language should not be assumed to apply to the narrative automatically. If a language is specified, it should it also be specified on the div element in the html (see rules in HTML5 for information about the relationship between xml:lang and the html lang attribute)."},{"url":"http://www.healthintersections.com.au/fhir/Profile/metadata#type","valueString":"code"}],"linkId":"Location.language","question":[{"linkId":"Location.language.value","repeats":false,"required":false,"text":"language","type":"choice"}],"repeats":true,"required":false},{"extension":[{"url":"http://hl7.org/fhir/Profile/questionnaire-extensions#flyover","valueString":"A human-readable narrative that contains a summary of the resource, and may be used to represent the content of the resource to a human. The narrative need not encode all the structured data, but is required to contain sufficient detail to make it \"clinically safe\" for a human to just read the narrative. Resource definitions may define what content should be represented in the narrative to ensure clinical safety. Contained resources do not have narrative. Resources that are not contained SHOULD have a narrative."}],"linkId":"Location.text","repeats":true,"required":false,"text":"Text summary of the resource, for human interpretation"},{"extension":[{"url":"http://hl7.org/fhir/Profile/questionnaire-extensions#flyover","valueString":"These resources do not have an independent existence apart from the resource that contains them - they cannot be identified independently, and nor can they have their own independent transaction scope. This should never be done when the content can be identified properly, as once identification is lost, it is extremely difficult (and context dependent) to restore it again."}],"linkId":"Location.contained","repeats":true,"required":false,"text":"Contained, inline Resources"},{"extension":[{"url":"http://hl7.org/fhir/Profile/questionnaire-extensions#flyover","valueString":"May be used to represent additional information that is not part of the basic definition of the resource. In order to make the use of extensions safe and manageable, there is a strict set of governance  applied to the definition and use of extensions. Though any implementer is allowed to define an extension, there is a set of requirements that SHALL be met as part of the definition of the extension. There can be no stigma associated with the use of extensions by any application, project, or standard - regardless of the institution or jurisdiction that uses or defines the extensions.  The use of extensions is what allows the FHIR specification to retain a core level of simplicity for everyone."}],"linkId":"Location.extension","repeats":true,"required":false,"text":"Additional Content defined by implementations"},{"extension":[{"url":"http://hl7.org/fhir/Profile/questionnaire-extensions#flyover","valueString":"May be used to represent additional information that is not part of the basic definition of the resource, and that modifies the understanding of the element that contains it. Usually modifier elements provide negation or qualification. In order to make the use of extensions safe and manageable, there is a strict set of governance applied to the definition and use of extensions. Though any implementer is allowed to define an extension, there is a set of requirements that SHALL be met as part of the definition of the extension. Applications processing a resource are required to check for modifier extensions. There can be no stigma associated with the use of extensions by any application, project, or standard - regardless of the institution or jurisdiction that uses or defines the extensions.  The use of extensions is what allows the FHIR specification to retain a core level of simplicity for everyone."}],"linkId":"Location.modifierExtension","repeats":true,"required":false,"text":"Extensions that cannot be ignored"},{"extension":[{"url":"http://hl7.org/fhir/Profile/questionnaire-extensions#flyover","valueString":"Unique code or number identifying the location to its users."},{"url":"http://www.healthintersections.com.au/fhir/Profile/metadata#type","valueString":"Identifier"}],"linkId":"Location.identifier","question":[{"linkId":"Location.identifier.label","repeats":false,"required":false,"text":"label:","type":"string"},{"linkId":"Location.identifier.system","repeats":false,"required":false,"text":"system:","type":"string"},{"linkId":"Location.identifier.value","repeats":false,"required":false,"text":"value:","type":"string"}],"repeats":true,"required":false,"text":"Unique code or number identifying the location to its users"},{"extension":[{"url":"http://hl7.org/fhir/Profile/questionnaire-extensions#flyover","valueString":"active | suspended | inactive."},{"url":"http://www.healthintersections.com.au/fhir/Profile/metadata#type","valueString":"code"}],"linkId":"Location.status","question":[{"linkId":"Location.status.value","repeats":false,"required":false,"text":"status","type":"choice"}],"repeats":true,"required":false},{"extension":[{"url":"http://hl7.org/fhir/Profile/questionnaire-extensions#flyover","valueString":"Name of the location as used by humans. Does not need to be unique."},{"url":"http://www.healthintersections.com.au/fhir/Profile/metadata#type","valueString":"string"}],"linkId":"Location.name","question":[{"linkId":"Location.name.value","repeats":false,"required":false,"text":"Name of the location as used by humans","type":"string"}],"repeats":true,"required":true},{"extension":[{"url":"http://hl7.org/fhir/Profile/questionnaire-extensions#flyover","valueString":"Description of the Location, which helps in finding or referencing the place."},{"url":"http://www.healthintersections.com.au/fhir/Profile/metadata#type","valueString":"string"}],"linkId":"Location.description","question":[{"linkId":"Location.description.value","repeats":false,"required":false,"text":"Description of the location","type":"string"}],"repeats":true,"required":false},{"extension":[{"url":"http://hl7.org/fhir/Profile/questionnaire-extensions#flyover","valueString":"Indicates whether a resource instance represents a specific location or a class of locations."},{"url":"http://www.healthintersections.com.au/fhir/Profile/metadata#type","valueString":"code"}],"linkId":"Location.mode","question":[{"linkId":"Location.mode.value","repeats":false,"required":false,"text":"mode","type":"choice"}],"repeats":true,"required":false},{"extension":[{"url":"http://hl7.org/fhir/Profile/questionnaire-extensions#flyover","valueString":"Indicates the type of function performed at the location."},{"url":"http://www.healthintersections.com.au/fhir/Profile/metadata#type","valueString":"CodeableConcept"}],"linkId":"Location.type","question":[{"linkId":"Location.type.coding","repeats":false,"required":false,"text":"code:","type":"open-choice"},{"linkId":"Location.type.text","repeats":false,"required":false,"text":"text:","type":"string"}],"repeats":true,"required":false,"text":"Type of function performed"},{"extension":[{"url":"http://hl7.org/fhir/Profile/questionnaire-extensions#flyover","valueString":"The contact details of communication devices available at the location. This can include phone numbers, fax numbers, mobile numbers, email addresses and web sites."},{"url":"http://www.healthintersections.com.au/fhir/Profile/metadata#type","valueString":"ContactPoint"}],"linkId":"Location.telecom","question":[{"linkId":"Location.telecom.system","repeats":false,"required":false,"text":"type:","type":"choice"},{"linkId":"Location.telecom.value","repeats":false,"required":false,"text":"value:","type":"string"},{"linkId":"Location.telecom.use","repeats":false,"required":false,"text":"use:","type":"choice"}],"repeats":true,"required":false,"text":"Contact details of the location"},{"extension":[{"url":"http://hl7.org/fhir/Profile/questionnaire-extensions#flyover","valueString":"Physical location. This was kept as 0..1 as there is no use property on the address, so wouldn't be able to identify different address types."},{"url":"http://www.healthintersections.com.au/fhir/Profile/metadata#type","valueString":"Address"}],"linkId":"Location.address","question":[{"linkId":"Location.address.text","repeats":false,"required":false,"text":"text:","type":"string"},{"linkId":"Location.address.line","repeats":true,"required":false,"text":"line:","type":"string"},{"linkId":"Location.address.city","repeats":false,"required":false,"text":"city:","type":"string"},{"linkId":"Location.address.state","repeats":false,"required":false,"text":"state:","type":"string"},{"linkId":"Location.address.postalCode","repeats":false,"required":false,"text":"post code:","type":"string"},{"linkId":"Location.address.country","repeats":false,"required":false,"text":"country:","type":"string"},{"linkId":"Location.address.use","repeats":false,"required":false,"text":"use:","type":"choice"}],"repeats":true,"required":false,"text":"Physical location"},{"extension":[{"url":"http://hl7.org/fhir/Profile/questionnaire-extensions#flyover","valueString":"Physical form of the location, e.g. building, room, vehicle, road."},{"url":"http://www.healthintersections.com.au/fhir/Profile/metadata#type","valueString":"CodeableConcept"}],"linkId":"Location.physicalType","question":[{"linkId":"Location.physicalType.coding","repeats":false,"required":false,"text":"code:","type":"open-choice"},{"linkId":"Location.physicalType.text","repeats":false,"required":false,"text":"text:","type":"string"}],"repeats":true,"required":false,"text":"Physical form of the location"},{"extension":[{"url":"http://hl7.org/fhir/Profile/questionnaire-extensions#flyover","valueString":"The absolute geographic location of the Location, expressed using the WGS84 datum (This is the same co-ordinate system used in KML)."}],"group":[{"extension":[{"url":"http://hl7.org/fhir/Profile/questionnaire-extensions#flyover","valueString":"unique id for the element within a resource (for internal references)."},{"url":"http://www.healthintersections.com.au/fhir/Profile/metadata#type","valueString":"string"}],"linkId":"Location.position.id","question":[{"linkId":"Location.position.id.value","repeats":false,"required":false,"text":"xml:id (or equivalent in JSON)","type":"string"}],"repeats":true,"required":false},{"extension":[{"url":"http://hl7.org/fhir/Profile/questionnaire-extensions#flyover","valueString":"May be used to represent additional information that is not part of the basic definition of the element. In order to make the use of extensions safe and manageable, there is a strict set of governance  applied to the definition and use of extensions. Though any implementer is allowed to define an extension, there is a set of requirements that SHALL be met as part of the definition of the extension. There can be no stigma associated with the use of extensions by any application, project, or standard - regardless of the institution or jurisdiction that uses or defines the extensions.  The use of extensions is what allows the FHIR specification to retain a core level of simplicity for everyone."}],"linkId":"Location.position.extension","repeats":true,"required":false,"text":"Additional Content defined by implementations"},{"extension":[{"url":"http://hl7.org/fhir/Profile/questionnaire-extensions#flyover","valueString":"May be used to represent additional information that is not part of the basic definition of the element, and that modifies the understanding of the element that contains it. Usually modifier elements provide negation or qualification. In order to make the use of extensions safe and manageable, there is a strict set of governance applied to the definition and use of extensions. Though any implementer is allowed to define an extension, there is a set of requirements that SHALL be met as part of the definition of the extension. Applications processing a resource are required to check for modifier extensions. There can be no stigma associated with the use of extensions by any application, project, or standard - regardless of the institution or jurisdiction that uses or defines the extensions.  The use of extensions is what allows the FHIR specification to retain a core level of simplicity for everyone."}],"linkId":"Location.position.modifierExtension","repeats":true,"required":false,"text":"Extensions that cannot be ignored"},{"extension":[{"url":"http://hl7.org/fhir/Profile/questionnaire-extensions#flyover","valueString":"Longitude. The value domain and the interpretation are the same as for the text of the longitude element in KML (see notes below)."},{"url":"http://www.healthintersections.com.au/fhir/Profile/metadata#type","valueString":"decimal"}],"linkId":"Location.position.longitude","question":[{"linkId":"Location.position.longitude.value","repeats":false,"required":false,"text":"Longitude with WGS84 datum","type":"decimal"}],"repeats":true,"required":true},{"extension":[{"url":"http://hl7.org/fhir/Profile/questionnaire-extensions#flyover","valueString":"Latitude. The value domain and the interpretation are the same as for the text of the latitude element in KML (see notes below)."},{"url":"http://www.healthintersections.com.au/fhir/Profile/metadata#type","valueString":"decimal"}],"linkId":"Location.position.latitude","question":[{"linkId":"Location.position.latitude.value","repeats":false,"required":false,"text":"Latitude with WGS84 datum","type":"decimal"}],"repeats":true,"required":true},{"extension":[{"url":"http://hl7.org/fhir/Profile/questionnaire-extensions#flyover","valueString":"Altitude. The value domain and the interpretation are the same as for the text of the altitude element in KML (see notes below)."},{"url":"http://www.healthintersections.com.au/fhir/Profile/metadata#type","valueString":"decimal"}],"linkId":"Location.position.altitude","question":[{"linkId":"Location.position.altitude.value","repeats":false,"required":false,"text":"Altitude with WGS84 datum","type":"decimal"}],"repeats":true,"required":false}],"linkId":"Location.position","repeats":false,"required":false,"title":"The absolute geographic location"},{"extension":[{"url":"http://hl7.org/fhir/Profile/questionnaire-extensions#flyover","valueString":"The organization responsible for the provisioning and upkeep of the location. This can also be used as the part of the organization hierarchy where this location provides services. These services can be defined through the HealthcareService resource."},{"url":"http://www.healthintersections.com.au/fhir/Profile/metadata#type","valueString":"Reference"}],"linkId":"Location.managingOrganization","question":[{"extension":[{"url":"http://www.healthintersections.com.au/fhir/Profile/metadata#reference","valueString":"/daf-organization?subject=$subj&patient=$subj&encounter=$encounter"}],"linkId":"Location.managingOrganization.value","repeats":false,"required":false,"text":"Organization responsible for provisioning and upkeep","type":"reference"}],"repeats":true,"required":false},{"extension":[{"url":"http://hl7.org/fhir/Profile/questionnaire-extensions#flyover","valueString":"Another Location which this Location is physically part of."},{"url":"http://www.healthintersections.com.au/fhir/Profile/metadata#type","valueString":"Reference"}],"linkId":"Location.partOf","question":[{"extension":[{"url":"http://www.healthintersections.com.au/fhir/Profile/metadata#reference","valueString":"/Location?subject=$subj&patient=$subj&encounter=$encounter"}],"linkId":"Location.partOf.value","repeats":false,"required":false,"text":"Another Location this one is physically part of","type":"reference"}],"repeats":true,"required":false}],"linkId":"Location","repeats":true,"required":false,"title":"Details and position information for a physical place"},"id":"qs1","identifier":[{"system":"urn:ietf:rfc:3986"}],"publisher":"Health Level Seven International (Infrastructure and Messaging - Data Access Framework)","resourceType":"Questionnaire","status":"draft"}