{"date":"2015-03-03T00:00:00+11:00","group":{"extension":[{"url":"http://hl7.org/fhir/Profile/questionnaire-extensions#flyover","valueString":"Information about a person that is involved in the care for a patient, but who is not the target of healthcare, nor has a formal responsibility in the care process."}],"group":[{"extension":[{"url":"http://hl7.org/fhir/Profile/questionnaire-extensions#flyover","valueString":"The logical id of the resource, as used in the URL for the resource. Once assigned, this value never changes. The only time that a resource does not have an id is when it is being submitted to the server using a create operation. Bundles always have an id, though it is usually a generated UUID."},{"url":"http://www.healthintersections.com.au/fhir/Profile/metadata#type","valueString":"string"}],"linkId":"RelatedPerson.id","question":[{"linkId":"RelatedPerson.id.value","repeats":false,"required":false,"text":"Logical id of this artifact","type":"string"}],"repeats":true,"required":false},{"extension":[{"url":"http://hl7.org/fhir/Profile/questionnaire-extensions#flyover","valueString":"The metadata about the resource. This is content that is maintained by the infrastructure. Changes to the content may not always be associated with version changes to the resource."}],"linkId":"RelatedPerson.meta","repeats":true,"required":false,"text":"Metadata about the resource"},{"extension":[{"url":"http://hl7.org/fhir/Profile/questionnaire-extensions#flyover","valueString":"A reference to a set of rules that were followed when the resource was constructed, and which must be understood when processing the content. Asserting this rule set restricts the content to be only understood by a limited set of trading partners. This inherently limits the usefulness of the data in the long term. However, the existing health eco-system is highly fractured, and not yet ready to define, collect, and exchange data in a generally computable sense. Wherever possible, implementers and/or specification writers should avoid using this element as much as possible."},{"url":"http://www.healthintersections.com.au/fhir/Profile/metadata#type","valueString":"uri"}],"linkId":"RelatedPerson.implicitRules","question":[{"linkId":"RelatedPerson.implicitRules.value","repeats":false,"required":false,"text":"A set of rules under which this content was created","type":"string"}],"repeats":true,"required":false},{"extension":[{"url":"http://hl7.org/fhir/Profile/questionnaire-extensions#flyover","valueString":"The base language in which the resource is written. Language is provided to support indexing and accessibility (typically, services such as text to speech use the language tag). The html language tag in the narrative applies  to the narrative. The language tag on the resource may be used to specify the language of other presentations generated from the data in the resource  Not all the content has to be in the base language. The Resource.language should not be assumed to apply to the narrative automatically. If a language is specified, it should it also be specified on the div element in the html (see rules in HTML5 for information about the relationship between xml:lang and the html lang attribute)."},{"url":"http://www.healthintersections.com.au/fhir/Profile/metadata#type","valueString":"code"}],"linkId":"RelatedPerson.language","question":[{"linkId":"RelatedPerson.language.value","repeats":false,"required":false,"text":"language","type":"choice"}],"repeats":true,"required":false},{"extension":[{"url":"http://hl7.org/fhir/Profile/questionnaire-extensions#flyover","valueString":"A human-readable narrative that contains a summary of the resource, and may be used to represent the content of the resource to a human. The narrative need not encode all the structured data, but is required to contain sufficient detail to make it \"clinically safe\" for a human to just read the narrative. Resource definitions may define what content should be represented in the narrative to ensure clinical safety. Contained resources do not have narrative. Resources that are not contained SHOULD have a narrative."}],"linkId":"RelatedPerson.text","repeats":true,"required":false,"text":"Text summary of the resource, for human interpretation"},{"extension":[{"url":"http://hl7.org/fhir/Profile/questionnaire-extensions#flyover","valueString":"These resources do not have an independent existence apart from the resource that contains them - they cannot be identified independently, and nor can they have their own independent transaction scope. This should never be done when the content can be identified properly, as once identification is lost, it is extremely difficult (and context dependent) to restore it again."}],"linkId":"RelatedPerson.contained","repeats":true,"required":false,"text":"Contained, inline Resources"},{"extension":[{"url":"http://hl7.org/fhir/Profile/questionnaire-extensions#flyover","valueString":"May be used to represent additional information that is not part of the basic definition of the resource. In order to make the use of extensions safe and manageable, there is a strict set of governance  applied to the definition and use of extensions. Though any implementer is allowed to define an extension, there is a set of requirements that SHALL be met as part of the definition of the extension. There can be no stigma associated with the use of extensions by any application, project, or standard - regardless of the institution or jurisdiction that uses or defines the extensions.  The use of extensions is what allows the FHIR specification to retain a core level of simplicity for everyone."}],"linkId":"RelatedPerson.extension","repeats":true,"required":false,"text":"Additional Content defined by implementations"},{"extension":[{"url":"http://hl7.org/fhir/Profile/questionnaire-extensions#flyover","valueString":"May be used to represent additional information that is not part of the basic definition of the resource, and that modifies the understanding of the element that contains it. Usually modifier elements provide negation or qualification. In order to make the use of extensions safe and manageable, there is a strict set of governance applied to the definition and use of extensions. Though any implementer is allowed to define an extension, there is a set of requirements that SHALL be met as part of the definition of the extension. Applications processing a resource are required to check for modifier extensions. There can be no stigma associated with the use of extensions by any application, project, or standard - regardless of the institution or jurisdiction that uses or defines the extensions.  The use of extensions is what allows the FHIR specification to retain a core level of simplicity for everyone."}],"linkId":"RelatedPerson.modifierExtension","repeats":true,"required":false,"text":"Extensions that cannot be ignored"},{"extension":[{"url":"http://hl7.org/fhir/Profile/questionnaire-extensions#flyover","valueString":"Identifier for a person within a particular scope."},{"url":"http://www.healthintersections.com.au/fhir/Profile/metadata#type","valueString":"Identifier"}],"linkId":"RelatedPerson.identifier","question":[{"linkId":"RelatedPerson.identifier.label","repeats":false,"required":false,"text":"label:","type":"string"},{"linkId":"RelatedPerson.identifier.system","repeats":false,"required":false,"text":"system:","type":"string"},{"linkId":"RelatedPerson.identifier.value","repeats":false,"required":false,"text":"value:","type":"string"}],"repeats":true,"required":false,"text":"A human identifier for this person"},{"extension":[{"url":"http://hl7.org/fhir/Profile/questionnaire-extensions#flyover","valueString":"The patient this person is related to."},{"url":"http://www.healthintersections.com.au/fhir/Profile/metadata#type","valueString":"Reference"}],"linkId":"RelatedPerson.patient","question":[{"extension":[{"url":"http://www.healthintersections.com.au/fhir/Profile/metadata#reference","valueString":"/daf-patient?subject=$subj&patient=$subj&encounter=$encounter"}],"linkId":"RelatedPerson.patient.value","repeats":false,"required":false,"text":"The patient this person is related to","type":"reference"}],"repeats":true,"required":true},{"extension":[{"url":"http://hl7.org/fhir/Profile/questionnaire-extensions#flyover","valueString":"The nature of the relationship between a patient and the related person."},{"url":"http://www.healthintersections.com.au/fhir/Profile/metadata#type","valueString":"CodeableConcept"}],"linkId":"RelatedPerson.relationship","question":[{"linkId":"RelatedPerson.relationship.coding","repeats":false,"required":false,"text":"code:","type":"choice"},{"linkId":"RelatedPerson.relationship.text","repeats":false,"required":false,"text":"text:","type":"string"}],"repeats":true,"required":false,"text":"The nature of the relationship"},{"extension":[{"url":"http://hl7.org/fhir/Profile/questionnaire-extensions#flyover","valueString":"A name associated with the person."},{"url":"http://www.healthintersections.com.au/fhir/Profile/metadata#type","valueString":"Name"}],"linkId":"RelatedPerson.name","question":[{"linkId":"RelatedPerson.name.text","repeats":false,"required":false,"text":"text:","type":"string"},{"linkId":"RelatedPerson.name.family","repeats":true,"required":false,"text":"family:","type":"string"},{"linkId":"RelatedPerson.name.given","repeats":true,"required":false,"text":"given:","type":"string"}],"repeats":true,"required":false,"text":"A name associated with the person"},{"extension":[{"url":"http://hl7.org/fhir/Profile/questionnaire-extensions#flyover","valueString":"A contact detail for the person, e.g. a telephone number or an email address. Person may have multiple ways to be contacted with different uses or applicable periods.  May need to have options for contacting the person urgently, and also to help with identification."},{"url":"http://www.healthintersections.com.au/fhir/Profile/metadata#type","valueString":"ContactPoint"}],"linkId":"RelatedPerson.telecom","question":[{"linkId":"RelatedPerson.telecom.system","repeats":false,"required":false,"text":"type:","type":"choice"},{"linkId":"RelatedPerson.telecom.value","repeats":false,"required":false,"text":"value:","type":"string"},{"linkId":"RelatedPerson.telecom.use","repeats":false,"required":false,"text":"use:","type":"choice"}],"repeats":true,"required":false,"text":"A contact detail for the person"},{"extension":[{"url":"http://hl7.org/fhir/Profile/questionnaire-extensions#flyover","valueString":"Administrative Gender - the gender that the person is considered to have for administration and record keeping purposes."},{"url":"http://www.healthintersections.com.au/fhir/Profile/metadata#type","valueString":"code"}],"linkId":"RelatedPerson.gender","question":[{"linkId":"RelatedPerson.gender.value","repeats":false,"required":false,"text":"gender","type":"choice"}],"repeats":true,"required":false},{"extension":[{"url":"http://hl7.org/fhir/Profile/questionnaire-extensions#flyover","valueString":"The date on which the related person was born."},{"url":"http://www.healthintersections.com.au/fhir/Profile/metadata#type","valueString":"datetime"}],"linkId":"RelatedPerson.birthDate","question":[{"linkId":"RelatedPerson.birthDate.value","repeats":false,"required":false,"text":"The date on which the related person was born","type":"dateTime"}],"repeats":true,"required":false},{"extension":[{"url":"http://hl7.org/fhir/Profile/questionnaire-extensions#flyover","valueString":"Address where the related person can be contacted or visited."},{"url":"http://www.healthintersections.com.au/fhir/Profile/metadata#type","valueString":"Address"}],"linkId":"RelatedPerson.address","question":[{"linkId":"RelatedPerson.address.text","repeats":false,"required":false,"text":"text:","type":"string"},{"linkId":"RelatedPerson.address.line","repeats":true,"required":false,"text":"line:","type":"string"},{"linkId":"RelatedPerson.address.city","repeats":false,"required":false,"text":"city:","type":"string"},{"linkId":"RelatedPerson.address.state","repeats":false,"required":false,"text":"state:","type":"string"},{"linkId":"RelatedPerson.address.postalCode","repeats":false,"required":false,"text":"post code:","type":"string"},{"linkId":"RelatedPerson.address.country","repeats":false,"required":false,"text":"country:","type":"string"},{"linkId":"RelatedPerson.address.use","repeats":false,"required":false,"text":"use:","type":"choice"}],"repeats":true,"required":false,"text":"Address where the related person can be contacted or visited"},{"extension":[{"url":"http://hl7.org/fhir/Profile/questionnaire-extensions#flyover","valueString":"Image of the person."},{"url":"http://www.healthintersections.com.au/fhir/Profile/metadata#type","valueString":"Attachment"}],"linkId":"RelatedPerson.photo","repeats":true,"required":false,"text":"Image of the person"},{"extension":[{"url":"http://hl7.org/fhir/Profile/questionnaire-extensions#flyover","valueString":"The period of time that this relationship is considered to be valid. If there are no dates defined, then the interval is unknown."},{"url":"http://www.healthintersections.com.au/fhir/Profile/metadata#type","valueString":"Period"}],"linkId":"RelatedPerson.period","question":[{"linkId":"RelatedPerson.period.low","repeats":false,"required":false,"text":"start:","type":"dateTime"},{"linkId":"RelatedPerson.period.end","repeats":false,"required":false,"text":"end:","type":"dateTime"}],"repeats":true,"required":false,"text":"Period of time that this relationship is considered valid"}],"linkId":"RelatedPerson","repeats":true,"required":false,"title":"An person that is related to a patient, but who is not a direct target of care"},"id":"qs1","identifier":[{"system":"urn:ietf:rfc:3986"}],"publisher":"Health Level Seven International (Infrastructure and Messaging - Data Access Framework)","resourceType":"Questionnaire","status":"draft"}