{"event":[{"dateTime":"2013-05-02T16:16:00-07:00","status":"requested"},{"dateTime":"2013-05-06T11:20:00-07:00","status":"rejected"}],"extension":[{"url":"http://hl7.org/fhir/StructureDefinition/diagnosticorder-reason","valueCodeableConcept":{"coding":[{"code":"PHY","display":"Physician request","system":"http://hl7.org/fhir/v3/ActReason"}]}},{"url":"http://hl7.org/fhir/StructureDefinition/diagnosticorder-reasonRejected","valueCodeableConcept":{"coding":[{"code":"NON-AVAIL","display":"patient not-available","system":"http://hl7.org/fhir/v3/ActReason"}]}}],"id":"diagnosticorder-example","identifier":[{"system":"urn:oid:1.3.4.5.6.7","type":{"text":"Placer"},"value":"2345234234234"}],"item":[{"code":{"coding":[{"code":"57698-3","system":"http://loinc.org"}],"text":"Lipid panel with direct LDL - Serum or Plasma"}}],"orderer":{"reference":"Practitioner/example"},"resourceType":"DiagnosticOrder","status":"rejected","subject":{"reference":"Patient/example"},"text":{"div":"<div>\n        Example Diagnostic Order\n        </div>","status":"generated"}}