{"abstract":false,"base":"http://hl7.org/fhir/StructureDefinition/Extension","constrainedType":"Extension","context":["ValueSet.expansion"],"contextType":"resource","date":"2015-10-24T07:41:03+11:00","description":"Marks that the expansion is  incomplete, abd other values that those listed may be valid.","differential":{"element":[{"comments":"Some value sets are open by their definition - e.g. SCT value sets that allow post-coordination. In these cases a server may be able to expand a list but it won't be comprehensive.","definition":"Marks that the expansion is  incomplete, abd other values that those listed may be valid.","isModifier":false,"max":"1","min":0,"path":"Extension","short":"The expansion is incomplete","type":[{"code":"Extension"}]},{"max":"0","name":"extension","path":"Extension.extension"},{"fixedUri":"http://hl7.org/fhir/StructureDefinition/valueset-unclosed","path":"Extension.url","type":[{"code":"uri"}]},{"min":1,"path":"Extension.value[x]","type":[{"code":"boolean"}]}]},"fhirVersion":"1.0.2","id":"valueset-unclosed","kind":"datatype","name":"The expansion is incomplete","publisher":"HL7","resourceType":"StructureDefinition","snapshot":{"element":[{"base":{"max":"*","min":0,"path":"Extension"},"comments":"Some value sets are open by their definition - e.g. SCT value sets that allow post-coordination. In these cases a server may be able to expand a list but it won't be comprehensive.","definition":"Marks that the expansion is  incomplete, abd other values that those listed may be valid.","isModifier":false,"max":"1","min":0,"path":"Extension","short":"The expansion is incomplete","type":[{"code":"Extension"}]},{"base":{"max":"1","min":0,"path":"Extension.id"},"definition":"unique id for the element within a resource (for internal references).","mapping":[{"identity":"rim","map":"n/a"}],"max":"1","min":0,"path":"Extension.id","representation":["xmlAttr"],"short":"xml:id (or equivalent in JSON)","type":[{"code":"id"}]},{"base":{"max":"*","min":0,"path":"Extension.extension"},"definition":"An Extension","max":"0","min":0,"name":"extension","path":"Extension.extension","short":"Extension","type":[{"code":"Extension"}]},{"base":{"max":"1","min":1,"path":"Extension.url"},"comments":"The definition may point directly to a computable or human-readable definition of the extensibility codes, or it may be a logical URI as declared in some other specification. The definition should be version specific.  This will ideally be the URI for the Resource Profile defining the extension, with the code for the extension after a #.","definition":"Source of the definition for the extension code - a logical name or a URL.","fixedUri":"http://hl7.org/fhir/StructureDefinition/valueset-unclosed","mapping":[{"identity":"rim","map":"N/A"}],"max":"1","min":1,"path":"Extension.url","representation":["xmlAttr"],"short":"identifies the meaning of the extension","type":[{"code":"uri"}]},{"base":{"max":"1","min":0,"path":"Extension.value[x]"},"definition":"Value of extension - may be a resource or one of a constrained set of the data types (see Extensibility in the spec for list).","mapping":[{"identity":"rim","map":"N/A"}],"max":"1","min":1,"path":"Extension.valueBoolean","short":"Value of extension","type":[{"code":"boolean"}]}]},"status":"draft","url":"http://hl7.org/fhir/StructureDefinition/valueset-unclosed"}