{"abstract":false,"base":"http://hl7.org/fhir/StructureDefinition/Extension","constrainedType":"Extension","context":["ValueSet.compose.include.concept","ValueSet.codeSystem.concept","ValueSet.expansion.contains"],"contextType":"resource","date":"2015-10-24T07:41:03+11:00","description":"Identifies the relative order in which concepts within the value set should be presented to a user.","differential":{"element":[{"definition":"Identifies the relative order in which concepts within the value set should be presented to a user.","isModifier":false,"max":"1","min":0,"path":"Extension","short":"Appearance order for user selection","type":[{"code":"Extension"}]},{"max":"0","name":"extension","path":"Extension.extension"},{"fixedUri":"http://hl7.org/fhir/StructureDefinition/valueset-conceptOrder","path":"Extension.url","type":[{"code":"uri"}]},{"min":1,"path":"Extension.value[x]","type":[{"code":"integer"}]}]},"fhirVersion":"1.0.2","id":"valueset-conceptOrder","kind":"datatype","name":"Appearance order for user selection","publisher":"HL7","resourceType":"StructureDefinition","snapshot":{"element":[{"base":{"max":"*","min":0,"path":"Extension"},"definition":"Identifies the relative order in which concepts within the value set should be presented to a user.","isModifier":false,"max":"1","min":0,"path":"Extension","short":"Appearance order for user selection","type":[{"code":"Extension"}]},{"base":{"max":"1","min":0,"path":"Extension.id"},"definition":"unique id for the element within a resource (for internal references).","mapping":[{"identity":"rim","map":"n/a"}],"max":"1","min":0,"path":"Extension.id","representation":["xmlAttr"],"short":"xml:id (or equivalent in JSON)","type":[{"code":"id"}]},{"base":{"max":"*","min":0,"path":"Extension.extension"},"definition":"An Extension","max":"0","min":0,"name":"extension","path":"Extension.extension","short":"Extension","type":[{"code":"Extension"}]},{"base":{"max":"1","min":1,"path":"Extension.url"},"comments":"The definition may point directly to a computable or human-readable definition of the extensibility codes, or it may be a logical URI as declared in some other specification. The definition should be version specific.  This will ideally be the URI for the Resource Profile defining the extension, with the code for the extension after a #.","definition":"Source of the definition for the extension code - a logical name or a URL.","fixedUri":"http://hl7.org/fhir/StructureDefinition/valueset-conceptOrder","mapping":[{"identity":"rim","map":"N/A"}],"max":"1","min":1,"path":"Extension.url","representation":["xmlAttr"],"short":"identifies the meaning of the extension","type":[{"code":"uri"}]},{"base":{"max":"1","min":0,"path":"Extension.value[x]"},"definition":"Value of extension - may be a resource or one of a constrained set of the data types (see Extensibility in the spec for list).","mapping":[{"identity":"rim","map":"N/A"}],"max":"1","min":1,"path":"Extension.valueInteger","short":"Value of extension","type":[{"code":"integer"}]}]},"status":"draft","url":"http://hl7.org/fhir/StructureDefinition/valueset-conceptOrder"}