{"abstract":false,"base":"http://hl7.org/fhir/StructureDefinition/Extension","constrainedType":"Extension","contact":[{"telecom":[{"system":"other","value":"HL7"}]}],"context":["ImagingStudy"],"contextType":"resource","date":"2015-02-21","description":"The duration of exposure to radiation for this study.","differential":{"element":[{"definition":"The duration of exposure to radiation for this study.","max":"1","min":0,"path":"Extension","short":"The length of time for radiation exposure","type":[{"code":"Extension"}]},{"max":"0","name":"extension","path":"Extension.extension"},{"fixedUri":"http://hl7.org/fhir/StructureDefinition/imagingstudy-radiationDuration","path":"Extension.url","type":[{"code":"uri"}]},{"min":1,"path":"Extension.value[x]","type":[{"code":"Quantity","profile":["http://hl7.org/fhir/StructureDefinition/Duration"]}]}]},"display":"radiationDuration","fhirVersion":"1.0.2","id":"imagingstudy-radiationDuration","kind":"datatype","name":"The length of time for radiation exposure","publisher":"Health Level Seven, Inc. - FHIR WG","resourceType":"StructureDefinition","snapshot":{"element":[{"base":{"max":"*","min":0,"path":"Extension"},"definition":"The duration of exposure to radiation for this study.","max":"1","min":0,"path":"Extension","short":"The length of time for radiation exposure","type":[{"code":"Extension"}]},{"base":{"max":"1","min":0,"path":"Extension.id"},"definition":"unique id for the element within a resource (for internal references).","mapping":[{"identity":"rim","map":"n/a"}],"max":"1","min":0,"path":"Extension.id","representation":["xmlAttr"],"short":"xml:id (or equivalent in JSON)","type":[{"code":"id"}]},{"base":{"max":"*","min":0,"path":"Extension.extension"},"definition":"An Extension","max":"0","min":0,"name":"extension","path":"Extension.extension","short":"Extension","type":[{"code":"Extension"}]},{"base":{"max":"1","min":1,"path":"Extension.url"},"comments":"The definition may point directly to a computable or human-readable definition of the extensibility codes, or it may be a logical URI as declared in some other specification. The definition should be version specific.  This will ideally be the URI for the Resource Profile defining the extension, with the code for the extension after a #.","definition":"Source of the definition for the extension code - a logical name or a URL.","fixedUri":"http://hl7.org/fhir/StructureDefinition/imagingstudy-radiationDuration","mapping":[{"identity":"rim","map":"N/A"}],"max":"1","min":1,"path":"Extension.url","representation":["xmlAttr"],"short":"identifies the meaning of the extension","type":[{"code":"uri"}]},{"base":{"max":"1","min":0,"path":"Extension.value[x]"},"comments":"The context of use may frequently define what kind of quantity this is and therefore what kind of units can be used. The context of use may also restrict the values for the comparator.","constraint":[{"human":"If a code for the unit is present, the system SHALL also be present","key":"qty-3","severity":"error","xpath":"not(exists(f:code)) or exists(f:system)"},{"human":"There SHALL be a code if there is a value and it SHALL be an expression of time.  If system is present, it SHALL be UCUM.","key":"drt-1","severity":"error","xpath":"(f:code or not(f:value)) and (not(exists(f:system)) or f:system/@value='http://unitsofmeasure.org')"}],"definition":"There SHALL be a code if there is a value and it SHALL be an expression of time.  If system is present, it SHALL be UCUM.","isSummary":true,"mapping":[{"identity":"v2","map":"SN (see also Range) or CQ"},{"identity":"rim","map":"PQ, IVL<PQ>, MO, CO, depending on the values"}],"max":"1","min":1,"path":"Extension.valueQuantity","short":"A length of time","type":[{"code":"Quantity","profile":["http://hl7.org/fhir/StructureDefinition/Duration"]}]}]},"status":"draft","url":"http://hl7.org/fhir/StructureDefinition/imagingstudy-radiationDuration"}