{"abstract":false,"base":"http://hl7.org/fhir/StructureDefinition/Extension","constrainedType":"Extension","context":["Patient"],"contextType":"resource","date":"2015-10-24T07:41:03+11:00","description":"The patient's legal status as citizen of a country.","differential":{"element":[{"definition":"The patient's legal status as citizen of a country.","max":"*","min":0,"path":"Extension","short":"Nation(s) where the patient claims citizenship","type":[{"code":"Extension"}]},{"definition":"Nation code representing the citizenship of patient.","max":"1","min":0,"name":"code","path":"Extension.extension","short":"Nation code of citizenship","type":[{"code":"Extension"}]},{"max":"0","name":"extension","path":"Extension.extension.extension"},{"fixedUri":"code","path":"Extension.extension.url","type":[{"code":"uri"}]},{"min":1,"path":"Extension.extension.value[x]","type":[{"code":"CodeableConcept"}]},{"definition":"Period when citizenship was effective.","max":"1","min":0,"name":"period","path":"Extension.extension","short":"Time period of citizenship","type":[{"code":"Extension"}]},{"max":"0","name":"extension","path":"Extension.extension.extension"},{"fixedUri":"period","path":"Extension.extension.url","type":[{"code":"uri"}]},{"min":1,"path":"Extension.extension.value[x]","type":[{"code":"Period"}]},{"fixedUri":"http://hl7.org/fhir/StructureDefinition/patient-citizenship","path":"Extension.url","type":[{"code":"uri"}]},{"max":"0","min":0,"path":"Extension.value[x]"}]},"display":"citizenship","fhirVersion":"1.0.2","id":"patient-citizenship","kind":"datatype","name":"Nation(s) where the patient claims citizenship","publisher":"HL7","resourceType":"StructureDefinition","snapshot":{"element":[{"base":{"max":"*","min":0,"path":"Extension"},"definition":"The patient's legal status as citizen of a country.","max":"*","min":0,"path":"Extension","short":"Nation(s) where the patient claims citizenship","type":[{"code":"Extension"}]},{"base":{"max":"1","min":0,"path":"Extension.id"},"definition":"unique id for the element within a resource (for internal references).","mapping":[{"identity":"rim","map":"n/a"}],"max":"1","min":0,"path":"Extension.id","representation":["xmlAttr"],"short":"xml:id (or equivalent in JSON)","type":[{"code":"id"}]},{"alias":["extensions","user content"],"base":{"max":"*","min":0,"path":"Extension.extension"},"comments":"There can be no stigma associated with the use of extensions by any application, project, or standard - regardless of the institution or jurisdiction that uses or defines the extensions.  The use of extensions is what allows the FHIR specification to retain a core level of simplicity for everyone.","definition":"May be used to represent additional information that is not part of the basic definition of the element. In order to make the use of extensions safe and manageable, there is a strict set of governance  applied to the definition and use of extensions. Though any implementer is allowed to define an extension, there is a set of requirements that SHALL be met as part of the definition of the extension.","mapping":[{"identity":"rim","map":"n/a"}],"max":"*","min":0,"path":"Extension.extension","short":"Additional Content defined by implementations","slicing":{"discriminator":["url"],"ordered":false,"rules":"open"},"type":[{"code":"Extension"}]},{"base":{"max":"*","min":0,"path":"Extension.extension"},"definition":"Nation code representing the citizenship of patient.","max":"1","min":0,"name":"code","path":"Extension.extension","short":"Nation code of citizenship","type":[{"code":"Extension"}]},{"base":{"max":"1","min":0,"path":"Extension.id"},"definition":"unique id for the element within a resource (for internal references).","mapping":[{"identity":"rim","map":"n/a"}],"max":"1","min":0,"path":"Extension.extension.id","representation":["xmlAttr"],"short":"xml:id (or equivalent in JSON)","type":[{"code":"id"}]},{"base":{"max":"*","min":0,"path":"Extension.extension"},"definition":"An Extension","max":"0","min":0,"name":"extension","path":"Extension.extension.extension","short":"Extension","type":[{"code":"Extension"}]},{"base":{"max":"1","min":1,"path":"Extension.url"},"comments":"The definition may point directly to a computable or human-readable definition of the extensibility codes, or it may be a logical URI as declared in some other specification. The definition should be version specific.  This will ideally be the URI for the Resource Profile defining the extension, with the code for the extension after a #.","definition":"Source of the definition for the extension code - a logical name or a URL.","fixedUri":"code","mapping":[{"identity":"rim","map":"N/A"}],"max":"1","min":1,"path":"Extension.extension.url","representation":["xmlAttr"],"short":"identifies the meaning of the extension","type":[{"code":"uri"}]},{"base":{"max":"1","min":0,"path":"Extension.value[x]"},"definition":"Value of extension - may be a resource or one of a constrained set of the data types (see Extensibility in the spec for list).","mapping":[{"identity":"rim","map":"N/A"}],"max":"1","min":1,"path":"Extension.extension.valueCodeableConcept","short":"Value of extension","type":[{"code":"CodeableConcept"}]},{"base":{"max":"*","min":0,"path":"Extension.extension"},"definition":"Period when citizenship was effective.","max":"1","min":0,"name":"period","path":"Extension.extension","short":"Time period of citizenship","type":[{"code":"Extension"}]},{"base":{"max":"1","min":0,"path":"Extension.id"},"definition":"unique id for the element within a resource (for internal references).","mapping":[{"identity":"rim","map":"n/a"}],"max":"1","min":0,"path":"Extension.extension.id","representation":["xmlAttr"],"short":"xml:id (or equivalent in JSON)","type":[{"code":"id"}]},{"base":{"max":"*","min":0,"path":"Extension.extension"},"definition":"An Extension","max":"0","min":0,"name":"extension","path":"Extension.extension.extension","short":"Extension","type":[{"code":"Extension"}]},{"base":{"max":"1","min":1,"path":"Extension.url"},"comments":"The definition may point directly to a computable or human-readable definition of the extensibility codes, or it may be a logical URI as declared in some other specification. The definition should be version specific.  This will ideally be the URI for the Resource Profile defining the extension, with the code for the extension after a #.","definition":"Source of the definition for the extension code - a logical name or a URL.","fixedUri":"period","mapping":[{"identity":"rim","map":"N/A"}],"max":"1","min":1,"path":"Extension.extension.url","representation":["xmlAttr"],"short":"identifies the meaning of the extension","type":[{"code":"uri"}]},{"base":{"max":"1","min":0,"path":"Extension.value[x]"},"definition":"Value of extension - may be a resource or one of a constrained set of the data types (see Extensibility in the spec for list).","mapping":[{"identity":"rim","map":"N/A"}],"max":"1","min":1,"path":"Extension.extension.valuePeriod","short":"Value of extension","type":[{"code":"Period"}]},{"base":{"max":"1","min":1,"path":"Extension.url"},"comments":"The definition may point directly to a computable or human-readable definition of the extensibility codes, or it may be a logical URI as declared in some other specification. The definition should be version specific.  This will ideally be the URI for the Resource Profile defining the extension, with the code for the extension after a #.","definition":"Source of the definition for the extension code - a logical name or a URL.","fixedUri":"http://hl7.org/fhir/StructureDefinition/patient-citizenship","mapping":[{"identity":"rim","map":"N/A"}],"max":"1","min":1,"path":"Extension.url","representation":["xmlAttr"],"short":"identifies the meaning of the extension","type":[{"code":"uri"}]},{"base":{"max":"1","min":0,"path":"Extension.value[x]"},"definition":"Value of extension - may be a resource or one of a constrained set of the data types (see Extensibility in the spec for list).","mapping":[{"identity":"rim","map":"N/A"}],"max":"0","min":0,"path":"Extension.value[x]","short":"Value of extension","type":[{"code":"boolean"},{"code":"integer"},{"code":"decimal"},{"code":"base64Binary"},{"code":"instant"},{"code":"string"},{"code":"uri"},{"code":"date"},{"code":"dateTime"},{"code":"time"},{"code":"code"},{"code":"oid"},{"code":"id"},{"code":"unsignedInt"},{"code":"positiveInt"},{"code":"markdown"},{"code":"Annotation"},{"code":"Attachment"},{"code":"Identifier"},{"code":"CodeableConcept"},{"code":"Coding"},{"code":"Quantity"},{"code":"Range"},{"code":"Period"},{"code":"Ratio"},{"code":"SampledData"},{"code":"Signature"},{"code":"HumanName"},{"code":"Address"},{"code":"ContactPoint"},{"code":"Timing"},{"code":"Reference"},{"code":"Meta"}]}]},"status":"draft","url":"http://hl7.org/fhir/StructureDefinition/patient-citizenship"}