{"abstract":false,"base":"http://hl7.org/fhir/StructureDefinition/Extension","constrainedType":"Extension","contact":[{"telecom":[{"system":"other","value":"http://hl7.org/special/committees/fhir.htm"}]}],"context":["Conformance.rest.resource.interaction","Conformance.rest.resource.searchParam","Conformance.rest.operation","Conformance.messaging.event","Conformance.document","Conformance.rest.interaction"],"contextType":"resource","date":"2014-04-12","description":"If set to true, indicates that support for the specified behavior would make a system non=conformant with the specification.","differential":{"element":[{"definition":"If set to true, indicates that support for the specified behavior would make a system non=conformant with the specification.","isModifier":true,"mapping":[{"identity":"v2","map":"N/A"},{"identity":"rim","map":"N/A"}],"max":"1","min":0,"path":"Extension","short":"Functionality not allowed","type":[{"code":"Extension"}]},{"max":"0","name":"extension","path":"Extension.extension"},{"fixedUri":"http://hl7.org/fhir/StructureDefinition/conformance-prohibited","path":"Extension.url","type":[{"code":"uri"}]},{"min":1,"path":"Extension.value[x]","type":[{"code":"boolean"}]}]},"display":"Conformance prohibition","fhirVersion":"1.0.2","id":"conformance-prohibited","kind":"datatype","mapping":[{"identity":"v2","name":"HL7 v2","uri":"http://hl7.org/v2"},{"identity":"rim","name":"RIM","uri":"http://hl7.org/v3"}],"name":"Functionality not allowed","publisher":"Health Level Seven, Inc. - [WG Name] WG","resourceType":"StructureDefinition","snapshot":{"element":[{"base":{"max":"*","min":0,"path":"Extension"},"definition":"If set to true, indicates that support for the specified behavior would make a system non=conformant with the specification.","isModifier":true,"mapping":[{"identity":"v2","map":"N/A"},{"identity":"rim","map":"N/A"}],"max":"1","min":0,"path":"Extension","short":"Functionality not allowed","type":[{"code":"Extension"}]},{"base":{"max":"1","min":0,"path":"Extension.id"},"definition":"unique id for the element within a resource (for internal references).","mapping":[{"identity":"rim","map":"n/a"}],"max":"1","min":0,"path":"Extension.id","representation":["xmlAttr"],"short":"xml:id (or equivalent in JSON)","type":[{"code":"id"}]},{"base":{"max":"*","min":0,"path":"Extension.extension"},"definition":"An Extension","max":"0","min":0,"name":"extension","path":"Extension.extension","short":"Extension","type":[{"code":"Extension"}]},{"base":{"max":"1","min":1,"path":"Extension.url"},"comments":"The definition may point directly to a computable or human-readable definition of the extensibility codes, or it may be a logical URI as declared in some other specification. The definition should be version specific.  This will ideally be the URI for the Resource Profile defining the extension, with the code for the extension after a #.","definition":"Source of the definition for the extension code - a logical name or a URL.","fixedUri":"http://hl7.org/fhir/StructureDefinition/conformance-prohibited","mapping":[{"identity":"rim","map":"N/A"}],"max":"1","min":1,"path":"Extension.url","representation":["xmlAttr"],"short":"identifies the meaning of the extension","type":[{"code":"uri"}]},{"base":{"max":"1","min":0,"path":"Extension.value[x]"},"definition":"Value of extension - may be a resource or one of a constrained set of the data types (see Extensibility in the spec for list).","mapping":[{"identity":"rim","map":"N/A"}],"max":"1","min":1,"path":"Extension.valueBoolean","short":"Value of extension","type":[{"code":"boolean"}]}]},"status":"draft","url":"http://hl7.org/fhir/StructureDefinition/conformance-prohibited"}