{"abstract":false,"base":"http://hl7.org/fhir/StructureDefinition/Extension","constrainedType":"Extension","contact":[{"telecom":[{"system":"other","value":"http://hl7.org/special/committees/FHIR"}]}],"context":["ElementDefinition.mapping"],"contextType":"datatype","date":"2015-02-28","description":"The level of equivalence between the element containing the mapping and the element mapped to.","differential":{"element":[{"definition":"The level of equivalence between the element containing the mapping and the element mapped to.","mapping":[{"identity":"rim","map":"N/A (MIF territory)"}],"max":"1","min":0,"path":"Extension","short":"equivalent | equal | wider | subsumes | narrower | specializes | inexact | unmatched | disjoint","type":[{"code":"Extension"}]},{"max":"0","name":"extension","path":"Extension.extension"},{"fixedUri":"http://hl7.org/fhir/StructureDefinition/elementdefinition-equivalence","path":"Extension.url","type":[{"code":"uri"}]},{"binding":{"description":"The degree of equivalence between concepts.","strength":"required","valueSetReference":{"reference":"http://hl7.org/fhir/ValueSet/concept-map-equivalence"}},"min":1,"path":"Extension.value[x]","type":[{"code":"code"}]}]},"fhirVersion":"1.0.2","id":"elementdefinition-equivalence","kind":"datatype","mapping":[{"identity":"rim","name":"RIM","uri":"http://hl7.org/v3"}],"name":"equivalent | equal | wider | subsumes | narrower | specializes | inexact | unmatched | disjoint","publisher":"Health Level Seven, Inc. - FHIR Core WG","resourceType":"StructureDefinition","snapshot":{"element":[{"base":{"max":"*","min":0,"path":"Extension"},"definition":"The level of equivalence between the element containing the mapping and the element mapped to.","mapping":[{"identity":"rim","map":"N/A (MIF territory)"}],"max":"1","min":0,"path":"Extension","short":"equivalent | equal | wider | subsumes | narrower | specializes | inexact | unmatched | disjoint","type":[{"code":"Extension"}]},{"base":{"max":"1","min":0,"path":"Extension.id"},"definition":"unique id for the element within a resource (for internal references).","mapping":[{"identity":"rim","map":"n/a"}],"max":"1","min":0,"path":"Extension.id","representation":["xmlAttr"],"short":"xml:id (or equivalent in JSON)","type":[{"code":"id"}]},{"base":{"max":"*","min":0,"path":"Extension.extension"},"definition":"An Extension","max":"0","min":0,"name":"extension","path":"Extension.extension","short":"Extension","type":[{"code":"Extension"}]},{"base":{"max":"1","min":1,"path":"Extension.url"},"comments":"The definition may point directly to a computable or human-readable definition of the extensibility codes, or it may be a logical URI as declared in some other specification. The definition should be version specific.  This will ideally be the URI for the Resource Profile defining the extension, with the code for the extension after a #.","definition":"Source of the definition for the extension code - a logical name or a URL.","fixedUri":"http://hl7.org/fhir/StructureDefinition/elementdefinition-equivalence","mapping":[{"identity":"rim","map":"N/A"}],"max":"1","min":1,"path":"Extension.url","representation":["xmlAttr"],"short":"identifies the meaning of the extension","type":[{"code":"uri"}]},{"base":{"max":"1","min":0,"path":"Extension.value[x]"},"binding":{"description":"The degree of equivalence between concepts.","strength":"required","valueSetReference":{"reference":"http://hl7.org/fhir/ValueSet/concept-map-equivalence"}},"definition":"Value of extension - may be a resource or one of a constrained set of the data types (see Extensibility in the spec for list).","mapping":[{"identity":"rim","map":"N/A"}],"max":"1","min":1,"path":"Extension.valueCode","short":"Value of extension","type":[{"code":"code"}]}]},"status":"draft","url":"http://hl7.org/fhir/StructureDefinition/elementdefinition-equivalence"}