{"abstract":false,"base":"http://hl7.org/fhir/StructureDefinition/Extension","constrainedType":"Extension","contact":[{"telecom":[{"system":"other","value":"http://www.hl7.org"}]}],"context":["@Questionnaire.group","@Questionnaire.group.question"],"contextType":"resource","date":"2013-07-04","description":"The text provides instructions intended to be rendered with the element explaining how the content of the element is to be completed.  This should be rendered in-line before the question or group.","differential":{"element":[{"definition":"The text provides instructions intended to be rendered with the element explaining how the content of the element is to be completed.  This should be rendered in-line before the question or group.","mapping":[{"identity":"rim","map":"N/A - MIF rather than RIM level"}],"max":"1","min":0,"path":"Extension","short":"How to populate group or question","type":[{"code":"Extension"}]},{"max":"0","name":"extension","path":"Extension.extension"},{"fixedUri":"http://hl7.org/fhir/StructureDefinition/questionnaire-instruction","path":"Extension.url","type":[{"code":"uri"}]},{"min":1,"path":"Extension.value[x]","type":[{"code":"string"}]}]},"fhirVersion":"1.0.2","id":"questionnaire-instruction","kind":"datatype","mapping":[{"identity":"rim","name":"RIM","uri":"http://hl7.org/v3"}],"name":"How to populate group or question","publisher":"HL7","resourceType":"StructureDefinition","snapshot":{"element":[{"base":{"max":"*","min":0,"path":"Extension"},"definition":"The text provides instructions intended to be rendered with the element explaining how the content of the element is to be completed.  This should be rendered in-line before the question or group.","mapping":[{"identity":"rim","map":"N/A - MIF rather than RIM level"}],"max":"1","min":0,"path":"Extension","short":"How to populate group or question","type":[{"code":"Extension"}]},{"base":{"max":"1","min":0,"path":"Extension.id"},"definition":"unique id for the element within a resource (for internal references).","mapping":[{"identity":"rim","map":"n/a"}],"max":"1","min":0,"path":"Extension.id","representation":["xmlAttr"],"short":"xml:id (or equivalent in JSON)","type":[{"code":"id"}]},{"base":{"max":"*","min":0,"path":"Extension.extension"},"definition":"An Extension","max":"0","min":0,"name":"extension","path":"Extension.extension","short":"Extension","type":[{"code":"Extension"}]},{"base":{"max":"1","min":1,"path":"Extension.url"},"comments":"The definition may point directly to a computable or human-readable definition of the extensibility codes, or it may be a logical URI as declared in some other specification. The definition should be version specific.  This will ideally be the URI for the Resource Profile defining the extension, with the code for the extension after a #.","definition":"Source of the definition for the extension code - a logical name or a URL.","fixedUri":"http://hl7.org/fhir/StructureDefinition/questionnaire-instruction","mapping":[{"identity":"rim","map":"N/A"}],"max":"1","min":1,"path":"Extension.url","representation":["xmlAttr"],"short":"identifies the meaning of the extension","type":[{"code":"uri"}]},{"base":{"max":"1","min":0,"path":"Extension.value[x]"},"definition":"Value of extension - may be a resource or one of a constrained set of the data types (see Extensibility in the spec for list).","mapping":[{"identity":"rim","map":"N/A"}],"max":"1","min":1,"path":"Extension.valueString","short":"Value of extension","type":[{"code":"string"}]}]},"status":"draft","url":"http://hl7.org/fhir/StructureDefinition/questionnaire-instruction"}