{"abstract":false,"base":"http://hl7.org/fhir/StructureDefinition/Extension","constrainedType":"Extension","contact":[{"telecom":[{"system":"other","value":"HL7"}]}],"context":["FamilyMemberHistory.condition"],"contextType":"resource","date":"2015-02-21","description":"The approximate date, age, or flag indicating that the condition of the family member resolved. The abatement should only be specified if the condition is stated in the positive sense, i.e., the didNotHave flag is false.","differential":{"element":[{"definition":"The approximate date, age, or flag indicating that the condition of the family member resolved. The abatement should only be specified if the condition is stated in the positive sense, i.e., the didNotHave flag is false.","max":"1","min":0,"path":"Extension","short":"When (or if) the family member's condition resolved","type":[{"code":"Extension"}]},{"max":"0","name":"extension","path":"Extension.extension"},{"fixedUri":"http://hl7.org/fhir/StructureDefinition/familymemberhistory-abatement","path":"Extension.url","type":[{"code":"uri"}]},{"min":1,"path":"Extension.value[x]","type":[{"code":"date"},{"code":"Quantity","profile":["http://hl7.org/fhir/StructureDefinition/Age"]},{"code":"boolean"}]}]},"display":"abatement","fhirVersion":"1.0.2","id":"familymemberhistory-abatement","kind":"datatype","name":"When (or if) the family member's condition resolved","publisher":"Health Level Seven, Inc. - FHIR WG","resourceType":"StructureDefinition","snapshot":{"element":[{"base":{"max":"*","min":0,"path":"Extension"},"definition":"The approximate date, age, or flag indicating that the condition of the family member resolved. The abatement should only be specified if the condition is stated in the positive sense, i.e., the didNotHave flag is false.","max":"1","min":0,"path":"Extension","short":"When (or if) the family member's condition resolved","type":[{"code":"Extension"}]},{"base":{"max":"1","min":0,"path":"Extension.id"},"definition":"unique id for the element within a resource (for internal references).","mapping":[{"identity":"rim","map":"n/a"}],"max":"1","min":0,"path":"Extension.id","representation":["xmlAttr"],"short":"xml:id (or equivalent in JSON)","type":[{"code":"id"}]},{"base":{"max":"*","min":0,"path":"Extension.extension"},"definition":"An Extension","max":"0","min":0,"name":"extension","path":"Extension.extension","short":"Extension","type":[{"code":"Extension"}]},{"base":{"max":"1","min":1,"path":"Extension.url"},"comments":"The definition may point directly to a computable or human-readable definition of the extensibility codes, or it may be a logical URI as declared in some other specification. The definition should be version specific.  This will ideally be the URI for the Resource Profile defining the extension, with the code for the extension after a #.","definition":"Source of the definition for the extension code - a logical name or a URL.","fixedUri":"http://hl7.org/fhir/StructureDefinition/familymemberhistory-abatement","mapping":[{"identity":"rim","map":"N/A"}],"max":"1","min":1,"path":"Extension.url","representation":["xmlAttr"],"short":"identifies the meaning of the extension","type":[{"code":"uri"}]},{"base":{"max":"1","min":0,"path":"Extension.value[x]"},"definition":"Value of extension - may be a resource or one of a constrained set of the data types (see Extensibility in the spec for list).","mapping":[{"identity":"rim","map":"N/A"}],"max":"1","min":1,"path":"Extension.value[x]","short":"Value of extension","type":[{"code":"date"},{"code":"Quantity","profile":["http://hl7.org/fhir/StructureDefinition/Age"]},{"code":"boolean"}]}]},"status":"draft","url":"http://hl7.org/fhir/StructureDefinition/familymemberhistory-abatement"}