{"abstract":false,"base":"http://hl7.org/fhir/StructureDefinition/Extension","constrainedType":"Extension","contact":[{"telecom":[{"system":"other","value":"http://www.hl7.org/Special/Committees/usrealm"}]}],"context":["Condition"],"contextType":"resource","date":"2013-12-03","description":"This communicates the status of the Concern associated with a condition. Values can be Active/Inactive/Resolved.","differential":{"element":[{"definition":"This communicates the status of the Concern associated with a condition. Values can be Active/Inactive/Resolved.","max":"1","min":0,"path":"Extension","short":"The status of a Concern associated with a condition","type":[{"code":"Extension"}]},{"max":"0","name":"extension","path":"Extension.extension"},{"fixedUri":"http://hl7.org/fhir/StructureDefinition/us-core-concernStatus","path":"Extension.url","type":[{"code":"uri"}]},{"min":1,"path":"Extension.value[x]","type":[{"code":"CodeableConcept"}]}]},"display":"This is the status of the Concern related to the Condition","fhirVersion":"1.0.2","id":"us-core-concernStatus","kind":"datatype","name":"The status of a Concern associated with a condition","publisher":"Health Level Seven International (US Realm Steering Committee)","resourceType":"StructureDefinition","snapshot":{"element":[{"base":{"max":"*","min":0,"path":"Extension"},"definition":"This communicates the status of the Concern associated with a condition. Values can be Active/Inactive/Resolved.","max":"1","min":0,"path":"Extension","short":"The status of a Concern associated with a condition","type":[{"code":"Extension"}]},{"base":{"max":"1","min":0,"path":"Extension.id"},"definition":"unique id for the element within a resource (for internal references).","mapping":[{"identity":"rim","map":"n/a"}],"max":"1","min":0,"path":"Extension.id","representation":["xmlAttr"],"short":"xml:id (or equivalent in JSON)","type":[{"code":"id"}]},{"base":{"max":"*","min":0,"path":"Extension.extension"},"definition":"An Extension","max":"0","min":0,"name":"extension","path":"Extension.extension","short":"Extension","type":[{"code":"Extension"}]},{"base":{"max":"1","min":1,"path":"Extension.url"},"comments":"The definition may point directly to a computable or human-readable definition of the extensibility codes, or it may be a logical URI as declared in some other specification. The definition should be version specific.  This will ideally be the URI for the Resource Profile defining the extension, with the code for the extension after a #.","definition":"Source of the definition for the extension code - a logical name or a URL.","fixedUri":"http://hl7.org/fhir/StructureDefinition/us-core-concernStatus","mapping":[{"identity":"rim","map":"N/A"}],"max":"1","min":1,"path":"Extension.url","representation":["xmlAttr"],"short":"identifies the meaning of the extension","type":[{"code":"uri"}]},{"base":{"max":"1","min":0,"path":"Extension.value[x]"},"definition":"Value of extension - may be a resource or one of a constrained set of the data types (see Extensibility in the spec for list).","mapping":[{"identity":"rim","map":"N/A"}],"max":"1","min":1,"path":"Extension.valueCodeableConcept","short":"Value of extension","type":[{"code":"CodeableConcept"}]}]},"status":"draft","url":"http://hl7.org/fhir/StructureDefinition/us-core-concernStatus"}