{
  "resourceType": "StructureDefinition",
  "id": "questionnaire-maxOccurs",
  "url": "http://hl7.org/fhir/StructureDefinition/questionnaire-maxOccurs",
  "name": "Maximum repetitions",
  "status": "draft",
  "publisher": "HL7",
  "contact": [
    {
      "telecom": [
        {
          "system": "other",
          "value": "http://www.hl7.org"
        }
      ]
    }
  ],
  "date": "2013-07-04",
  "description": "The maximum number of times the group must appear or the minimum number of answers for a question - when greater than 1 and not unlimited.",
  "fhirVersion": "1.0.2",
  "mapping": [
    {
      "identity": "rim",
      "uri": "http://hl7.org/v3",
      "name": "RIM"
    }
  ],
  "kind": "datatype",
  "constrainedType": "Extension",
  "abstract": false,
  "contextType": "resource",
  "context": [
    "Questionnaire.group",
    "Questionnaire.group.group",
    "Questionnaire.group.question"
  ],
  "base": "http://hl7.org/fhir/StructureDefinition/Extension",
  "snapshot": {
    "element": [
      {
        "path": "Extension",
        "short": "Maximum repetitions",
        "definition": "The maximum number of times the group must appear or the minimum number of answers for a question - when greater than 1 and not unlimited.",
        "comments": "Only relevant if the element has repeats=true and there's a need to constrain the number of allowed repetitions.",
        "min": 0,
        "max": "1",
        "base": {
          "path": "Extension",
          "min": 0,
          "max": "*"
        },
        "type": [
          {
            "code": "Extension"
          }
        ],
        "constraint": [
          {
            "key": "inv-2",
            "severity": "error",
            "human": "maxOccurs can't be more than one if repeats is false",
            "xpath": "f:valueInteger/@value<=1 or parent::*/f:repeats/@value=true()"
          }
        ],
        "mapping": [
          {
            "identity": "rim",
            "map": "N/A - MIF rather than RIM level"
          }
        ]
      },
      {
        "path": "Extension.id",
        "representation": [
          "xmlAttr"
        ],
        "short": "xml:id (or equivalent in JSON)",
        "definition": "unique id for the element within a resource (for internal references).",
        "min": 0,
        "max": "1",
        "base": {
          "path": "Extension.id",
          "min": 0,
          "max": "1"
        },
        "type": [
          {
            "code": "id"
          }
        ],
        "mapping": [
          {
            "identity": "rim",
            "map": "n/a"
          }
        ]
      },
      {
        "path": "Extension.extension",
        "name": "extension",
        "short": "Extension",
        "definition": "An Extension",
        "min": 0,
        "max": "0",
        "base": {
          "path": "Extension.extension",
          "min": 0,
          "max": "*"
        },
        "type": [
          {
            "code": "Extension"
          }
        ]
      },
      {
        "path": "Extension.url",
        "representation": [
          "xmlAttr"
        ],
        "short": "identifies the meaning of the extension",
        "definition": "Source of the definition for the extension code - a logical name or a URL.",
        "comments": "The definition may point directly to a computable or human-readable definition of the extensibility codes, or it may be a logical URI as declared in some other specification. The definition should be version specific.  This will ideally be the URI for the Resource Profile defining the extension, with the code for the extension after a #.",
        "min": 1,
        "max": "1",
        "base": {
          "path": "Extension.url",
          "min": 1,
          "max": "1"
        },
        "type": [
          {
            "code": "uri"
          }
        ],
        "fixedUri": "http://hl7.org/fhir/StructureDefinition/questionnaire-maxOccurs",
        "mapping": [
          {
            "identity": "rim",
            "map": "N/A"
          }
        ]
      },
      {
        "path": "Extension.valueInteger",
        "short": "Value of extension",
        "definition": "Value of extension - may be a resource or one of a constrained set of the data types (see Extensibility in the spec for list).",
        "min": 1,
        "max": "1",
        "base": {
          "path": "Extension.value[x]",
          "min": 0,
          "max": "1"
        },
        "type": [
          {
            "code": "integer"
          }
        ],
        "mapping": [
          {
            "identity": "rim",
            "map": "N/A"
          }
        ]
      }
    ]
  },
  "differential": {
    "element": [
      {
        "path": "Extension",
        "short": "Maximum repetitions",
        "definition": "The maximum number of times the group must appear or the minimum number of answers for a question - when greater than 1 and not unlimited.",
        "comments": "Only relevant if the element has repeats=true and there's a need to constrain the number of allowed repetitions.",
        "min": 0,
        "max": "1",
        "type": [
          {
            "code": "Extension"
          }
        ],
        "constraint": [
          {
            "key": "inv-2",
            "severity": "error",
            "human": "maxOccurs can't be more than one if repeats is false",
            "xpath": "f:valueInteger/@value<=1 or parent::*/f:repeats/@value=true()"
          }
        ],
        "mapping": [
          {
            "identity": "rim",
            "map": "N/A - MIF rather than RIM level"
          }
        ]
      },
      {
        "path": "Extension.extension",
        "name": "extension",
        "max": "0"
      },
      {
        "path": "Extension.url",
        "type": [
          {
            "code": "uri"
          }
        ],
        "fixedUri": "http://hl7.org/fhir/StructureDefinition/questionnaire-maxOccurs"
      },
      {
        "path": "Extension.value[x]",
        "min": 1,
        "type": [
          {
            "code": "integer"
          }
        ]
      }
    ]
  }
}