{
  "resourceType": "StructureDefinition",
  "id": "structuredefinition-template-status",
  "url": "http://hl7.org/fhir/StructureDefinition/structuredefinition-template-status",
  "name": "Template Status Code (more authoring statuses)",
  "status": "draft",
  "publisher": "Health Level Seven, Inc. - [WG Name] WG",
  "contact": [
    {
      "telecom": [
        {
          "system": "other",
          "value": "http://hl7.org/special/committees/FHIR"
        }
      ]
    }
  ],
  "date": "2014-01-31",
  "description": "Status code taken from [HL7 template specification](http://wiki.hl7.org/images/7/7a/TemplatesDSTU-20140910b-96.pdf.zip) - allows for alignment with the template DSTU, and has more authoring status codes.",
  "fhirVersion": "1.0.2",
  "kind": "datatype",
  "constrainedType": "Extension",
  "abstract": false,
  "contextType": "resource",
  "context": [
    "StructureDefinition"
  ],
  "base": "http://hl7.org/fhir/StructureDefinition/Extension",
  "snapshot": {
    "element": [
      {
        "path": "Extension",
        "short": "Template Status Code (more authoring statuses)",
        "definition": "Status code taken from [HL7 template specification](http://wiki.hl7.org/images/7/7a/TemplatesDSTU-20140910b-96.pdf.zip) - allows for alignment with the template DSTU, and has more authoring status codes.",
        "comments": "The Profile status has the codes that are relevant to end-users/developers, while this extension has the codes used by profile developers.",
        "min": 0,
        "max": "1",
        "base": {
          "path": "Extension",
          "min": 0,
          "max": "*"
        },
        "type": [
          {
            "code": "Extension"
          }
        ]
      },
      {
        "path": "Extension.id",
        "representation": [
          "xmlAttr"
        ],
        "short": "xml:id (or equivalent in JSON)",
        "definition": "unique id for the element within a resource (for internal references).",
        "min": 0,
        "max": "1",
        "base": {
          "path": "Extension.id",
          "min": 0,
          "max": "1"
        },
        "type": [
          {
            "code": "id"
          }
        ],
        "mapping": [
          {
            "identity": "rim",
            "map": "n/a"
          }
        ]
      },
      {
        "path": "Extension.extension",
        "name": "extension",
        "short": "Extension",
        "definition": "An Extension",
        "min": 0,
        "max": "0",
        "base": {
          "path": "Extension.extension",
          "min": 0,
          "max": "*"
        },
        "type": [
          {
            "code": "Extension"
          }
        ]
      },
      {
        "path": "Extension.url",
        "representation": [
          "xmlAttr"
        ],
        "short": "identifies the meaning of the extension",
        "definition": "Source of the definition for the extension code - a logical name or a URL.",
        "comments": "The definition may point directly to a computable or human-readable definition of the extensibility codes, or it may be a logical URI as declared in some other specification. The definition should be version specific.  This will ideally be the URI for the Resource Profile defining the extension, with the code for the extension after a #.",
        "min": 1,
        "max": "1",
        "base": {
          "path": "Extension.url",
          "min": 1,
          "max": "1"
        },
        "type": [
          {
            "code": "uri"
          }
        ],
        "fixedUri": "http://hl7.org/fhir/StructureDefinition/structuredefinition-template-status",
        "mapping": [
          {
            "identity": "rim",
            "map": "N/A"
          }
        ]
      },
      {
        "path": "Extension.valueCode",
        "short": "Value of extension",
        "definition": "Value of extension - may be a resource or one of a constrained set of the data types (see Extensibility in the spec for list).",
        "min": 1,
        "max": "1",
        "base": {
          "path": "Extension.value[x]",
          "min": 0,
          "max": "1"
        },
        "type": [
          {
            "code": "code"
          }
        ],
        "binding": {
          "strength": "required",
          "description": "The status indicates the level of maturity of the design and may be used to manage the use of the design",
          "valueSetReference": {
            "reference": "http://hl7.org/fhir/ValueSet/template-status-code"
          }
        },
        "mapping": [
          {
            "identity": "rim",
            "map": "N/A"
          }
        ]
      }
    ]
  },
  "differential": {
    "element": [
      {
        "path": "Extension",
        "short": "Template Status Code (more authoring statuses)",
        "definition": "Status code taken from [HL7 template specification](http://wiki.hl7.org/images/7/7a/TemplatesDSTU-20140910b-96.pdf.zip) - allows for alignment with the template DSTU, and has more authoring status codes.",
        "comments": "The Profile status has the codes that are relevant to end-users/developers, while this extension has the codes used by profile developers.",
        "min": 0,
        "max": "1",
        "type": [
          {
            "code": "Extension"
          }
        ]
      },
      {
        "path": "Extension.extension",
        "name": "extension",
        "max": "0"
      },
      {
        "path": "Extension.url",
        "type": [
          {
            "code": "uri"
          }
        ],
        "fixedUri": "http://hl7.org/fhir/StructureDefinition/structuredefinition-template-status"
      },
      {
        "path": "Extension.value[x]",
        "min": 1,
        "type": [
          {
            "code": "code"
          }
        ],
        "binding": {
          "strength": "required",
          "description": "The status indicates the level of maturity of the design and may be used to manage the use of the design",
          "valueSetReference": {
            "reference": "http://hl7.org/fhir/ValueSet/template-status-code"
          }
        }
      }
    ]
  }
}