{"abstract":false,"base":"http://hl7.org/fhir/StructureDefinition/Extension","constrainedType":"Extension","context":["ValueSet"],"contextType":"resource","date":"2015-10-24T07:41:03+11:00","description":"Information on changes made to the Value Set Definition over time, and also has a contained audit trail of all such changes.","differential":{"element":[{"definition":"Information on changes made to the Value Set Definition over time, and also has a contained audit trail of all such changes.","isModifier":false,"max":"*","min":0,"path":"Extension","short":"What has happened over time","type":[{"code":"Extension"}]},{"comments":"Typically, a value set will have a set of history entries for each major publication milestone.","definition":"Label for a set of entries, such as a version.","isModifier":false,"max":"1","min":0,"name":"name","path":"Extension.extension","short":"The name of this set of history entries","type":[{"code":"Extension"}]},{"max":"0","name":"extension","path":"Extension.extension.extension"},{"fixedUri":"name","path":"Extension.extension.url","type":[{"code":"uri"}]},{"min":1,"path":"Extension.extension.value[x]","type":[{"code":"string"}]},{"definition":"A list of specific changes, who made them and when.","isModifier":false,"max":"*","min":0,"name":"revision","path":"Extension.extension","short":"Audit of all changes for a history entry","type":[{"code":"Extension"}]},{"definition":"Date the change took place.","isModifier":false,"max":"1","min":1,"name":"date","path":"Extension.extension.extension","short":"Date the change was made","type":[{"code":"Extension"}]},{"max":"0","name":"extension","path":"Extension.extension.extension.extension"},{"fixedUri":"date","path":"Extension.extension.extension.url","type":[{"code":"uri"}]},{"min":1,"path":"Extension.extension.extension.value[x]","type":[{"code":"dateTime"}]},{"definition":"Unique id for the specific change.","isModifier":false,"max":"1","min":1,"name":"id","path":"Extension.extension.extension","short":"Version marker after the change was made","type":[{"code":"Extension"}]},{"max":"0","name":"extension","path":"Extension.extension.extension.extension"},{"fixedUri":"id","path":"Extension.extension.extension.url","type":[{"code":"uri"}]},{"min":1,"path":"Extension.extension.extension.value[x]","type":[{"code":"string"}]},{"definition":"Person or device responsible for the change.","isModifier":false,"max":"1","min":1,"name":"author","path":"Extension.extension.extension","short":"Who made the change","type":[{"code":"Extension"}]},{"max":"0","name":"extension","path":"Extension.extension.extension.extension"},{"fixedUri":"author","path":"Extension.extension.extension.url","type":[{"code":"uri"}]},{"min":1,"path":"Extension.extension.extension.value[x]","type":[{"code":"string"}]},{"definition":"Description of exactly what was changed and how.","isModifier":false,"max":"1","min":0,"name":"notes","path":"Extension.extension.extension","short":"Information about the change","type":[{"code":"Extension"}]},{"max":"0","name":"extension","path":"Extension.extension.extension.extension"},{"fixedUri":"notes","path":"Extension.extension.extension.url","type":[{"code":"uri"}]},{"min":1,"path":"Extension.extension.extension.value[x]","type":[{"code":"string"}]},{"fixedUri":"revision","path":"Extension.extension.url","type":[{"code":"uri"}]},{"max":"0","min":0,"path":"Extension.extension.value[x]"},{"fixedUri":"http://hl7.org/fhir/StructureDefinition/valueset-history","path":"Extension.url","type":[{"code":"uri"}]},{"max":"0","min":0,"path":"Extension.value[x]"}]},"fhirVersion":"1.0.2","id":"valueset-history","kind":"datatype","name":"What has happened over time","publisher":"HL7","resourceType":"StructureDefinition","snapshot":{"element":[{"base":{"max":"*","min":0,"path":"Extension"},"definition":"Information on changes made to the Value Set Definition over time, and also has a contained audit trail of all such changes.","isModifier":false,"max":"*","min":0,"path":"Extension","short":"What has happened over time","type":[{"code":"Extension"}]},{"base":{"max":"1","min":0,"path":"Extension.id"},"definition":"unique id for the element within a resource (for internal references).","mapping":[{"identity":"rim","map":"n/a"}],"max":"1","min":0,"path":"Extension.id","representation":["xmlAttr"],"short":"xml:id (or equivalent in JSON)","type":[{"code":"id"}]},{"alias":["extensions","user content"],"base":{"max":"*","min":0,"path":"Extension.extension"},"comments":"There can be no stigma associated with the use of extensions by any application, project, or standard - regardless of the institution or jurisdiction that uses or defines the extensions.  The use of extensions is what allows the FHIR specification to retain a core level of simplicity for everyone.","definition":"May be used to represent additional information that is not part of the basic definition of the element. In order to make the use of extensions safe and manageable, there is a strict set of governance  applied to the definition and use of extensions. Though any implementer is allowed to define an extension, there is a set of requirements that SHALL be met as part of the definition of the extension.","mapping":[{"identity":"rim","map":"n/a"}],"max":"*","min":0,"path":"Extension.extension","short":"Additional Content defined by implementations","slicing":{"discriminator":["url"],"ordered":false,"rules":"open"},"type":[{"code":"Extension"}]},{"base":{"max":"*","min":0,"path":"Extension.extension"},"comments":"Typically, a value set will have a set of history entries for each major publication milestone.","definition":"Label for a set of entries, such as a version.","isModifier":false,"max":"1","min":0,"name":"name","path":"Extension.extension","short":"The name of this set of history entries","type":[{"code":"Extension"}]},{"base":{"max":"1","min":0,"path":"Extension.id"},"definition":"unique id for the element within a resource (for internal references).","mapping":[{"identity":"rim","map":"n/a"}],"max":"1","min":0,"path":"Extension.extension.id","representation":["xmlAttr"],"short":"xml:id (or equivalent in JSON)","type":[{"code":"id"}]},{"base":{"max":"*","min":0,"path":"Extension.extension"},"definition":"An Extension","max":"0","min":0,"name":"extension","path":"Extension.extension.extension","short":"Extension","type":[{"code":"Extension"}]},{"base":{"max":"1","min":1,"path":"Extension.url"},"comments":"The definition may point directly to a computable or human-readable definition of the extensibility codes, or it may be a logical URI as declared in some other specification. The definition should be version specific.  This will ideally be the URI for the Resource Profile defining the extension, with the code for the extension after a #.","definition":"Source of the definition for the extension code - a logical name or a URL.","fixedUri":"name","mapping":[{"identity":"rim","map":"N/A"}],"max":"1","min":1,"path":"Extension.extension.url","representation":["xmlAttr"],"short":"identifies the meaning of the extension","type":[{"code":"uri"}]},{"base":{"max":"1","min":0,"path":"Extension.value[x]"},"definition":"Value of extension - may be a resource or one of a constrained set of the data types (see Extensibility in the spec for list).","mapping":[{"identity":"rim","map":"N/A"}],"max":"1","min":1,"path":"Extension.extension.valueString","short":"Value of extension","type":[{"code":"string"}]},{"base":{"max":"*","min":0,"path":"Extension.extension"},"definition":"A list of specific changes, who made them and when.","isModifier":false,"max":"*","min":0,"name":"revision","path":"Extension.extension","short":"Audit of all changes for a history entry","type":[{"code":"Extension"}]},{"base":{"max":"1","min":0,"path":"Extension.id"},"definition":"unique id for the element within a resource (for internal references).","mapping":[{"identity":"rim","map":"n/a"}],"max":"1","min":0,"path":"Extension.extension.id","representation":["xmlAttr"],"short":"xml:id (or equivalent in JSON)","type":[{"code":"id"}]},{"alias":["extensions","user content"],"base":{"max":"*","min":0,"path":"Extension.extension"},"comments":"There can be no stigma associated with the use of extensions by any application, project, or standard - regardless of the institution or jurisdiction that uses or defines the extensions.  The use of extensions is what allows the FHIR specification to retain a core level of simplicity for everyone.","definition":"May be used to represent additional information that is not part of the basic definition of the element. In order to make the use of extensions safe and manageable, there is a strict set of governance  applied to the definition and use of extensions. Though any implementer is allowed to define an extension, there is a set of requirements that SHALL be met as part of the definition of the extension.","mapping":[{"identity":"rim","map":"n/a"}],"max":"*","min":0,"path":"Extension.extension.extension","short":"Additional Content defined by implementations","slicing":{"discriminator":["url"],"ordered":false,"rules":"open"},"type":[{"code":"Extension"}]},{"base":{"max":"*","min":0,"path":"Extension.extension"},"definition":"Date the change took place.","isModifier":false,"max":"1","min":1,"name":"date","path":"Extension.extension.extension","short":"Date the change was made","type":[{"code":"Extension"}]},{"base":{"max":"1","min":0,"path":"Extension.id"},"definition":"unique id for the element within a resource (for internal references).","mapping":[{"identity":"rim","map":"n/a"}],"max":"1","min":0,"path":"Extension.extension.extension.id","representation":["xmlAttr"],"short":"xml:id (or equivalent in JSON)","type":[{"code":"id"}]},{"base":{"max":"*","min":0,"path":"Extension.extension"},"definition":"An Extension","max":"0","min":0,"name":"extension","path":"Extension.extension.extension.extension","short":"Extension","type":[{"code":"Extension"}]},{"base":{"max":"1","min":1,"path":"Extension.url"},"comments":"The definition may point directly to a computable or human-readable definition of the extensibility codes, or it may be a logical URI as declared in some other specification. The definition should be version specific.  This will ideally be the URI for the Resource Profile defining the extension, with the code for the extension after a #.","definition":"Source of the definition for the extension code - a logical name or a URL.","fixedUri":"date","mapping":[{"identity":"rim","map":"N/A"}],"max":"1","min":1,"path":"Extension.extension.extension.url","representation":["xmlAttr"],"short":"identifies the meaning of the extension","type":[{"code":"uri"}]},{"base":{"max":"1","min":0,"path":"Extension.value[x]"},"definition":"Value of extension - may be a resource or one of a constrained set of the data types (see Extensibility in the spec for list).","mapping":[{"identity":"rim","map":"N/A"}],"max":"1","min":1,"path":"Extension.extension.extension.valueDateTime","short":"Value of extension","type":[{"code":"dateTime"}]},{"base":{"max":"*","min":0,"path":"Extension.extension"},"definition":"Unique id for the specific change.","isModifier":false,"max":"1","min":1,"name":"id","path":"Extension.extension.extension","short":"Version marker after the change was made","type":[{"code":"Extension"}]},{"base":{"max":"1","min":0,"path":"Extension.id"},"definition":"unique id for the element within a resource (for internal references).","mapping":[{"identity":"rim","map":"n/a"}],"max":"1","min":0,"path":"Extension.extension.extension.id","representation":["xmlAttr"],"short":"xml:id (or equivalent in JSON)","type":[{"code":"id"}]},{"base":{"max":"*","min":0,"path":"Extension.extension"},"definition":"An Extension","max":"0","min":0,"name":"extension","path":"Extension.extension.extension.extension","short":"Extension","type":[{"code":"Extension"}]},{"base":{"max":"1","min":1,"path":"Extension.url"},"comments":"The definition may point directly to a computable or human-readable definition of the extensibility codes, or it may be a logical URI as declared in some other specification. The definition should be version specific.  This will ideally be the URI for the Resource Profile defining the extension, with the code for the extension after a #.","definition":"Source of the definition for the extension code - a logical name or a URL.","fixedUri":"id","mapping":[{"identity":"rim","map":"N/A"}],"max":"1","min":1,"path":"Extension.extension.extension.url","representation":["xmlAttr"],"short":"identifies the meaning of the extension","type":[{"code":"uri"}]},{"base":{"max":"1","min":0,"path":"Extension.value[x]"},"definition":"Value of extension - may be a resource or one of a constrained set of the data types (see Extensibility in the spec for list).","mapping":[{"identity":"rim","map":"N/A"}],"max":"1","min":1,"path":"Extension.extension.extension.valueString","short":"Value of extension","type":[{"code":"string"}]},{"base":{"max":"*","min":0,"path":"Extension.extension"},"definition":"Person or device responsible for the change.","isModifier":false,"max":"1","min":1,"name":"author","path":"Extension.extension.extension","short":"Who made the change","type":[{"code":"Extension"}]},{"base":{"max":"1","min":0,"path":"Extension.id"},"definition":"unique id for the element within a resource (for internal references).","mapping":[{"identity":"rim","map":"n/a"}],"max":"1","min":0,"path":"Extension.extension.extension.id","representation":["xmlAttr"],"short":"xml:id (or equivalent in JSON)","type":[{"code":"id"}]},{"base":{"max":"*","min":0,"path":"Extension.extension"},"definition":"An Extension","max":"0","min":0,"name":"extension","path":"Extension.extension.extension.extension","short":"Extension","type":[{"code":"Extension"}]},{"base":{"max":"1","min":1,"path":"Extension.url"},"comments":"The definition may point directly to a computable or human-readable definition of the extensibility codes, or it may be a logical URI as declared in some other specification. The definition should be version specific.  This will ideally be the URI for the Resource Profile defining the extension, with the code for the extension after a #.","definition":"Source of the definition for the extension code - a logical name or a URL.","fixedUri":"author","mapping":[{"identity":"rim","map":"N/A"}],"max":"1","min":1,"path":"Extension.extension.extension.url","representation":["xmlAttr"],"short":"identifies the meaning of the extension","type":[{"code":"uri"}]},{"base":{"max":"1","min":0,"path":"Extension.value[x]"},"definition":"Value of extension - may be a resource or one of a constrained set of the data types (see Extensibility in the spec for list).","mapping":[{"identity":"rim","map":"N/A"}],"max":"1","min":1,"path":"Extension.extension.extension.valueString","short":"Value of extension","type":[{"code":"string"}]},{"base":{"max":"*","min":0,"path":"Extension.extension"},"definition":"Description of exactly what was changed and how.","isModifier":false,"max":"1","min":0,"name":"notes","path":"Extension.extension.extension","short":"Information about the change","type":[{"code":"Extension"}]},{"base":{"max":"1","min":0,"path":"Extension.id"},"definition":"unique id for the element within a resource (for internal references).","mapping":[{"identity":"rim","map":"n/a"}],"max":"1","min":0,"path":"Extension.extension.extension.id","representation":["xmlAttr"],"short":"xml:id (or equivalent in JSON)","type":[{"code":"id"}]},{"base":{"max":"*","min":0,"path":"Extension.extension"},"definition":"An Extension","max":"0","min":0,"name":"extension","path":"Extension.extension.extension.extension","short":"Extension","type":[{"code":"Extension"}]},{"base":{"max":"1","min":1,"path":"Extension.url"},"comments":"The definition may point directly to a computable or human-readable definition of the extensibility codes, or it may be a logical URI as declared in some other specification. The definition should be version specific.  This will ideally be the URI for the Resource Profile defining the extension, with the code for the extension after a #.","definition":"Source of the definition for the extension code - a logical name or a URL.","fixedUri":"notes","mapping":[{"identity":"rim","map":"N/A"}],"max":"1","min":1,"path":"Extension.extension.extension.url","representation":["xmlAttr"],"short":"identifies the meaning of the extension","type":[{"code":"uri"}]},{"base":{"max":"1","min":0,"path":"Extension.value[x]"},"definition":"Value of extension - may be a resource or one of a constrained set of the data types (see Extensibility in the spec for list).","mapping":[{"identity":"rim","map":"N/A"}],"max":"1","min":1,"path":"Extension.extension.extension.valueString","short":"Value of extension","type":[{"code":"string"}]},{"base":{"max":"1","min":1,"path":"Extension.url"},"comments":"The definition may point directly to a computable or human-readable definition of the extensibility codes, or it may be a logical URI as declared in some other specification. The definition should be version specific.  This will ideally be the URI for the Resource Profile defining the extension, with the code for the extension after a #.","definition":"Source of the definition for the extension code - a logical name or a URL.","fixedUri":"revision","mapping":[{"identity":"rim","map":"N/A"}],"max":"1","min":1,"path":"Extension.extension.url","representation":["xmlAttr"],"short":"identifies the meaning of the extension","type":[{"code":"uri"}]},{"base":{"max":"1","min":0,"path":"Extension.value[x]"},"definition":"Value of extension - may be a resource or one of a constrained set of the data types (see Extensibility in the spec for list).","mapping":[{"identity":"rim","map":"N/A"}],"max":"0","min":0,"path":"Extension.extension.value[x]","short":"Value of extension","type":[{"code":"boolean"},{"code":"integer"},{"code":"decimal"},{"code":"base64Binary"},{"code":"instant"},{"code":"string"},{"code":"uri"},{"code":"date"},{"code":"dateTime"},{"code":"time"},{"code":"code"},{"code":"oid"},{"code":"id"},{"code":"unsignedInt"},{"code":"positiveInt"},{"code":"markdown"},{"code":"Annotation"},{"code":"Attachment"},{"code":"Identifier"},{"code":"CodeableConcept"},{"code":"Coding"},{"code":"Quantity"},{"code":"Range"},{"code":"Period"},{"code":"Ratio"},{"code":"SampledData"},{"code":"Signature"},{"code":"HumanName"},{"code":"Address"},{"code":"ContactPoint"},{"code":"Timing"},{"code":"Reference"},{"code":"Meta"}]},{"base":{"max":"1","min":1,"path":"Extension.url"},"comments":"The definition may point directly to a computable or human-readable definition of the extensibility codes, or it may be a logical URI as declared in some other specification. The definition should be version specific.  This will ideally be the URI for the Resource Profile defining the extension, with the code for the extension after a #.","definition":"Source of the definition for the extension code - a logical name or a URL.","fixedUri":"http://hl7.org/fhir/StructureDefinition/valueset-history","mapping":[{"identity":"rim","map":"N/A"}],"max":"1","min":1,"path":"Extension.url","representation":["xmlAttr"],"short":"identifies the meaning of the extension","type":[{"code":"uri"}]},{"base":{"max":"1","min":0,"path":"Extension.value[x]"},"definition":"Value of extension - may be a resource or one of a constrained set of the data types (see Extensibility in the spec for list).","mapping":[{"identity":"rim","map":"N/A"}],"max":"0","min":0,"path":"Extension.value[x]","short":"Value of extension","type":[{"code":"boolean"},{"code":"integer"},{"code":"decimal"},{"code":"base64Binary"},{"code":"instant"},{"code":"string"},{"code":"uri"},{"code":"date"},{"code":"dateTime"},{"code":"time"},{"code":"code"},{"code":"oid"},{"code":"id"},{"code":"unsignedInt"},{"code":"positiveInt"},{"code":"markdown"},{"code":"Annotation"},{"code":"Attachment"},{"code":"Identifier"},{"code":"CodeableConcept"},{"code":"Coding"},{"code":"Quantity"},{"code":"Range"},{"code":"Period"},{"code":"Ratio"},{"code":"SampledData"},{"code":"Signature"},{"code":"HumanName"},{"code":"Address"},{"code":"ContactPoint"},{"code":"Timing"},{"code":"Reference"},{"code":"Meta"}]}]},"status":"draft","url":"http://hl7.org/fhir/StructureDefinition/valueset-history"}