{"abstract":false,"base":"http://hl7.org/fhir/StructureDefinition/Extension","constrainedType":"Extension","contact":[{"telecom":[{"system":"other","value":"http://www.hl7.org/Special/committees/clingenomics"}]}],"context":["Observation"],"contextType":"resource","date":"2015-03-18","description":"Coverage (read depth or depth) is the average number of reads representing a given nucleotide in the reconstructed sequence.","differential":{"element":[{"definition":"Coverage (read depth or depth) is the average number of reads representing a given nucleotide in the reconstructed sequence.","mapping":[{"identity":"v2","map":"N/A"},{"identity":"rim","map":"N/A"}],"max":"1","min":0,"path":"Extension","short":"ReadCoverage","type":[{"code":"Extension"}]},{"max":"0","name":"extension","path":"Extension.extension"},{"fixedUri":"http://hl7.org/fhir/StructureDefinition/geneticsReadCoverage","path":"Extension.url","type":[{"code":"uri"}]},{"min":1,"path":"Extension.value[x]","type":[{"code":"integer"}]}]},"fhirVersion":"1.0.2","id":"geneticsReadCoverage","kind":"datatype","mapping":[{"identity":"v2","name":"HL7 v2","uri":"http://hl7.org/v2"},{"identity":"rim","name":"RIM","uri":"http://hl7.org/v3"}],"name":"ReadCoverage","publisher":"Health Level Seven International (Clinical Genomics)","resourceType":"StructureDefinition","snapshot":{"element":[{"base":{"max":"*","min":0,"path":"Extension"},"definition":"Coverage (read depth or depth) is the average number of reads representing a given nucleotide in the reconstructed sequence.","mapping":[{"identity":"v2","map":"N/A"},{"identity":"rim","map":"N/A"}],"max":"1","min":0,"path":"Extension","short":"ReadCoverage","type":[{"code":"Extension"}]},{"base":{"max":"1","min":0,"path":"Extension.id"},"definition":"unique id for the element within a resource (for internal references).","mapping":[{"identity":"rim","map":"n/a"}],"max":"1","min":0,"path":"Extension.id","representation":["xmlAttr"],"short":"xml:id (or equivalent in JSON)","type":[{"code":"id"}]},{"base":{"max":"*","min":0,"path":"Extension.extension"},"definition":"An Extension","max":"0","min":0,"name":"extension","path":"Extension.extension","short":"Extension","type":[{"code":"Extension"}]},{"base":{"max":"1","min":1,"path":"Extension.url"},"comments":"The definition may point directly to a computable or human-readable definition of the extensibility codes, or it may be a logical URI as declared in some other specification. The definition should be version specific.  This will ideally be the URI for the Resource Profile defining the extension, with the code for the extension after a #.","definition":"Source of the definition for the extension code - a logical name or a URL.","fixedUri":"http://hl7.org/fhir/StructureDefinition/geneticsReadCoverage","mapping":[{"identity":"rim","map":"N/A"}],"max":"1","min":1,"path":"Extension.url","representation":["xmlAttr"],"short":"identifies the meaning of the extension","type":[{"code":"uri"}]},{"base":{"max":"1","min":0,"path":"Extension.value[x]"},"definition":"Value of extension - may be a resource or one of a constrained set of the data types (see Extensibility in the spec for list).","mapping":[{"identity":"rim","map":"N/A"}],"max":"1","min":1,"path":"Extension.valueInteger","short":"Value of extension","type":[{"code":"integer"}]}]},"status":"draft","url":"http://hl7.org/fhir/StructureDefinition/geneticsReadCoverage"}