{"abstract":false,"base":"http://hl7.org/fhir/StructureDefinition/Extension","constrainedType":"Extension","contact":[{"telecom":[{"system":"other","value":"http://www.hl7.org"}]}],"context":["Questionnaire.group.question"],"contextType":"resource","date":"2013-07-04","description":"The type of data entry control that should be exposed to the user when capturing the answer to the question.","differential":{"element":[{"comments":"Different controls may be appropriate for different question data types.  It is up to the system rendering a questionnaire as to what controls it will support and for which data types.","definition":"The type of data entry control that should be exposed to the user when capturing the answer to the question.","max":"1","min":0,"path":"Extension","short":"E.g. Checkbox, Combo-box, Lookup, etc.","type":[{"code":"Extension"}]},{"max":"0","name":"extension","path":"Extension.extension"},{"fixedUri":"http://hl7.org/fhir/StructureDefinition/questionnaire-questionControl","path":"Extension.url","type":[{"code":"uri"}]},{"binding":{"description":"User interface controls used for questionnaire questions","strength":"extensible","valueSetReference":{"reference":"http://hl7.org/fhir/ValueSet/questionnaire-question-control"}},"min":1,"path":"Extension.value[x]","type":[{"code":"CodeableConcept"}]}]},"fhirVersion":"1.0.2","id":"questionnaire-questionControl","kind":"datatype","name":"E.g. Checkbox, Combo-box, Lookup, etc.","publisher":"HL7","resourceType":"StructureDefinition","snapshot":{"element":[{"base":{"max":"*","min":0,"path":"Extension"},"comments":"Different controls may be appropriate for different question data types.  It is up to the system rendering a questionnaire as to what controls it will support and for which data types.","definition":"The type of data entry control that should be exposed to the user when capturing the answer to the question.","max":"1","min":0,"path":"Extension","short":"E.g. Checkbox, Combo-box, Lookup, etc.","type":[{"code":"Extension"}]},{"base":{"max":"1","min":0,"path":"Extension.id"},"definition":"unique id for the element within a resource (for internal references).","mapping":[{"identity":"rim","map":"n/a"}],"max":"1","min":0,"path":"Extension.id","representation":["xmlAttr"],"short":"xml:id (or equivalent in JSON)","type":[{"code":"id"}]},{"base":{"max":"*","min":0,"path":"Extension.extension"},"definition":"An Extension","max":"0","min":0,"name":"extension","path":"Extension.extension","short":"Extension","type":[{"code":"Extension"}]},{"base":{"max":"1","min":1,"path":"Extension.url"},"comments":"The definition may point directly to a computable or human-readable definition of the extensibility codes, or it may be a logical URI as declared in some other specification. The definition should be version specific.  This will ideally be the URI for the Resource Profile defining the extension, with the code for the extension after a #.","definition":"Source of the definition for the extension code - a logical name or a URL.","fixedUri":"http://hl7.org/fhir/StructureDefinition/questionnaire-questionControl","mapping":[{"identity":"rim","map":"N/A"}],"max":"1","min":1,"path":"Extension.url","representation":["xmlAttr"],"short":"identifies the meaning of the extension","type":[{"code":"uri"}]},{"base":{"max":"1","min":0,"path":"Extension.value[x]"},"binding":{"description":"User interface controls used for questionnaire questions","strength":"extensible","valueSetReference":{"reference":"http://hl7.org/fhir/ValueSet/questionnaire-question-control"}},"definition":"Value of extension - may be a resource or one of a constrained set of the data types (see Extensibility in the spec for list).","mapping":[{"identity":"rim","map":"N/A"}],"max":"1","min":1,"path":"Extension.valueCodeableConcept","short":"Value of extension","type":[{"code":"CodeableConcept"}]}]},"status":"draft","url":"http://hl7.org/fhir/StructureDefinition/questionnaire-questionControl"}