{"abstract":false,"base":"http://hl7.org/fhir/StructureDefinition/Extension","constrainedType":"Extension","contact":[{"telecom":[{"system":"other","value":"http://www.hl7.org/Special/committees/fiwg"}]}],"context":["ElementDefinition","Questionnaire.group.question"],"contextType":"resource","date":"2014-04-27","description":"Identifies the kind(s) of attachmemt allowed to be sent for an element.","differential":{"element":[{"comments":"This extension only has meaning if the element has a type of Attachment.","definition":"Identifies the kind(s) of attachmemt allowed to be sent for an element.","mapping":[{"identity":"v2","map":"N/A"},{"identity":"rim","map":"N/A (MIF-level)"}],"max":"*","min":0,"path":"Extension","short":"Type of attachment","type":[{"code":"Extension"}]},{"max":"0","name":"extension","path":"Extension.extension"},{"fixedUri":"http://hl7.org/fhir/StructureDefinition/mimeType","path":"Extension.url","type":[{"code":"uri"}]},{"binding":{"description":"The mime type of an attachment. Any valid mime type is allowed.","strength":"required","valueSetUri":"http://www.rfc-editor.org/bcp/bcp13.txt"},"min":1,"path":"Extension.value[x]","type":[{"code":"code"}]}]},"fhirVersion":"1.0.2","id":"mimeType","kind":"datatype","mapping":[{"identity":"v2","name":"HL7 v2","uri":"http://hl7.org/v2"},{"identity":"rim","name":"RIM","uri":"http://hl7.org/v3"}],"name":"Type of attachment","publisher":"Health Level Seven International (FHIR Infrastructure)","resourceType":"StructureDefinition","snapshot":{"element":[{"base":{"max":"*","min":0,"path":"Extension"},"comments":"This extension only has meaning if the element has a type of Attachment.","definition":"Identifies the kind(s) of attachmemt allowed to be sent for an element.","mapping":[{"identity":"v2","map":"N/A"},{"identity":"rim","map":"N/A (MIF-level)"}],"max":"*","min":0,"path":"Extension","short":"Type of attachment","type":[{"code":"Extension"}]},{"base":{"max":"1","min":0,"path":"Extension.id"},"definition":"unique id for the element within a resource (for internal references).","mapping":[{"identity":"rim","map":"n/a"}],"max":"1","min":0,"path":"Extension.id","representation":["xmlAttr"],"short":"xml:id (or equivalent in JSON)","type":[{"code":"id"}]},{"base":{"max":"*","min":0,"path":"Extension.extension"},"definition":"An Extension","max":"0","min":0,"name":"extension","path":"Extension.extension","short":"Extension","type":[{"code":"Extension"}]},{"base":{"max":"1","min":1,"path":"Extension.url"},"comments":"The definition may point directly to a computable or human-readable definition of the extensibility codes, or it may be a logical URI as declared in some other specification. The definition should be version specific.  This will ideally be the URI for the Resource Profile defining the extension, with the code for the extension after a #.","definition":"Source of the definition for the extension code - a logical name or a URL.","fixedUri":"http://hl7.org/fhir/StructureDefinition/mimeType","mapping":[{"identity":"rim","map":"N/A"}],"max":"1","min":1,"path":"Extension.url","representation":["xmlAttr"],"short":"identifies the meaning of the extension","type":[{"code":"uri"}]},{"base":{"max":"1","min":0,"path":"Extension.value[x]"},"binding":{"description":"The mime type of an attachment. Any valid mime type is allowed.","strength":"required","valueSetUri":"http://www.rfc-editor.org/bcp/bcp13.txt"},"definition":"Value of extension - may be a resource or one of a constrained set of the data types (see Extensibility in the spec for list).","mapping":[{"identity":"rim","map":"N/A"}],"max":"1","min":1,"path":"Extension.valueCode","short":"Value of extension","type":[{"code":"code"}]}]},"status":"draft","url":"http://hl7.org/fhir/StructureDefinition/mimeType"}