{"abstract":false,"base":"http://hl7.org/fhir/StructureDefinition/Extension","constrainedType":"Extension","contact":[{"telecom":[{"system":"other","value":"http://hl7.org/special/committees/FHIR"}]}],"context":["ElementDefinition.binding"],"contextType":"datatype","date":"2015-02-28","description":"The maximum allowable value set, for use when the binding strength is 'extensible'. This value set is the value set from which extensions can be taken from.","differential":{"element":[{"comments":"Typically, this will be an entire code system, e.g. SNOMED CT.","definition":"The maximum allowable value set, for use when the binding strength is 'extensible'. This value set is the value set from which extensions can be taken from.","mapping":[{"identity":"rim","map":"N/A (MIF territory)"}],"max":"1","min":0,"path":"Extension","short":"Maximum Value Set (when strength = extensible)","type":[{"code":"Extension"}]},{"max":"0","name":"extension","path":"Extension.extension"},{"fixedUri":"http://hl7.org/fhir/StructureDefinition/elementdefinition-maxValueSet","path":"Extension.url","type":[{"code":"uri"}]},{"min":1,"path":"Extension.value[x]","type":[{"code":"Reference","profile":["http://hl7.org/fhir/StructureDefinition/ValueSet"]}]}]},"fhirVersion":"1.0.2","id":"elementdefinition-maxValueSet","kind":"datatype","mapping":[{"identity":"rim","name":"RIM","uri":"http://hl7.org/v3"}],"name":"Maximum Value Set (when strength = extensible)","publisher":"Health Level Seven, Inc. - FHIR Core WG","resourceType":"StructureDefinition","snapshot":{"element":[{"base":{"max":"*","min":0,"path":"Extension"},"comments":"Typically, this will be an entire code system, e.g. SNOMED CT.","definition":"The maximum allowable value set, for use when the binding strength is 'extensible'. This value set is the value set from which extensions can be taken from.","mapping":[{"identity":"rim","map":"N/A (MIF territory)"}],"max":"1","min":0,"path":"Extension","short":"Maximum Value Set (when strength = extensible)","type":[{"code":"Extension"}]},{"base":{"max":"1","min":0,"path":"Extension.id"},"definition":"unique id for the element within a resource (for internal references).","mapping":[{"identity":"rim","map":"n/a"}],"max":"1","min":0,"path":"Extension.id","representation":["xmlAttr"],"short":"xml:id (or equivalent in JSON)","type":[{"code":"id"}]},{"base":{"max":"*","min":0,"path":"Extension.extension"},"definition":"An Extension","max":"0","min":0,"name":"extension","path":"Extension.extension","short":"Extension","type":[{"code":"Extension"}]},{"base":{"max":"1","min":1,"path":"Extension.url"},"comments":"The definition may point directly to a computable or human-readable definition of the extensibility codes, or it may be a logical URI as declared in some other specification. The definition should be version specific.  This will ideally be the URI for the Resource Profile defining the extension, with the code for the extension after a #.","definition":"Source of the definition for the extension code - a logical name or a URL.","fixedUri":"http://hl7.org/fhir/StructureDefinition/elementdefinition-maxValueSet","mapping":[{"identity":"rim","map":"N/A"}],"max":"1","min":1,"path":"Extension.url","representation":["xmlAttr"],"short":"identifies the meaning of the extension","type":[{"code":"uri"}]},{"base":{"max":"1","min":0,"path":"Extension.value[x]"},"definition":"Value of extension - may be a resource or one of a constrained set of the data types (see Extensibility in the spec for list).","mapping":[{"identity":"rim","map":"N/A"}],"max":"1","min":1,"path":"Extension.valueReference","short":"Value of extension","type":[{"code":"Reference","profile":["http://hl7.org/fhir/StructureDefinition/ValueSet"]}]}]},"status":"draft","url":"http://hl7.org/fhir/StructureDefinition/elementdefinition-maxValueSet"}