{"date":"2015-10-24T07:41:03+11:00","group":{"extension":[{"url":"http://hl7.org/fhir/Profile/questionnaire-extensions#flyover","valueString":"Describes the event of a patient being administered a vaccination or a record of a vaccination as reported by a patient, a clinician or another party and may include vaccine reaction information and what vaccination protocol was followed."}],"group":[{"extension":[{"url":"http://hl7.org/fhir/Profile/questionnaire-extensions#flyover","valueString":"The logical id of the resource, as used in the URL for the resource. Once assigned, this value never changes. The only time that a resource does not have an id is when it is being submitted to the server using a create operation. Bundles always have an id, though it is usually a generated UUID."},{"url":"http://www.healthintersections.com.au/fhir/Profile/metadata#type","valueString":"string"}],"linkId":"Immunization.id","question":[{"linkId":"Immunization.id.value","repeats":false,"required":false,"text":"Logical id of this artifact","type":"string"}],"repeats":true,"required":false},{"extension":[{"url":"http://hl7.org/fhir/Profile/questionnaire-extensions#flyover","valueString":"The metadata about the resource. This is content that is maintained by the infrastructure. Changes to the content may not always be associated with version changes to the resource."}],"linkId":"Immunization.meta","repeats":true,"required":false,"text":"Metadata about the resource"},{"extension":[{"url":"http://hl7.org/fhir/Profile/questionnaire-extensions#flyover","valueString":"A reference to a set of rules that were followed when the resource was constructed, and which must be understood when processing the content. Asserting this rule set restricts the content to be only understood by a limited set of trading partners. This inherently limits the usefulness of the data in the long term. However, the existing health eco-system is highly fractured, and not yet ready to define, collect, and exchange data in a generally computable sense. Wherever possible, implementers and/or specification writers should avoid using this element as much as possible."},{"url":"http://www.healthintersections.com.au/fhir/Profile/metadata#type","valueString":"uri"}],"linkId":"Immunization.implicitRules","question":[{"linkId":"Immunization.implicitRules.value","repeats":false,"required":false,"text":"A set of rules under which this content was created","type":"string"}],"repeats":true,"required":false},{"extension":[{"url":"http://hl7.org/fhir/Profile/questionnaire-extensions#flyover","valueString":"The base language in which the resource is written. Language is provided to support indexing and accessibility (typically, services such as text to speech use the language tag). The html language tag in the narrative applies  to the narrative. The language tag on the resource may be used to specify the language of other presentations generated from the data in the resource  Not all the content has to be in the base language. The Resource.language should not be assumed to apply to the narrative automatically. If a language is specified, it should it also be specified on the div element in the html (see rules in HTML5 for information about the relationship between xml:lang and the html lang attribute)."},{"url":"http://www.healthintersections.com.au/fhir/Profile/metadata#type","valueString":"code"}],"linkId":"Immunization.language","question":[{"linkId":"Immunization.language.value","repeats":false,"required":false,"text":"language","type":"choice"}],"repeats":true,"required":false},{"extension":[{"url":"http://hl7.org/fhir/Profile/questionnaire-extensions#flyover","valueString":"A human-readable narrative that contains a summary of the resource, and may be used to represent the content of the resource to a human. The narrative need not encode all the structured data, but is required to contain sufficient detail to make it \"clinically safe\" for a human to just read the narrative. Resource definitions may define what content should be represented in the narrative to ensure clinical safety. Contained resources do not have narrative. Resources that are not contained SHOULD have a narrative."}],"linkId":"Immunization.text","repeats":true,"required":false,"text":"Text summary of the resource, for human interpretation"},{"extension":[{"url":"http://hl7.org/fhir/Profile/questionnaire-extensions#flyover","valueString":"These resources do not have an independent existence apart from the resource that contains them - they cannot be identified independently, and nor can they have their own independent transaction scope. This should never be done when the content can be identified properly, as once identification is lost, it is extremely difficult (and context dependent) to restore it again."}],"linkId":"Immunization.contained","repeats":true,"required":false,"text":"Contained, inline Resources"},{"extension":[{"url":"http://hl7.org/fhir/Profile/questionnaire-extensions#flyover","valueString":"May be used to represent additional information that is not part of the basic definition of the resource. In order to make the use of extensions safe and manageable, there is a strict set of governance  applied to the definition and use of extensions. Though any implementer is allowed to define an extension, there is a set of requirements that SHALL be met as part of the definition of the extension. There can be no stigma associated with the use of extensions by any application, project, or standard - regardless of the institution or jurisdiction that uses or defines the extensions.  The use of extensions is what allows the FHIR specification to retain a core level of simplicity for everyone."}],"linkId":"Immunization.extension","repeats":true,"required":false,"text":"Additional Content defined by implementations"},{"extension":[{"url":"http://hl7.org/fhir/Profile/questionnaire-extensions#flyover","valueString":"May be used to represent additional information that is not part of the basic definition of the resource, and that modifies the understanding of the element that contains it. Usually modifier elements provide negation or qualification. In order to make the use of extensions safe and manageable, there is a strict set of governance applied to the definition and use of extensions. Though any implementer is allowed to define an extension, there is a set of requirements that SHALL be met as part of the definition of the extension. Applications processing a resource are required to check for modifier extensions. There can be no stigma associated with the use of extensions by any application, project, or standard - regardless of the institution or jurisdiction that uses or defines the extensions.  The use of extensions is what allows the FHIR specification to retain a core level of simplicity for everyone."}],"linkId":"Immunization.modifierExtension","repeats":true,"required":false,"text":"Extensions that cannot be ignored"},{"extension":[{"url":"http://hl7.org/fhir/Profile/questionnaire-extensions#flyover","valueString":"A unique identifier assigned to this immunization record."},{"url":"http://www.healthintersections.com.au/fhir/Profile/metadata#type","valueString":"Identifier"}],"linkId":"Immunization.identifier","question":[{"linkId":"Immunization.identifier.label","repeats":false,"required":false,"text":"label:","type":"string"},{"linkId":"Immunization.identifier.system","repeats":false,"required":false,"text":"system:","type":"string"},{"linkId":"Immunization.identifier.value","repeats":false,"required":false,"text":"value:","type":"string"}],"repeats":true,"required":false,"text":"Business identifier"},{"extension":[{"url":"http://hl7.org/fhir/Profile/questionnaire-extensions#flyover","valueString":"Indicates the current status of the vaccination event. Will generally be set to show that the immunization has been completed."},{"url":"http://www.healthintersections.com.au/fhir/Profile/metadata#type","valueString":"code"}],"linkId":"Immunization.status","question":[{"linkId":"Immunization.status.value","repeats":false,"required":false,"text":"status","type":"choice"}],"repeats":true,"required":true},{"extension":[{"url":"http://hl7.org/fhir/Profile/questionnaire-extensions#flyover","valueString":"Date vaccine administered or was to be administered. When immunizations are given a specific date and time should always be known.   When immunizations are patient reported, a specific date might not be known.  Although partial dates are allowed, an adult patient might not be able to recall the year a childhood immunization was given."},{"url":"http://www.healthintersections.com.au/fhir/Profile/metadata#type","valueString":"datetime"}],"linkId":"Immunization.date","question":[{"linkId":"Immunization.date.value","repeats":false,"required":false,"text":"Vaccination administration date","type":"dateTime"}],"repeats":true,"required":false},{"extension":[{"url":"http://hl7.org/fhir/Profile/questionnaire-extensions#flyover","valueString":"Vaccine that was administered or was to be administered."},{"url":"http://www.healthintersections.com.au/fhir/Profile/metadata#type","valueString":"CodeableConcept"}],"linkId":"Immunization.vaccineCode","question":[{"linkId":"Immunization.vaccineCode.coding","repeats":false,"required":false,"text":"code:","type":"open-choice"},{"linkId":"Immunization.vaccineCode.text","repeats":false,"required":false,"text":"text:","type":"string"}],"repeats":true,"required":true,"text":"Vaccine product administered"},{"extension":[{"url":"http://hl7.org/fhir/Profile/questionnaire-extensions#flyover","valueString":"The patient who either received or did not receive the immunization."},{"url":"http://www.healthintersections.com.au/fhir/Profile/metadata#type","valueString":"Reference"}],"linkId":"Immunization.patient","question":[{"extension":[{"url":"http://www.healthintersections.com.au/fhir/Profile/metadata#reference","valueString":"/Patient?subject=$subj&patient=$subj&encounter=$encounter"}],"linkId":"Immunization.patient.value","repeats":false,"required":false,"text":"Who was immunized","type":"reference"}],"repeats":true,"required":true},{"extension":[{"url":"http://hl7.org/fhir/Profile/questionnaire-extensions#flyover","valueString":"Indicates if the vaccination was or was not given."},{"url":"http://www.healthintersections.com.au/fhir/Profile/metadata#type","valueString":"boolean"}],"linkId":"Immunization.wasNotGiven","question":[{"linkId":"Immunization.wasNotGiven.value","repeats":false,"required":false,"text":"Flag for whether immunization was given","type":"boolean"}],"repeats":true,"required":true},{"extension":[{"url":"http://hl7.org/fhir/Profile/questionnaire-extensions#flyover","valueString":"True if this administration was reported rather than directly administered. May need source of reported info (e.g. parent), but leave out for now."},{"url":"http://www.healthintersections.com.au/fhir/Profile/metadata#type","valueString":"boolean"}],"linkId":"Immunization.reported","question":[{"linkId":"Immunization.reported.value","repeats":false,"required":false,"text":"Indicates a self-reported record","type":"boolean"}],"repeats":true,"required":true},{"extension":[{"url":"http://hl7.org/fhir/Profile/questionnaire-extensions#flyover","valueString":"Clinician who administered the vaccine."},{"url":"http://www.healthintersections.com.au/fhir/Profile/metadata#type","valueString":"Reference"}],"linkId":"Immunization.performer","question":[{"extension":[{"url":"http://www.healthintersections.com.au/fhir/Profile/metadata#reference","valueString":"/Practitioner?subject=$subj&patient=$subj&encounter=$encounter"}],"linkId":"Immunization.performer.value","repeats":false,"required":false,"text":"Who administered vaccine","type":"reference"}],"repeats":true,"required":false},{"extension":[{"url":"http://hl7.org/fhir/Profile/questionnaire-extensions#flyover","valueString":"Clinician who ordered the vaccination. Other participants - delegate to Provenance resource."},{"url":"http://www.healthintersections.com.au/fhir/Profile/metadata#type","valueString":"Reference"}],"linkId":"Immunization.requester","question":[{"extension":[{"url":"http://www.healthintersections.com.au/fhir/Profile/metadata#reference","valueString":"/Practitioner?subject=$subj&patient=$subj&encounter=$encounter"}],"linkId":"Immunization.requester.value","repeats":false,"required":false,"text":"Who ordered vaccination","type":"reference"}],"repeats":true,"required":false},{"extension":[{"url":"http://hl7.org/fhir/Profile/questionnaire-extensions#flyover","valueString":"The visit or admission or other contact between patient and health care provider the immunization was performed as part of."},{"url":"http://www.healthintersections.com.au/fhir/Profile/metadata#type","valueString":"Reference"}],"linkId":"Immunization.encounter","question":[{"extension":[{"url":"http://www.healthintersections.com.au/fhir/Profile/metadata#reference","valueString":"/Encounter?subject=$subj&patient=$subj&encounter=$encounter"}],"linkId":"Immunization.encounter.value","repeats":false,"required":false,"text":"Encounter administered as part of","type":"reference"}],"repeats":true,"required":false},{"extension":[{"url":"http://hl7.org/fhir/Profile/questionnaire-extensions#flyover","valueString":"Name of vaccine manufacturer."},{"url":"http://www.healthintersections.com.au/fhir/Profile/metadata#type","valueString":"Reference"}],"linkId":"Immunization.manufacturer","question":[{"extension":[{"url":"http://www.healthintersections.com.au/fhir/Profile/metadata#reference","valueString":"/Organization?subject=$subj&patient=$subj&encounter=$encounter"}],"linkId":"Immunization.manufacturer.value","repeats":false,"required":false,"text":"Vaccine manufacturer","type":"reference"}],"repeats":true,"required":false},{"extension":[{"url":"http://hl7.org/fhir/Profile/questionnaire-extensions#flyover","valueString":"The service delivery location where the vaccine administration occurred."},{"url":"http://www.healthintersections.com.au/fhir/Profile/metadata#type","valueString":"Reference"}],"linkId":"Immunization.location","question":[{"extension":[{"url":"http://www.healthintersections.com.au/fhir/Profile/metadata#reference","valueString":"/Location?subject=$subj&patient=$subj&encounter=$encounter"}],"linkId":"Immunization.location.value","repeats":false,"required":false,"text":"Where vaccination occurred","type":"reference"}],"repeats":true,"required":false},{"extension":[{"url":"http://hl7.org/fhir/Profile/questionnaire-extensions#flyover","valueString":"Lot number of the  vaccine product."},{"url":"http://www.healthintersections.com.au/fhir/Profile/metadata#type","valueString":"string"}],"linkId":"Immunization.lotNumber","question":[{"linkId":"Immunization.lotNumber.value","repeats":false,"required":false,"text":"Vaccine lot number","type":"string"}],"repeats":true,"required":false},{"extension":[{"url":"http://hl7.org/fhir/Profile/questionnaire-extensions#flyover","valueString":"Date vaccine batch expires."},{"url":"http://www.healthintersections.com.au/fhir/Profile/metadata#type","valueString":"datetime"}],"linkId":"Immunization.expirationDate","question":[{"linkId":"Immunization.expirationDate.value","repeats":false,"required":false,"text":"Vaccine expiration date","type":"dateTime"}],"repeats":true,"required":false},{"extension":[{"url":"http://hl7.org/fhir/Profile/questionnaire-extensions#flyover","valueString":"Body site where vaccine was administered."},{"url":"http://www.healthintersections.com.au/fhir/Profile/metadata#type","valueString":"CodeableConcept"}],"linkId":"Immunization.site","question":[{"linkId":"Immunization.site.coding","repeats":false,"required":false,"text":"code:","type":"open-choice"},{"linkId":"Immunization.site.text","repeats":false,"required":false,"text":"text:","type":"string"}],"repeats":true,"required":false,"text":"Body site vaccine  was administered"},{"extension":[{"url":"http://hl7.org/fhir/Profile/questionnaire-extensions#flyover","valueString":"The path by which the vaccine product is taken into the body."},{"url":"http://www.healthintersections.com.au/fhir/Profile/metadata#type","valueString":"CodeableConcept"}],"linkId":"Immunization.route","question":[{"linkId":"Immunization.route.coding","repeats":false,"required":false,"text":"code:","type":"open-choice"},{"linkId":"Immunization.route.text","repeats":false,"required":false,"text":"text:","type":"string"}],"repeats":true,"required":false,"text":"How vaccine entered body"},{"extension":[{"url":"http://hl7.org/fhir/Profile/questionnaire-extensions#flyover","valueString":"The quantity of vaccine product that was administered."},{"url":"http://www.healthintersections.com.au/fhir/Profile/metadata#type","valueString":"Quantity"}],"linkId":"Immunization.doseQuantity","question":[{"linkId":"Immunization.doseQuantity.comparator","repeats":false,"required":false,"text":"comp:","type":"choice"},{"linkId":"Immunization.doseQuantity.value","repeats":false,"required":false,"text":"value:","type":"decimal"},{"linkId":"Immunization.doseQuantity.units","repeats":false,"required":false,"text":"units:","type":"string"},{"linkId":"Immunization.doseQuantity.code","repeats":false,"required":false,"text":"coded units:","type":"string"},{"linkId":"Immunization.doseQuantity.system","repeats":false,"required":false,"text":"units system:","type":"string"}],"repeats":true,"required":false,"text":"Amount of vaccine administered"},{"extension":[{"url":"http://hl7.org/fhir/Profile/questionnaire-extensions#flyover","valueString":"Extra information about the immunization that is not conveyed by the other attributes."},{"url":"http://www.healthintersections.com.au/fhir/Profile/metadata#type","valueString":"Annotation"}],"linkId":"Immunization.note","repeats":true,"required":false,"text":"Vaccination notes"},{"extension":[{"url":"http://hl7.org/fhir/Profile/questionnaire-extensions#flyover","valueString":"Reasons why a vaccine was or was not administered."}],"group":[{"extension":[{"url":"http://hl7.org/fhir/Profile/questionnaire-extensions#flyover","valueString":"unique id for the element within a resource (for internal references)."},{"url":"http://www.healthintersections.com.au/fhir/Profile/metadata#type","valueString":"string"}],"linkId":"Immunization.explanation.id","question":[{"linkId":"Immunization.explanation.id.value","repeats":false,"required":false,"text":"xml:id (or equivalent in JSON)","type":"string"}],"repeats":true,"required":false},{"extension":[{"url":"http://hl7.org/fhir/Profile/questionnaire-extensions#flyover","valueString":"May be used to represent additional information that is not part of the basic definition of the element. In order to make the use of extensions safe and manageable, there is a strict set of governance  applied to the definition and use of extensions. Though any implementer is allowed to define an extension, there is a set of requirements that SHALL be met as part of the definition of the extension. There can be no stigma associated with the use of extensions by any application, project, or standard - regardless of the institution or jurisdiction that uses or defines the extensions.  The use of extensions is what allows the FHIR specification to retain a core level of simplicity for everyone."}],"linkId":"Immunization.explanation.extension","repeats":true,"required":false,"text":"Additional Content defined by implementations"},{"extension":[{"url":"http://hl7.org/fhir/Profile/questionnaire-extensions#flyover","valueString":"May be used to represent additional information that is not part of the basic definition of the element, and that modifies the understanding of the element that contains it. Usually modifier elements provide negation or qualification. In order to make the use of extensions safe and manageable, there is a strict set of governance applied to the definition and use of extensions. Though any implementer is allowed to define an extension, there is a set of requirements that SHALL be met as part of the definition of the extension. Applications processing a resource are required to check for modifier extensions. There can be no stigma associated with the use of extensions by any application, project, or standard - regardless of the institution or jurisdiction that uses or defines the extensions.  The use of extensions is what allows the FHIR specification to retain a core level of simplicity for everyone."}],"linkId":"Immunization.explanation.modifierExtension","repeats":true,"required":false,"text":"Extensions that cannot be ignored"},{"extension":[{"url":"http://hl7.org/fhir/Profile/questionnaire-extensions#flyover","valueString":"Reasons why a vaccine was administered."},{"url":"http://www.healthintersections.com.au/fhir/Profile/metadata#type","valueString":"CodeableConcept"}],"linkId":"Immunization.explanation.reason","question":[{"linkId":"Immunization.explanation.reason.coding","repeats":false,"required":false,"text":"code:","type":"open-choice"},{"linkId":"Immunization.explanation.reason.text","repeats":false,"required":false,"text":"text:","type":"string"}],"repeats":true,"required":false,"text":"Why immunization occurred"},{"extension":[{"url":"http://hl7.org/fhir/Profile/questionnaire-extensions#flyover","valueString":"Reason why a vaccine was not administered."},{"url":"http://www.healthintersections.com.au/fhir/Profile/metadata#type","valueString":"CodeableConcept"}],"linkId":"Immunization.explanation.reasonNotGiven","question":[{"linkId":"Immunization.explanation.reasonNotGiven.coding","repeats":false,"required":false,"text":"code:","type":"open-choice"},{"linkId":"Immunization.explanation.reasonNotGiven.text","repeats":false,"required":false,"text":"text:","type":"string"}],"repeats":true,"required":false,"text":"Why immunization did not occur"}],"linkId":"Immunization.explanation","repeats":false,"required":false,"title":"Administration/non-administration reasons"},{"extension":[{"url":"http://hl7.org/fhir/Profile/questionnaire-extensions#flyover","valueString":"Categorical data indicating that an adverse event is associated in time to an immunization."}],"group":[{"extension":[{"url":"http://hl7.org/fhir/Profile/questionnaire-extensions#flyover","valueString":"unique id for the element within a resource (for internal references)."},{"url":"http://www.healthintersections.com.au/fhir/Profile/metadata#type","valueString":"string"}],"linkId":"Immunization.reaction.id","question":[{"linkId":"Immunization.reaction.id.value","repeats":false,"required":false,"text":"xml:id (or equivalent in JSON)","type":"string"}],"repeats":true,"required":false},{"extension":[{"url":"http://hl7.org/fhir/Profile/questionnaire-extensions#flyover","valueString":"May be used to represent additional information that is not part of the basic definition of the element. In order to make the use of extensions safe and manageable, there is a strict set of governance  applied to the definition and use of extensions. Though any implementer is allowed to define an extension, there is a set of requirements that SHALL be met as part of the definition of the extension. There can be no stigma associated with the use of extensions by any application, project, or standard - regardless of the institution or jurisdiction that uses or defines the extensions.  The use of extensions is what allows the FHIR specification to retain a core level of simplicity for everyone."}],"linkId":"Immunization.reaction.extension","repeats":true,"required":false,"text":"Additional Content defined by implementations"},{"extension":[{"url":"http://hl7.org/fhir/Profile/questionnaire-extensions#flyover","valueString":"May be used to represent additional information that is not part of the basic definition of the element, and that modifies the understanding of the element that contains it. Usually modifier elements provide negation or qualification. In order to make the use of extensions safe and manageable, there is a strict set of governance applied to the definition and use of extensions. Though any implementer is allowed to define an extension, there is a set of requirements that SHALL be met as part of the definition of the extension. Applications processing a resource are required to check for modifier extensions. There can be no stigma associated with the use of extensions by any application, project, or standard - regardless of the institution or jurisdiction that uses or defines the extensions.  The use of extensions is what allows the FHIR specification to retain a core level of simplicity for everyone."}],"linkId":"Immunization.reaction.modifierExtension","repeats":true,"required":false,"text":"Extensions that cannot be ignored"},{"extension":[{"url":"http://hl7.org/fhir/Profile/questionnaire-extensions#flyover","valueString":"Date of reaction to the immunization."},{"url":"http://www.healthintersections.com.au/fhir/Profile/metadata#type","valueString":"datetime"}],"linkId":"Immunization.reaction.date","question":[{"linkId":"Immunization.reaction.date.value","repeats":false,"required":false,"text":"When reaction started","type":"dateTime"}],"repeats":true,"required":false},{"extension":[{"url":"http://hl7.org/fhir/Profile/questionnaire-extensions#flyover","valueString":"Details of the reaction."},{"url":"http://www.healthintersections.com.au/fhir/Profile/metadata#type","valueString":"Reference"}],"linkId":"Immunization.reaction.detail","question":[{"extension":[{"url":"http://www.healthintersections.com.au/fhir/Profile/metadata#reference","valueString":"/Observation?subject=$subj&patient=$subj&encounter=$encounter"}],"linkId":"Immunization.reaction.detail.value","repeats":false,"required":false,"text":"Additional information on reaction","type":"reference"}],"repeats":true,"required":false},{"extension":[{"url":"http://hl7.org/fhir/Profile/questionnaire-extensions#flyover","valueString":"Self-reported indicator."},{"url":"http://www.healthintersections.com.au/fhir/Profile/metadata#type","valueString":"boolean"}],"linkId":"Immunization.reaction.reported","question":[{"linkId":"Immunization.reaction.reported.value","repeats":false,"required":false,"text":"Indicates self-reported reaction","type":"boolean"}],"repeats":true,"required":false}],"linkId":"Immunization.reaction","repeats":true,"required":false,"text":"A reaction may be an indication of an allergy or intolerance and, if this is determined to be the case,  it should be recorded as a new [[[AllergyIntolerance]]] resource instance as most systems will not query against  past Immunization.reaction elements.","title":"Details of a reaction that follows immunization"},{"extension":[{"url":"http://hl7.org/fhir/Profile/questionnaire-extensions#flyover","valueString":"Contains information about the protocol(s) under which the vaccine was administered."}],"group":[{"extension":[{"url":"http://hl7.org/fhir/Profile/questionnaire-extensions#flyover","valueString":"unique id for the element within a resource (for internal references)."},{"url":"http://www.healthintersections.com.au/fhir/Profile/metadata#type","valueString":"string"}],"linkId":"Immunization.vaccinationProtocol.id","question":[{"linkId":"Immunization.vaccinationProtocol.id.value","repeats":false,"required":false,"text":"xml:id (or equivalent in JSON)","type":"string"}],"repeats":true,"required":false},{"extension":[{"url":"http://hl7.org/fhir/Profile/questionnaire-extensions#flyover","valueString":"May be used to represent additional information that is not part of the basic definition of the element. In order to make the use of extensions safe and manageable, there is a strict set of governance  applied to the definition and use of extensions. Though any implementer is allowed to define an extension, there is a set of requirements that SHALL be met as part of the definition of the extension. There can be no stigma associated with the use of extensions by any application, project, or standard - regardless of the institution or jurisdiction that uses or defines the extensions.  The use of extensions is what allows the FHIR specification to retain a core level of simplicity for everyone."}],"linkId":"Immunization.vaccinationProtocol.extension","repeats":true,"required":false,"text":"Additional Content defined by implementations"},{"extension":[{"url":"http://hl7.org/fhir/Profile/questionnaire-extensions#flyover","valueString":"May be used to represent additional information that is not part of the basic definition of the element, and that modifies the understanding of the element that contains it. Usually modifier elements provide negation or qualification. In order to make the use of extensions safe and manageable, there is a strict set of governance applied to the definition and use of extensions. Though any implementer is allowed to define an extension, there is a set of requirements that SHALL be met as part of the definition of the extension. Applications processing a resource are required to check for modifier extensions. There can be no stigma associated with the use of extensions by any application, project, or standard - regardless of the institution or jurisdiction that uses or defines the extensions.  The use of extensions is what allows the FHIR specification to retain a core level of simplicity for everyone."}],"linkId":"Immunization.vaccinationProtocol.modifierExtension","repeats":true,"required":false,"text":"Extensions that cannot be ignored"},{"extension":[{"url":"http://hl7.org/fhir/Profile/questionnaire-extensions#flyover","valueString":"Nominal position in a series."},{"url":"http://www.healthintersections.com.au/fhir/Profile/metadata#type","valueString":"integer"}],"linkId":"Immunization.vaccinationProtocol.doseSequence","question":[{"linkId":"Immunization.vaccinationProtocol.doseSequence.value","repeats":false,"required":false,"text":"Dose number within series","type":"integer"}],"repeats":true,"required":true},{"extension":[{"url":"http://hl7.org/fhir/Profile/questionnaire-extensions#flyover","valueString":"Contains the description about the protocol under which the vaccine was administered."},{"url":"http://www.healthintersections.com.au/fhir/Profile/metadata#type","valueString":"string"}],"linkId":"Immunization.vaccinationProtocol.description","question":[{"linkId":"Immunization.vaccinationProtocol.description.value","repeats":false,"required":false,"text":"Details of vaccine protocol","type":"string"}],"repeats":true,"required":false},{"extension":[{"url":"http://hl7.org/fhir/Profile/questionnaire-extensions#flyover","valueString":"Indicates the authority who published the protocol.  E.g. ACIP."},{"url":"http://www.healthintersections.com.au/fhir/Profile/metadata#type","valueString":"Reference"}],"linkId":"Immunization.vaccinationProtocol.authority","question":[{"extension":[{"url":"http://www.healthintersections.com.au/fhir/Profile/metadata#reference","valueString":"/Organization?subject=$subj&patient=$subj&encounter=$encounter"}],"linkId":"Immunization.vaccinationProtocol.authority.value","repeats":false,"required":false,"text":"Who is responsible for protocol","type":"reference"}],"repeats":true,"required":false},{"extension":[{"url":"http://hl7.org/fhir/Profile/questionnaire-extensions#flyover","valueString":"One possible path to achieve presumed immunity against a disease - within the context of an authority."},{"url":"http://www.healthintersections.com.au/fhir/Profile/metadata#type","valueString":"string"}],"linkId":"Immunization.vaccinationProtocol.series","question":[{"linkId":"Immunization.vaccinationProtocol.series.value","repeats":false,"required":false,"text":"Name of vaccine series","type":"string"}],"repeats":true,"required":false},{"extension":[{"url":"http://hl7.org/fhir/Profile/questionnaire-extensions#flyover","valueString":"The recommended number of doses to achieve immunity."},{"url":"http://www.healthintersections.com.au/fhir/Profile/metadata#type","valueString":"integer"}],"linkId":"Immunization.vaccinationProtocol.seriesDoses","question":[{"linkId":"Immunization.vaccinationProtocol.seriesDoses.value","repeats":false,"required":false,"text":"Recommended number of doses for immunity","type":"integer"}],"repeats":true,"required":false},{"extension":[{"url":"http://hl7.org/fhir/Profile/questionnaire-extensions#flyover","valueString":"The targeted disease."},{"url":"http://www.healthintersections.com.au/fhir/Profile/metadata#type","valueString":"CodeableConcept"}],"linkId":"Immunization.vaccinationProtocol.targetDisease","question":[{"linkId":"Immunization.vaccinationProtocol.targetDisease.coding","repeats":false,"required":false,"text":"code:","type":"open-choice"},{"linkId":"Immunization.vaccinationProtocol.targetDisease.text","repeats":false,"required":false,"text":"text:","type":"string"}],"repeats":true,"required":true,"text":"Disease immunized against"},{"extension":[{"url":"http://hl7.org/fhir/Profile/questionnaire-extensions#flyover","valueString":"Indicates if the immunization event should \"count\" against  the protocol. May need to differentiate between status declarations by a provider vs. a CDS engine."},{"url":"http://www.healthintersections.com.au/fhir/Profile/metadata#type","valueString":"CodeableConcept"}],"linkId":"Immunization.vaccinationProtocol.doseStatus","question":[{"linkId":"Immunization.vaccinationProtocol.doseStatus.coding","repeats":false,"required":false,"text":"code:","type":"open-choice"},{"linkId":"Immunization.vaccinationProtocol.doseStatus.text","repeats":false,"required":false,"text":"text:","type":"string"}],"repeats":true,"required":true,"text":"Indicates if dose counts towards immunity"},{"extension":[{"url":"http://hl7.org/fhir/Profile/questionnaire-extensions#flyover","valueString":"Provides an explanation as to why an immunization event should or should not count against the protocol."},{"url":"http://www.healthintersections.com.au/fhir/Profile/metadata#type","valueString":"CodeableConcept"}],"linkId":"Immunization.vaccinationProtocol.doseStatusReason","question":[{"linkId":"Immunization.vaccinationProtocol.doseStatusReason.coding","repeats":false,"required":false,"text":"code:","type":"open-choice"},{"linkId":"Immunization.vaccinationProtocol.doseStatusReason.text","repeats":false,"required":false,"text":"text:","type":"string"}],"repeats":true,"required":false,"text":"Why dose does (not) count"}],"linkId":"Immunization.vaccinationProtocol","repeats":true,"required":false,"title":"What protocol was followed"}],"linkId":"Immunization","repeats":true,"required":false,"title":"Immunization event information"},"id":"qs1","identifier":[{"system":"urn:ietf:rfc:3986"}],"publisher":"Health Level Seven International (Public Health and Emergency Response)","resourceType":"Questionnaire","status":"draft"}