{"contained":[{"description":"Type options for ImplementationGuide.package.resource.source[x]","expansion":{"contains":[{"code":"uri","display":"uri","system":"http://hl7.org/fhir/data-types"},{"code":"Resource","display":"Resource","system":"http://hl7.org/fhir/resource-types"}],"identifier":"urn:uuid:ecde4b88-82b0-48dd-abbe-01baf0a7c5af","timestamp":"2015-10-24T07:43:46+11:00"},"id":"vs2","name":"Type options for ImplementationGuide.package.resource.source[x]","resourceType":"ValueSet","status":"active"}],"date":"2015-10-24T07:41:03+11:00","group":{"extension":[{"url":"http://hl7.org/fhir/Profile/questionnaire-extensions#flyover","valueString":"A set of rules or how FHIR is used to solve a particular problem. This resource is used to gather all the parts of an implementation guide into a logical whole, and to publish a computable definition of all the parts."}],"group":[{"extension":[{"url":"http://hl7.org/fhir/Profile/questionnaire-extensions#flyover","valueString":"The logical id of the resource, as used in the URL for the resource. Once assigned, this value never changes. The only time that a resource does not have an id is when it is being submitted to the server using a create operation. Bundles always have an id, though it is usually a generated UUID."},{"url":"http://www.healthintersections.com.au/fhir/Profile/metadata#type","valueString":"string"}],"linkId":"ImplementationGuide.id","question":[{"linkId":"ImplementationGuide.id.value","repeats":false,"required":false,"text":"Logical id of this artifact","type":"string"}],"repeats":true,"required":false},{"extension":[{"url":"http://hl7.org/fhir/Profile/questionnaire-extensions#flyover","valueString":"The metadata about the resource. This is content that is maintained by the infrastructure. Changes to the content may not always be associated with version changes to the resource."}],"linkId":"ImplementationGuide.meta","repeats":true,"required":false,"text":"Metadata about the resource"},{"extension":[{"url":"http://hl7.org/fhir/Profile/questionnaire-extensions#flyover","valueString":"A reference to a set of rules that were followed when the resource was constructed, and which must be understood when processing the content. Asserting this rule set restricts the content to be only understood by a limited set of trading partners. This inherently limits the usefulness of the data in the long term. However, the existing health eco-system is highly fractured, and not yet ready to define, collect, and exchange data in a generally computable sense. Wherever possible, implementers and/or specification writers should avoid using this element as much as possible."},{"url":"http://www.healthintersections.com.au/fhir/Profile/metadata#type","valueString":"uri"}],"linkId":"ImplementationGuide.implicitRules","question":[{"linkId":"ImplementationGuide.implicitRules.value","repeats":false,"required":false,"text":"A set of rules under which this content was created","type":"string"}],"repeats":true,"required":false},{"extension":[{"url":"http://hl7.org/fhir/Profile/questionnaire-extensions#flyover","valueString":"The base language in which the resource is written. Language is provided to support indexing and accessibility (typically, services such as text to speech use the language tag). The html language tag in the narrative applies  to the narrative. The language tag on the resource may be used to specify the language of other presentations generated from the data in the resource  Not all the content has to be in the base language. The Resource.language should not be assumed to apply to the narrative automatically. If a language is specified, it should it also be specified on the div element in the html (see rules in HTML5 for information about the relationship between xml:lang and the html lang attribute)."},{"url":"http://www.healthintersections.com.au/fhir/Profile/metadata#type","valueString":"code"}],"linkId":"ImplementationGuide.language","question":[{"linkId":"ImplementationGuide.language.value","repeats":false,"required":false,"text":"language","type":"choice"}],"repeats":true,"required":false},{"extension":[{"url":"http://hl7.org/fhir/Profile/questionnaire-extensions#flyover","valueString":"A human-readable narrative that contains a summary of the resource, and may be used to represent the content of the resource to a human. The narrative need not encode all the structured data, but is required to contain sufficient detail to make it \"clinically safe\" for a human to just read the narrative. Resource definitions may define what content should be represented in the narrative to ensure clinical safety. Contained resources do not have narrative. Resources that are not contained SHOULD have a narrative."}],"linkId":"ImplementationGuide.text","repeats":true,"required":false,"text":"Text summary of the resource, for human interpretation"},{"extension":[{"url":"http://hl7.org/fhir/Profile/questionnaire-extensions#flyover","valueString":"These resources do not have an independent existence apart from the resource that contains them - they cannot be identified independently, and nor can they have their own independent transaction scope. This should never be done when the content can be identified properly, as once identification is lost, it is extremely difficult (and context dependent) to restore it again."}],"linkId":"ImplementationGuide.contained","repeats":true,"required":false,"text":"Contained, inline Resources"},{"extension":[{"url":"http://hl7.org/fhir/Profile/questionnaire-extensions#flyover","valueString":"May be used to represent additional information that is not part of the basic definition of the resource. In order to make the use of extensions safe and manageable, there is a strict set of governance  applied to the definition and use of extensions. Though any implementer is allowed to define an extension, there is a set of requirements that SHALL be met as part of the definition of the extension. There can be no stigma associated with the use of extensions by any application, project, or standard - regardless of the institution or jurisdiction that uses or defines the extensions.  The use of extensions is what allows the FHIR specification to retain a core level of simplicity for everyone."}],"linkId":"ImplementationGuide.extension","repeats":true,"required":false,"text":"Additional Content defined by implementations"},{"extension":[{"url":"http://hl7.org/fhir/Profile/questionnaire-extensions#flyover","valueString":"May be used to represent additional information that is not part of the basic definition of the resource, and that modifies the understanding of the element that contains it. Usually modifier elements provide negation or qualification. In order to make the use of extensions safe and manageable, there is a strict set of governance applied to the definition and use of extensions. Though any implementer is allowed to define an extension, there is a set of requirements that SHALL be met as part of the definition of the extension. Applications processing a resource are required to check for modifier extensions. There can be no stigma associated with the use of extensions by any application, project, or standard - regardless of the institution or jurisdiction that uses or defines the extensions.  The use of extensions is what allows the FHIR specification to retain a core level of simplicity for everyone."}],"linkId":"ImplementationGuide.modifierExtension","repeats":true,"required":false,"text":"Extensions that cannot be ignored"},{"extension":[{"url":"http://hl7.org/fhir/Profile/questionnaire-extensions#flyover","valueString":"An absolute URL that is used to identify this implementation guide when it is referenced in a specification, model, design or an instance. This SHALL be a URL, SHOULD be globally unique, and SHOULD be an address at which this implementation guide is (or will be) published."},{"url":"http://www.healthintersections.com.au/fhir/Profile/metadata#type","valueString":"uri"}],"linkId":"ImplementationGuide.url","question":[{"linkId":"ImplementationGuide.url.value","repeats":false,"required":false,"text":"Absolute URL used to reference this Implementation Guide","type":"string"}],"repeats":true,"required":true},{"extension":[{"url":"http://hl7.org/fhir/Profile/questionnaire-extensions#flyover","valueString":"The identifier that is used to identify this version of the Implementation Guide when it is referenced in a specification, model, design or instance. This is an arbitrary value managed by the Implementation Guide author manually."},{"url":"http://www.healthintersections.com.au/fhir/Profile/metadata#type","valueString":"string"}],"linkId":"ImplementationGuide.version","question":[{"linkId":"ImplementationGuide.version.value","repeats":false,"required":false,"text":"Logical id for this version of the Implementation Guide","type":"string"}],"repeats":true,"required":false},{"extension":[{"url":"http://hl7.org/fhir/Profile/questionnaire-extensions#flyover","valueString":"A free text natural language name identifying the Implementation Guide. Not expected to be globally unique."},{"url":"http://www.healthintersections.com.au/fhir/Profile/metadata#type","valueString":"string"}],"linkId":"ImplementationGuide.name","question":[{"linkId":"ImplementationGuide.name.value","repeats":false,"required":false,"text":"Informal name for this Implementation Guide","type":"string"}],"repeats":true,"required":true},{"extension":[{"url":"http://hl7.org/fhir/Profile/questionnaire-extensions#flyover","valueString":"The status of the Implementation Guide."},{"url":"http://www.healthintersections.com.au/fhir/Profile/metadata#type","valueString":"code"}],"linkId":"ImplementationGuide.status","question":[{"linkId":"ImplementationGuide.status.value","repeats":false,"required":false,"text":"status","type":"choice"}],"repeats":true,"required":true},{"extension":[{"url":"http://hl7.org/fhir/Profile/questionnaire-extensions#flyover","valueString":"This Implementation Guide was authored for testing purposes (or education/evaluation/marketing), and is not intended to be used for genuine usage."},{"url":"http://www.healthintersections.com.au/fhir/Profile/metadata#type","valueString":"boolean"}],"linkId":"ImplementationGuide.experimental","question":[{"linkId":"ImplementationGuide.experimental.value","repeats":false,"required":false,"text":"If for testing purposes, not real usage","type":"boolean"}],"repeats":true,"required":false},{"extension":[{"url":"http://hl7.org/fhir/Profile/questionnaire-extensions#flyover","valueString":"The name of the individual or organization that published the implementation guide. Usually an organization, but may be an individual. This item SHOULD be populated unless the information is available from context."},{"url":"http://www.healthintersections.com.au/fhir/Profile/metadata#type","valueString":"string"}],"linkId":"ImplementationGuide.publisher","question":[{"linkId":"ImplementationGuide.publisher.value","repeats":false,"required":false,"text":"Name of the publisher (Organization or individual)","type":"string"}],"repeats":true,"required":false},{"extension":[{"url":"http://hl7.org/fhir/Profile/questionnaire-extensions#flyover","valueString":"Contacts to assist a user in finding and communicating with the publisher."}],"group":[{"extension":[{"url":"http://hl7.org/fhir/Profile/questionnaire-extensions#flyover","valueString":"unique id for the element within a resource (for internal references)."},{"url":"http://www.healthintersections.com.au/fhir/Profile/metadata#type","valueString":"string"}],"linkId":"ImplementationGuide.contact.id","question":[{"linkId":"ImplementationGuide.contact.id.value","repeats":false,"required":false,"text":"xml:id (or equivalent in JSON)","type":"string"}],"repeats":true,"required":false},{"extension":[{"url":"http://hl7.org/fhir/Profile/questionnaire-extensions#flyover","valueString":"May be used to represent additional information that is not part of the basic definition of the element. In order to make the use of extensions safe and manageable, there is a strict set of governance  applied to the definition and use of extensions. Though any implementer is allowed to define an extension, there is a set of requirements that SHALL be met as part of the definition of the extension. There can be no stigma associated with the use of extensions by any application, project, or standard - regardless of the institution or jurisdiction that uses or defines the extensions.  The use of extensions is what allows the FHIR specification to retain a core level of simplicity for everyone."}],"linkId":"ImplementationGuide.contact.extension","repeats":true,"required":false,"text":"Additional Content defined by implementations"},{"extension":[{"url":"http://hl7.org/fhir/Profile/questionnaire-extensions#flyover","valueString":"May be used to represent additional information that is not part of the basic definition of the element, and that modifies the understanding of the element that contains it. Usually modifier elements provide negation or qualification. In order to make the use of extensions safe and manageable, there is a strict set of governance applied to the definition and use of extensions. Though any implementer is allowed to define an extension, there is a set of requirements that SHALL be met as part of the definition of the extension. Applications processing a resource are required to check for modifier extensions. There can be no stigma associated with the use of extensions by any application, project, or standard - regardless of the institution or jurisdiction that uses or defines the extensions.  The use of extensions is what allows the FHIR specification to retain a core level of simplicity for everyone."}],"linkId":"ImplementationGuide.contact.modifierExtension","repeats":true,"required":false,"text":"Extensions that cannot be ignored"},{"extension":[{"url":"http://hl7.org/fhir/Profile/questionnaire-extensions#flyover","valueString":"The name of an individual to contact regarding the implementation guide. If there is no named individual, the telecom is for the organization as a whole."},{"url":"http://www.healthintersections.com.au/fhir/Profile/metadata#type","valueString":"string"}],"linkId":"ImplementationGuide.contact.name","question":[{"linkId":"ImplementationGuide.contact.name.value","repeats":false,"required":false,"text":"Name of a individual to contact","type":"string"}],"repeats":true,"required":false},{"extension":[{"url":"http://hl7.org/fhir/Profile/questionnaire-extensions#flyover","valueString":"Contact details for individual (if a name was provided) or the publisher."},{"url":"http://www.healthintersections.com.au/fhir/Profile/metadata#type","valueString":"ContactPoint"}],"linkId":"ImplementationGuide.contact.telecom","question":[{"linkId":"ImplementationGuide.contact.telecom.system","repeats":false,"required":false,"text":"type:","type":"choice"},{"linkId":"ImplementationGuide.contact.telecom.value","repeats":false,"required":false,"text":"value:","type":"string"},{"linkId":"ImplementationGuide.contact.telecom.use","repeats":false,"required":false,"text":"use:","type":"choice"}],"repeats":true,"required":false,"text":"Contact details for individual or publisher"}],"linkId":"ImplementationGuide.contact","repeats":true,"required":false,"text":"May be a web site, an email address, a telephone number (tel:), etc.","title":"Contact details of the publisher"},{"extension":[{"url":"http://hl7.org/fhir/Profile/questionnaire-extensions#flyover","valueString":"The date this version of the implementation guide was published. The date must change when the business version changes, if it does, and it must change if the status code changes. In addition, it should change when the substantive content of the implementation guide changes. Additional specific dates may be added as extensions."},{"url":"http://www.healthintersections.com.au/fhir/Profile/metadata#type","valueString":"datetime"}],"linkId":"ImplementationGuide.date","question":[{"linkId":"ImplementationGuide.date.value","repeats":false,"required":false,"text":"Date for this version of the Implementation Guide","type":"dateTime"}],"repeats":true,"required":false},{"extension":[{"url":"http://hl7.org/fhir/Profile/questionnaire-extensions#flyover","valueString":"A free text natural language description of the Implementation Guide and its use. This field can be used for things such as why the Implementation Guide was written, comments about misuse, instructions for clinical use and interpretation, literature references, examples from the paper world, etc.  It is *not* a rendering of the Implementation Guide as conveyed in Implementation Guide.text. This item SHOULD be populated unless the information is available from context."},{"url":"http://www.healthintersections.com.au/fhir/Profile/metadata#type","valueString":"string"}],"linkId":"ImplementationGuide.description","question":[{"linkId":"ImplementationGuide.description.value","repeats":false,"required":false,"text":"Natural language description of the Implementation Guide","type":"string"}],"repeats":true,"required":false},{"extension":[{"url":"http://hl7.org/fhir/Profile/questionnaire-extensions#flyover","valueString":"The content was developed with a focus and intent of supporting the contexts that are listed. These terms may be used to assist with indexing and searching of implementation guides. The most common use of this element is to represent the country / jurisdiction for which this implementation guide was defined."},{"url":"http://www.healthintersections.com.au/fhir/Profile/metadata#type","valueString":"CodeableConcept"}],"linkId":"ImplementationGuide.useContext","question":[{"linkId":"ImplementationGuide.useContext.coding","repeats":false,"required":false,"text":"code:","type":"open-choice"},{"linkId":"ImplementationGuide.useContext.text","repeats":false,"required":false,"text":"text:","type":"string"}],"repeats":true,"required":false,"text":"The implementation guide is intended to support these contexts"},{"extension":[{"url":"http://hl7.org/fhir/Profile/questionnaire-extensions#flyover","valueString":"A copyright statement relating to the implementation guide and/or its contents. Copyright statements are generally legal restrictions on the use and publishing of the details of the constraints and mappings."},{"url":"http://www.healthintersections.com.au/fhir/Profile/metadata#type","valueString":"string"}],"linkId":"ImplementationGuide.copyright","question":[{"linkId":"ImplementationGuide.copyright.value","repeats":false,"required":false,"text":"Use and/or publishing restrictions","type":"string"}],"repeats":true,"required":false},{"extension":[{"url":"http://hl7.org/fhir/Profile/questionnaire-extensions#flyover","valueString":"The version of the FHIR specification on which this ImplementationGuide is based - this is the formal version of the specification, without the revision number, e.g. [publication].[major].[minor], which is 1.0.2 for this version. An Implementation Guide should specify the target it applies to, as ImplementationGuides are rarely valid across multiple versions of FHIR."},{"url":"http://www.healthintersections.com.au/fhir/Profile/metadata#type","valueString":"string"}],"linkId":"ImplementationGuide.fhirVersion","question":[{"linkId":"ImplementationGuide.fhirVersion.value","repeats":false,"required":false,"text":"FHIR Version this Implementation Guide targets","type":"string"}],"repeats":true,"required":false},{"extension":[{"url":"http://hl7.org/fhir/Profile/questionnaire-extensions#flyover","valueString":"Another implementation guide that this implementation depends on. Typically, an implementation guide uses value sets, profiles etc.defined in other implementation guides."}],"group":[{"extension":[{"url":"http://hl7.org/fhir/Profile/questionnaire-extensions#flyover","valueString":"unique id for the element within a resource (for internal references)."},{"url":"http://www.healthintersections.com.au/fhir/Profile/metadata#type","valueString":"string"}],"linkId":"ImplementationGuide.dependency.id","question":[{"linkId":"ImplementationGuide.dependency.id.value","repeats":false,"required":false,"text":"xml:id (or equivalent in JSON)","type":"string"}],"repeats":true,"required":false},{"extension":[{"url":"http://hl7.org/fhir/Profile/questionnaire-extensions#flyover","valueString":"May be used to represent additional information that is not part of the basic definition of the element. In order to make the use of extensions safe and manageable, there is a strict set of governance  applied to the definition and use of extensions. Though any implementer is allowed to define an extension, there is a set of requirements that SHALL be met as part of the definition of the extension. There can be no stigma associated with the use of extensions by any application, project, or standard - regardless of the institution or jurisdiction that uses or defines the extensions.  The use of extensions is what allows the FHIR specification to retain a core level of simplicity for everyone."}],"linkId":"ImplementationGuide.dependency.extension","repeats":true,"required":false,"text":"Additional Content defined by implementations"},{"extension":[{"url":"http://hl7.org/fhir/Profile/questionnaire-extensions#flyover","valueString":"May be used to represent additional information that is not part of the basic definition of the element, and that modifies the understanding of the element that contains it. Usually modifier elements provide negation or qualification. In order to make the use of extensions safe and manageable, there is a strict set of governance applied to the definition and use of extensions. Though any implementer is allowed to define an extension, there is a set of requirements that SHALL be met as part of the definition of the extension. Applications processing a resource are required to check for modifier extensions. There can be no stigma associated with the use of extensions by any application, project, or standard - regardless of the institution or jurisdiction that uses or defines the extensions.  The use of extensions is what allows the FHIR specification to retain a core level of simplicity for everyone."}],"linkId":"ImplementationGuide.dependency.modifierExtension","repeats":true,"required":false,"text":"Extensions that cannot be ignored"},{"extension":[{"url":"http://hl7.org/fhir/Profile/questionnaire-extensions#flyover","valueString":"How the dependency is represented when the guide is published. For information about processing included guides, see [Including Guides]{implementationguide.html#include}."},{"url":"http://www.healthintersections.com.au/fhir/Profile/metadata#type","valueString":"code"}],"linkId":"ImplementationGuide.dependency.type","question":[{"linkId":"ImplementationGuide.dependency.type.value","repeats":false,"required":false,"text":"type","type":"choice"}],"repeats":true,"required":true},{"extension":[{"url":"http://hl7.org/fhir/Profile/questionnaire-extensions#flyover","valueString":"Where the dependency is located. When a guide is published, and the type is 'include', this will be a relative reference within the guide."},{"url":"http://www.healthintersections.com.au/fhir/Profile/metadata#type","valueString":"uri"}],"linkId":"ImplementationGuide.dependency.uri","question":[{"linkId":"ImplementationGuide.dependency.uri.value","repeats":false,"required":false,"text":"Where to find dependency","type":"string"}],"repeats":true,"required":true}],"linkId":"ImplementationGuide.dependency","repeats":true,"required":false,"title":"Another Implementation guide this depends on"},{"extension":[{"url":"http://hl7.org/fhir/Profile/questionnaire-extensions#flyover","valueString":"A logical group of resources. Logical groups can be used when building pages."}],"group":[{"extension":[{"url":"http://hl7.org/fhir/Profile/questionnaire-extensions#flyover","valueString":"unique id for the element within a resource (for internal references)."},{"url":"http://www.healthintersections.com.au/fhir/Profile/metadata#type","valueString":"string"}],"linkId":"ImplementationGuide.package.id","question":[{"linkId":"ImplementationGuide.package.id.value","repeats":false,"required":false,"text":"xml:id (or equivalent in JSON)","type":"string"}],"repeats":true,"required":false},{"extension":[{"url":"http://hl7.org/fhir/Profile/questionnaire-extensions#flyover","valueString":"May be used to represent additional information that is not part of the basic definition of the element. In order to make the use of extensions safe and manageable, there is a strict set of governance  applied to the definition and use of extensions. Though any implementer is allowed to define an extension, there is a set of requirements that SHALL be met as part of the definition of the extension. There can be no stigma associated with the use of extensions by any application, project, or standard - regardless of the institution or jurisdiction that uses or defines the extensions.  The use of extensions is what allows the FHIR specification to retain a core level of simplicity for everyone."}],"linkId":"ImplementationGuide.package.extension","repeats":true,"required":false,"text":"Additional Content defined by implementations"},{"extension":[{"url":"http://hl7.org/fhir/Profile/questionnaire-extensions#flyover","valueString":"May be used to represent additional information that is not part of the basic definition of the element, and that modifies the understanding of the element that contains it. Usually modifier elements provide negation or qualification. In order to make the use of extensions safe and manageable, there is a strict set of governance applied to the definition and use of extensions. Though any implementer is allowed to define an extension, there is a set of requirements that SHALL be met as part of the definition of the extension. Applications processing a resource are required to check for modifier extensions. There can be no stigma associated with the use of extensions by any application, project, or standard - regardless of the institution or jurisdiction that uses or defines the extensions.  The use of extensions is what allows the FHIR specification to retain a core level of simplicity for everyone."}],"linkId":"ImplementationGuide.package.modifierExtension","repeats":true,"required":false,"text":"Extensions that cannot be ignored"},{"extension":[{"url":"http://hl7.org/fhir/Profile/questionnaire-extensions#flyover","valueString":"The name for the group, as used in page.package."},{"url":"http://www.healthintersections.com.au/fhir/Profile/metadata#type","valueString":"string"}],"linkId":"ImplementationGuide.package.name","question":[{"linkId":"ImplementationGuide.package.name.value","repeats":false,"required":false,"text":"Name used .page.package","type":"string"}],"repeats":true,"required":true},{"extension":[{"url":"http://hl7.org/fhir/Profile/questionnaire-extensions#flyover","valueString":"Human readable text describing the package."},{"url":"http://www.healthintersections.com.au/fhir/Profile/metadata#type","valueString":"string"}],"linkId":"ImplementationGuide.package.description","question":[{"linkId":"ImplementationGuide.package.description.value","repeats":false,"required":false,"text":"Human readable text describing the package","type":"string"}],"repeats":true,"required":false},{"extension":[{"url":"http://hl7.org/fhir/Profile/questionnaire-extensions#flyover","valueString":"A resource that is part of the implementation guide. Conformance resources (value set, structure definition, conformance statements etc.) are obvious candidates for inclusion, but any kind of resource can be included as an example resource."}],"group":[{"extension":[{"url":"http://hl7.org/fhir/Profile/questionnaire-extensions#flyover","valueString":"unique id for the element within a resource (for internal references)."},{"url":"http://www.healthintersections.com.au/fhir/Profile/metadata#type","valueString":"string"}],"linkId":"ImplementationGuide.package.resource.id","question":[{"linkId":"ImplementationGuide.package.resource.id.value","repeats":false,"required":false,"text":"xml:id (or equivalent in JSON)","type":"string"}],"repeats":true,"required":false},{"extension":[{"url":"http://hl7.org/fhir/Profile/questionnaire-extensions#flyover","valueString":"May be used to represent additional information that is not part of the basic definition of the element. In order to make the use of extensions safe and manageable, there is a strict set of governance  applied to the definition and use of extensions. Though any implementer is allowed to define an extension, there is a set of requirements that SHALL be met as part of the definition of the extension. There can be no stigma associated with the use of extensions by any application, project, or standard - regardless of the institution or jurisdiction that uses or defines the extensions.  The use of extensions is what allows the FHIR specification to retain a core level of simplicity for everyone."}],"linkId":"ImplementationGuide.package.resource.extension","repeats":true,"required":false,"text":"Additional Content defined by implementations"},{"extension":[{"url":"http://hl7.org/fhir/Profile/questionnaire-extensions#flyover","valueString":"May be used to represent additional information that is not part of the basic definition of the element, and that modifies the understanding of the element that contains it. Usually modifier elements provide negation or qualification. In order to make the use of extensions safe and manageable, there is a strict set of governance applied to the definition and use of extensions. Though any implementer is allowed to define an extension, there is a set of requirements that SHALL be met as part of the definition of the extension. Applications processing a resource are required to check for modifier extensions. There can be no stigma associated with the use of extensions by any application, project, or standard - regardless of the institution or jurisdiction that uses or defines the extensions.  The use of extensions is what allows the FHIR specification to retain a core level of simplicity for everyone."}],"linkId":"ImplementationGuide.package.resource.modifierExtension","repeats":true,"required":false,"text":"Extensions that cannot be ignored"},{"extension":[{"url":"http://hl7.org/fhir/Profile/questionnaire-extensions#flyover","valueString":"Why the resource is included in the guide. The purpose alters the way that a resource is handled when a guide is built. At present, only value set and concept map resources are allowed for terminology resources, and only StructureDefinition, SearchParameter, and OperationDefinition for profile. Dictionaries must be bundles of DataElement or Medication at this time."},{"url":"http://www.healthintersections.com.au/fhir/Profile/metadata#type","valueString":"code"}],"linkId":"ImplementationGuide.package.resource.purpose","question":[{"linkId":"ImplementationGuide.package.resource.purpose.value","repeats":false,"required":false,"text":"purpose","type":"choice"}],"repeats":true,"required":true},{"extension":[{"url":"http://hl7.org/fhir/Profile/questionnaire-extensions#flyover","valueString":"A human assigned name for the resource. All resources SHOULD have a name, but the name may be extracted from the resource (e.g. ValueSet.name)."},{"url":"http://www.healthintersections.com.au/fhir/Profile/metadata#type","valueString":"string"}],"linkId":"ImplementationGuide.package.resource.name","question":[{"linkId":"ImplementationGuide.package.resource.name.value","repeats":false,"required":false,"text":"Human Name for the resource","type":"string"}],"repeats":true,"required":false},{"extension":[{"url":"http://hl7.org/fhir/Profile/questionnaire-extensions#flyover","valueString":"A description of the reason that a resource has been included in the implementation guide. This is mostly used with examples to explain why it is present (though they can have extensive comments in the examples)."},{"url":"http://www.healthintersections.com.au/fhir/Profile/metadata#type","valueString":"string"}],"linkId":"ImplementationGuide.package.resource.description","question":[{"linkId":"ImplementationGuide.package.resource.description.value","repeats":false,"required":false,"text":"Reason why included in guide","type":"string"}],"repeats":true,"required":false},{"extension":[{"url":"http://hl7.org/fhir/Profile/questionnaire-extensions#flyover","valueString":"A short code that may be used to identify the resource throughout the implementation guide. This is used when generating schematrons from profiles, for example, but has other uses. Publishing tooling may autogenerate this value, but a human assigned value is more useful. This value must be unique within an implementation guide (across included guides as well)."},{"url":"http://www.healthintersections.com.au/fhir/Profile/metadata#type","valueString":"string"}],"linkId":"ImplementationGuide.package.resource.acronym","question":[{"linkId":"ImplementationGuide.package.resource.acronym.value","repeats":false,"required":false,"text":"Short code to identify the resource","type":"string"}],"repeats":true,"required":false},{"extension":[{"url":"http://hl7.org/fhir/Profile/questionnaire-extensions#flyover","valueString":"Where this resource is found. Usually this is a relative URL that locates the resource within the implementation guide. If you authoring an implementation guide, and will publish it using the FHIR publication tooling, use a URI that may point to a resource, or to one of various alternative representations (e.g. spreadsheet). The tooling will convert this when it publishes it."}],"linkId":"ImplementationGuide.package.resource.source[x]","question":[{"group":[{"extension":[{"url":"http://www.healthintersections.com.au/fhir/Profile/metadata#type","valueString":"uri"}],"linkId":"ImplementationGuide.package.resource.source[x]._uri","question":[{"linkId":"ImplementationGuide.package.resource.source[x]._uri.value","repeats":false,"required":false,"text":"uri","type":"string"}]},{"extension":[{"url":"http://www.healthintersections.com.au/fhir/Profile/metadata#type","valueString":"Reference"}],"linkId":"ImplementationGuide.package.resource.source[x]._Resource","question":[{"extension":[{"url":"http://www.healthintersections.com.au/fhir/Profile/metadata#reference","valueString":"/Resource?subject=$subj&patient=$subj&encounter=$encounter"}],"linkId":"ImplementationGuide.package.resource.source[x]._Resource.value","repeats":false,"required":false,"text":"Resource","type":"reference"}]}],"linkId":"ImplementationGuide.package.resource.source[x]._type","options":{"reference":"#vs2"},"repeats":false,"required":false,"text":"type","type":"choice"}],"repeats":true,"required":true,"text":"Location of the resource"},{"extension":[{"url":"http://hl7.org/fhir/Profile/questionnaire-extensions#flyover","valueString":"Another resource that this resource is an example for. This is mostly used for resources that are included as examples of StructureDefinitions. Examples:\n* StructureDefinition -> Any\n* ValueSet -> expansion\n* OperationDefinition -> Parameters\n* Questionnaire -> QuestionnaireResponse."},{"url":"http://www.healthintersections.com.au/fhir/Profile/metadata#type","valueString":"Reference"}],"linkId":"ImplementationGuide.package.resource.exampleFor","question":[{"extension":[{"url":"http://www.healthintersections.com.au/fhir/Profile/metadata#reference","valueString":"/StructureDefinition?subject=$subj&patient=$subj&encounter=$encounter"}],"linkId":"ImplementationGuide.package.resource.exampleFor.value","repeats":false,"required":false,"text":"Resource this is an example of (if applicable)","type":"reference"}],"repeats":true,"required":false}],"linkId":"ImplementationGuide.package.resource","repeats":true,"required":true,"title":"Resource in the implementation guide"}],"linkId":"ImplementationGuide.package","repeats":true,"required":true,"title":"Group of resources as used in .page.package"},{"extension":[{"url":"http://hl7.org/fhir/Profile/questionnaire-extensions#flyover","valueString":"A set of profiles that all resources covered by this implementation guide must conform to."}],"group":[{"extension":[{"url":"http://hl7.org/fhir/Profile/questionnaire-extensions#flyover","valueString":"unique id for the element within a resource (for internal references)."},{"url":"http://www.healthintersections.com.au/fhir/Profile/metadata#type","valueString":"string"}],"linkId":"ImplementationGuide.global.id","question":[{"linkId":"ImplementationGuide.global.id.value","repeats":false,"required":false,"text":"xml:id (or equivalent in JSON)","type":"string"}],"repeats":true,"required":false},{"extension":[{"url":"http://hl7.org/fhir/Profile/questionnaire-extensions#flyover","valueString":"May be used to represent additional information that is not part of the basic definition of the element. In order to make the use of extensions safe and manageable, there is a strict set of governance  applied to the definition and use of extensions. Though any implementer is allowed to define an extension, there is a set of requirements that SHALL be met as part of the definition of the extension. There can be no stigma associated with the use of extensions by any application, project, or standard - regardless of the institution or jurisdiction that uses or defines the extensions.  The use of extensions is what allows the FHIR specification to retain a core level of simplicity for everyone."}],"linkId":"ImplementationGuide.global.extension","repeats":true,"required":false,"text":"Additional Content defined by implementations"},{"extension":[{"url":"http://hl7.org/fhir/Profile/questionnaire-extensions#flyover","valueString":"May be used to represent additional information that is not part of the basic definition of the element, and that modifies the understanding of the element that contains it. Usually modifier elements provide negation or qualification. In order to make the use of extensions safe and manageable, there is a strict set of governance applied to the definition and use of extensions. Though any implementer is allowed to define an extension, there is a set of requirements that SHALL be met as part of the definition of the extension. Applications processing a resource are required to check for modifier extensions. There can be no stigma associated with the use of extensions by any application, project, or standard - regardless of the institution or jurisdiction that uses or defines the extensions.  The use of extensions is what allows the FHIR specification to retain a core level of simplicity for everyone."}],"linkId":"ImplementationGuide.global.modifierExtension","repeats":true,"required":false,"text":"Extensions that cannot be ignored"},{"extension":[{"url":"http://hl7.org/fhir/Profile/questionnaire-extensions#flyover","valueString":"The type of resource that all instances must conform to. The type must match that of the profile that is referred to, but is made explicit here as a denormalization so that a system processing the implementation guide resource knows which resources the profile applies to even if the profile itself is not available."},{"url":"http://www.healthintersections.com.au/fhir/Profile/metadata#type","valueString":"code"}],"linkId":"ImplementationGuide.global.type","question":[{"linkId":"ImplementationGuide.global.type.value","repeats":false,"required":false,"text":"type","type":"choice"}],"repeats":true,"required":true},{"extension":[{"url":"http://hl7.org/fhir/Profile/questionnaire-extensions#flyover","valueString":"A reference to the profile that all instances must conform to."},{"url":"http://www.healthintersections.com.au/fhir/Profile/metadata#type","valueString":"Reference"}],"linkId":"ImplementationGuide.global.profile","question":[{"extension":[{"url":"http://www.healthintersections.com.au/fhir/Profile/metadata#reference","valueString":"/StructureDefinition?subject=$subj&patient=$subj&encounter=$encounter"}],"linkId":"ImplementationGuide.global.profile.value","repeats":false,"required":false,"text":"Profile that all resources must conform to","type":"reference"}],"repeats":true,"required":true}],"linkId":"ImplementationGuide.global","repeats":true,"required":false,"text":"See [Default Profiles](implementationguide.html#default) for a discussion of which resources are 'covered' by an implementation guide.","title":"Profiles that apply globally"},{"extension":[{"url":"http://hl7.org/fhir/Profile/questionnaire-extensions#flyover","valueString":"A binary file that is included in the  implementation guide when it is published. This is principally included for the FHIR publishing tool, but may be useful when extracting and reusing content from the implementation guide."},{"url":"http://www.healthintersections.com.au/fhir/Profile/metadata#type","valueString":"uri"}],"linkId":"ImplementationGuide.binary","question":[{"linkId":"ImplementationGuide.binary.value","repeats":false,"required":false,"text":"Image, css, script, etc.","type":"string"}],"repeats":true,"required":false},{"extension":[{"url":"http://hl7.org/fhir/Profile/questionnaire-extensions#flyover","valueString":"A page / section in the implementation guide. The root page is the implementation guide home page."}],"group":[{"extension":[{"url":"http://hl7.org/fhir/Profile/questionnaire-extensions#flyover","valueString":"unique id for the element within a resource (for internal references)."},{"url":"http://www.healthintersections.com.au/fhir/Profile/metadata#type","valueString":"string"}],"linkId":"ImplementationGuide.page.id","question":[{"linkId":"ImplementationGuide.page.id.value","repeats":false,"required":false,"text":"xml:id (or equivalent in JSON)","type":"string"}],"repeats":true,"required":false},{"extension":[{"url":"http://hl7.org/fhir/Profile/questionnaire-extensions#flyover","valueString":"May be used to represent additional information that is not part of the basic definition of the element. In order to make the use of extensions safe and manageable, there is a strict set of governance  applied to the definition and use of extensions. Though any implementer is allowed to define an extension, there is a set of requirements that SHALL be met as part of the definition of the extension. There can be no stigma associated with the use of extensions by any application, project, or standard - regardless of the institution or jurisdiction that uses or defines the extensions.  The use of extensions is what allows the FHIR specification to retain a core level of simplicity for everyone."}],"linkId":"ImplementationGuide.page.extension","repeats":true,"required":false,"text":"Additional Content defined by implementations"},{"extension":[{"url":"http://hl7.org/fhir/Profile/questionnaire-extensions#flyover","valueString":"May be used to represent additional information that is not part of the basic definition of the element, and that modifies the understanding of the element that contains it. Usually modifier elements provide negation or qualification. In order to make the use of extensions safe and manageable, there is a strict set of governance applied to the definition and use of extensions. Though any implementer is allowed to define an extension, there is a set of requirements that SHALL be met as part of the definition of the extension. Applications processing a resource are required to check for modifier extensions. There can be no stigma associated with the use of extensions by any application, project, or standard - regardless of the institution or jurisdiction that uses or defines the extensions.  The use of extensions is what allows the FHIR specification to retain a core level of simplicity for everyone."}],"linkId":"ImplementationGuide.page.modifierExtension","repeats":true,"required":false,"text":"Extensions that cannot be ignored"},{"extension":[{"url":"http://hl7.org/fhir/Profile/questionnaire-extensions#flyover","valueString":"The source address for the page. The publishing tool will autogenerate source for list (source = n/a), and inject included implementations for include (source = uri of guide to include)."},{"url":"http://www.healthintersections.com.au/fhir/Profile/metadata#type","valueString":"uri"}],"linkId":"ImplementationGuide.page.source","question":[{"linkId":"ImplementationGuide.page.source.value","repeats":false,"required":false,"text":"Where to find that page","type":"string"}],"repeats":true,"required":true},{"extension":[{"url":"http://hl7.org/fhir/Profile/questionnaire-extensions#flyover","valueString":"A short name used to represent this page in navigational structures such as table of contents, bread crumbs, etc."},{"url":"http://www.healthintersections.com.au/fhir/Profile/metadata#type","valueString":"string"}],"linkId":"ImplementationGuide.page.name","question":[{"linkId":"ImplementationGuide.page.name.value","repeats":false,"required":false,"text":"Short name shown for navigational assistance","type":"string"}],"repeats":true,"required":true},{"extension":[{"url":"http://hl7.org/fhir/Profile/questionnaire-extensions#flyover","valueString":"The kind of page that this is. Some pages are autogenerated (list, example), and other kinds are of interest so that tools can navigate the user to the page of interest."},{"url":"http://www.healthintersections.com.au/fhir/Profile/metadata#type","valueString":"code"}],"linkId":"ImplementationGuide.page.kind","question":[{"linkId":"ImplementationGuide.page.kind.value","repeats":false,"required":false,"text":"kind","type":"choice"}],"repeats":true,"required":true},{"extension":[{"url":"http://hl7.org/fhir/Profile/questionnaire-extensions#flyover","valueString":"For constructed pages, what kind of resources to include in the list."},{"url":"http://www.healthintersections.com.au/fhir/Profile/metadata#type","valueString":"code"}],"linkId":"ImplementationGuide.page.type","question":[{"linkId":"ImplementationGuide.page.type.value","repeats":false,"required":false,"text":"type","type":"choice"}],"repeats":true,"required":false},{"extension":[{"url":"http://hl7.org/fhir/Profile/questionnaire-extensions#flyover","valueString":"For constructed pages, a list of packages to include in the page (or else empty for everything)."},{"url":"http://www.healthintersections.com.au/fhir/Profile/metadata#type","valueString":"string"}],"linkId":"ImplementationGuide.page.package","question":[{"linkId":"ImplementationGuide.page.package.value","repeats":false,"required":false,"text":"Name of package to include","type":"string"}],"repeats":true,"required":false},{"extension":[{"url":"http://hl7.org/fhir/Profile/questionnaire-extensions#flyover","valueString":"The format of the page. This is primarily for the publishing tool, that will convert all pages to html format. HTML pages are pre-processed, see xxxx."},{"url":"http://www.healthintersections.com.au/fhir/Profile/metadata#type","valueString":"code"}],"linkId":"ImplementationGuide.page.format","question":[{"linkId":"ImplementationGuide.page.format.value","repeats":false,"required":false,"text":"format","type":"choice"}],"repeats":true,"required":false},{"extension":[{"url":"http://hl7.org/fhir/Profile/questionnaire-extensions#flyover","valueString":"Nested Pages/Sections under this page."}],"linkId":"ImplementationGuide.page.page","repeats":true,"required":false,"text":"The implementation guide breadcrumbs are generated from this structure.","title":"Nested Pages / Sections"}],"linkId":"ImplementationGuide.page","repeats":false,"required":true,"text":"Pages automatically become sections if they have sub-pages. By convention, the home page is called index.html.","title":"Page/Section in the Guide"}],"linkId":"ImplementationGuide","repeats":false,"required":true,"title":"A set of rules about how FHIR is used"},"id":"qs1","identifier":[{"system":"urn:ietf:rfc:3986"}],"publisher":"Health Level Seven International (FHIR Infrastructure)","resourceType":"Questionnaire","status":"draft"}