{"abstract":false,"base":"http://hl7.org/fhir/StructureDefinition/Element","contact":[{"telecom":[{"system":"other","value":"http://hl7.org/fhir"}]}],"date":"2015-10-24T07:41:03+11:00","description":"Base StructureDefinition for instant Type: An instant in time - known at least to the second","differential":{"element":[{"comments":"Note: This is intended for precisely observed times, typically system logs etc., and not human-reported times - for them, see date and dateTime below. Time zone is always required","definition":"An instant in time - known at least to the second","max":"*","min":0,"path":"instant","short":"Primitive Type instant","type":[{"code":"Element"}]},{"definition":"Primitive value for instant","max":"1","min":0,"path":"instant.value","representation":["xmlAttr"],"short":"Primitive value for instant","type":[{"_code":{"extension":[{"url":"http://hl7.org/fhir/StructureDefinition/structuredefinition-json-type","valueString":"string"},{"url":"http://hl7.org/fhir/StructureDefinition/structuredefinition-xml-type","valueString":"dateTime"}]}}]}]},"fhirVersion":"1.0.2","id":"instant","kind":"datatype","name":"instant","publisher":"HL7 FHIR Standard","resourceType":"StructureDefinition","snapshot":{"element":[{"comments":"Note: This is intended for precisely observed times, typically system logs etc., and not human-reported times - for them, see date and dateTime below. Time zone is always required","definition":"An instant in time - known at least to the second","max":"*","min":0,"path":"instant","short":"Primitive Type instant","type":[{"code":"Element"}]},{"definition":"unique id for the element within a resource (for internal references)","max":"1","min":0,"path":"instant.id","representation":["xmlAttr"],"short":"xml:id (or equivalent in JSON)","type":[{"code":"id"}]},{"alias":["extensions","user content"],"base":{"max":"*","min":0,"path":"instant.extension"},"comments":"There can be no stigma associated with the use of extensions by any application, project, or standard - regardless of the institution or jurisdiction that uses or defines the extensions.  The use of extensions is what allows the FHIR specification to retain a core level of simplicity for everyone.","definition":"May be used to represent additional information that is not part of the basic definition of the resource. In order to make the use of extensions safe and manageable, there is a strict set of governance  applied to the definition and use of extensions. Though any implementer is allowed to define an extension, there is a set of requirements that SHALL be met as part of the definition of the extension.","max":"*","min":0,"path":"instant.extension","short":"Additional Content defined by implementations","type":[{"code":"Extension"}]},{"definition":"The actual value","max":"1","min":0,"path":"instant.value","representation":["xmlAttr"],"short":"Primitive value for instant","type":[{"_code":{"extension":[{"url":"http://hl7.org/fhir/StructureDefinition/structuredefinition-json-type","valueString":"string"},{"url":"http://hl7.org/fhir/StructureDefinition/structuredefinition-xml-type","valueString":"dateTime"}]}}]}]},"status":"draft","text":{"div":"<div>to do</div>","status":"generated"},"url":"http://hl7.org/fhir/StructureDefinition/instant"}