{"dateWritten":"2015-03-25T19:32:52-05:00","dispenseRequest":{"quantity":{"code":"ml","system":"http://unitsofmeasure.org","unit":"ml","value":100}},"dosageInstruction":[{"doseQuantity":{"code":"ml","system":"http://unitsofmeasure.org","unit":"ml","value":5},"extension":[{"url":"http://hl7.org/fhir/StructureDefinition/pharmacy-core-doseType","valueCodeableConcept":{"coding":[{"code":"440231000124106","display":"Maintenance dose","system":"http://snomed.info/sct"}]}},{"url":"http://hl7.org/fhir/StructureDefinition/pharmacy-core-infuseOver","valueQuantity":{"code":"m","system":"http://unitsofmeasure.org","unit":"min","value":1}},{"url":"http://hl7.org/fhir/StructureDefinition/pharmacy-core-minDosePerPeriod","valueRatio":{"denominator":{"code":"day","system":"http://unitsofmeasure.org","unit":"day","value":1},"numerator":{"code":"ml","system":"http://unitsofmeasure.org","unit":"ml","value":15}}},{"url":"http://hl7.org/fhir/StructureDefinition/pharmacy-core-maxDeliveryVolume","valueQuantity":{"code":"ml","system":"http://unitsofmeasure.org","unit":"ml","value":15}}],"route":{"coding":[{"code":"394899003","display":"oral administration of treatment","system":"http://snomed.info/sct"}]},"timing":{"repeat":{"frequency":3,"period":1,"periodUnits":"d"}}}],"id":"medicationorder-example","medicationReference":{"reference":"Medication/example"},"patient":{"reference":"Patient/example"},"prescriber":{"reference":"Practitioner/example"},"resourceType":"MedicationOrder","status":"active","text":{"div":"<div>\n      <p>Penicillin VK 5ml suspension to be administered by oral route</p>\n      <p>ONE 5ml spoonful to be taken THREE times a day</p>\n      <p>100ml bottle</p>\n      <p>to patient ref: a23</p>\n      <p>by doctor X</p>\n    </div>","status":"generated"}}