{
  "resourceType": "Questionnaire",
  "id": "qs1",
  "contained": [
    {
      "resourceType": "ValueSet",
      "id": "vs2",
      "name": "Type options for MedicationOrder.reason[x]",
      "status": "active",
      "description": "Type options for MedicationOrder.reason[x]",
      "expansion": {
        "identifier": "urn:uuid:04c4526c-f89c-44f5-925b-533a7f2ed1fd",
        "timestamp": "2015-10-24T07:43:49+11:00",
        "contains": [
          {
            "system": "http://hl7.org/fhir/data-types",
            "code": "CodeableConcept",
            "display": "CodeableConcept"
          },
          {
            "system": "http://hl7.org/fhir/resource-types",
            "code": "Condition",
            "display": "Condition"
          }
        ]
      }
    },
    {
      "resourceType": "ValueSet",
      "id": "vs3",
      "name": "Type options for MedicationOrder.medication[x]",
      "status": "active",
      "description": "Type options for MedicationOrder.medication[x]",
      "expansion": {
        "identifier": "urn:uuid:943dc24b-cfad-4947-9e24-f50681f69a4d",
        "timestamp": "2015-10-24T07:43:49+11:00",
        "contains": [
          {
            "system": "http://hl7.org/fhir/data-types",
            "code": "CodeableConcept",
            "display": "CodeableConcept"
          },
          {
            "system": "http://hl7.org/fhir/resource-types",
            "code": "Medication",
            "display": "Medication"
          }
        ]
      }
    },
    {
      "resourceType": "ValueSet",
      "id": "vs4",
      "name": "Type options for MedicationOrder.dosageInstruction.asNeeded[x]",
      "status": "active",
      "description": "Type options for MedicationOrder.dosageInstruction.asNeeded[x]",
      "expansion": {
        "identifier": "urn:uuid:acaf2586-ce67-49bc-a0a2-3a3e22513ebb",
        "timestamp": "2015-10-24T07:43:49+11:00",
        "contains": [
          {
            "system": "http://hl7.org/fhir/data-types",
            "code": "boolean",
            "display": "boolean"
          },
          {
            "system": "http://hl7.org/fhir/data-types",
            "code": "CodeableConcept",
            "display": "CodeableConcept"
          }
        ]
      }
    },
    {
      "resourceType": "ValueSet",
      "id": "vs5",
      "name": "Type options for MedicationOrder.dosageInstruction.site[x]",
      "status": "active",
      "description": "Type options for MedicationOrder.dosageInstruction.site[x]",
      "expansion": {
        "identifier": "urn:uuid:05bc4060-e137-497e-8a5d-2c552e644a37",
        "timestamp": "2015-10-24T07:43:49+11:00",
        "contains": [
          {
            "system": "http://hl7.org/fhir/data-types",
            "code": "CodeableConcept",
            "display": "CodeableConcept"
          },
          {
            "system": "http://hl7.org/fhir/resource-types",
            "code": "BodySite",
            "display": "BodySite"
          }
        ]
      }
    },
    {
      "resourceType": "ValueSet",
      "id": "vs6",
      "name": "Type options for MedicationOrder.dosageInstruction.dose[x]",
      "status": "active",
      "description": "Type options for MedicationOrder.dosageInstruction.dose[x]",
      "expansion": {
        "identifier": "urn:uuid:7f765a25-8fcb-4096-8ae7-3fdbf2ab754d",
        "timestamp": "2015-10-24T07:43:49+11:00",
        "contains": [
          {
            "system": "http://hl7.org/fhir/data-types",
            "code": "Range",
            "display": "Range"
          },
          {
            "system": "http://hl7.org/fhir/resource-types",
            "code": "http://hl7.org/fhir/StructureDefinition/SimpleQuantity",
            "display": "Quantity"
          }
        ]
      }
    },
    {
      "resourceType": "ValueSet",
      "id": "vs7",
      "name": "Type options for MedicationOrder.dosageInstruction.rate[x]",
      "status": "active",
      "description": "Type options for MedicationOrder.dosageInstruction.rate[x]",
      "expansion": {
        "identifier": "urn:uuid:e4768f19-c425-40f8-a23e-9dfb5cdb0816",
        "timestamp": "2015-10-24T07:43:49+11:00",
        "contains": [
          {
            "system": "http://hl7.org/fhir/data-types",
            "code": "Ratio",
            "display": "Ratio"
          },
          {
            "system": "http://hl7.org/fhir/data-types",
            "code": "Range",
            "display": "Range"
          }
        ]
      }
    },
    {
      "resourceType": "ValueSet",
      "id": "vs8",
      "name": "Type options for MedicationOrder.dispenseRequest.medication[x]",
      "status": "active",
      "description": "Type options for MedicationOrder.dispenseRequest.medication[x]",
      "expansion": {
        "identifier": "urn:uuid:57c67c3c-6719-4365-ae1f-fa6dd3bf83ca",
        "timestamp": "2015-10-24T07:43:49+11:00",
        "contains": [
          {
            "system": "http://hl7.org/fhir/data-types",
            "code": "CodeableConcept",
            "display": "CodeableConcept"
          },
          {
            "system": "http://hl7.org/fhir/resource-types",
            "code": "Medication",
            "display": "Medication"
          }
        ]
      }
    }
  ],
  "identifier": [
    {
      "system": "urn:ietf:rfc:3986"
    }
  ],
  "status": "draft",
  "date": "2015-10-24T07:41:03+11:00",
  "publisher": "Health Level Seven International (Pharmacy)",
  "group": {
    "extension": [
      {
        "url": "http://hl7.org/fhir/Profile/questionnaire-extensions#flyover",
        "valueString": "An order for both supply of the medication and the instructions for administration of the medication to a patient. The resource is called \"MedicationOrder\" rather than \"MedicationPrescription\" to generalize the use across inpatient and outpatient settings as well as for care plans, etc."
      }
    ],
    "linkId": "MedicationOrder",
    "title": "Prescription of medication to for patient",
    "required": false,
    "repeats": true,
    "group": [
      {
        "extension": [
          {
            "url": "http://hl7.org/fhir/Profile/questionnaire-extensions#flyover",
            "valueString": "The logical id of the resource, as used in the URL for the resource. Once assigned, this value never changes. The only time that a resource does not have an id is when it is being submitted to the server using a create operation. Bundles always have an id, though it is usually a generated UUID."
          },
          {
            "url": "http://www.healthintersections.com.au/fhir/Profile/metadata#type",
            "valueString": "string"
          }
        ],
        "linkId": "MedicationOrder.id",
        "required": false,
        "repeats": true,
        "question": [
          {
            "linkId": "MedicationOrder.id.value",
            "text": "Logical id of this artifact",
            "type": "string",
            "required": false,
            "repeats": false
          }
        ]
      },
      {
        "extension": [
          {
            "url": "http://hl7.org/fhir/Profile/questionnaire-extensions#flyover",
            "valueString": "The metadata about the resource. This is content that is maintained by the infrastructure. Changes to the content may not always be associated with version changes to the resource."
          }
        ],
        "linkId": "MedicationOrder.meta",
        "text": "Metadata about the resource",
        "required": false,
        "repeats": true
      },
      {
        "extension": [
          {
            "url": "http://hl7.org/fhir/Profile/questionnaire-extensions#flyover",
            "valueString": "A reference to a set of rules that were followed when the resource was constructed, and which must be understood when processing the content. Asserting this rule set restricts the content to be only understood by a limited set of trading partners. This inherently limits the usefulness of the data in the long term. However, the existing health eco-system is highly fractured, and not yet ready to define, collect, and exchange data in a generally computable sense. Wherever possible, implementers and/or specification writers should avoid using this element as much as possible."
          },
          {
            "url": "http://www.healthintersections.com.au/fhir/Profile/metadata#type",
            "valueString": "uri"
          }
        ],
        "linkId": "MedicationOrder.implicitRules",
        "required": false,
        "repeats": true,
        "question": [
          {
            "linkId": "MedicationOrder.implicitRules.value",
            "text": "A set of rules under which this content was created",
            "type": "string",
            "required": false,
            "repeats": false
          }
        ]
      },
      {
        "extension": [
          {
            "url": "http://hl7.org/fhir/Profile/questionnaire-extensions#flyover",
            "valueString": "The base language in which the resource is written. Language is provided to support indexing and accessibility (typically, services such as text to speech use the language tag). The html language tag in the narrative applies  to the narrative. The language tag on the resource may be used to specify the language of other presentations generated from the data in the resource  Not all the content has to be in the base language. The Resource.language should not be assumed to apply to the narrative automatically. If a language is specified, it should it also be specified on the div element in the html (see rules in HTML5 for information about the relationship between xml:lang and the html lang attribute)."
          },
          {
            "url": "http://www.healthintersections.com.au/fhir/Profile/metadata#type",
            "valueString": "code"
          }
        ],
        "linkId": "MedicationOrder.language",
        "required": false,
        "repeats": true,
        "question": [
          {
            "linkId": "MedicationOrder.language.value",
            "text": "language",
            "type": "choice",
            "required": false,
            "repeats": false
          }
        ]
      },
      {
        "extension": [
          {
            "url": "http://hl7.org/fhir/Profile/questionnaire-extensions#flyover",
            "valueString": "A human-readable narrative that contains a summary of the resource, and may be used to represent the content of the resource to a human. The narrative need not encode all the structured data, but is required to contain sufficient detail to make it \"clinically safe\" for a human to just read the narrative. Resource definitions may define what content should be represented in the narrative to ensure clinical safety. Contained resources do not have narrative. Resources that are not contained SHOULD have a narrative."
          }
        ],
        "linkId": "MedicationOrder.text",
        "text": "Text summary of the resource, for human interpretation",
        "required": false,
        "repeats": true
      },
      {
        "extension": [
          {
            "url": "http://hl7.org/fhir/Profile/questionnaire-extensions#flyover",
            "valueString": "These resources do not have an independent existence apart from the resource that contains them - they cannot be identified independently, and nor can they have their own independent transaction scope. This should never be done when the content can be identified properly, as once identification is lost, it is extremely difficult (and context dependent) to restore it again."
          }
        ],
        "linkId": "MedicationOrder.contained",
        "text": "Contained, inline Resources",
        "required": false,
        "repeats": true
      },
      {
        "extension": [
          {
            "url": "http://hl7.org/fhir/Profile/questionnaire-extensions#flyover",
            "valueString": "May be used to represent additional information that is not part of the basic definition of the resource. In order to make the use of extensions safe and manageable, there is a strict set of governance  applied to the definition and use of extensions. Though any implementer is allowed to define an extension, there is a set of requirements that SHALL be met as part of the definition of the extension. There can be no stigma associated with the use of extensions by any application, project, or standard - regardless of the institution or jurisdiction that uses or defines the extensions.  The use of extensions is what allows the FHIR specification to retain a core level of simplicity for everyone."
          }
        ],
        "linkId": "MedicationOrder.extension",
        "text": "Additional Content defined by implementations",
        "required": false,
        "repeats": true
      },
      {
        "extension": [
          {
            "url": "http://hl7.org/fhir/Profile/questionnaire-extensions#flyover",
            "valueString": "May be used to represent additional information that is not part of the basic definition of the resource, and that modifies the understanding of the element that contains it. Usually modifier elements provide negation or qualification. In order to make the use of extensions safe and manageable, there is a strict set of governance applied to the definition and use of extensions. Though any implementer is allowed to define an extension, there is a set of requirements that SHALL be met as part of the definition of the extension. Applications processing a resource are required to check for modifier extensions. There can be no stigma associated with the use of extensions by any application, project, or standard - regardless of the institution or jurisdiction that uses or defines the extensions.  The use of extensions is what allows the FHIR specification to retain a core level of simplicity for everyone."
          }
        ],
        "linkId": "MedicationOrder.modifierExtension",
        "text": "Extensions that cannot be ignored",
        "required": false,
        "repeats": true
      },
      {
        "extension": [
          {
            "url": "http://hl7.org/fhir/Profile/questionnaire-extensions#flyover",
            "valueString": "External identifier - one that would be used by another non-FHIR system - for example a re-imbursement system might issue its own id for each prescription that is created.  This is particularly important where FHIR only provides part of an entire workflow process where records have to be tracked through an entire system."
          },
          {
            "url": "http://www.healthintersections.com.au/fhir/Profile/metadata#type",
            "valueString": "Identifier"
          }
        ],
        "linkId": "MedicationOrder.identifier",
        "text": "External identifier",
        "required": false,
        "repeats": true,
        "question": [
          {
            "linkId": "MedicationOrder.identifier.label",
            "text": "label:",
            "type": "string",
            "required": false,
            "repeats": false
          },
          {
            "linkId": "MedicationOrder.identifier.system",
            "text": "system:",
            "type": "string",
            "required": false,
            "repeats": false
          },
          {
            "linkId": "MedicationOrder.identifier.value",
            "text": "value:",
            "type": "string",
            "required": false,
            "repeats": false
          }
        ]
      },
      {
        "extension": [
          {
            "url": "http://hl7.org/fhir/Profile/questionnaire-extensions#flyover",
            "valueString": "The date (and perhaps time) when the prescription was written."
          },
          {
            "url": "http://www.healthintersections.com.au/fhir/Profile/metadata#type",
            "valueString": "datetime"
          }
        ],
        "linkId": "MedicationOrder.dateWritten",
        "required": false,
        "repeats": true,
        "question": [
          {
            "linkId": "MedicationOrder.dateWritten.value",
            "text": "When prescription was authorized",
            "type": "dateTime",
            "required": false,
            "repeats": false
          }
        ]
      },
      {
        "extension": [
          {
            "url": "http://hl7.org/fhir/Profile/questionnaire-extensions#flyover",
            "valueString": "A code specifying the state of the order.  Generally this will be active or completed state."
          },
          {
            "url": "http://www.healthintersections.com.au/fhir/Profile/metadata#type",
            "valueString": "code"
          }
        ],
        "linkId": "MedicationOrder.status",
        "required": false,
        "repeats": true,
        "question": [
          {
            "linkId": "MedicationOrder.status.value",
            "text": "status",
            "type": "choice",
            "required": false,
            "repeats": false
          }
        ]
      },
      {
        "extension": [
          {
            "url": "http://hl7.org/fhir/Profile/questionnaire-extensions#flyover",
            "valueString": "The date (and perhaps time) when the prescription was stopped."
          },
          {
            "url": "http://www.healthintersections.com.au/fhir/Profile/metadata#type",
            "valueString": "datetime"
          }
        ],
        "linkId": "MedicationOrder.dateEnded",
        "required": false,
        "repeats": true,
        "question": [
          {
            "linkId": "MedicationOrder.dateEnded.value",
            "text": "When prescription was stopped",
            "type": "dateTime",
            "required": false,
            "repeats": false
          }
        ]
      },
      {
        "extension": [
          {
            "url": "http://hl7.org/fhir/Profile/questionnaire-extensions#flyover",
            "valueString": "The reason why the prescription was stopped, if it was."
          },
          {
            "url": "http://www.healthintersections.com.au/fhir/Profile/metadata#type",
            "valueString": "CodeableConcept"
          }
        ],
        "linkId": "MedicationOrder.reasonEnded",
        "text": "Why prescription was stopped",
        "required": false,
        "repeats": true,
        "question": [
          {
            "linkId": "MedicationOrder.reasonEnded.coding",
            "text": "code:",
            "type": "open-choice",
            "required": false,
            "repeats": false
          },
          {
            "linkId": "MedicationOrder.reasonEnded.text",
            "text": "text:",
            "type": "string",
            "required": false,
            "repeats": false
          }
        ]
      },
      {
        "extension": [
          {
            "url": "http://hl7.org/fhir/Profile/questionnaire-extensions#flyover",
            "valueString": "A link to a resource representing the person to whom the medication will be given. SubstanceAdministration->subject->Patient."
          },
          {
            "url": "http://www.healthintersections.com.au/fhir/Profile/metadata#type",
            "valueString": "Reference"
          }
        ],
        "linkId": "MedicationOrder.patient",
        "required": false,
        "repeats": true,
        "question": [
          {
            "extension": [
              {
                "url": "http://www.healthintersections.com.au/fhir/Profile/metadata#reference",
                "valueString": "/Patient?subject=$subj&patient=$subj&encounter=$encounter"
              }
            ],
            "linkId": "MedicationOrder.patient.value",
            "text": "Who prescription is for",
            "type": "reference",
            "required": false,
            "repeats": false
          }
        ]
      },
      {
        "extension": [
          {
            "url": "http://hl7.org/fhir/Profile/questionnaire-extensions#flyover",
            "valueString": "The healthcare professional responsible for authorizing the prescription."
          },
          {
            "url": "http://www.healthintersections.com.au/fhir/Profile/metadata#type",
            "valueString": "Reference"
          }
        ],
        "linkId": "MedicationOrder.prescriber",
        "required": false,
        "repeats": true,
        "question": [
          {
            "extension": [
              {
                "url": "http://www.healthintersections.com.au/fhir/Profile/metadata#reference",
                "valueString": "/Practitioner?subject=$subj&patient=$subj&encounter=$encounter"
              }
            ],
            "linkId": "MedicationOrder.prescriber.value",
            "text": "Who ordered the medication(s)",
            "type": "reference",
            "required": false,
            "repeats": false
          }
        ]
      },
      {
        "extension": [
          {
            "url": "http://hl7.org/fhir/Profile/questionnaire-extensions#flyover",
            "valueString": "A link to a resource that identifies the particular occurrence of contact between patient and health care provider. SubstanceAdministration->component->EncounterEvent."
          },
          {
            "url": "http://www.healthintersections.com.au/fhir/Profile/metadata#type",
            "valueString": "Reference"
          }
        ],
        "linkId": "MedicationOrder.encounter",
        "required": false,
        "repeats": true,
        "question": [
          {
            "extension": [
              {
                "url": "http://www.healthintersections.com.au/fhir/Profile/metadata#reference",
                "valueString": "/Encounter?subject=$subj&patient=$subj&encounter=$encounter"
              }
            ],
            "linkId": "MedicationOrder.encounter.value",
            "text": "Created during encounter/admission/stay",
            "type": "reference",
            "required": false,
            "repeats": false
          }
        ]
      },
      {
        "extension": [
          {
            "url": "http://hl7.org/fhir/Profile/questionnaire-extensions#flyover",
            "valueString": "Can be the reason or the indication for writing the prescription."
          }
        ],
        "linkId": "MedicationOrder.reason[x]",
        "text": "Reason or indication for writing the prescription",
        "required": false,
        "repeats": true,
        "question": [
          {
            "linkId": "MedicationOrder.reason[x]._type",
            "text": "type",
            "type": "choice",
            "required": false,
            "repeats": false,
            "options": {
              "reference": "#vs2"
            },
            "group": [
              {
                "extension": [
                  {
                    "url": "http://www.healthintersections.com.au/fhir/Profile/metadata#type",
                    "valueString": "CodeableConcept"
                  }
                ],
                "linkId": "MedicationOrder.reason[x]._CodeableConcept",
                "text": "CodeableConcept",
                "question": [
                  {
                    "linkId": "MedicationOrder.reason[x]._CodeableConcept.coding",
                    "text": "code:",
                    "type": "open-choice",
                    "required": false,
                    "repeats": false
                  },
                  {
                    "linkId": "MedicationOrder.reason[x]._CodeableConcept.text",
                    "text": "text:",
                    "type": "string",
                    "required": false,
                    "repeats": false
                  }
                ]
              },
              {
                "extension": [
                  {
                    "url": "http://www.healthintersections.com.au/fhir/Profile/metadata#type",
                    "valueString": "Reference"
                  }
                ],
                "linkId": "MedicationOrder.reason[x]._Condition",
                "question": [
                  {
                    "extension": [
                      {
                        "url": "http://www.healthintersections.com.au/fhir/Profile/metadata#reference",
                        "valueString": "/Condition?subject=$subj&patient=$subj&encounter=$encounter"
                      }
                    ],
                    "linkId": "MedicationOrder.reason[x]._Condition.value",
                    "text": "Condition",
                    "type": "reference",
                    "required": false,
                    "repeats": false
                  }
                ]
              }
            ]
          }
        ]
      },
      {
        "extension": [
          {
            "url": "http://hl7.org/fhir/Profile/questionnaire-extensions#flyover",
            "valueString": "Extra information about the prescription that could not be conveyed by the other attributes."
          },
          {
            "url": "http://www.healthintersections.com.au/fhir/Profile/metadata#type",
            "valueString": "string"
          }
        ],
        "linkId": "MedicationOrder.note",
        "required": false,
        "repeats": true,
        "question": [
          {
            "linkId": "MedicationOrder.note.value",
            "text": "Information about the prescription",
            "type": "string",
            "required": false,
            "repeats": false
          }
        ]
      },
      {
        "extension": [
          {
            "url": "http://hl7.org/fhir/Profile/questionnaire-extensions#flyover",
            "valueString": "Identifies the medication being administered. This is a link to a resource that represents the medication which may be the details of the medication or simply an attribute carrying a code that identifies the medication from a known list of medications. If only a code is specified, then it needs to be a code for a specific product.  If more information is required, then the use of the medication resource is recommended.  Note: do not use Medication.name to describe the prescribed medication. When the only available information is a text description of the medication, Medication.code.text should be used."
          }
        ],
        "linkId": "MedicationOrder.medication[x]",
        "text": "Medication to be taken",
        "required": true,
        "repeats": true,
        "question": [
          {
            "linkId": "MedicationOrder.medication[x]._type",
            "text": "type",
            "type": "choice",
            "required": false,
            "repeats": false,
            "options": {
              "reference": "#vs3"
            },
            "group": [
              {
                "extension": [
                  {
                    "url": "http://www.healthintersections.com.au/fhir/Profile/metadata#type",
                    "valueString": "CodeableConcept"
                  }
                ],
                "linkId": "MedicationOrder.medication[x]._CodeableConcept",
                "text": "CodeableConcept",
                "question": [
                  {
                    "linkId": "MedicationOrder.medication[x]._CodeableConcept.coding",
                    "text": "code:",
                    "type": "open-choice",
                    "required": false,
                    "repeats": false
                  },
                  {
                    "linkId": "MedicationOrder.medication[x]._CodeableConcept.text",
                    "text": "text:",
                    "type": "string",
                    "required": false,
                    "repeats": false
                  }
                ]
              },
              {
                "extension": [
                  {
                    "url": "http://www.healthintersections.com.au/fhir/Profile/metadata#type",
                    "valueString": "Reference"
                  }
                ],
                "linkId": "MedicationOrder.medication[x]._Medication",
                "question": [
                  {
                    "extension": [
                      {
                        "url": "http://www.healthintersections.com.au/fhir/Profile/metadata#reference",
                        "valueString": "/Medication?subject=$subj&patient=$subj&encounter=$encounter"
                      }
                    ],
                    "linkId": "MedicationOrder.medication[x]._Medication.value",
                    "text": "Medication",
                    "type": "reference",
                    "required": false,
                    "repeats": false
                  }
                ]
              }
            ]
          }
        ]
      },
      {
        "extension": [
          {
            "url": "http://hl7.org/fhir/Profile/questionnaire-extensions#flyover",
            "valueString": "Indicates how the medication is to be used by the patient."
          }
        ],
        "linkId": "MedicationOrder.dosageInstruction",
        "title": "How medication should be taken",
        "text": "When the dose or rate is intended to change over the entire administration period, e.g. Tapering dose prescriptions, multiple instances of dosage instructions will need to be supplied to convey the different doses/rates. Another common example in institutional settings is 'titration' of an IV medication dose to maintain a specific stated hemodynamic value or range e.g. drug x to be administered to maintain AM (arterial mean) greater than 65.",
        "required": false,
        "repeats": true,
        "group": [
          {
            "extension": [
              {
                "url": "http://hl7.org/fhir/Profile/questionnaire-extensions#flyover",
                "valueString": "unique id for the element within a resource (for internal references)."
              },
              {
                "url": "http://www.healthintersections.com.au/fhir/Profile/metadata#type",
                "valueString": "string"
              }
            ],
            "linkId": "MedicationOrder.dosageInstruction.id",
            "required": false,
            "repeats": true,
            "question": [
              {
                "linkId": "MedicationOrder.dosageInstruction.id.value",
                "text": "xml:id (or equivalent in JSON)",
                "type": "string",
                "required": false,
                "repeats": false
              }
            ]
          },
          {
            "extension": [
              {
                "url": "http://hl7.org/fhir/Profile/questionnaire-extensions#flyover",
                "valueString": "May be used to represent additional information that is not part of the basic definition of the element. In order to make the use of extensions safe and manageable, there is a strict set of governance  applied to the definition and use of extensions. Though any implementer is allowed to define an extension, there is a set of requirements that SHALL be met as part of the definition of the extension. There can be no stigma associated with the use of extensions by any application, project, or standard - regardless of the institution or jurisdiction that uses or defines the extensions.  The use of extensions is what allows the FHIR specification to retain a core level of simplicity for everyone."
              }
            ],
            "linkId": "MedicationOrder.dosageInstruction.extension",
            "text": "Additional Content defined by implementations",
            "required": false,
            "repeats": true
          },
          {
            "extension": [
              {
                "url": "http://hl7.org/fhir/Profile/questionnaire-extensions#flyover",
                "valueString": "May be used to represent additional information that is not part of the basic definition of the element, and that modifies the understanding of the element that contains it. Usually modifier elements provide negation or qualification. In order to make the use of extensions safe and manageable, there is a strict set of governance applied to the definition and use of extensions. Though any implementer is allowed to define an extension, there is a set of requirements that SHALL be met as part of the definition of the extension. Applications processing a resource are required to check for modifier extensions. There can be no stigma associated with the use of extensions by any application, project, or standard - regardless of the institution or jurisdiction that uses or defines the extensions.  The use of extensions is what allows the FHIR specification to retain a core level of simplicity for everyone."
              }
            ],
            "linkId": "MedicationOrder.dosageInstruction.modifierExtension",
            "text": "Extensions that cannot be ignored",
            "required": false,
            "repeats": true
          },
          {
            "extension": [
              {
                "url": "http://hl7.org/fhir/Profile/questionnaire-extensions#flyover",
                "valueString": "Free text dosage instructions can be used for cases where the instructions are too complex to code.  The content of this attribute does not include the name or description of the medication. When coded instructions are present, the free text instructions may still be present for display to humans taking or administering the medication. It is expected that the text instructions will always be populated.  If the dosage.timing attribute is also populated, then the dosage.text should reflect the same information as the timing."
              },
              {
                "url": "http://www.healthintersections.com.au/fhir/Profile/metadata#type",
                "valueString": "string"
              }
            ],
            "linkId": "MedicationOrder.dosageInstruction.text",
            "required": false,
            "repeats": true,
            "question": [
              {
                "linkId": "MedicationOrder.dosageInstruction.text.value",
                "text": "Dosage instructions expressed as text",
                "type": "string",
                "required": false,
                "repeats": false
              }
            ]
          },
          {
            "extension": [
              {
                "url": "http://hl7.org/fhir/Profile/questionnaire-extensions#flyover",
                "valueString": "Additional instructions such as \"Swallow with plenty of water\" which may or may not be coded."
              },
              {
                "url": "http://www.healthintersections.com.au/fhir/Profile/metadata#type",
                "valueString": "CodeableConcept"
              }
            ],
            "linkId": "MedicationOrder.dosageInstruction.additionalInstructions",
            "text": "Supplemental instructions - e.g. \"with meals\"",
            "required": false,
            "repeats": true,
            "question": [
              {
                "linkId": "MedicationOrder.dosageInstruction.additionalInstructions.coding",
                "text": "code:",
                "type": "open-choice",
                "required": false,
                "repeats": false
              },
              {
                "linkId": "MedicationOrder.dosageInstruction.additionalInstructions.text",
                "text": "text:",
                "type": "string",
                "required": false,
                "repeats": false
              }
            ]
          },
          {
            "extension": [
              {
                "url": "http://hl7.org/fhir/Profile/questionnaire-extensions#flyover",
                "valueString": "The timing schedule for giving the medication to the patient. The Schedule data type allows many different expressions. For example: \"Every 8 hours\"; \"Three times a day\"; \"1/2 an hour before breakfast for 10 days from 23-Dec 2011:\"; \"15 Oct 2013, 17 Oct 2013 and 1 Nov 2013\". This attribute may not always be populated while the DosageInstruction.text is expected to be populated.  If both are populated, then the DosageInstruction.text should reflect the content of the Dosage.timing."
              },
              {
                "url": "http://www.healthintersections.com.au/fhir/Profile/metadata#type",
                "valueString": "Schedule"
              }
            ],
            "linkId": "MedicationOrder.dosageInstruction.timing",
            "text": "When medication should be administered",
            "required": false,
            "repeats": true,
            "question": [
              {
                "linkId": "MedicationOrder.dosageInstruction.timing.text",
                "text": "text:",
                "type": "string",
                "required": false,
                "repeats": false
              },
              {
                "linkId": "MedicationOrder.dosageInstruction.timing.date",
                "text": "date:",
                "type": "dateTime",
                "required": false,
                "repeats": false
              },
              {
                "extension": [
                  {
                    "url": "http://www.healthintersections.com.au/fhir/Profile/metadata#reference",
                    "valueString": "/Patient?"
                  },
                  {
                    "url": "http://www.healthintersections.com.au/fhir/Profile/metadata#reference",
                    "valueString": "/Practitioner?"
                  },
                  {
                    "url": "http://www.healthintersections.com.au/fhir/Profile/metadata#reference",
                    "valueString": "/RelatedPerson?"
                  }
                ],
                "linkId": "MedicationOrder.dosageInstruction.timing.author",
                "text": "author:",
                "type": "reference",
                "required": false,
                "repeats": false
              }
            ]
          },
          {
            "extension": [
              {
                "url": "http://hl7.org/fhir/Profile/questionnaire-extensions#flyover",
                "valueString": "Indicates whether the Medication is only taken when needed within a specific dosing schedule (Boolean option), or it indicates the precondition for taking the Medication (CodeableConcept). Specifically if 'boolean' datatype is selected, then the following logic applies:  If set to True, this indicates that the medication is only taken when needed, within the specified schedule."
              }
            ],
            "linkId": "MedicationOrder.dosageInstruction.asNeeded[x]",
            "text": "Take \"as needed\" (for x)",
            "required": false,
            "repeats": true,
            "question": [
              {
                "linkId": "MedicationOrder.dosageInstruction.asNeeded[x]._type",
                "text": "type",
                "type": "choice",
                "required": false,
                "repeats": false,
                "options": {
                  "reference": "#vs4"
                },
                "group": [
                  {
                    "extension": [
                      {
                        "url": "http://www.healthintersections.com.au/fhir/Profile/metadata#type",
                        "valueString": "boolean"
                      }
                    ],
                    "linkId": "MedicationOrder.dosageInstruction.asNeeded[x]._boolean",
                    "question": [
                      {
                        "linkId": "MedicationOrder.dosageInstruction.asNeeded[x]._boolean.value",
                        "text": "boolean",
                        "type": "boolean",
                        "required": false,
                        "repeats": false
                      }
                    ]
                  },
                  {
                    "extension": [
                      {
                        "url": "http://www.healthintersections.com.au/fhir/Profile/metadata#type",
                        "valueString": "CodeableConcept"
                      }
                    ],
                    "linkId": "MedicationOrder.dosageInstruction.asNeeded[x]._CodeableConcept",
                    "text": "CodeableConcept",
                    "question": [
                      {
                        "linkId": "MedicationOrder.dosageInstruction.asNeeded[x]._CodeableConcept.coding",
                        "text": "code:",
                        "type": "open-choice",
                        "required": false,
                        "repeats": false
                      },
                      {
                        "linkId": "MedicationOrder.dosageInstruction.asNeeded[x]._CodeableConcept.text",
                        "text": "text:",
                        "type": "string",
                        "required": false,
                        "repeats": false
                      }
                    ]
                  }
                ]
              }
            ]
          },
          {
            "extension": [
              {
                "url": "http://hl7.org/fhir/Profile/questionnaire-extensions#flyover",
                "valueString": "A coded specification of the anatomic site where the medication first enters the body."
              }
            ],
            "linkId": "MedicationOrder.dosageInstruction.site[x]",
            "text": "Body site to administer to",
            "required": false,
            "repeats": true,
            "question": [
              {
                "linkId": "MedicationOrder.dosageInstruction.site[x]._type",
                "text": "type",
                "type": "choice",
                "required": false,
                "repeats": false,
                "options": {
                  "reference": "#vs5"
                },
                "group": [
                  {
                    "extension": [
                      {
                        "url": "http://www.healthintersections.com.au/fhir/Profile/metadata#type",
                        "valueString": "CodeableConcept"
                      }
                    ],
                    "linkId": "MedicationOrder.dosageInstruction.site[x]._CodeableConcept",
                    "text": "CodeableConcept",
                    "question": [
                      {
                        "linkId": "MedicationOrder.dosageInstruction.site[x]._CodeableConcept.coding",
                        "text": "code:",
                        "type": "open-choice",
                        "required": false,
                        "repeats": false
                      },
                      {
                        "linkId": "MedicationOrder.dosageInstruction.site[x]._CodeableConcept.text",
                        "text": "text:",
                        "type": "string",
                        "required": false,
                        "repeats": false
                      }
                    ]
                  },
                  {
                    "extension": [
                      {
                        "url": "http://www.healthintersections.com.au/fhir/Profile/metadata#type",
                        "valueString": "Reference"
                      }
                    ],
                    "linkId": "MedicationOrder.dosageInstruction.site[x]._BodySite",
                    "question": [
                      {
                        "extension": [
                          {
                            "url": "http://www.healthintersections.com.au/fhir/Profile/metadata#reference",
                            "valueString": "/BodySite?subject=$subj&patient=$subj&encounter=$encounter"
                          }
                        ],
                        "linkId": "MedicationOrder.dosageInstruction.site[x]._BodySite.value",
                        "text": "BodySite",
                        "type": "reference",
                        "required": false,
                        "repeats": false
                      }
                    ]
                  }
                ]
              }
            ]
          },
          {
            "extension": [
              {
                "url": "http://hl7.org/fhir/Profile/questionnaire-extensions#flyover",
                "valueString": "A code specifying the route or physiological path of administration of a therapeutic agent into or onto a patient's body."
              },
              {
                "url": "http://www.healthintersections.com.au/fhir/Profile/metadata#type",
                "valueString": "CodeableConcept"
              }
            ],
            "linkId": "MedicationOrder.dosageInstruction.route",
            "text": "How drug should enter body",
            "required": false,
            "repeats": true,
            "question": [
              {
                "linkId": "MedicationOrder.dosageInstruction.route.coding",
                "text": "code:",
                "type": "open-choice",
                "required": false,
                "repeats": false
              },
              {
                "linkId": "MedicationOrder.dosageInstruction.route.text",
                "text": "text:",
                "type": "string",
                "required": false,
                "repeats": false
              }
            ]
          },
          {
            "extension": [
              {
                "url": "http://hl7.org/fhir/Profile/questionnaire-extensions#flyover",
                "valueString": "A coded value indicating the method by which the medication is introduced into or onto the body. Most commonly used for injections.  For examples, Slow Push; Deep IV. Terminologies used often pre-coordinate this term with the route and or form of administration."
              },
              {
                "url": "http://www.healthintersections.com.au/fhir/Profile/metadata#type",
                "valueString": "CodeableConcept"
              }
            ],
            "linkId": "MedicationOrder.dosageInstruction.method",
            "text": "Technique for administering medication",
            "required": false,
            "repeats": true,
            "question": [
              {
                "linkId": "MedicationOrder.dosageInstruction.method.coding",
                "text": "code:",
                "type": "open-choice",
                "required": false,
                "repeats": false
              },
              {
                "linkId": "MedicationOrder.dosageInstruction.method.text",
                "text": "text:",
                "type": "string",
                "required": false,
                "repeats": false
              }
            ]
          },
          {
            "extension": [
              {
                "url": "http://hl7.org/fhir/Profile/questionnaire-extensions#flyover",
                "valueString": "The amount of therapeutic or other substance given at one administration event. Note that this specifies the quantity of the specified medication, not the quantity for each active ingredient(s). Each ingredient amount can be communicated in the Medication resource. For example, if one wants to communicate that a tablet was 375 mg, where the dose was one tablet, you can use the Medication resource to document that the tablet was comprised of 375 mg of drug XYZ. Alternatively if the dose was 375 mg, then you may only need to use the Medication resource to indicate this was a tablet. If the example were an IV such as dopamine and you wanted to communicate that 400mg of dopamine was mixed in 500 ml of some IV solution, then this would all be communicated in the Medication resource. If the administration is not intended to be instantaneous (rate is present or timing has a duration), this can be specified to convey the total amount to be administered over the period of time as indicated by the schedule e.g. 500 ml in dose, with timing used to convey that this should be done over 4 hours."
              }
            ],
            "linkId": "MedicationOrder.dosageInstruction.dose[x]",
            "text": "Amount of medication per dose",
            "required": false,
            "repeats": true,
            "question": [
              {
                "linkId": "MedicationOrder.dosageInstruction.dose[x]._type",
                "text": "type",
                "type": "choice",
                "required": false,
                "repeats": false,
                "options": {
                  "reference": "#vs6"
                },
                "group": [
                  {
                    "extension": [
                      {
                        "url": "http://www.healthintersections.com.au/fhir/Profile/metadata#type",
                        "valueString": "Range"
                      }
                    ],
                    "linkId": "MedicationOrder.dosageInstruction.dose[x]._Range",
                    "text": "Range",
                    "question": [
                      {
                        "linkId": "MedicationOrder.dosageInstruction.dose[x]._Range.low",
                        "text": "low:",
                        "type": "decimal",
                        "required": false,
                        "repeats": false
                      },
                      {
                        "linkId": "MedicationOrder.dosageInstruction.dose[x]._Range.high",
                        "text": "high:",
                        "type": "decimal",
                        "required": false,
                        "repeats": false
                      },
                      {
                        "linkId": "MedicationOrder.dosageInstruction.dose[x]._Range.units",
                        "text": "units:",
                        "type": "string",
                        "required": false,
                        "repeats": false
                      }
                    ]
                  },
                  {
                    "extension": [
                      {
                        "url": "http://www.healthintersections.com.au/fhir/Profile/metadata#type",
                        "valueString": "Quantity"
                      }
                    ],
                    "linkId": "MedicationOrder.dosageInstruction.dose[x]._http://hl7.org/fhir/StructureDefinition/SimpleQuantity",
                    "text": "http://hl7.org/fhir/StructureDefinition/SimpleQuantity",
                    "question": [
                      {
                        "linkId": "MedicationOrder.dosageInstruction.dose[x]._http://hl7.org/fhir/StructureDefinition/SimpleQuantity.comparator",
                        "text": "comp:",
                        "type": "choice",
                        "required": false,
                        "repeats": false
                      },
                      {
                        "linkId": "MedicationOrder.dosageInstruction.dose[x]._http://hl7.org/fhir/StructureDefinition/SimpleQuantity.value",
                        "text": "value:",
                        "type": "decimal",
                        "required": false,
                        "repeats": false
                      },
                      {
                        "linkId": "MedicationOrder.dosageInstruction.dose[x]._http://hl7.org/fhir/StructureDefinition/SimpleQuantity.units",
                        "text": "units:",
                        "type": "string",
                        "required": false,
                        "repeats": false
                      },
                      {
                        "linkId": "MedicationOrder.dosageInstruction.dose[x]._http://hl7.org/fhir/StructureDefinition/SimpleQuantity.code",
                        "text": "coded units:",
                        "type": "string",
                        "required": false,
                        "repeats": false
                      },
                      {
                        "linkId": "MedicationOrder.dosageInstruction.dose[x]._http://hl7.org/fhir/StructureDefinition/SimpleQuantity.system",
                        "text": "units system:",
                        "type": "string",
                        "required": false,
                        "repeats": false
                      }
                    ]
                  }
                ]
              }
            ]
          },
          {
            "extension": [
              {
                "url": "http://hl7.org/fhir/Profile/questionnaire-extensions#flyover",
                "valueString": "Identifies the speed with which the medication was or will be introduced into the patient. Typically the rate for an infusion e.g. 100 ml per 1 hour or 100 ml/hr.  May also be expressed as a rate per unit of time e.g. 500 ml per 2 hours.   Currently we do not specify a default of '1' in the denominator, but this is being discussed. Other examples: 200 mcg/min or 200 mcg/1 minute; 1 liter/8 hours. It is possible to supply both a rate and a doseQuantity to provide full details about how the medication is to be administered and supplied. If the rate is intended to change over time, depending on local rules/regulations, each change should be captured as a new version of the MedicationOrder with an updated rate, or captured with a new MedicationOrder with the new rate."
              }
            ],
            "linkId": "MedicationOrder.dosageInstruction.rate[x]",
            "text": "Amount of medication per unit of time",
            "required": false,
            "repeats": true,
            "question": [
              {
                "linkId": "MedicationOrder.dosageInstruction.rate[x]._type",
                "text": "type",
                "type": "choice",
                "required": false,
                "repeats": false,
                "options": {
                  "reference": "#vs7"
                },
                "group": [
                  {
                    "extension": [
                      {
                        "url": "http://www.healthintersections.com.au/fhir/Profile/metadata#type",
                        "valueString": "Ratio"
                      }
                    ],
                    "linkId": "MedicationOrder.dosageInstruction.rate[x]._Ratio",
                    "text": "Ratio",
                    "question": [
                      {
                        "linkId": "MedicationOrder.dosageInstruction.rate[x]._Ratio.numerator",
                        "text": "numerator:",
                        "type": "decimal",
                        "required": false,
                        "repeats": false
                      },
                      {
                        "linkId": "MedicationOrder.dosageInstruction.rate[x]._Ratio.denominator",
                        "text": "denominator:",
                        "type": "decimal",
                        "required": false,
                        "repeats": false
                      },
                      {
                        "linkId": "MedicationOrder.dosageInstruction.rate[x]._Ratio.units",
                        "text": "units:",
                        "type": "string",
                        "required": false,
                        "repeats": false
                      }
                    ]
                  },
                  {
                    "extension": [
                      {
                        "url": "http://www.healthintersections.com.au/fhir/Profile/metadata#type",
                        "valueString": "Range"
                      }
                    ],
                    "linkId": "MedicationOrder.dosageInstruction.rate[x]._Range",
                    "text": "Range",
                    "question": [
                      {
                        "linkId": "MedicationOrder.dosageInstruction.rate[x]._Range.low",
                        "text": "low:",
                        "type": "decimal",
                        "required": false,
                        "repeats": false
                      },
                      {
                        "linkId": "MedicationOrder.dosageInstruction.rate[x]._Range.high",
                        "text": "high:",
                        "type": "decimal",
                        "required": false,
                        "repeats": false
                      },
                      {
                        "linkId": "MedicationOrder.dosageInstruction.rate[x]._Range.units",
                        "text": "units:",
                        "type": "string",
                        "required": false,
                        "repeats": false
                      }
                    ]
                  }
                ]
              }
            ]
          },
          {
            "extension": [
              {
                "url": "http://hl7.org/fhir/Profile/questionnaire-extensions#flyover",
                "valueString": "The maximum total quantity of a therapeutic substance that may be administered to a subject over the period of time.  For example, 1000mg in 24 hours. This is intended for use as an adjunct to the dosage when there is an upper cap.  For example \"2 tablets every 4 hours to a maximum of 8/day\"."
              },
              {
                "url": "http://www.healthintersections.com.au/fhir/Profile/metadata#type",
                "valueString": "Ratio"
              }
            ],
            "linkId": "MedicationOrder.dosageInstruction.maxDosePerPeriod",
            "text": "Upper limit on medication per unit of time",
            "required": false,
            "repeats": true,
            "question": [
              {
                "linkId": "MedicationOrder.dosageInstruction.maxDosePerPeriod.numerator",
                "text": "numerator:",
                "type": "decimal",
                "required": false,
                "repeats": false
              },
              {
                "linkId": "MedicationOrder.dosageInstruction.maxDosePerPeriod.denominator",
                "text": "denominator:",
                "type": "decimal",
                "required": false,
                "repeats": false
              },
              {
                "linkId": "MedicationOrder.dosageInstruction.maxDosePerPeriod.units",
                "text": "units:",
                "type": "string",
                "required": false,
                "repeats": false
              }
            ]
          }
        ]
      },
      {
        "extension": [
          {
            "url": "http://hl7.org/fhir/Profile/questionnaire-extensions#flyover",
            "valueString": "Indicates the specific details for the dispense or medication supply part of a medication order (also known as a Medication Prescription).  Note that this information is NOT always sent with the order.  There may be in some settings (e.g. hospitals) institutional or system support for completing the dispense details in the pharmacy department."
          }
        ],
        "linkId": "MedicationOrder.dispenseRequest",
        "title": "Medication supply authorization",
        "required": false,
        "repeats": false,
        "group": [
          {
            "extension": [
              {
                "url": "http://hl7.org/fhir/Profile/questionnaire-extensions#flyover",
                "valueString": "unique id for the element within a resource (for internal references)."
              },
              {
                "url": "http://www.healthintersections.com.au/fhir/Profile/metadata#type",
                "valueString": "string"
              }
            ],
            "linkId": "MedicationOrder.dispenseRequest.id",
            "required": false,
            "repeats": true,
            "question": [
              {
                "linkId": "MedicationOrder.dispenseRequest.id.value",
                "text": "xml:id (or equivalent in JSON)",
                "type": "string",
                "required": false,
                "repeats": false
              }
            ]
          },
          {
            "extension": [
              {
                "url": "http://hl7.org/fhir/Profile/questionnaire-extensions#flyover",
                "valueString": "May be used to represent additional information that is not part of the basic definition of the element. In order to make the use of extensions safe and manageable, there is a strict set of governance  applied to the definition and use of extensions. Though any implementer is allowed to define an extension, there is a set of requirements that SHALL be met as part of the definition of the extension. There can be no stigma associated with the use of extensions by any application, project, or standard - regardless of the institution or jurisdiction that uses or defines the extensions.  The use of extensions is what allows the FHIR specification to retain a core level of simplicity for everyone."
              }
            ],
            "linkId": "MedicationOrder.dispenseRequest.extension",
            "text": "Additional Content defined by implementations",
            "required": false,
            "repeats": true
          },
          {
            "extension": [
              {
                "url": "http://hl7.org/fhir/Profile/questionnaire-extensions#flyover",
                "valueString": "May be used to represent additional information that is not part of the basic definition of the element, and that modifies the understanding of the element that contains it. Usually modifier elements provide negation or qualification. In order to make the use of extensions safe and manageable, there is a strict set of governance applied to the definition and use of extensions. Though any implementer is allowed to define an extension, there is a set of requirements that SHALL be met as part of the definition of the extension. Applications processing a resource are required to check for modifier extensions. There can be no stigma associated with the use of extensions by any application, project, or standard - regardless of the institution or jurisdiction that uses or defines the extensions.  The use of extensions is what allows the FHIR specification to retain a core level of simplicity for everyone."
              }
            ],
            "linkId": "MedicationOrder.dispenseRequest.modifierExtension",
            "text": "Extensions that cannot be ignored",
            "required": false,
            "repeats": true
          },
          {
            "extension": [
              {
                "url": "http://hl7.org/fhir/Profile/questionnaire-extensions#flyover",
                "valueString": "Identifies the medication being administered. This is a link to a resource that represents the medication which may be the details of the medication or simply an attribute carrying a code that identifies the medication from a known list of medications. If only a code is specified, then it needs to be a code for a specific product.  If more information is required, then the use of the medication resource is recommended."
              }
            ],
            "linkId": "MedicationOrder.dispenseRequest.medication[x]",
            "text": "Product to be supplied",
            "required": false,
            "repeats": true,
            "question": [
              {
                "linkId": "MedicationOrder.dispenseRequest.medication[x]._type",
                "text": "type",
                "type": "choice",
                "required": false,
                "repeats": false,
                "options": {
                  "reference": "#vs8"
                },
                "group": [
                  {
                    "extension": [
                      {
                        "url": "http://www.healthintersections.com.au/fhir/Profile/metadata#type",
                        "valueString": "CodeableConcept"
                      }
                    ],
                    "linkId": "MedicationOrder.dispenseRequest.medication[x]._CodeableConcept",
                    "text": "CodeableConcept",
                    "question": [
                      {
                        "linkId": "MedicationOrder.dispenseRequest.medication[x]._CodeableConcept.coding",
                        "text": "code:",
                        "type": "open-choice",
                        "required": false,
                        "repeats": false
                      },
                      {
                        "linkId": "MedicationOrder.dispenseRequest.medication[x]._CodeableConcept.text",
                        "text": "text:",
                        "type": "string",
                        "required": false,
                        "repeats": false
                      }
                    ]
                  },
                  {
                    "extension": [
                      {
                        "url": "http://www.healthintersections.com.au/fhir/Profile/metadata#type",
                        "valueString": "Reference"
                      }
                    ],
                    "linkId": "MedicationOrder.dispenseRequest.medication[x]._Medication",
                    "question": [
                      {
                        "extension": [
                          {
                            "url": "http://www.healthintersections.com.au/fhir/Profile/metadata#reference",
                            "valueString": "/Medication?subject=$subj&patient=$subj&encounter=$encounter"
                          }
                        ],
                        "linkId": "MedicationOrder.dispenseRequest.medication[x]._Medication.value",
                        "text": "Medication",
                        "type": "reference",
                        "required": false,
                        "repeats": false
                      }
                    ]
                  }
                ]
              }
            ]
          },
          {
            "extension": [
              {
                "url": "http://hl7.org/fhir/Profile/questionnaire-extensions#flyover",
                "valueString": "This indicates the validity period of a prescription (stale dating the Prescription). It reflects the prescriber perspective for the validity of the prescription. Dispenses must not be made against the prescription outside of this period. The lower-bound of the Dispensing Window signifies the earliest date that the prescription can be filled for the first time. If an upper-bound is not specified then the Prescription is open-ended or will default to a stale-date based on regulations."
              },
              {
                "url": "http://www.healthintersections.com.au/fhir/Profile/metadata#type",
                "valueString": "Period"
              }
            ],
            "linkId": "MedicationOrder.dispenseRequest.validityPeriod",
            "text": "Time period supply is authorized for",
            "required": false,
            "repeats": true,
            "question": [
              {
                "linkId": "MedicationOrder.dispenseRequest.validityPeriod.low",
                "text": "start:",
                "type": "dateTime",
                "required": false,
                "repeats": false
              },
              {
                "linkId": "MedicationOrder.dispenseRequest.validityPeriod.end",
                "text": "end:",
                "type": "dateTime",
                "required": false,
                "repeats": false
              }
            ]
          },
          {
            "extension": [
              {
                "url": "http://hl7.org/fhir/Profile/questionnaire-extensions#flyover",
                "valueString": "An integer indicating the number of additional times (aka refills or repeats) the patient can receive the prescribed medication.   Usage Notes: This integer does NOT include the original order dispense.   This means that if an order indicates dispense 30 tablets plus  \"3 repeats\", then the order can be dispensed a total of 4 times and the patient can receive a total of 120 tablets. If displaying \"number of authorized refills\", subtract 1 from this number."
              },
              {
                "url": "http://www.healthintersections.com.au/fhir/Profile/metadata#type",
                "valueString": "integer"
              }
            ],
            "linkId": "MedicationOrder.dispenseRequest.numberOfRepeatsAllowed",
            "required": false,
            "repeats": true,
            "question": [
              {
                "linkId": "MedicationOrder.dispenseRequest.numberOfRepeatsAllowed.value",
                "text": "Number of refills authorized",
                "type": "integer",
                "required": false,
                "repeats": false
              }
            ]
          },
          {
            "extension": [
              {
                "url": "http://hl7.org/fhir/Profile/questionnaire-extensions#flyover",
                "valueString": "The amount that is to be dispensed for one fill."
              },
              {
                "url": "http://www.healthintersections.com.au/fhir/Profile/metadata#type",
                "valueString": "Quantity"
              }
            ],
            "linkId": "MedicationOrder.dispenseRequest.quantity",
            "text": "Amount of medication to supply per dispense",
            "required": false,
            "repeats": true,
            "question": [
              {
                "linkId": "MedicationOrder.dispenseRequest.quantity.comparator",
                "text": "comp:",
                "type": "choice",
                "required": false,
                "repeats": false
              },
              {
                "linkId": "MedicationOrder.dispenseRequest.quantity.value",
                "text": "value:",
                "type": "decimal",
                "required": false,
                "repeats": false
              },
              {
                "linkId": "MedicationOrder.dispenseRequest.quantity.units",
                "text": "units:",
                "type": "string",
                "required": false,
                "repeats": false
              },
              {
                "linkId": "MedicationOrder.dispenseRequest.quantity.code",
                "text": "coded units:",
                "type": "string",
                "required": false,
                "repeats": false
              },
              {
                "linkId": "MedicationOrder.dispenseRequest.quantity.system",
                "text": "units system:",
                "type": "string",
                "required": false,
                "repeats": false
              }
            ]
          },
          {
            "extension": [
              {
                "url": "http://hl7.org/fhir/Profile/questionnaire-extensions#flyover",
                "valueString": "Identifies the period time over which the supplied product is expected to be used, or the length of time the dispense is expected to last. In some situations, this attribute may be used instead of quantity to identify the amount supplied by how long it is expected to last, rather than the physical quantity issued, e.g. 90 days supply of medication (based on an ordered dosage) When possible, it is always better to specify quantity, as this tends to be more precise. expectedSupplyDuration will always be an estimate that can be influenced by external factors."
              },
              {
                "url": "http://www.healthintersections.com.au/fhir/Profile/metadata#type",
                "valueString": "Quantity"
              }
            ],
            "linkId": "MedicationOrder.dispenseRequest.expectedSupplyDuration",
            "text": "Number of days supply per dispense",
            "required": false,
            "repeats": true,
            "question": [
              {
                "linkId": "MedicationOrder.dispenseRequest.expectedSupplyDuration.comparator",
                "text": "comp:",
                "type": "choice",
                "required": false,
                "repeats": false
              },
              {
                "linkId": "MedicationOrder.dispenseRequest.expectedSupplyDuration.value",
                "text": "value:",
                "type": "decimal",
                "required": false,
                "repeats": false
              },
              {
                "linkId": "MedicationOrder.dispenseRequest.expectedSupplyDuration.units",
                "text": "units:",
                "type": "string",
                "required": false,
                "repeats": false
              },
              {
                "linkId": "MedicationOrder.dispenseRequest.expectedSupplyDuration.code",
                "text": "coded units:",
                "type": "string",
                "required": false,
                "repeats": false
              },
              {
                "linkId": "MedicationOrder.dispenseRequest.expectedSupplyDuration.system",
                "text": "units system:",
                "type": "string",
                "required": false,
                "repeats": false
              }
            ]
          }
        ]
      },
      {
        "extension": [
          {
            "url": "http://hl7.org/fhir/Profile/questionnaire-extensions#flyover",
            "valueString": "Indicates whether or not substitution can or should be part of the dispense. In some cases substitution must happen, in other cases substitution must not happen, and in others it does not matter. This block explains the prescriber's intent. If nothing is specified substitution may be done."
          }
        ],
        "linkId": "MedicationOrder.substitution",
        "title": "Any restrictions on medication substitution",
        "required": false,
        "repeats": false,
        "group": [
          {
            "extension": [
              {
                "url": "http://hl7.org/fhir/Profile/questionnaire-extensions#flyover",
                "valueString": "unique id for the element within a resource (for internal references)."
              },
              {
                "url": "http://www.healthintersections.com.au/fhir/Profile/metadata#type",
                "valueString": "string"
              }
            ],
            "linkId": "MedicationOrder.substitution.id",
            "required": false,
            "repeats": true,
            "question": [
              {
                "linkId": "MedicationOrder.substitution.id.value",
                "text": "xml:id (or equivalent in JSON)",
                "type": "string",
                "required": false,
                "repeats": false
              }
            ]
          },
          {
            "extension": [
              {
                "url": "http://hl7.org/fhir/Profile/questionnaire-extensions#flyover",
                "valueString": "May be used to represent additional information that is not part of the basic definition of the element. In order to make the use of extensions safe and manageable, there is a strict set of governance  applied to the definition and use of extensions. Though any implementer is allowed to define an extension, there is a set of requirements that SHALL be met as part of the definition of the extension. There can be no stigma associated with the use of extensions by any application, project, or standard - regardless of the institution or jurisdiction that uses or defines the extensions.  The use of extensions is what allows the FHIR specification to retain a core level of simplicity for everyone."
              }
            ],
            "linkId": "MedicationOrder.substitution.extension",
            "text": "Additional Content defined by implementations",
            "required": false,
            "repeats": true
          },
          {
            "extension": [
              {
                "url": "http://hl7.org/fhir/Profile/questionnaire-extensions#flyover",
                "valueString": "May be used to represent additional information that is not part of the basic definition of the element, and that modifies the understanding of the element that contains it. Usually modifier elements provide negation or qualification. In order to make the use of extensions safe and manageable, there is a strict set of governance applied to the definition and use of extensions. Though any implementer is allowed to define an extension, there is a set of requirements that SHALL be met as part of the definition of the extension. Applications processing a resource are required to check for modifier extensions. There can be no stigma associated with the use of extensions by any application, project, or standard - regardless of the institution or jurisdiction that uses or defines the extensions.  The use of extensions is what allows the FHIR specification to retain a core level of simplicity for everyone."
              }
            ],
            "linkId": "MedicationOrder.substitution.modifierExtension",
            "text": "Extensions that cannot be ignored",
            "required": false,
            "repeats": true
          },
          {
            "extension": [
              {
                "url": "http://hl7.org/fhir/Profile/questionnaire-extensions#flyover",
                "valueString": "A code signifying whether a different drug should be dispensed from what was prescribed."
              },
              {
                "url": "http://www.healthintersections.com.au/fhir/Profile/metadata#type",
                "valueString": "CodeableConcept"
              }
            ],
            "linkId": "MedicationOrder.substitution.type",
            "text": "generic | formulary +",
            "required": true,
            "repeats": true,
            "question": [
              {
                "linkId": "MedicationOrder.substitution.type.coding",
                "text": "code:",
                "type": "open-choice",
                "required": false,
                "repeats": false
              },
              {
                "linkId": "MedicationOrder.substitution.type.text",
                "text": "text:",
                "type": "string",
                "required": false,
                "repeats": false
              }
            ]
          },
          {
            "extension": [
              {
                "url": "http://hl7.org/fhir/Profile/questionnaire-extensions#flyover",
                "valueString": "Indicates the reason for the substitution, or why substitution must or must not be performed."
              },
              {
                "url": "http://www.healthintersections.com.au/fhir/Profile/metadata#type",
                "valueString": "CodeableConcept"
              }
            ],
            "linkId": "MedicationOrder.substitution.reason",
            "text": "Why should (not) substitution be made",
            "required": false,
            "repeats": true,
            "question": [
              {
                "linkId": "MedicationOrder.substitution.reason.coding",
                "text": "code:",
                "type": "open-choice",
                "required": false,
                "repeats": false
              },
              {
                "linkId": "MedicationOrder.substitution.reason.text",
                "text": "text:",
                "type": "string",
                "required": false,
                "repeats": false
              }
            ]
          }
        ]
      },
      {
        "extension": [
          {
            "url": "http://hl7.org/fhir/Profile/questionnaire-extensions#flyover",
            "valueString": "A link to a resource representing an earlier order or prescription that this order supersedes."
          },
          {
            "url": "http://www.healthintersections.com.au/fhir/Profile/metadata#type",
            "valueString": "Reference"
          }
        ],
        "linkId": "MedicationOrder.priorPrescription",
        "required": false,
        "repeats": true,
        "question": [
          {
            "extension": [
              {
                "url": "http://www.healthintersections.com.au/fhir/Profile/metadata#reference",
                "valueString": "/MedicationOrder?subject=$subj&patient=$subj&encounter=$encounter"
              }
            ],
            "linkId": "MedicationOrder.priorPrescription.value",
            "text": "An order/prescription that this supersedes",
            "type": "reference",
            "required": false,
            "repeats": false
          }
        ]
      }
    ]
  }
}