{"_status":{"extension":[{"url":"http://localhost:3000/MedicationOrder/mscode#original-status","valueCode":"pending"}]},"dispenseRequest":{"quantity":{"code":"mg","system":"http://unitsofmeasure.org","unit":"mg","value":1700}},"dosageInstruction":[{"doseQuantity":{"code":"ml","system":"http://unitsofmeasure.org","unit":"mg/m^2","value":1000},"route":{"coding":[{"code":"394899003","display":"oral administration of treatment","system":"http://snomed.info/sct"}]},"text":"Capecitabine 1000 mg/m^2 PO twice daily D1-14","timing":{"repeat":{"duration":21,"durationUnits":"d","frequency":2,"period":1,"periodUnits":"d"}}}],"id":"medrx006","medicationReference":{"reference":"Medication/MedicationExample15"},"patient":{"reference":"Patient/f001"},"resourceType":"MedicationOrder","status":"on-hold","text":{"div":"<div>\n      <p><big>Capecitabine (Recurrent/Metastatic)</big></p>\n      <p>Course:</p>\n      <p>Name: Capecitabine</p>\n      <p>Agent Protocols Options:</p>\n      <p><b>Capecitabine 1000-1250 mg/m^2 PO twice daily D1-14</b></p>\n      <p>Offset: None</p>\n      <p>Cycle length: Q21D</p>\n    </div>","status":"generated"}}