{"_status":{"extension":[{"url":"http://localhost:3000/MedicationOrder/mscode#original-status","valueCode":"pending"}]},"dosageInstruction":[{"rateRatio":{"denominator":{"code":"258702006","system":"http://snomed.info/sct","unit":"minutes","value":30},"numerator":{"code":"258682000","system":"http://snomed.info/sct","unit":"mg/m^2","value":600}},"route":{"coding":[{"code":"47625008","display":"Intravenous route","system":"http://snomed.info/sct"}]},"text":"Cyclophosphamide 600 mg/m^2 IV over 30 minutes D1"}],"id":"medrx009","medicationReference":{"reference":"Medication/Cyclophosphamide"},"resourceType":"MedicationOrder","status":"on-hold","text":{"div":"<div>\n      <p><big>AC followed by Paclitaxel + Trastuzumab Course 1</big></p>\n      <p>Name: Cyclophosphamide in AC (Doxorubicin + Cyclophosphamide)</p>\n      <p>Course: 1</p>\n      <p>Agent Protocols Options:</p>\n      <p><b>Cyclophosphamide 600 mg/m^2 IV over 30 minutes D1 </b></p>\n      <p>Offset: None</p>\n      <p>Cycle length: Q21D x 4 cycles</p>\n    </div>","status":"generated"}}