{
  "resourceType": "Medication",
  "id": "f005",
  "text": {
    "status": "generated",
    "div": "<div><p><b>Generated Narrative with Details</b></p><p><b>id</b>: f005</p><p><b>code</b>: Enalapril maleate 5mg tablet <span>(Details : {SNOMED CT code '318851002' = '318851002', given as 'Enalapril maleate 5mg tablet'})</span></p><p><b>isBrand</b>: true</p><h3>Packages</h3><table><tr><td>-</td><td><b>Container</b></td></tr><tr><td>*</td><td>drug container <span>(Details : {SNOMED CT code '398124009' = '398124009', given as 'drug container'})</span></td></tr></table></div>"
  },
  "code": {
    "coding": [
      {
        "system": "http://snomed.info/sct",
        "code": "318851002",
        "display": "Enalapril maleate 5mg tablet",
        "_display": {
          "fhir_comments": [
            "   SNOMED CT classification code   "
          ]
        }
      }
    ]
  },
  "isBrand": true,
  "package": {
    "fhir_comments": [
      "  <manufacturer> Linked to non excisting Reference(Organization) \n        OID: 2.16.840.1.113883.4.642.1.4 \n        <reference value=\"Organization/F000\"/>\n        <display value=\"Magistra\"/>\n        </manufacturer>   ",
      "   <content>\n            <item> 1..1 Reference(Medication) A product in the package </item>\n            <amount>\n            <value value=\"30\"/>\n            <unit value=\"Pill\"/>\n            <system value=\"http://snomed.info/sct\"/>\n            <code value=\"46992007\"/>\n            </amount>\n            </content>   "
    ],
    "container": {
      "coding": [
        {
          "system": "http://snomed.info/sct",
          "code": "398124009",
          "display": "drug container"
        }
      ]
    }
  }
}