{"dateAsserted":"2015-02-22","dosage":[{"asNeededBoolean":false,"maxDosePerPeriod":{"denominator":{"code":"d","system":"http://unitsofmeasure.org","value":1},"numerator":{"code":"385055001","system":"http://snomed.info/sct","unit":"capsules","value":3}},"quantityQuantity":{"value":1},"route":{"coding":[{"code":"260548002","display":"Oral","system":"http://snomed.info/sct"}]},"text":"one capsule three times daily","timing":{"repeat":{"frequency":3,"period":1,"periodUnits":"d"}}}],"effectiveDateTime":"2014-01-23","id":"example004","informationSource":{"reference":"Patient/example"},"medicationReference":{"reference":"Medication/MedicationExample6"},"note":"Patient indicates they miss the occasional dose","patient":{"reference":"Patient/example"},"reasonForUseCodeableConcept":{"coding":[{"code":"65363002","display":"Otitis Media","system":"http://snomed.info/sct"}]},"resourceType":"MedicationStatement","status":"completed","text":{"div":"<div>\n      <p>Amoxicillin 250mg capsule - one capsule three times daily</p>\n    </div>","status":"generated"},"wasNotTaken":false}