{"dateWritten":"2015-01-15","dispenseRequest":{"expectedSupplyDuration":{"code":"d","system":"http://unitsofmeasure.org","unit":"days","value":10},"medicationReference":{"reference":"Medication/MedicationExample3"},"numberOfRepeatsAllowed":2,"quantity":{"code":"mL","system":"http://unitsofmeasure.org","unit":"mL","value":100},"validityPeriod":{"end":"2016-01-15","start":"2015-01-15"}},"dosageInstruction":[{"additionalInstructions":{"coding":[{"code":"311504000","display":"With or after food","system":"http://snomed.info/sct"}]},"doseQuantity":{"code":"mL","system":"http://unitsofmeasure.org","unit":"mL","value":5},"route":{"coding":[{"code":"26643006","display":"Oral Route","system":"http://snomed.info/sct"}]},"siteCodeableConcept":{"coding":[{"code":"181220002","display":"Entire oral cavity","system":"http://snomed.info/sct"}]},"text":"Take 5ml three times daily","timing":{"repeat":{"frequency":3,"period":1,"periodUnits":"d"}}}],"encounter":{"display":"encounter who leads to this priscription","reference":"Encounter/f002"},"id":"medrx001","identifier":[{"system":"http://www.bmc.nl/portal/prescriptions","use":"official","value":"12345"}],"medicationReference":{"display":"prescribed medication","reference":"Medication/MedicationExample2"},"patient":{"display":"Eve Everywoman","reference":"Patient/f001"},"prescriber":{"display":"Patrick Pump","reference":"Practitioner/f007"},"reasonCodeableConcept":{"coding":[{"code":"65363002","display":"Otitis Media","system":"http://snomed.info/sct"}]},"resourceType":"MedicationOrder","status":"active","substitution":{"reason":{"coding":[{"code":"FP","display":"formulary policy","system":"http://hl7.org/fhir"}]},"type":{"coding":[{"code":"G","display":"Generic Composition","system":"http://hl7.org/fhir"}]}},"text":{"div":"<div><p><b>Generated Narrative with Details</b></p><p><b>id</b>: medrx001</p><p><b>identifier</b>: 12345 (OFFICIAL)</p><p><b>dateWritten</b>: 15/01/2015</p><p><b>status</b>: active</p><p><b>patient</b>: <a>Eve Everywoman</a></p><p><b>prescriber</b>: <a>Patrick Pump</a></p><p><b>encounter</b>: <a>encounter who leads to this priscription</a></p><p><b>reason</b>: Otitis Media <span>(Details : {SNOMED CT code '65363002' = '65363002', given as 'Otitis Media'})</span></p><p><b>medication</b>: <a>prescribed medication</a></p><h3>DosageInstructions</h3><table><tr><td>-</td><td><b>Text</b></td><td><b>AdditionalInstructions</b></td><td><b>Timing</b></td><td><b>Site[x]</b></td><td><b>Route</b></td><td><b>Dose[x]</b></td></tr><tr><td>*</td><td>Take 5ml three times daily</td><td>With or after food <span>(Details : {SNOMED CT code '311504000' = '311504000', given as 'With or after food'})</span></td><td>Do 3 per 1 days</td><td>Entire oral cavity <span>(Details : {SNOMED CT code '181220002' = '181220002', given as 'Entire oral cavity'})</span></td><td>Oral Route <span>(Details : {SNOMED CT code '26643006' = '26643006', given as 'Oral Route'})</span></td><td>5 mL<span> (Details: http://unitsofmeasure.org code mL = '??')</span></td></tr></table><h3>DispenseRequests</h3><table><tr><td>-</td><td><b>Medication[x]</b></td><td><b>ValidityPeriod</b></td><td><b>NumberOfRepeatsAllowed</b></td><td><b>Quantity</b></td><td><b>ExpectedSupplyDuration</b></td></tr><tr><td>*</td><td><a>Medication/MedicationExample3</a></td><td>15/01/2015 --&gt; 15/01/2016</td><td>2</td><td>100 mL<span> (Details: http://unitsofmeasure.org code mL = '??')</span></td><td>10 days<span> (Details: http://unitsofmeasure.org code d = '??')</span></td></tr></table><h3>Substitutions</h3><table><tr><td>-</td><td><b>Type</b></td><td><b>Reason</b></td></tr><tr><td>*</td><td>Generic Composition <span>(Details : {http://hl7.org/fhir code 'G' = '??', given as 'Generic Composition'})</span></td><td>formulary policy <span>(Details : {http://hl7.org/fhir code 'FP' = '??', given as 'formulary policy'})</span></td></tr></table></div>","status":"generated"}}