{"entry":[{"fullUrl":"urn:uuid:267b18ce-3d37-4581-9baa-6fada338038b","resource":{"data":[{"reference":"http://acme.com/ehr/fhir/Patient/pat1"},{"reference":"http://acme.com/ehr/fhir/Patient/pat12"}],"destination":[{"endpoint":"http://acme.com/ehr/fhir"}],"event":{"code":"patient-link","system":"http://hl7.org/fhir/message-events"},"id":"efdd254b-0e09-4164-883e-35cf3871715f","resourceType":"MessageHeader","responsible":{"reference":"http://acme.com/ehr/fhir/Practitioner/2323-33-4"},"source":{"endpoint":"http://example.org/clients/ehr-lite"},"text":{"div":"<div>\n             \n            <p>This message is a request to link Patient records 654321 (Patient Donald DUCK @ Acme Healthcare, Inc) and 123456 (Patient Donald D DUCK @ Acme Healthcare, Inc)</p>\n           \n          </div>","status":"generated"},"timestamp":"2015-07-14T11:15:33+10:00"}},{"fullUrl":"http://acme.com/ehr/fhir/Patient/pat1","resource":{"active":true,"contact":[{"organization":{"display":"Walt Disney Corporation","reference":"Organization/1"},"relationship":[{"coding":[{"code":"owner","system":"http://hl7.org/fhir/patient-contact-relationship"}]}]}],"gender":"male","id":"pat1","identifier":[{"system":"urn:oid:0.1.2.3.4.5.6.7","type":{"coding":[{"code":"MR","system":"http://hl7.org/fhir/v2/0203"}]},"use":"usual","value":"654321"}],"managingOrganization":{"display":"ACME Healthcare, Inc","reference":"Organization/1"},"name":[{"family":["Donald"],"given":["Duck"],"use":"official"}],"resourceType":"Patient","text":{"div":"<div>\n            \n            <p>Patient Donald DUCK @ Acme Healthcare, Inc. MR = 654321</p>\n          \n          </div>","status":"generated"}}},{"fullUrl":"http://acme.com/ehr/fhir/Patient/pat12","resource":{"_gender":{"extension":[{"url":"http://example.org/Profile/administrative-status","valueCodeableConcept":{"coding":[{"code":"A","display":"Ambiguous","system":"http://hl7.org/fhir/v2/0001"}]}}]},"active":true,"gender":"other","id":"pat2","identifier":[{"system":"urn:oid:0.1.2.3.4.5.6.7","type":{"coding":[{"code":"MR","system":"http://hl7.org/fhir/v2/0203"}]},"use":"usual","value":"123456"}],"managingOrganization":{"display":"ACME Healthcare, Inc","reference":"Organization/1"},"name":[{"family":["Donald"],"given":["Duck","D"],"use":"official"}],"resourceType":"Patient","text":{"div":"<div>\n            \n            <p>Patient Donald D DUCK @ Acme Healthcare, Inc. MR = 123456</p>\n          \n          </div>","status":"generated"}}}],"id":"10bb101f-a121-4264-a920-67be9cb82c74","resourceType":"Bundle","type":"message"}