{"contact":[{"name":"HL7 Australia FHIR Team","telecom":[{"system":"other","value":"http://hl7-australia.wikispaces.com/FHIR+Australia"}]}],"date":"2015-08-31","description":"Australian HI Identifier as established by relevant regulations etc","id":"example-id","kind":"identifier","name":"Austalian Healthcare Identifier - Individual","publisher":"HL7 Australia on behalf of NEHTA","resourceType":"NamingSystem","responsible":"HI Service Operator / NEHTA","status":"active","text":{"div":"<div>\n      <p>\n        <b>Australian IHI Number</b>\n      </p>\n      \n      <p> oid: 1.2.36.1.2001.1003.0</p>\n      \n      <p> uri: http://ns.electronichealth.net.au/id/hi/ihi/1.0</p>\n    \n    </div>","status":"generated"},"type":{"coding":[{"code":"NI","display":"National unique individual identifier","system":"http://hl7.org/fhir/v2/0203"}],"text":"IHI"},"uniqueId":[{"type":"oid","value":"1.2.36.1.2001.1003.0"},{"period":{"start":"2015-08-21"},"preferred":true,"type":"uri","value":"http://ns.electronichealth.net.au/id/hi/ihi/1.0"}],"usage":"Used in Australia for identifying patients","useContext":[{"coding":[{"code":"AU","system":"urn:iso:std:iso:3166"}]}]}