{"dateTime":"2014-09-17","encounter":{"display":"Inpatient","reference":"Encounter/example"},"enteralFormula":{"administration":[{"rateQuantity":{"code":"mL/h","system":"http://unitsofmeasure.org","unit":"ml/hr","value":60},"schedule":{"repeat":{"boundsPeriod":{"start":"2014-09-17T07:00:00Z"}}}},{"rateQuantity":{"code":"mL/h","system":"http://unitsofmeasure.org","unit":"ml/hr","value":80},"schedule":{"repeat":{"boundsPeriod":{"start":"2014-09-17T11:00:00Z"}}}},{"rateQuantity":{"code":"mL/h","system":"http://unitsofmeasure.org","unit":"ml/hr","value":100},"schedule":{"repeat":{"boundsPeriod":{"start":"2014-09-17T15:00:00Z"}}}}],"administrationInstruction":"Hold feedings from 7 pm to 7 am. Add MCT oil to increase calories from 1.0 cal/mL to 1.5 cal/mL","baseFormulaProductName":" Acme Diabetes Formula","baseFormulaType":{"coding":[{"code":"6547210000124112","display":"Diabetic specialty enteral formula","system":"http://snomed/sct"}]},"caloricDensity":{"code":"cal/mL","system":"http://unitsofmeasure.org","unit":"calories per milliliter","value":1},"maxVolumeToDeliver":{"code":"mL/d","system":"http://unitsofmeasure.org","unit":"milliliter/day","value":880},"routeofAdministration":{"coding":[{"code":"NGT","display":"Instillation, nasogastric tube","system":"http://hl7.org/fhir/v3/RouteOfAdministration"}]}},"id":"enteralcontinuous","identifier":[{"system":"http://www.acme.org/nutritionorders","value":"123"}],"orderer":{"display":"Dr Adam Careful","reference":"Practitioner/example"},"patient":{"display":"Peter Chalmers","reference":"Patient/example"},"resourceType":"NutritionOrder","status":"active","text":{"div":"<div><p><b>Generated Narrative with Details</b></p><p><b>id</b>: enteralcontinuous</p><p><b>patient</b>: <a>Peter Chalmers</a></p><p><b>orderer</b>: <a>Dr Adam Careful</a></p><p><b>identifier</b>: 123</p><p><b>encounter</b>: <a>Inpatient</a></p><p><b>dateTime</b>: 17/09/2014</p><p><b>status</b>: active</p><blockquote><p><b>enteralFormula</b></p><p><b>baseFormulaType</b>: Diabetic specialty enteral formula <span>(Details : {http://snomed/sct code '6547210000124112' = '??', given as 'Diabetic specialty enteral formula'})</span></p><p><b>baseFormulaProductName</b>:  Acme Diabetes Formula</p><p><b>caloricDensity</b>: 1 calories per milliliter<span> (Details: http://unitsofmeasure.org code cal/mL = '??')</span></p><p><b>routeofAdministration</b>: Instillation, nasogastric tube <span>(Details : {http://hl7.org/fhir/v3/RouteOfAdministration code 'NGT' = 'Instillation, nasogastric tube', given as 'Instillation, nasogastric tube'})</span></p><blockquote><p><b>administration</b></p><p><b>schedule</b>: Starting 17/09/2014 5:00:00 PM, Do Once</p><p><b>rate</b>: 60 ml/hr<span> (Details: http://unitsofmeasure.org code mL/h = '??')</span></p></blockquote><blockquote><p><b>administration</b></p><p><b>schedule</b>: Starting 17/09/2014 9:00:00 PM, Do Once</p><p><b>rate</b>: 80 ml/hr<span> (Details: http://unitsofmeasure.org code mL/h = '??')</span></p></blockquote><blockquote><p><b>administration</b></p><p><b>schedule</b>: Starting 18/09/2014 1:00:00 AM, Do Once</p><p><b>rate</b>: 100 ml/hr<span> (Details: http://unitsofmeasure.org code mL/h = '??')</span></p></blockquote><p><b>maxVolumeToDeliver</b>: 880 milliliter/day<span> (Details: http://unitsofmeasure.org code mL/d = '??')</span></p><p><b>administrationInstruction</b>: Hold feedings from 7 pm to 7 am. Add MCT oil to increase calories from 1.0 cal/mL to 1.5 cal/mL</p></blockquote></div>","status":"generated"}}