{"allergyIntolerance":[{"display":"Cashew Nuts","reference":"AllergyIntolerance/example"}],"dateTime":"2014-09-17","encounter":{"display":"Inpatient","reference":"Encounter/example"},"excludeFoodModifier":[{"coding":[{"code":"227493005","display":"Cashew Nut","system":"http://snomed.info/sct","version":"20140730"}]}],"foodPreferenceModifier":[{"coding":[{"code":"dairy-free","system":"http://hl7.org/fhir/diet"}]}],"id":"fiberrestricteddiet","identifier":[{"system":"http://goodhealthhospital.org/nutrition-orders","value":"123"}],"oralDiet":{"nutrient":[{"amount":{"code":"g","system":"http://unitsofmeasure.org","unit":"grams","value":50},"modifier":{"coding":[{"code":"256674009","display":"Fat","system":"http://snomed.info/sct"}]}}],"schedule":[{"repeat":{"boundsPeriod":{"start":"2015-02-10"},"frequency":3,"period":1,"periodUnits":"d"}}],"type":[{"coding":[{"code":"15108003","display":"Restricted fiber diet","system":"http://snomed.info/sct"},{"code":"1000","display":"Fiber restricted","system":"http://goodhealthhospital.org/diet-type-codes"}],"text":"Fiber restricted diet"},{"coding":[{"code":"16208003","display":"Low fat diet","system":"http://snomed.info/sct"},{"code":"1100","display":"Low Fat","system":"http://goodhealthhospital.org/diet-type-codes"}],"text":"Low fat diet"}]},"orderer":{"display":"Dr Adam Careful","reference":"Practitioner/example"},"patient":{"display":"Peter Chalmers","reference":"Patient/example"},"resourceType":"NutritionOrder","status":"active","text":{"div":"<div><p><b>Generated Narrative with Details</b></p><p><b>id</b>: fiberrestricteddiet</p><p><b>patient</b>: <a>Peter Chalmers</a></p><p><b>orderer</b>: <a>Dr Adam Careful</a></p><p><b>identifier</b>: 123</p><p><b>encounter</b>: <a>Inpatient</a></p><p><b>dateTime</b>: 17/09/2014</p><p><b>status</b>: active</p><p><b>allergyIntolerance</b>: <a>Cashew Nuts</a></p><p><b>foodPreferenceModifier</b>: Dairy Free <span>(Details : {http://hl7.org/fhir/diet code 'dairy-free' = 'Dairy Free)</span></p><p><b>excludeFoodModifier</b>: Cashew Nut <span>(Details : {SNOMED CT code '227493005' = '227493005', given as 'Cashew Nut'})</span></p><blockquote><p><b>oralDiet</b></p><p><b>type</b>: Fiber restricted diet <span>(Details : {SNOMED CT code '15108003' = '15108003', given as 'Restricted fiber diet'}; {http://goodhealthhospital.org/diet-type-codes code '1000' = '??', given as 'Fiber restricted'})</span>, Low fat diet <span>(Details : {SNOMED CT code '16208003' = '16208003', given as 'Low fat diet'}; {http://goodhealthhospital.org/diet-type-codes code '1100' = '??', given as 'Low Fat'})</span></p><p><b>schedule</b>: Starting 10/02/2015, Do 3 per 1 days</p><h3>Nutrients</h3><table><tr><td>-</td><td><b>Modifier</b></td><td><b>Amount</b></td></tr><tr><td>*</td><td>Fat <span>(Details : {SNOMED CT code '256674009' = '256674009', given as 'Fat'})</span></td><td>50 grams<span> (Details: http://unitsofmeasure.org code g = '??')</span></td></tr></table></blockquote></div>","status":"generated"}}