{
  "resourceType": "NutritionOrder",
  "id": "diabeticsupplement",
  "text": {
    "fhir_comments": [
      "   id = diabeticsupplement  file name = nutritionorder-example-diabeticsupplement.xml Name= Diabetic Supplement  Description = Nutrition Order Diabetic Supplement Canonical Example\nedited by Eric Haas Health eData Inc\n...narrative generated by FHIR build\n\t<text>\n\t\t<status value=\"generated\"/>\n\t\t<div xmlns=\"http://www.w3.org/1999/xhtml\">\n\t\t\t<h3>Nutrition Order Diabetic Supplement Canonical Example</h3>\n\t\t\t<ul>\n\t\t\t\t<li>\n\t\t\t\t\t<b>Patient: </b>Peter Chalmers</li>\n\t\t\t\t<li>\n\t\t\t\t\t<b>Orderer: </b>Dr Adam Careful</li>\n\t\t\t\t<li>\n\t\t\t\t\t<b>Date: </b>2014-09-17</li>\n\t\t\t\t<li>\n\t\t\t\t\t<b>Known Allergies: </b>Cashew Nuts</li>\n\t\t\t\t<li>\n\t\t\t\t\t<b>Food Preferences: </b>Kosher</li>\n\t\t\t\t<li>\n\t\t\t\t\t<b>Supplement(Brand): </b>Adult diabetic formula (Glucerna)</li>\n\t\t\t\t<li>\n\t\t\t\t\t<b>Schedule: </b>3pm and HS</li>\n\t\t\t</ul>\n\t\t</div>\n\t</text>\n  "
    ],
    "status": "generated",
    "div": "<div><p><b>Generated Narrative with Details</b></p><p><b>id</b>: diabeticsupplement</p><p><b>patient</b>: <a>Peter Chalmers</a></p><p><b>orderer</b>: <a>Dr Adam Careful</a></p><p><b>identifier</b>: 123</p><p><b>encounter</b>: <a>Inpatient</a></p><p><b>dateTime</b>: 17/09/2014</p><p><b>status</b>: active</p><p><b>allergyIntolerance</b>: <a>Cashew Nuts</a></p><p><b>foodPreferenceModifier</b>: Kosher <span>(Details : {http://hl7.org/fhir/diet code 'kosher' = 'Kosher)</span></p><p><b>excludeFoodModifier</b>: Cashew Nut <span>(Details : {SNOMED CT code '227493005' = '227493005', given as 'Cashew Nut'})</span></p><h3>Supplements</h3><table><tr><td>-</td><td><b>Type</b></td><td><b>ProductName</b></td><td><b>Schedule</b></td><td><b>Quantity</b></td></tr><tr><td>*</td><td>Adult diabetic formula <span>(Details : {SNOMED CT code '443051000124104' = '443051000124104', given as 'Adult diabetes specialty formula'}; {http://goodhealthhospital.org/supplement-type-codes code '1010' = '??', given as 'Adult diabetic formula'})</span></td><td>Glucerna</td><td>Starting 11/02/2015 2:00:00 AM, Do Once per 24 hours</td><td>1 8 oz bottle</td></tr></table></div>"
  },
  "patient": {
    "reference": "Patient/example",
    "display": "Peter Chalmers"
  },
  "orderer": {
    "reference": "Practitioner/example",
    "display": "Dr Adam Careful"
  },
  "identifier": [
    {
      "system": "http://goodhealthhospital.org/nutrition-orders",
      "value": "123"
    }
  ],
  "encounter": {
    "reference": "Encounter/example",
    "display": "Inpatient"
  },
  "dateTime": "2014-09-17",
  "status": "active",
  "allergyIntolerance": [
    {
      "reference": "AllergyIntolerance/example",
      "display": "Cashew Nuts"
    }
  ],
  "foodPreferenceModifier": [
    {
      "coding": [
        {
          "system": "http://hl7.org/fhir/diet",
          "code": "kosher"
        }
      ]
    }
  ],
  "excludeFoodModifier": [
    {
      "coding": [
        {
          "system": "http://snomed.info/sct",
          "version": "20140730",
          "code": "227493005",
          "display": "Cashew Nut"
        }
      ]
    }
  ],
  "supplement": [
    {
      "fhir_comments": [
        "   EH: use supplement element   ",
        "   EH:  use the .instructions element to list diet  supplement order\n\t\t<instruction value=\"Glucerna Shake at 3pm and HS\"/>\n  "
      ],
      "type": {
        "coding": [
          {
            "system": "http://snomed.info/sct",
            "code": "443051000124104",
            "display": "Adult diabetes specialty formula"
          },
          {
            "system": "http://goodhealthhospital.org/supplement-type-codes",
            "code": "1010",
            "display": "Adult diabetic formula"
          }
        ],
        "text": "Adult diabetic formula"
      },
      "productName": "Glucerna",
      "schedule": [
        {
          "fhir_comments": [
            "  EH:Glucerna Shake at 3pm and HS  "
          ],
          "repeat": {
            "boundsPeriod": {
              "start": "2015-02-10T15:00:00Z"
            },
            "frequency": 1,
            "period": 24,
            "periodUnits": "h"
          }
        },
        {
          "repeat": {
            "duration": 1,
            "durationUnits": "h",
            "when": "HS"
          }
        }
      ],
      "quantity": {
        "value": 1,
        "unit": "8 oz bottle"
      }
    }
  ]
}