{"allergyIntolerance":[{"display":"Cashew Nuts","reference":"AllergyIntolerance/example"}],"dateTime":"2014-09-17","encounter":{"display":"Inpatient","reference":"Encounter/example"},"excludeFoodModifier":[{"coding":[{"code":"227493005","display":"Cashew Nut","system":"http://snomed.info/sct","version":"20140730"}]}],"foodPreferenceModifier":[{"coding":[{"code":"kosher","system":"http://hl7.org/fhir/diet"}]}],"id":"energysupplement","identifier":[{"system":"http://goodhealthhospital.org/nutrition-orders","value":"123"}],"orderer":{"display":"Dr Adam Careful","reference":"Practitioner/example"},"patient":{"display":"Peter Chalmers","reference":"Patient/example"},"resourceType":"NutritionOrder","status":"active","supplement":[{"productName":"Ensure","quantity":{"unit":"8 oz can","value":1},"schedule":[{"repeat":{"boundsPeriod":{"start":"2015-02-10"},"frequency":3,"period":1,"periodUnits":"d"}}],"type":{"coding":[{"code":"442971000124100","display":"Adult high energy formula","system":"http://snomed.info/sct"},{"code":"1010","display":"Adult high energy drink","system":"http://goodhealthhospital.org/supplement-type-codes"}],"text":"Adult high energy drink"}}],"text":{"div":"<div><p><b>Generated Narrative with Details</b></p><p><b>id</b>: energysupplement</p><p><b>patient</b>: <a>Peter Chalmers</a></p><p><b>orderer</b>: <a>Dr Adam Careful</a></p><p><b>identifier</b>: 123</p><p><b>encounter</b>: <a>Inpatient</a></p><p><b>dateTime</b>: 17/09/2014</p><p><b>status</b>: active</p><p><b>allergyIntolerance</b>: <a>Cashew Nuts</a></p><p><b>foodPreferenceModifier</b>: Kosher <span>(Details : {http://hl7.org/fhir/diet code 'kosher' = 'Kosher)</span></p><p><b>excludeFoodModifier</b>: Cashew Nut <span>(Details : {SNOMED CT code '227493005' = '227493005', given as 'Cashew Nut'})</span></p><h3>Supplements</h3><table><tr><td>-</td><td><b>Type</b></td><td><b>ProductName</b></td><td><b>Schedule</b></td><td><b>Quantity</b></td></tr><tr><td>*</td><td>Adult high energy drink <span>(Details : {SNOMED CT code '442971000124100' = '442971000124100', given as 'Adult high energy formula'}; {http://goodhealthhospital.org/supplement-type-codes code '1010' = '??', given as 'Adult high energy drink'})</span></td><td>Ensure</td><td>Starting 10/02/2015, Do 3 per 1 days</td><td>1 8 oz can</td></tr></table></div>","status":"generated"}}