{"contact":[{"telecom":[{"system":"other","value":"http://hl7.org/fhir"},{"system":"email","value":"fhir@lists.hl7.org"}]}],"date":"2015-10-24T07:41:03+11:00","description":"v3 Map (ActRrelationshipType)","element":[{"code":"has-member","codeSystem":"http://hl7.org/fhir/observation-relationshiptypes","target":[{"code":"MBR","codeSystem":"http://hl7.org/fhir/v3/ActRrelationshipType","equivalence":"equal"}]},{"code":"derived-from","codeSystem":"http://hl7.org/fhir/observation-relationshiptypes","target":[{"code":"DRIV","codeSystem":"http://hl7.org/fhir/v3/ActRrelationshipType","equivalence":"equal"}]},{"code":"sequel-to","codeSystem":"http://hl7.org/fhir/observation-relationshiptypes","target":[{"code":"SEQL","codeSystem":"http://hl7.org/fhir/v3/ActRrelationshipType","equivalence":"equal"}]},{"code":"replaces","codeSystem":"http://hl7.org/fhir/observation-relationshiptypes","target":[{"code":"RPLC","codeSystem":"http://hl7.org/fhir/v3/ActRrelationshipType","equivalence":"equal"}]},{"code":"qualified-by","codeSystem":"http://hl7.org/fhir/observation-relationshiptypes","target":[{"code":"QUALF","codeSystem":"http://hl7.org/fhir/v3/ActRrelationshipType","equivalence":"equal"}]},{"code":"interfered-by","codeSystem":"http://hl7.org/fhir/observation-relationshiptypes","target":[{"code":"INTF","codeSystem":"http://hl7.org/fhir/v3/ActRrelationshipType","equivalence":"equal"}]}],"id":"v3-observation-relationshiptypes","name":"v3 map for ObservationRelationshipType","publisher":"HL7 (FHIR Project)","resourceType":"ConceptMap","sourceReference":{"reference":"http://hl7.org/fhir/ValueSet/observation-relationshiptypes"},"status":"draft","targetReference":{"reference":"http://hl7.org/fhir/ValueSet/v3-ActRelationshipType"},"text":{"div":"<div><h2>v3 map for ObservationRelationshipType (http://hl7.org/fhir/ConceptMap/v3-observation-relationshiptypes)</h2><p>Mapping from <a href=\"valueset-observation-relationshiptypes.html\">http://hl7.org/fhir/ValueSet/observation-relationshiptypes</a> to <a href=\"v3/ActRelationshipType/index.html\">http://hl7.org/fhir/ValueSet/v3-ActRelationshipType</a></p><p>DRAFT. Published on 24/10/2015 7:41:03 AM by HL7 (FHIR Project) (<a href=\"http://hl7.org/fhir\">http://hl7.org/fhir</a>, <a href=\"mailto:fhir@lists.hl7.org\">fhir@lists.hl7.org</a>; ). </p><p>v3 Map (ActRrelationshipType)</p><br/><table class=\"grid\"><tr><td><b>Source Code</b></td><td><b>Equivalence</b></td><td><b>Destination Code</b></td></tr><tr><td>has-member (Has Member)</td><td>equal</td><td>MBR (??)</td></tr><tr><td>derived-from (Derived From)</td><td>equal</td><td>DRIV (??)</td></tr><tr><td>sequel-to (Sequel To)</td><td>equal</td><td>SEQL (??)</td></tr><tr><td>replaces (Replaces)</td><td>equal</td><td>RPLC (??)</td></tr><tr><td>qualified-by (Qualified By)</td><td>equal</td><td>QUALF (??)</td></tr><tr><td>interfered-by (Interfered By)</td><td>equal</td><td>INTF (??)</td></tr></table></div>","status":"generated"},"url":"http://hl7.org/fhir/ConceptMap/v3-observation-relationshiptypes"}