{"abstract":false,"base":"http://hl7.org/fhir/StructureDefinition/uri","constrainedType":"uri","contact":[{"telecom":[{"system":"other","value":"http://hl7.org/fhir"}]}],"date":"2015-10-24T07:41:03+11:00","description":"Base StructureDefinition for oid type: An oid represented as a URI","differential":{"element":[{"comments":"RFC 3001. See also ISO/IEC 8824:1990 €","definition":"An oid represented as a URI","max":"*","min":0,"path":"uri","short":"Primitive Type oid","type":[{"code":"Element"}]},{"definition":"Primitive value for oid","max":"1","min":0,"path":"uri.value","representation":["xmlAttr"],"short":"Primitive value for oid","type":[{"_code":{"extension":[{"url":"http://hl7.org/fhir/StructureDefinition/structuredefinition-json-type","valueString":"string"},{"url":"http://hl7.org/fhir/StructureDefinition/structuredefinition-xml-type","valueString":"xs:anyURI+"}]},"extension":[{"url":"http://hl7.org/fhir/StructureDefinition/structuredefinition-regex","valueString":"urn:oid:(0|[1-9][0-9]*)(\\.(0|[1-9][0-9]*))*"}]}]}]},"fhirVersion":"1.0.2","id":"oid","kind":"datatype","name":"oid","publisher":"HL7 FHIR Standard","resourceType":"StructureDefinition","snapshot":{"element":[{"base":{"max":"*","min":0,"path":"uri"},"comments":"RFC 3001. See also ISO/IEC 8824:1990 €","definition":"An oid represented as a URI","max":"*","min":0,"path":"uri","short":"Primitive Type oid","type":[{"code":"Element"}]},{"alias":["extensions","user content"],"base":{"max":"*","min":0,"path":"uri.extension"},"comments":"There can be no stigma associated with the use of extensions by any application, project, or standard - regardless of the institution or jurisdiction that uses or defines the extensions.  The use of extensions is what allows the FHIR specification to retain a core level of simplicity for everyone.","definition":"May be used to represent additional information that is not part of the basic definition of the resource. In order to make the use of extensions safe and manageable, there is a strict set of governance  applied to the definition and use of extensions. Though any implementer is allowed to define an extension, there is a set of requirements that SHALL be met as part of the definition of the extension.","max":"*","min":0,"path":"uri.extension","short":"Additional Content defined by implementations","type":[{"code":"Extension"}]},{"base":{"max":"1","min":0,"path":"uri.value"},"definition":"Primitive value for oid","max":"1","min":0,"path":"uri.value","representation":["xmlAttr"],"short":"Primitive value for oid","type":[{"_code":{"extension":[{"url":"http://hl7.org/fhir/StructureDefinition/structuredefinition-json-type","valueString":"string"},{"url":"http://hl7.org/fhir/StructureDefinition/structuredefinition-xml-type","valueString":"xs:anyURI+"}]},"extension":[{"url":"http://hl7.org/fhir/StructureDefinition/structuredefinition-regex","valueString":"urn:oid:(0|[1-9][0-9]*)(\\.(0|[1-9][0-9]*))*"}]}]}]},"status":"draft","text":{"div":"<div>to do</div>","status":"generated"},"url":"http://hl7.org/fhir/StructureDefinition/oid"}