{"base":{"reference":"OperationDefinition/Questionnaire-populate"},"code":"populate","contact":[{"name":"System Administrator","telecom":[{"system":"email","value":"beep@coyote.acme.com"}]}],"date":"2015-08-04","description":"Limited implementation of the Populate Questionnaire implemenation","id":"example","instance":true,"kind":"operation","name":"Populate Questionnaire","notes":"Only implemented for Labs and Medications so far","parameter":[{"documentation":"The resource that is to be the *QuestionnaireResponse.subject*. The [[[QuestionnaireResponse]]]      instance will reference the provided subject.  In addition, if the *local* parameter is      set to true, server information about the specified subject will be used to populate the      instance.","max":"1","min":1,"name":"subject","type":"Reference","use":"in"},{"documentation":"The partially (or fully)-populated set of answers for the specified Questionnaire","max":"1","min":1,"name":"return","type":"QuestionnaireResponse","use":"out"}],"publisher":"Acme Healthcare Services","resourceType":"OperationDefinition","status":"draft","system":false,"text":{"div":"<div><p><b>Generated Narrative with Details</b></p><p><b>id</b>: example</p><p><b>url</b>: <a>http://h7.org/fhir/OperationDefinition/example</a></p><p><b>version</b>: B</p><p><b>name</b>: Populate Questionnaire</p><p><b>status</b>: draft</p><p><b>kind</b>: operation</p><p><b>publisher</b>: Acme Healthcare Services</p><h3>Contacts</h3><table><tr><td>-</td><td><b>Name</b></td><td><b>Telecom</b></td></tr><tr><td>*</td><td>System Administrator</td><td>beep@coyote.acme.com</td></tr></table><p><b>date</b>: 04/08/2015</p><p><b>description</b>: Limited implementation of the Populate Questionnaire implemenation</p><p><b>code</b>: populate</p><p><b>notes</b>: Only implemented for Labs and Medications so far</p><p><b>base</b>: <a>OperationDefinition/Questionnaire-populate</a></p><p><b>system</b>: false</p><p><b>type</b>: Questionnaire</p><p><b>instance</b>: true</p><blockquote><p><b>parameter</b></p><p><b>name</b>: subject</p><p><b>use</b>: in</p><p><b>min</b>: 1</p><p><b>max</b>: 1</p><p><b>documentation</b>: The resource that is to be the *QuestionnaireResponse.subject*. The [[[QuestionnaireResponse]]]      instance will reference the provided subject.  In addition, if the *local* parameter is      set to true, server information about the specified subject will be used to populate the      instance.</p><p><b>type</b>: Reference</p></blockquote><blockquote><p><b>parameter</b></p><p><b>name</b>: return</p><p><b>use</b>: out</p><p><b>min</b>: 1</p><p><b>max</b>: 1</p><p><b>documentation</b>: The partially (or fully)-populated set of answers for the specified Questionnaire</p><p><b>type</b>: QuestionnaireResponse</p></blockquote></div>","status":"generated"},"type":["Questionnaire"],"url":"http://h7.org/fhir/OperationDefinition/example","version":"B"}