{
  "resourceType": "Organization",
  "id": "org-uslab-example3",
  "text": {
    "status": "generated",
    "div": "<div><p><b>Generated Narrative with Details</b></p><p><b>id</b>: org-uslab-example3</p><p><b>identifier</b>: 01D1111111 (OFFICIAL)</p><p><b>name</b>: Acme Labs</p><p><b>address</b>: Firstcare Way Building 2 Harrisburg PA 42043 USA (WORK)</p><h3>Contacts</h3><table><tr><td>-</td><td><b>Name</b></td></tr><tr><td>*</td><td>Gregory F House </td></tr></table></div>"
  },
  "identifier": [
    {
      "use": "official",
      "system": "http://www.cms.gov/Regulations-and-Guidance/Legislation/CLIA/index.html",
      "value": "01D1111111",
      "_value": {
        "fhir_comments": [
          "    CLIA    "
        ]
      }
    }
  ],
  "name": "Acme Labs",
  "address": [
    {
      "extension": [
        {
          "fhir_comments": [
            "    EH extension for us county    "
          ],
          "url": "http://hl7.org/fhir/StructureDefinition/us-core-county",
          "valueString": "42043"
        }
      ],
      "use": "work",
      "line": [
        "Firstcare Way",
        "Building 2"
      ],
      "city": "Harrisburg",
      "state": "PA",
      "postalCode": "42043",
      "country": "USA"
    }
  ],
  "contact": [
    {
      "name": {
        "family": [
          "House"
        ],
        "given": [
          "Gregory",
          "F"
        ],
        "prefix": [
          "Dr"
        ],
        "suffix": [
          "PhD"
        ]
      }
    }
  ]
}