{"active":true,"address":[{"line":["South Wing, floor 2"]}],"contact":[{"address":{"line":["South Wing, floor 2"]},"name":{"text":"mevr. D. de Haan"},"purpose":{"coding":[{"code":"ADMIN","system":"http://hl7.org/fhir/contactentity-type"}]},"telecom":[{"system":"phone","value":"022-655 2321"},{"system":"email","value":"cardio@burgersumc.nl"},{"system":"fax","value":"022-655 2322"}]}],"id":"f002","name":"Burgers UMC Cardiology unit","partOf":{"reference":"Organization/f001"},"resourceType":"Organization","telecom":[{"system":"phone","value":"022-655 2320"}],"text":{"div":"<div><p><b>Generated Narrative with Details</b></p><p><b>id</b>: f002</p><p><b>active</b>: true</p><p><b>type</b>: Hospital Department <span>(Details : {http://hl7.org/fhir/organization-type code 'dept' = 'Hospital Department', given as 'Hospital Department'})</span></p><p><b>name</b>: Burgers UMC Cardiology unit</p><p><b>telecom</b>: ph: 022-655 2320</p><p><b>address</b>: South Wing, floor 2 </p><p><b>partOf</b>: <a>Organization/f001</a></p><h3>Contacts</h3><table><tr><td>-</td><td><b>Purpose</b></td><td><b>Name</b></td><td><b>Telecom</b></td><td><b>Address</b></td></tr><tr><td>*</td><td>Administrative <span>(Details : {http://hl7.org/fhir/contactentity-type code 'ADMIN' = 'Administrative)</span></td><td>mevr. D. de Haan</td><td>ph: 022-655 2321</td><td>South Wing, floor 2 </td></tr></table></div>","status":"generated"},"type":{"coding":[{"code":"dept","display":"Hospital Department","system":"http://hl7.org/fhir/organization-type"}]}}