{
  "resourceType": "Organization",
  "id": "organization-example",
  "text": {
    "status": "generated",
    "div": "<div>\n      Health Level Seven International\n      \n      \n      <br/>\n\t\t\t\t3300 Washtenaw Avenue, Suite 227\n      \n      \n      <br/>\n\t\t\t\tAnn Arbor, MI 48104\n      \n      \n      <br/>\n\t\t\t\tUSA\n      \n      \n      <br/>\n\t\t\t\t(+1) 734-677-7777 (phone)\n      \n      \n      <br/>\n\t\t\t\t(+1) 734-677-6622 (fax)\n      \n      \n      <br/>\n\t\t\t\tE-mail:  \n      \n      \n      <a href=\"mailto:hq@HL7.org\">hq@HL7.org</a>\n    \n    \n    \n    </div>"
  },
  "active": true,
  "type": {
    "coding": [
      {
        "system": "http://hl7.org/fhir/organization-type",
        "code": "team",
        "display": "Organizational team"
      }
    ]
  },
  "name": "Health Level Seven International",
  "_name": {
    "fhir_comments": [
      "     HL7 itself     "
    ]
  },
  "telecom": [
    {
      "system": "phone",
      "value": "(+1) 734-677-7777"
    },
    {
      "system": "fax",
      "value": "(+1) 734-677-6622"
    },
    {
      "system": "email",
      "value": "hq@HL7.org"
    }
  ],
  "address": [
    {
      "line": [
        "3300 Washtenaw Avenue, Suite 227"
      ],
      "city": "Ann Arbor",
      "state": "MI",
      "postalCode": "48104",
      "country": "USA"
    }
  ]
}