{"active":true,"address":[{"city":"Amsterdam","country":"NLD","line":["Bos en Lommerplein 280"],"postalCode":"1055RW","use":"home"}],"birthDate":"1960-03-13","communication":[{"language":{"coding":[{"code":"nl-NL","display":"Dutch","system":"urn:ietf:bcp:47"}]},"preferred":true}],"contact":[{"name":{"text":"Ariadne Bor-Jansma","use":"usual"},"relationship":[{"coding":[{"code":"127850001","display":"Wife","system":"http://snomed.info/sct"},{"code":"partner","system":"http://hl7.org/fhir/patient-contact-relationship"}]}],"telecom":[{"system":"phone","use":"home","value":"+31201234567"}]}],"deceasedBoolean":false,"gender":"male","id":"f201","identifier":[{"system":"urn:oid:2.16.840.1.113883.2.4.6.3","type":{"text":"BSN"},"use":"official","value":"123456789"},{"system":"urn:oid:2.16.840.1.113883.2.4.6.3","type":{"text":"BSN"},"use":"official","value":"123456789"}],"managingOrganization":{"display":"AUMC","reference":"Organization/f201"},"maritalStatus":{"coding":[{"code":"36629006","display":"Legally married","system":"http://snomed.info/sct"},{"code":"M","system":"http://hl7.org/fhir/v3/MaritalStatus"}]},"multipleBirthBoolean":false,"name":[{"family":["Bor"],"given":["Roelof Olaf"],"prefix":["Drs."],"suffix":["PDEng."],"text":"Roel","use":"official"}],"photo":[{"contentType":"image/jpeg","url":"Binary/f006"}],"resourceType":"Patient","telecom":[{"system":"phone","use":"mobile","value":"+31612345678"},{"system":"phone","use":"home","value":"+31201234567"}],"text":{"div":"<div><p><b>Generated Narrative with Details</b></p><p><b>id</b>: f201</p><p><b>identifier</b>: BSN = 123456789 (OFFICIAL), BSN = 123456789 (OFFICIAL)</p><p><b>active</b>: true</p><p><b>name</b>: Roel(OFFICIAL)</p><p><b>telecom</b>: ph: +31612345678(MOBILE), ph: +31201234567(HOME)</p><p><b>gender</b>: male</p><p><b>birthDate</b>: 13/03/1960</p><p><b>deceased</b>: false</p><p><b>address</b>: Bos en Lommerplein 280 Amsterdam 1055RW NLD (HOME)</p><p><b>maritalStatus</b>: Legally married <span>(Details : {SNOMED CT code '36629006' = '36629006', given as 'Legally married'}; {http://hl7.org/fhir/v3/MaritalStatus code 'M' = 'Married)</span></p><p><b>multipleBirth</b>: false</p><p><b>photo</b>: </p><h3>Contacts</h3><table><tr><td>-</td><td><b>Relationship</b></td><td><b>Name</b></td><td><b>Telecom</b></td></tr><tr><td>*</td><td>Wife <span>(Details : {SNOMED CT code '127850001' = '127850001', given as 'Wife'}; {http://hl7.org/fhir/patient-contact-relationship code 'partner' = 'Partner)</span></td><td>Ariadne Bor-Jansma</td><td>ph: +31201234567(HOME)</td></tr></table><h3>Communications</h3><table><tr><td>-</td><td><b>Language</b></td><td><b>Preferred</b></td></tr><tr><td>*</td><td>Dutch <span>(Details : {urn:ietf:bcp:47 code 'nl-NL' = '??', given as 'Dutch'})</span></td><td>true</td></tr></table><p><b>managingOrganization</b>: <a>AUMC</a></p></div>","status":"generated"}}