{
  "resourceType": "Patient",
  "id": "f001",
  "text": {
    "status": "generated",
    "div": "<div><p><b>Generated Narrative with Details</b></p><p><b>id</b>: f001</p><p><b>identifier</b>: 738472983 (USUAL), ?? (USUAL)</p><p><b>active</b>: true</p><p><b>name</b>: Pieter van de Heuvel </p><p><b>telecom</b>: ph: 0648352638(MOBILE), p.heuvel@gmail.com(HOME)</p><p><b>gender</b>: male</p><p><b>birthDate</b>: 17/11/1944</p><p><b>deceased</b>: false</p><p><b>address</b>: Van Egmondkade 23 Amsterdam 1024 RJ NLD (HOME)</p><p><b>maritalStatus</b>: Getrouwd <span>(Details : {http://hl7.org/fhir/v3/MaritalStatus code 'M' = 'Married', given as 'Married'})</span></p><p><b>multipleBirth</b>: true</p><h3>Contacts</h3><table><tr><td>-</td><td><b>Relationship</b></td><td><b>Name</b></td><td><b>Telecom</b></td></tr><tr><td>*</td><td>Partner <span>(Details : {http://hl7.org/fhir/patient-contact-relationship code 'partner' = 'Partner)</span></td><td>Sarah Abels </td><td>ph: 0690383372(MOBILE)</td></tr></table><h3>Communications</h3><table><tr><td>-</td><td><b>Language</b></td><td><b>Preferred</b></td></tr><tr><td>*</td><td>Nederlands <span>(Details : {urn:ietf:bcp:47 code 'nl' = '??', given as 'Dutch'})</span></td><td>true</td></tr></table><p><b>managingOrganization</b>: <a>Burgers University Medical Centre</a></p></div>"
  },
  "identifier": [
    {
      "use": "usual",
      "system": "urn:oid:2.16.840.1.113883.2.4.6.3",
      "value": "738472983",
      "_value": {
        "fhir_comments": [
          "    BSN identification system    "
        ]
      }
    },
    {
      "fhir_comments": [
        "    BSN identification system    "
      ],
      "use": "usual",
      "system": "urn:oid:2.16.840.1.113883.2.4.6.3"
    }
  ],
  "active": true,
  "name": [
    {
      "use": "usual",
      "family": [
        "van de Heuvel"
      ],
      "given": [
        "Pieter"
      ],
      "suffix": [
        "MSc"
      ]
    }
  ],
  "telecom": [
    {
      "system": "phone",
      "value": "0648352638",
      "use": "mobile"
    },
    {
      "system": "email",
      "value": "p.heuvel@gmail.com",
      "use": "home"
    }
  ],
  "gender": "male",
  "birthDate": "1944-11-17",
  "deceasedBoolean": false,
  "address": [
    {
      "fhir_comments": [
        "    ISO 3166 Codes (Countries)    "
      ],
      "use": "home",
      "line": [
        "Van Egmondkade 23"
      ],
      "city": "Amsterdam",
      "postalCode": "1024 RJ",
      "country": "NLD"
    }
  ],
  "maritalStatus": {
    "coding": [
      {
        "system": "http://hl7.org/fhir/v3/MaritalStatus",
        "code": "M",
        "display": "Married"
      }
    ],
    "text": "Getrouwd"
  },
  "multipleBirthBoolean": true,
  "contact": [
    {
      "relationship": [
        {
          "coding": [
            {
              "system": "http://hl7.org/fhir/patient-contact-relationship",
              "code": "partner"
            }
          ]
        }
      ],
      "name": {
        "use": "usual",
        "family": [
          "Abels"
        ],
        "given": [
          "Sarah"
        ]
      },
      "telecom": [
        {
          "system": "phone",
          "value": "0690383372",
          "use": "mobile"
        }
      ]
    }
  ],
  "communication": [
    {
      "language": {
        "coding": [
          {
            "system": "urn:ietf:bcp:47",
            "code": "nl",
            "_code": {
              "fhir_comments": [
                "    IETF language tag    "
              ]
            },
            "display": "Dutch"
          }
        ],
        "text": "Nederlands"
      },
      "preferred": true
    }
  ],
  "managingOrganization": {
    "reference": "Organization/f001",
    "display": "Burgers University Medical Centre"
  }
}