{"_gender":{"extension":[{"url":"http://nema.org/examples/extensions#gender","valueCoding":{"code":"M","system":"http://nema.org/examples/gender"}}]},"active":true,"extension":[{"url":"http://nema.org/fhir/extensions#0010:1010","valueQuantity":{"unit":"Y","value":56}},{"url":"http://nema.org/fhir/extensions#0010:1020","valueQuantity":{"unit":"m","value":1.83}},{"url":"http://nema.org/fhir/extensions#0010:1030","valueQuantity":{"unit":"kg","value":72.58}}],"gender":"male","id":"dicom","identifier":[{"system":"http://nema.org/examples/patients","value":"MINT1234"}],"managingOrganization":{"reference":"Organization/1"},"name":[{"family":["MINT_TEST"]}],"resourceType":"Patient","text":{"div":"<div> Patient MINT_TEST, ID = MINT1234. Age = 56y, Size =\n      1.83m, Weight = 72.58kg </div>","status":"generated"}}