{"active":true,"birthDate":"1982-08-02","deceasedBoolean":true,"gender":"female","id":"pat4","identifier":[{"system":"urn:oid:0.1.2.3.4.5.6.7","type":{"coding":[{"code":"MR","system":"http://hl7.org/fhir/v2/0203"}]},"use":"usual","value":"123458"}],"managingOrganization":{"display":"ACME Healthcare, Inc","reference":"Organization/1"},"name":[{"family":["Notsowell"],"given":["Sandy"],"use":"official"}],"resourceType":"Patient","text":{"div":"<div>\n      \n      <p>Patient Sandy Notsowell @ Acme Healthcare, Inc. MR = 123458, DECEASED</p>\n    \n    </div>","status":"generated"}}