{"active":true,"birthDate":"1982-01-23","deceasedDateTime":"2015-02-14T13:42:00+10:00","gender":"male","id":"pat3","identifier":[{"system":"urn:oid:0.1.2.3.4.5.6.7","type":{"coding":[{"code":"MR","system":"http://hl7.org/fhir/v2/0203"}]},"use":"usual","value":"123457"}],"managingOrganization":{"display":"ACME Healthcare, Inc","reference":"Organization/1"},"name":[{"family":["Notsowell"],"given":["Simon"],"use":"official"}],"resourceType":"Patient","text":{"div":"<div>\n      \n      <p>Patient Simon Notsowell @ Acme Healthcare, Inc. MR = 123457, DECEASED</p>\n    \n    </div>","status":"generated"}}