{"abstract":false,"base":"http://hl7.org/fhir/StructureDefinition/integer","constrainedType":"integer","contact":[{"telecom":[{"system":"other","value":"http://hl7.org/fhir"}]}],"date":"2015-10-24T07:41:03+11:00","description":"Base StructureDefinition for positiveInt type: An integer with a value that is positive (e.g. >0)","differential":{"element":[{"definition":"An integer with a value that is positive (e.g. >0)","max":"*","min":0,"path":"integer","short":"Primitive Type positiveInt","type":[{"code":"Element"}]},{"definition":"Primitive value for positiveInt","max":"1","min":0,"path":"integer.value","representation":["xmlAttr"],"short":"Primitive value for positiveInt","type":[{"_code":{"extension":[{"url":"http://hl7.org/fhir/StructureDefinition/structuredefinition-json-type","valueString":"number"},{"url":"http://hl7.org/fhir/StructureDefinition/structuredefinition-xml-type","valueString":"xs:positiveInteger"}]},"extension":[{"url":"http://hl7.org/fhir/StructureDefinition/structuredefinition-regex","valueString":"[1-9][0-9]*"}]}]}]},"fhirVersion":"1.0.2","id":"positiveInt","kind":"datatype","name":"positiveInt","publisher":"HL7 FHIR Standard","resourceType":"StructureDefinition","snapshot":{"element":[{"base":{"max":"*","min":0,"path":"integer"},"definition":"An integer with a value that is positive (e.g. >0)","max":"*","min":0,"path":"integer","short":"Primitive Type positiveInt","type":[{"code":"Element"}]},{"alias":["extensions","user content"],"base":{"max":"*","min":0,"path":"integer.extension"},"comments":"There can be no stigma associated with the use of extensions by any application, project, or standard - regardless of the institution or jurisdiction that uses or defines the extensions.  The use of extensions is what allows the FHIR specification to retain a core level of simplicity for everyone.","definition":"May be used to represent additional information that is not part of the basic definition of the resource. In order to make the use of extensions safe and manageable, there is a strict set of governance  applied to the definition and use of extensions. Though any implementer is allowed to define an extension, there is a set of requirements that SHALL be met as part of the definition of the extension.","max":"*","min":0,"path":"integer.extension","short":"Additional Content defined by implementations","type":[{"code":"Extension"}]},{"base":{"max":"1","min":0,"path":"integer.value"},"definition":"Primitive value for positiveInt","max":"1","min":0,"path":"integer.value","representation":["xmlAttr"],"short":"Primitive value for positiveInt","type":[{"_code":{"extension":[{"url":"http://hl7.org/fhir/StructureDefinition/structuredefinition-json-type","valueString":"number"},{"url":"http://hl7.org/fhir/StructureDefinition/structuredefinition-xml-type","valueString":"xs:positiveInteger"}]},"extension":[{"url":"http://hl7.org/fhir/StructureDefinition/structuredefinition-regex","valueString":"[1-9][0-9]*"}]}]}]},"status":"draft","text":{"div":"<div>to do</div>","status":"generated"},"url":"http://hl7.org/fhir/StructureDefinition/positiveInt"}