{"date":"2015-10-24T07:41:03+11:00","group":{"extension":[{"url":"http://hl7.org/fhir/Profile/questionnaire-extensions#flyover","valueString":"A person who is directly or indirectly involved in the provisioning of healthcare."}],"group":[{"extension":[{"url":"http://hl7.org/fhir/Profile/questionnaire-extensions#flyover","valueString":"The logical id of the resource, as used in the URL for the resource. Once assigned, this value never changes. The only time that a resource does not have an id is when it is being submitted to the server using a create operation. Bundles always have an id, though it is usually a generated UUID."},{"url":"http://www.healthintersections.com.au/fhir/Profile/metadata#type","valueString":"string"}],"linkId":"Practitioner.id","question":[{"linkId":"Practitioner.id.value","repeats":false,"required":false,"text":"Logical id of this artifact","type":"string"}],"repeats":true,"required":false},{"extension":[{"url":"http://hl7.org/fhir/Profile/questionnaire-extensions#flyover","valueString":"The metadata about the resource. This is content that is maintained by the infrastructure. Changes to the content may not always be associated with version changes to the resource."}],"linkId":"Practitioner.meta","repeats":true,"required":false,"text":"Metadata about the resource"},{"extension":[{"url":"http://hl7.org/fhir/Profile/questionnaire-extensions#flyover","valueString":"A reference to a set of rules that were followed when the resource was constructed, and which must be understood when processing the content. Asserting this rule set restricts the content to be only understood by a limited set of trading partners. This inherently limits the usefulness of the data in the long term. However, the existing health eco-system is highly fractured, and not yet ready to define, collect, and exchange data in a generally computable sense. Wherever possible, implementers and/or specification writers should avoid using this element as much as possible."},{"url":"http://www.healthintersections.com.au/fhir/Profile/metadata#type","valueString":"uri"}],"linkId":"Practitioner.implicitRules","question":[{"linkId":"Practitioner.implicitRules.value","repeats":false,"required":false,"text":"A set of rules under which this content was created","type":"string"}],"repeats":true,"required":false},{"extension":[{"url":"http://hl7.org/fhir/Profile/questionnaire-extensions#flyover","valueString":"The base language in which the resource is written. Language is provided to support indexing and accessibility (typically, services such as text to speech use the language tag). The html language tag in the narrative applies  to the narrative. The language tag on the resource may be used to specify the language of other presentations generated from the data in the resource  Not all the content has to be in the base language. The Resource.language should not be assumed to apply to the narrative automatically. If a language is specified, it should it also be specified on the div element in the html (see rules in HTML5 for information about the relationship between xml:lang and the html lang attribute)."},{"url":"http://www.healthintersections.com.au/fhir/Profile/metadata#type","valueString":"code"}],"linkId":"Practitioner.language","question":[{"linkId":"Practitioner.language.value","repeats":false,"required":false,"text":"language","type":"choice"}],"repeats":true,"required":false},{"extension":[{"url":"http://hl7.org/fhir/Profile/questionnaire-extensions#flyover","valueString":"A human-readable narrative that contains a summary of the resource, and may be used to represent the content of the resource to a human. The narrative need not encode all the structured data, but is required to contain sufficient detail to make it \"clinically safe\" for a human to just read the narrative. Resource definitions may define what content should be represented in the narrative to ensure clinical safety. Contained resources do not have narrative. Resources that are not contained SHOULD have a narrative."}],"linkId":"Practitioner.text","repeats":true,"required":false,"text":"Text summary of the resource, for human interpretation"},{"extension":[{"url":"http://hl7.org/fhir/Profile/questionnaire-extensions#flyover","valueString":"These resources do not have an independent existence apart from the resource that contains them - they cannot be identified independently, and nor can they have their own independent transaction scope. This should never be done when the content can be identified properly, as once identification is lost, it is extremely difficult (and context dependent) to restore it again."}],"linkId":"Practitioner.contained","repeats":true,"required":false,"text":"Contained, inline Resources"},{"extension":[{"url":"http://hl7.org/fhir/Profile/questionnaire-extensions#flyover","valueString":"May be used to represent additional information that is not part of the basic definition of the resource. In order to make the use of extensions safe and manageable, there is a strict set of governance  applied to the definition and use of extensions. Though any implementer is allowed to define an extension, there is a set of requirements that SHALL be met as part of the definition of the extension. There can be no stigma associated with the use of extensions by any application, project, or standard - regardless of the institution or jurisdiction that uses or defines the extensions.  The use of extensions is what allows the FHIR specification to retain a core level of simplicity for everyone."}],"linkId":"Practitioner.extension","repeats":true,"required":false,"text":"Additional Content defined by implementations"},{"extension":[{"url":"http://hl7.org/fhir/Profile/questionnaire-extensions#flyover","valueString":"May be used to represent additional information that is not part of the basic definition of the resource, and that modifies the understanding of the element that contains it. Usually modifier elements provide negation or qualification. In order to make the use of extensions safe and manageable, there is a strict set of governance applied to the definition and use of extensions. Though any implementer is allowed to define an extension, there is a set of requirements that SHALL be met as part of the definition of the extension. Applications processing a resource are required to check for modifier extensions. There can be no stigma associated with the use of extensions by any application, project, or standard - regardless of the institution or jurisdiction that uses or defines the extensions.  The use of extensions is what allows the FHIR specification to retain a core level of simplicity for everyone."}],"linkId":"Practitioner.modifierExtension","repeats":true,"required":false,"text":"Extensions that cannot be ignored"},{"extension":[{"url":"http://hl7.org/fhir/Profile/questionnaire-extensions#flyover","valueString":"An identifier that applies to this person in this role."},{"url":"http://www.healthintersections.com.au/fhir/Profile/metadata#type","valueString":"Identifier"}],"linkId":"Practitioner.identifier","question":[{"linkId":"Practitioner.identifier.label","repeats":false,"required":false,"text":"label:","type":"string"},{"linkId":"Practitioner.identifier.system","repeats":false,"required":false,"text":"system:","type":"string"},{"linkId":"Practitioner.identifier.value","repeats":false,"required":false,"text":"value:","type":"string"}],"repeats":true,"required":false,"text":"A identifier for the person as this agent"},{"extension":[{"url":"http://hl7.org/fhir/Profile/questionnaire-extensions#flyover","valueString":"Whether this practitioner's record is in active use. Default is true. \n\nIf the practitioner is not in use by one organization, then it should mark the period on the PractitonerRole with an end date (even if they are active) as they may be active in another role."},{"url":"http://www.healthintersections.com.au/fhir/Profile/metadata#type","valueString":"boolean"}],"linkId":"Practitioner.active","question":[{"linkId":"Practitioner.active.value","repeats":false,"required":false,"text":"Whether this practitioner's record is in active use","type":"boolean"}],"repeats":true,"required":false},{"extension":[{"url":"http://hl7.org/fhir/Profile/questionnaire-extensions#flyover","valueString":"A name associated with the person."},{"url":"http://www.healthintersections.com.au/fhir/Profile/metadata#type","valueString":"Name"}],"linkId":"Practitioner.name","question":[{"linkId":"Practitioner.name.text","repeats":false,"required":false,"text":"text:","type":"string"},{"linkId":"Practitioner.name.family","repeats":true,"required":false,"text":"family:","type":"string"},{"linkId":"Practitioner.name.given","repeats":true,"required":false,"text":"given:","type":"string"}],"repeats":true,"required":false,"text":"A name associated with the person"},{"extension":[{"url":"http://hl7.org/fhir/Profile/questionnaire-extensions#flyover","valueString":"A contact detail for the practitioner, e.g. a telephone number or an email address. Person may have multiple ways to be contacted with different uses or applicable periods.  May need to have options for contacting the person urgently, and also to help with identification."},{"url":"http://www.healthintersections.com.au/fhir/Profile/metadata#type","valueString":"ContactPoint"}],"linkId":"Practitioner.telecom","question":[{"linkId":"Practitioner.telecom.system","repeats":false,"required":false,"text":"type:","type":"choice"},{"linkId":"Practitioner.telecom.value","repeats":false,"required":false,"text":"value:","type":"string"},{"linkId":"Practitioner.telecom.use","repeats":false,"required":false,"text":"use:","type":"choice"}],"repeats":true,"required":false,"text":"A contact detail for the practitioner"},{"extension":[{"url":"http://hl7.org/fhir/Profile/questionnaire-extensions#flyover","valueString":"The postal address where the practitioner can be found or visited or to which mail can be delivered."},{"url":"http://www.healthintersections.com.au/fhir/Profile/metadata#type","valueString":"Address"}],"linkId":"Practitioner.address","question":[{"linkId":"Practitioner.address.text","repeats":false,"required":false,"text":"text:","type":"string"},{"linkId":"Practitioner.address.line","repeats":true,"required":false,"text":"line:","type":"string"},{"linkId":"Practitioner.address.city","repeats":false,"required":false,"text":"city:","type":"string"},{"linkId":"Practitioner.address.state","repeats":false,"required":false,"text":"state:","type":"string"},{"linkId":"Practitioner.address.postalCode","repeats":false,"required":false,"text":"post code:","type":"string"},{"linkId":"Practitioner.address.country","repeats":false,"required":false,"text":"country:","type":"string"},{"linkId":"Practitioner.address.use","repeats":false,"required":false,"text":"use:","type":"choice"}],"repeats":true,"required":false,"text":"Where practitioner can be found/visited"},{"extension":[{"url":"http://hl7.org/fhir/Profile/questionnaire-extensions#flyover","valueString":"Administrative Gender - the gender that the person is considered to have for administration and record keeping purposes."},{"url":"http://www.healthintersections.com.au/fhir/Profile/metadata#type","valueString":"code"}],"linkId":"Practitioner.gender","question":[{"linkId":"Practitioner.gender.value","repeats":false,"required":false,"text":"gender","type":"choice"}],"repeats":true,"required":false},{"extension":[{"url":"http://hl7.org/fhir/Profile/questionnaire-extensions#flyover","valueString":"The date of birth for the practitioner."},{"url":"http://www.healthintersections.com.au/fhir/Profile/metadata#type","valueString":"datetime"}],"linkId":"Practitioner.birthDate","question":[{"linkId":"Practitioner.birthDate.value","repeats":false,"required":false,"text":"The date  on which the practitioner was born","type":"dateTime"}],"repeats":true,"required":false},{"extension":[{"url":"http://hl7.org/fhir/Profile/questionnaire-extensions#flyover","valueString":"Image of the person."},{"url":"http://www.healthintersections.com.au/fhir/Profile/metadata#type","valueString":"Attachment"}],"linkId":"Practitioner.photo","repeats":true,"required":false,"text":"Image of the person"},{"extension":[{"url":"http://hl7.org/fhir/Profile/questionnaire-extensions#flyover","valueString":"The list of roles/organizations that the practitioner is associated with."}],"group":[{"extension":[{"url":"http://hl7.org/fhir/Profile/questionnaire-extensions#flyover","valueString":"unique id for the element within a resource (for internal references)."},{"url":"http://www.healthintersections.com.au/fhir/Profile/metadata#type","valueString":"string"}],"linkId":"Practitioner.practitionerRole.id","question":[{"linkId":"Practitioner.practitionerRole.id.value","repeats":false,"required":false,"text":"xml:id (or equivalent in JSON)","type":"string"}],"repeats":true,"required":false},{"extension":[{"url":"http://hl7.org/fhir/Profile/questionnaire-extensions#flyover","valueString":"May be used to represent additional information that is not part of the basic definition of the element. In order to make the use of extensions safe and manageable, there is a strict set of governance  applied to the definition and use of extensions. Though any implementer is allowed to define an extension, there is a set of requirements that SHALL be met as part of the definition of the extension. There can be no stigma associated with the use of extensions by any application, project, or standard - regardless of the institution or jurisdiction that uses or defines the extensions.  The use of extensions is what allows the FHIR specification to retain a core level of simplicity for everyone."}],"linkId":"Practitioner.practitionerRole.extension","repeats":true,"required":false,"text":"Additional Content defined by implementations"},{"extension":[{"url":"http://hl7.org/fhir/Profile/questionnaire-extensions#flyover","valueString":"May be used to represent additional information that is not part of the basic definition of the element, and that modifies the understanding of the element that contains it. Usually modifier elements provide negation or qualification. In order to make the use of extensions safe and manageable, there is a strict set of governance applied to the definition and use of extensions. Though any implementer is allowed to define an extension, there is a set of requirements that SHALL be met as part of the definition of the extension. Applications processing a resource are required to check for modifier extensions. There can be no stigma associated with the use of extensions by any application, project, or standard - regardless of the institution or jurisdiction that uses or defines the extensions.  The use of extensions is what allows the FHIR specification to retain a core level of simplicity for everyone."}],"linkId":"Practitioner.practitionerRole.modifierExtension","repeats":true,"required":false,"text":"Extensions that cannot be ignored"},{"extension":[{"url":"http://hl7.org/fhir/Profile/questionnaire-extensions#flyover","valueString":"The organization where the Practitioner performs the roles associated."},{"url":"http://www.healthintersections.com.au/fhir/Profile/metadata#type","valueString":"Reference"}],"linkId":"Practitioner.practitionerRole.managingOrganization","question":[{"extension":[{"url":"http://www.healthintersections.com.au/fhir/Profile/metadata#reference","valueString":"/Organization?subject=$subj&patient=$subj&encounter=$encounter"}],"linkId":"Practitioner.practitionerRole.managingOrganization.value","repeats":false,"required":false,"text":"Organization where the roles are performed","type":"reference"}],"repeats":true,"required":false},{"extension":[{"url":"http://hl7.org/fhir/Profile/questionnaire-extensions#flyover","valueString":"Roles which this practitioner is authorized to perform for the organization. A person may have more than one role. At least one role is required."},{"url":"http://www.healthintersections.com.au/fhir/Profile/metadata#type","valueString":"CodeableConcept"}],"linkId":"Practitioner.practitionerRole.role","question":[{"linkId":"Practitioner.practitionerRole.role.coding","repeats":false,"required":false,"text":"code:","type":"open-choice"},{"linkId":"Practitioner.practitionerRole.role.text","repeats":false,"required":false,"text":"text:","type":"string"}],"repeats":true,"required":false,"text":"Roles which this practitioner may perform"},{"extension":[{"url":"http://hl7.org/fhir/Profile/questionnaire-extensions#flyover","valueString":"Specific specialty of the practitioner."},{"url":"http://www.healthintersections.com.au/fhir/Profile/metadata#type","valueString":"CodeableConcept"}],"linkId":"Practitioner.practitionerRole.specialty","question":[{"linkId":"Practitioner.practitionerRole.specialty.coding","repeats":false,"required":false,"text":"code:","type":"open-choice"},{"linkId":"Practitioner.practitionerRole.specialty.text","repeats":false,"required":false,"text":"text:","type":"string"}],"repeats":true,"required":false,"text":"Specific specialty of the practitioner"},{"extension":[{"url":"http://hl7.org/fhir/Profile/questionnaire-extensions#flyover","valueString":"The period during which the person is authorized to act as a practitioner in these role(s) for the organization."},{"url":"http://www.healthintersections.com.au/fhir/Profile/metadata#type","valueString":"Period"}],"linkId":"Practitioner.practitionerRole.period","question":[{"linkId":"Practitioner.practitionerRole.period.low","repeats":false,"required":false,"text":"start:","type":"dateTime"},{"linkId":"Practitioner.practitionerRole.period.end","repeats":false,"required":false,"text":"end:","type":"dateTime"}],"repeats":true,"required":false,"text":"The period during which the practitioner is authorized to perform in these role(s)"},{"extension":[{"url":"http://hl7.org/fhir/Profile/questionnaire-extensions#flyover","valueString":"The location(s) at which this practitioner provides care."},{"url":"http://www.healthintersections.com.au/fhir/Profile/metadata#type","valueString":"Reference"}],"linkId":"Practitioner.practitionerRole.location","question":[{"extension":[{"url":"http://www.healthintersections.com.au/fhir/Profile/metadata#reference","valueString":"/Location?subject=$subj&patient=$subj&encounter=$encounter"}],"linkId":"Practitioner.practitionerRole.location.value","repeats":false,"required":false,"text":"The location(s) at which this practitioner provides care","type":"reference"}],"repeats":true,"required":false},{"extension":[{"url":"http://hl7.org/fhir/Profile/questionnaire-extensions#flyover","valueString":"The list of healthcare services that this worker provides for this role's Organization/Location(s)."},{"url":"http://www.healthintersections.com.au/fhir/Profile/metadata#type","valueString":"Reference"}],"linkId":"Practitioner.practitionerRole.healthcareService","question":[{"extension":[{"url":"http://www.healthintersections.com.au/fhir/Profile/metadata#reference","valueString":"/HealthcareService?subject=$subj&patient=$subj&encounter=$encounter"}],"linkId":"Practitioner.practitionerRole.healthcareService.value","repeats":false,"required":false,"text":"The list of healthcare services that this worker provides for this role's Organization/Location(s)","type":"reference"}],"repeats":true,"required":false}],"linkId":"Practitioner.practitionerRole","repeats":true,"required":false,"title":"Roles/organizations the practitioner is associated with"},{"extension":[{"url":"http://hl7.org/fhir/Profile/questionnaire-extensions#flyover","valueString":"Qualifications obtained by training and certification."}],"group":[{"extension":[{"url":"http://hl7.org/fhir/Profile/questionnaire-extensions#flyover","valueString":"unique id for the element within a resource (for internal references)."},{"url":"http://www.healthintersections.com.au/fhir/Profile/metadata#type","valueString":"string"}],"linkId":"Practitioner.qualification.id","question":[{"linkId":"Practitioner.qualification.id.value","repeats":false,"required":false,"text":"xml:id (or equivalent in JSON)","type":"string"}],"repeats":true,"required":false},{"extension":[{"url":"http://hl7.org/fhir/Profile/questionnaire-extensions#flyover","valueString":"May be used to represent additional information that is not part of the basic definition of the element. In order to make the use of extensions safe and manageable, there is a strict set of governance  applied to the definition and use of extensions. Though any implementer is allowed to define an extension, there is a set of requirements that SHALL be met as part of the definition of the extension. There can be no stigma associated with the use of extensions by any application, project, or standard - regardless of the institution or jurisdiction that uses or defines the extensions.  The use of extensions is what allows the FHIR specification to retain a core level of simplicity for everyone."}],"linkId":"Practitioner.qualification.extension","repeats":true,"required":false,"text":"Additional Content defined by implementations"},{"extension":[{"url":"http://hl7.org/fhir/Profile/questionnaire-extensions#flyover","valueString":"May be used to represent additional information that is not part of the basic definition of the element, and that modifies the understanding of the element that contains it. Usually modifier elements provide negation or qualification. In order to make the use of extensions safe and manageable, there is a strict set of governance applied to the definition and use of extensions. Though any implementer is allowed to define an extension, there is a set of requirements that SHALL be met as part of the definition of the extension. Applications processing a resource are required to check for modifier extensions. There can be no stigma associated with the use of extensions by any application, project, or standard - regardless of the institution or jurisdiction that uses or defines the extensions.  The use of extensions is what allows the FHIR specification to retain a core level of simplicity for everyone."}],"linkId":"Practitioner.qualification.modifierExtension","repeats":true,"required":false,"text":"Extensions that cannot be ignored"},{"extension":[{"url":"http://hl7.org/fhir/Profile/questionnaire-extensions#flyover","valueString":"An identifier that applies to this person's qualification in this role."},{"url":"http://www.healthintersections.com.au/fhir/Profile/metadata#type","valueString":"Identifier"}],"linkId":"Practitioner.qualification.identifier","question":[{"linkId":"Practitioner.qualification.identifier.label","repeats":false,"required":false,"text":"label:","type":"string"},{"linkId":"Practitioner.qualification.identifier.system","repeats":false,"required":false,"text":"system:","type":"string"},{"linkId":"Practitioner.qualification.identifier.value","repeats":false,"required":false,"text":"value:","type":"string"}],"repeats":true,"required":false,"text":"An identifier for this qualification for the practitioner"},{"extension":[{"url":"http://hl7.org/fhir/Profile/questionnaire-extensions#flyover","valueString":"Coded representation of the qualification."},{"url":"http://www.healthintersections.com.au/fhir/Profile/metadata#type","valueString":"CodeableConcept"}],"linkId":"Practitioner.qualification.code","question":[{"linkId":"Practitioner.qualification.code.coding","repeats":false,"required":false,"text":"code:","type":"open-choice"},{"linkId":"Practitioner.qualification.code.text","repeats":false,"required":false,"text":"text:","type":"string"}],"repeats":true,"required":true,"text":"Coded representation of the qualification"},{"extension":[{"url":"http://hl7.org/fhir/Profile/questionnaire-extensions#flyover","valueString":"Period during which the qualification is valid."},{"url":"http://www.healthintersections.com.au/fhir/Profile/metadata#type","valueString":"Period"}],"linkId":"Practitioner.qualification.period","question":[{"linkId":"Practitioner.qualification.period.low","repeats":false,"required":false,"text":"start:","type":"dateTime"},{"linkId":"Practitioner.qualification.period.end","repeats":false,"required":false,"text":"end:","type":"dateTime"}],"repeats":true,"required":false,"text":"Period during which the qualification is valid"},{"extension":[{"url":"http://hl7.org/fhir/Profile/questionnaire-extensions#flyover","valueString":"Organization that regulates and issues the qualification."},{"url":"http://www.healthintersections.com.au/fhir/Profile/metadata#type","valueString":"Reference"}],"linkId":"Practitioner.qualification.issuer","question":[{"extension":[{"url":"http://www.healthintersections.com.au/fhir/Profile/metadata#reference","valueString":"/Organization?subject=$subj&patient=$subj&encounter=$encounter"}],"linkId":"Practitioner.qualification.issuer.value","repeats":false,"required":false,"text":"Organization that regulates and issues the qualification","type":"reference"}],"repeats":true,"required":false}],"linkId":"Practitioner.qualification","repeats":true,"required":false,"title":"Qualifications obtained by training and certification"},{"extension":[{"url":"http://hl7.org/fhir/Profile/questionnaire-extensions#flyover","valueString":"A language the practitioner is able to use in patient communication. The structure aa-BB with this exact casing is one the most widely used notations for locale. However not all systems actually code this but instead have it as free text. Hence CodeableConcept instead of code as the data type."},{"url":"http://www.healthintersections.com.au/fhir/Profile/metadata#type","valueString":"CodeableConcept"}],"linkId":"Practitioner.communication","question":[{"linkId":"Practitioner.communication.coding","repeats":false,"required":false,"text":"code:","type":"choice"},{"linkId":"Practitioner.communication.text","repeats":false,"required":false,"text":"text:","type":"string"}],"repeats":true,"required":false,"text":"A language the practitioner is able to use in patient communication"}],"linkId":"Practitioner","repeats":true,"required":false,"text":"Note that a cab driver no longer fits the bill. You probably would be interested in the organization rather than the individual?","title":"A person with a  formal responsibility in the provisioning of healthcare or related services"},"id":"qs1","identifier":[{"system":"urn:ietf:rfc:3986"}],"publisher":"Health Level Seven International (Patient Administration)","resourceType":"Questionnaire","status":"draft"}