{"contained":[{"description":"Type options for Goal.subject","expansion":{"contains":[{"code":"qicore-patient","display":"qicore-patient","system":"http://hl7.org/fhir/resource-types"},{"code":"Group","display":"Group","system":"http://hl7.org/fhir/resource-types"},{"code":"qicore-organization","display":"qicore-organization","system":"http://hl7.org/fhir/resource-types"}],"identifier":"urn:uuid:49ba0468-f932-43bf-8bd3-785350a00ca4","timestamp":"2015-10-24T07:44:36+11:00"},"id":"vs2","name":"Type options for Goal.subject","resourceType":"ValueSet","status":"active"},{"description":"Type options for Goal.start[x]","expansion":{"contains":[{"code":"date","display":"date","system":"http://hl7.org/fhir/data-types"},{"code":"CodeableConcept","display":"CodeableConcept","system":"http://hl7.org/fhir/data-types"}],"identifier":"urn:uuid:d72405d7-51a0-4483-8647-8b9c6938cc36","timestamp":"2015-10-24T07:44:36+11:00"},"id":"vs3","name":"Type options for Goal.start[x]","resourceType":"ValueSet","status":"active"},{"description":"Type options for Goal.target[x]","expansion":{"contains":[{"code":"date","display":"date","system":"http://hl7.org/fhir/data-types"},{"code":"http://hl7.org/fhir/StructureDefinition/Duration","display":"Quantity","system":"http://hl7.org/fhir/resource-types"}],"identifier":"urn:uuid:ab332c2b-dec5-4eae-98a7-2f66d46a039d","timestamp":"2015-10-24T07:44:36+11:00"},"id":"vs4","name":"Type options for Goal.target[x]","resourceType":"ValueSet","status":"active"},{"description":"Type options for Goal.author","expansion":{"contains":[{"code":"Patient","display":"Patient","system":"http://hl7.org/fhir/resource-types"},{"code":"Practitioner","display":"Practitioner","system":"http://hl7.org/fhir/resource-types"},{"code":"RelatedPerson","display":"RelatedPerson","system":"http://hl7.org/fhir/resource-types"}],"identifier":"urn:uuid:418068f8-e5a5-42fc-8d5c-26ecd1a77847","timestamp":"2015-10-24T07:44:36+11:00"},"id":"vs5","name":"Type options for Goal.author","resourceType":"ValueSet","status":"active"},{"description":"Type options for Goal.addresses","expansion":{"contains":[{"code":"qicore-condition","display":"qicore-condition","system":"http://hl7.org/fhir/resource-types"},{"code":"qicore-observation","display":"qicore-observation","system":"http://hl7.org/fhir/resource-types"},{"code":"qicore-medicationstatement","display":"qicore-medicationstatement","system":"http://hl7.org/fhir/resource-types"},{"code":"NutritionOrder","display":"NutritionOrder","system":"http://hl7.org/fhir/resource-types"},{"code":"qicore-procedurerequest","display":"qicore-procedurerequest","system":"http://hl7.org/fhir/resource-types"},{"code":"RiskAssessment","display":"RiskAssessment","system":"http://hl7.org/fhir/resource-types"}],"identifier":"urn:uuid:c4cc1db5-d893-420b-bd1a-374004dc4d5d","timestamp":"2015-10-24T07:44:36+11:00"},"id":"vs6","name":"Type options for Goal.addresses","resourceType":"ValueSet","status":"active"},{"description":"Type options for Goal.outcome.result[x]","expansion":{"contains":[{"code":"CodeableConcept","display":"CodeableConcept","system":"http://hl7.org/fhir/data-types"},{"code":"Observation","display":"Observation","system":"http://hl7.org/fhir/resource-types"}],"identifier":"urn:uuid:ede28cfc-bd28-419d-ac78-c2bcaaab2e80","timestamp":"2015-10-24T07:44:36+11:00"},"id":"vs7","name":"Type options for Goal.outcome.result[x]","resourceType":"ValueSet","status":"active"}],"date":"2015-02-27T00:00:00+11:00","group":{"extension":[{"url":"http://hl7.org/fhir/Profile/questionnaire-extensions#flyover","valueString":"Describes the intended objective(s) for a patient, group or organization care, for example, weight loss, restoring an activity of daily living, obtaining herd immunity via immunization, meeting a process improvement objective, etc."}],"group":[{"extension":[{"url":"http://hl7.org/fhir/Profile/questionnaire-extensions#flyover","valueString":"The logical id of the resource, as used in the URL for the resource. Once assigned, this value never changes. The only time that a resource does not have an id is when it is being submitted to the server using a create operation. Bundles always have an id, though it is usually a generated UUID."},{"url":"http://www.healthintersections.com.au/fhir/Profile/metadata#type","valueString":"string"}],"linkId":"Goal.id","question":[{"linkId":"Goal.id.value","repeats":false,"required":false,"text":"Logical id of this artifact","type":"string"}],"repeats":true,"required":false},{"extension":[{"url":"http://hl7.org/fhir/Profile/questionnaire-extensions#flyover","valueString":"The metadata about the resource. This is content that is maintained by the infrastructure. Changes to the content may not always be associated with version changes to the resource."}],"linkId":"Goal.meta","repeats":true,"required":false,"text":"Metadata about the resource"},{"extension":[{"url":"http://hl7.org/fhir/Profile/questionnaire-extensions#flyover","valueString":"A reference to a set of rules that were followed when the resource was constructed, and which must be understood when processing the content. Asserting this rule set restricts the content to be only understood by a limited set of trading partners. This inherently limits the usefulness of the data in the long term. However, the existing health eco-system is highly fractured, and not yet ready to define, collect, and exchange data in a generally computable sense. Wherever possible, implementers and/or specification writers should avoid using this element as much as possible."},{"url":"http://www.healthintersections.com.au/fhir/Profile/metadata#type","valueString":"uri"}],"linkId":"Goal.implicitRules","question":[{"linkId":"Goal.implicitRules.value","repeats":false,"required":false,"text":"A set of rules under which this content was created","type":"string"}],"repeats":true,"required":false},{"extension":[{"url":"http://hl7.org/fhir/Profile/questionnaire-extensions#flyover","valueString":"The base language in which the resource is written. Language is provided to support indexing and accessibility (typically, services such as text to speech use the language tag). The html language tag in the narrative applies  to the narrative. The language tag on the resource may be used to specify the language of other presentations generated from the data in the resource  Not all the content has to be in the base language. The Resource.language should not be assumed to apply to the narrative automatically. If a language is specified, it should it also be specified on the div element in the html (see rules in HTML5 for information about the relationship between xml:lang and the html lang attribute)."},{"url":"http://www.healthintersections.com.au/fhir/Profile/metadata#type","valueString":"code"}],"linkId":"Goal.language","question":[{"linkId":"Goal.language.value","repeats":false,"required":false,"text":"language","type":"choice"}],"repeats":true,"required":false},{"extension":[{"url":"http://hl7.org/fhir/Profile/questionnaire-extensions#flyover","valueString":"A human-readable narrative that contains a summary of the resource, and may be used to represent the content of the resource to a human. The narrative need not encode all the structured data, but is required to contain sufficient detail to make it \"clinically safe\" for a human to just read the narrative. Resource definitions may define what content should be represented in the narrative to ensure clinical safety. Contained resources do not have narrative. Resources that are not contained SHOULD have a narrative."}],"linkId":"Goal.text","repeats":true,"required":false,"text":"Text summary of the resource, for human interpretation"},{"extension":[{"url":"http://hl7.org/fhir/Profile/questionnaire-extensions#flyover","valueString":"These resources do not have an independent existence apart from the resource that contains them - they cannot be identified independently, and nor can they have their own independent transaction scope. This should never be done when the content can be identified properly, as once identification is lost, it is extremely difficult (and context dependent) to restore it again."}],"linkId":"Goal.contained","repeats":true,"required":false,"text":"Contained, inline Resources"},{"extension":[{"url":"http://hl7.org/fhir/Profile/questionnaire-extensions#flyover","valueString":"May be used to represent additional information that is not part of the basic definition of the resource. In order to make the use of extensions safe and manageable, there is a strict set of governance  applied to the definition and use of extensions. Though any implementer is allowed to define an extension, there is a set of requirements that SHALL be met as part of the definition of the extension. There can be no stigma associated with the use of extensions by any application, project, or standard - regardless of the institution or jurisdiction that uses or defines the extensions.  The use of extensions is what allows the FHIR specification to retain a core level of simplicity for everyone."}],"linkId":"Goal.extension","repeats":true,"required":false,"text":"Additional Content defined by implementations"},{"extension":[{"url":"http://hl7.org/fhir/Profile/questionnaire-extensions#flyover","valueString":"May be used to represent additional information that is not part of the basic definition of the resource, and that modifies the understanding of the element that contains it. Usually modifier elements provide negation or qualification. In order to make the use of extensions safe and manageable, there is a strict set of governance applied to the definition and use of extensions. Though any implementer is allowed to define an extension, there is a set of requirements that SHALL be met as part of the definition of the extension. Applications processing a resource are required to check for modifier extensions. There can be no stigma associated with the use of extensions by any application, project, or standard - regardless of the institution or jurisdiction that uses or defines the extensions.  The use of extensions is what allows the FHIR specification to retain a core level of simplicity for everyone."}],"linkId":"Goal.modifierExtension","repeats":true,"required":false,"text":"Extensions that cannot be ignored"},{"extension":[{"url":"http://hl7.org/fhir/Profile/questionnaire-extensions#flyover","valueString":"This records identifiers associated with this care plan that are defined by business processes and/or used to refer to it when a direct URL reference to the resource itself is not appropriate (e.g. in CDA documents, or in written / printed documentation)."},{"url":"http://www.healthintersections.com.au/fhir/Profile/metadata#type","valueString":"Identifier"}],"linkId":"Goal.identifier","question":[{"linkId":"Goal.identifier.label","repeats":false,"required":false,"text":"label:","type":"string"},{"linkId":"Goal.identifier.system","repeats":false,"required":false,"text":"system:","type":"string"},{"linkId":"Goal.identifier.value","repeats":false,"required":false,"text":"value:","type":"string"}],"repeats":true,"required":false,"text":"External Ids for this goal"},{"extension":[{"url":"http://hl7.org/fhir/Profile/questionnaire-extensions#flyover","valueString":"Identifies the patient, group or organization for whom the goal is being established."}],"linkId":"Goal.subject","question":[{"group":[{"extension":[{"url":"http://www.healthintersections.com.au/fhir/Profile/metadata#type","valueString":"Reference"}],"linkId":"Goal.subject._qicore-patient","question":[{"extension":[{"url":"http://www.healthintersections.com.au/fhir/Profile/metadata#reference","valueString":"/qicore-patient?subject=$subj&patient=$subj&encounter=$encounter"}],"linkId":"Goal.subject._qicore-patient.value","repeats":false,"required":false,"text":"qicore-patient","type":"reference"}]},{"extension":[{"url":"http://www.healthintersections.com.au/fhir/Profile/metadata#type","valueString":"Reference"}],"linkId":"Goal.subject._Group","question":[{"extension":[{"url":"http://www.healthintersections.com.au/fhir/Profile/metadata#reference","valueString":"/Group?subject=$subj&patient=$subj&encounter=$encounter"}],"linkId":"Goal.subject._Group.value","repeats":false,"required":false,"text":"Group","type":"reference"}]},{"extension":[{"url":"http://www.healthintersections.com.au/fhir/Profile/metadata#type","valueString":"Reference"}],"linkId":"Goal.subject._qicore-organization","question":[{"extension":[{"url":"http://www.healthintersections.com.au/fhir/Profile/metadata#reference","valueString":"/qicore-organization?subject=$subj&patient=$subj&encounter=$encounter"}],"linkId":"Goal.subject._qicore-organization.value","repeats":false,"required":false,"text":"qicore-organization","type":"reference"}]}],"linkId":"Goal.subject._type","options":{"reference":"#vs2"},"repeats":false,"required":false,"text":"type","type":"choice"}],"repeats":true,"required":false,"text":"Who this goal is intended for"},{"extension":[{"url":"http://hl7.org/fhir/Profile/questionnaire-extensions#flyover","valueString":"The date or event after which the goal should begin being pursued."}],"linkId":"Goal.start[x]","question":[{"group":[{"extension":[{"url":"http://www.healthintersections.com.au/fhir/Profile/metadata#type","valueString":"datetime"}],"linkId":"Goal.start[x]._date","question":[{"linkId":"Goal.start[x]._date.value","repeats":false,"required":false,"text":"date","type":"dateTime"}]},{"extension":[{"url":"http://www.healthintersections.com.au/fhir/Profile/metadata#type","valueString":"CodeableConcept"}],"linkId":"Goal.start[x]._CodeableConcept","question":[{"linkId":"Goal.start[x]._CodeableConcept.coding","repeats":false,"required":false,"text":"code:","type":"open-choice"},{"linkId":"Goal.start[x]._CodeableConcept.text","repeats":false,"required":false,"text":"text:","type":"string"}],"text":"CodeableConcept"}],"linkId":"Goal.start[x]._type","options":{"reference":"#vs3"},"repeats":false,"required":false,"text":"type","type":"choice"}],"repeats":true,"required":false,"text":"When goal pursuit begins"},{"extension":[{"url":"http://hl7.org/fhir/Profile/questionnaire-extensions#flyover","valueString":"Indicates either the date or the duration after start by which the goal should be met."}],"linkId":"Goal.target[x]","question":[{"group":[{"extension":[{"url":"http://www.healthintersections.com.au/fhir/Profile/metadata#type","valueString":"datetime"}],"linkId":"Goal.target[x]._date","question":[{"linkId":"Goal.target[x]._date.value","repeats":false,"required":false,"text":"date","type":"dateTime"}]},{"extension":[{"url":"http://www.healthintersections.com.au/fhir/Profile/metadata#type","valueString":"Quantity"}],"linkId":"Goal.target[x]._http://hl7.org/fhir/StructureDefinition/Duration","question":[{"linkId":"Goal.target[x]._http://hl7.org/fhir/StructureDefinition/Duration.comparator","repeats":false,"required":false,"text":"comp:","type":"choice"},{"linkId":"Goal.target[x]._http://hl7.org/fhir/StructureDefinition/Duration.value","repeats":false,"required":false,"text":"value:","type":"decimal"},{"linkId":"Goal.target[x]._http://hl7.org/fhir/StructureDefinition/Duration.units","repeats":false,"required":false,"text":"units:","type":"string"},{"linkId":"Goal.target[x]._http://hl7.org/fhir/StructureDefinition/Duration.code","repeats":false,"required":false,"text":"coded units:","type":"string"},{"linkId":"Goal.target[x]._http://hl7.org/fhir/StructureDefinition/Duration.system","repeats":false,"required":false,"text":"units system:","type":"string"}],"text":"http://hl7.org/fhir/StructureDefinition/Duration"}],"linkId":"Goal.target[x]._type","options":{"reference":"#vs4"},"repeats":false,"required":false,"text":"type","type":"choice"}],"repeats":true,"required":false,"text":"Reach goal on or before"},{"extension":[{"url":"http://hl7.org/fhir/Profile/questionnaire-extensions#flyover","valueString":"Indicates a category the goal falls within."},{"url":"http://www.healthintersections.com.au/fhir/Profile/metadata#type","valueString":"CodeableConcept"}],"linkId":"Goal.category","question":[{"linkId":"Goal.category.coding","repeats":false,"required":false,"text":"code:","type":"open-choice"},{"linkId":"Goal.category.text","repeats":false,"required":false,"text":"text:","type":"string"}],"repeats":true,"required":false,"text":"E.g. Treatment, dietary, behavioral, etc."},{"extension":[{"url":"http://hl7.org/fhir/Profile/questionnaire-extensions#flyover","valueString":"Human-readable description of a specific desired objective of care."},{"url":"http://www.healthintersections.com.au/fhir/Profile/metadata#type","valueString":"string"}],"linkId":"Goal.description","question":[{"linkId":"Goal.description.value","repeats":false,"required":false,"text":"What's the desired outcome?","type":"string"}],"repeats":true,"required":true},{"extension":[{"url":"http://hl7.org/fhir/Profile/questionnaire-extensions#flyover","valueString":"Indicates whether the goal has been reached and is still considered relevant."},{"url":"http://www.healthintersections.com.au/fhir/Profile/metadata#type","valueString":"code"}],"linkId":"Goal.status","question":[{"linkId":"Goal.status.value","repeats":false,"required":false,"text":"status","type":"choice"}],"repeats":true,"required":true},{"extension":[{"url":"http://hl7.org/fhir/Profile/questionnaire-extensions#flyover","valueString":"Identifies when the current status.  I.e. When initially created, when achieved, when cancelled, etc. To see the date for past statuses, query history."},{"url":"http://www.healthintersections.com.au/fhir/Profile/metadata#type","valueString":"datetime"}],"linkId":"Goal.statusDate","question":[{"linkId":"Goal.statusDate.value","repeats":false,"required":false,"text":"When goal status took effect","type":"dateTime"}],"repeats":true,"required":false},{"extension":[{"url":"http://hl7.org/fhir/Profile/questionnaire-extensions#flyover","valueString":"Captures the reason for the current status. This will typically be captured for statuses such as rejected, on-hold or cancelled, but could be present for others."},{"url":"http://www.healthintersections.com.au/fhir/Profile/metadata#type","valueString":"CodeableConcept"}],"linkId":"Goal.statusReason","question":[{"linkId":"Goal.statusReason.coding","repeats":false,"required":false,"text":"code:","type":"open-choice"},{"linkId":"Goal.statusReason.text","repeats":false,"required":false,"text":"text:","type":"string"}],"repeats":true,"required":false,"text":"Reason for current status"},{"extension":[{"url":"http://hl7.org/fhir/Profile/questionnaire-extensions#flyover","valueString":"Indicates whose goal this is - patient goal, practitioner goal, etc. This is the individual reponsible for establishing the goal, not necessarily who recorded it.  (For that, use the Provenance resource.)."}],"linkId":"Goal.author","question":[{"group":[{"extension":[{"url":"http://www.healthintersections.com.au/fhir/Profile/metadata#type","valueString":"Reference"}],"linkId":"Goal.author._Patient","question":[{"extension":[{"url":"http://www.healthintersections.com.au/fhir/Profile/metadata#reference","valueString":"/Patient?subject=$subj&patient=$subj&encounter=$encounter"}],"linkId":"Goal.author._Patient.value","repeats":false,"required":false,"text":"Patient","type":"reference"}]},{"extension":[{"url":"http://www.healthintersections.com.au/fhir/Profile/metadata#type","valueString":"Reference"}],"linkId":"Goal.author._Practitioner","question":[{"extension":[{"url":"http://www.healthintersections.com.au/fhir/Profile/metadata#reference","valueString":"/Practitioner?subject=$subj&patient=$subj&encounter=$encounter"}],"linkId":"Goal.author._Practitioner.value","repeats":false,"required":false,"text":"Practitioner","type":"reference"}]},{"extension":[{"url":"http://www.healthintersections.com.au/fhir/Profile/metadata#type","valueString":"Reference"}],"linkId":"Goal.author._RelatedPerson","question":[{"extension":[{"url":"http://www.healthintersections.com.au/fhir/Profile/metadata#reference","valueString":"/RelatedPerson?subject=$subj&patient=$subj&encounter=$encounter"}],"linkId":"Goal.author._RelatedPerson.value","repeats":false,"required":false,"text":"RelatedPerson","type":"reference"}]}],"linkId":"Goal.author._type","options":{"reference":"#vs5"},"repeats":false,"required":false,"text":"type","type":"choice"}],"repeats":true,"required":false,"text":"Who's responsible for creating Goal?"},{"extension":[{"url":"http://hl7.org/fhir/Profile/questionnaire-extensions#flyover","valueString":"Identifies the mutually agreed level of importance associated with reaching/sustaining the goal. Extensions are available to track priorities as established by each participant (i.e. Priority from the patient's perspective, different practitioners' perspectives, family member's perspectives)\n\nThe ordinal extension on Coding can be used to convey a numerically comparable ranking to priority.  (Keep in mind that different coding systems may use a \"low value=important\"."},{"url":"http://www.healthintersections.com.au/fhir/Profile/metadata#type","valueString":"CodeableConcept"}],"linkId":"Goal.priority","question":[{"linkId":"Goal.priority.coding","repeats":false,"required":false,"text":"code:","type":"open-choice"},{"linkId":"Goal.priority.text","repeats":false,"required":false,"text":"text:","type":"string"}],"repeats":true,"required":false,"text":"high | medium |low"},{"extension":[{"url":"http://hl7.org/fhir/Profile/questionnaire-extensions#flyover","valueString":"The identified conditions and other health record elements that are intended to be addressed by the goal."}],"linkId":"Goal.addresses","question":[{"group":[{"extension":[{"url":"http://www.healthintersections.com.au/fhir/Profile/metadata#type","valueString":"Reference"}],"linkId":"Goal.addresses._qicore-condition","question":[{"extension":[{"url":"http://www.healthintersections.com.au/fhir/Profile/metadata#reference","valueString":"/qicore-condition?subject=$subj&patient=$subj&encounter=$encounter"}],"linkId":"Goal.addresses._qicore-condition.value","repeats":false,"required":false,"text":"qicore-condition","type":"reference"}]},{"extension":[{"url":"http://www.healthintersections.com.au/fhir/Profile/metadata#type","valueString":"Reference"}],"linkId":"Goal.addresses._qicore-observation","question":[{"extension":[{"url":"http://www.healthintersections.com.au/fhir/Profile/metadata#reference","valueString":"/qicore-observation?subject=$subj&patient=$subj&encounter=$encounter"}],"linkId":"Goal.addresses._qicore-observation.value","repeats":false,"required":false,"text":"qicore-observation","type":"reference"}]},{"extension":[{"url":"http://www.healthintersections.com.au/fhir/Profile/metadata#type","valueString":"Reference"}],"linkId":"Goal.addresses._qicore-medicationstatement","question":[{"extension":[{"url":"http://www.healthintersections.com.au/fhir/Profile/metadata#reference","valueString":"/qicore-medicationstatement?subject=$subj&patient=$subj&encounter=$encounter"}],"linkId":"Goal.addresses._qicore-medicationstatement.value","repeats":false,"required":false,"text":"qicore-medicationstatement","type":"reference"}]},{"extension":[{"url":"http://www.healthintersections.com.au/fhir/Profile/metadata#type","valueString":"Reference"}],"linkId":"Goal.addresses._NutritionOrder","question":[{"extension":[{"url":"http://www.healthintersections.com.au/fhir/Profile/metadata#reference","valueString":"/NutritionOrder?subject=$subj&patient=$subj&encounter=$encounter"}],"linkId":"Goal.addresses._NutritionOrder.value","repeats":false,"required":false,"text":"NutritionOrder","type":"reference"}]},{"extension":[{"url":"http://www.healthintersections.com.au/fhir/Profile/metadata#type","valueString":"Reference"}],"linkId":"Goal.addresses._qicore-procedurerequest","question":[{"extension":[{"url":"http://www.healthintersections.com.au/fhir/Profile/metadata#reference","valueString":"/qicore-procedurerequest?subject=$subj&patient=$subj&encounter=$encounter"}],"linkId":"Goal.addresses._qicore-procedurerequest.value","repeats":false,"required":false,"text":"qicore-procedurerequest","type":"reference"}]},{"extension":[{"url":"http://www.healthintersections.com.au/fhir/Profile/metadata#type","valueString":"Reference"}],"linkId":"Goal.addresses._RiskAssessment","question":[{"extension":[{"url":"http://www.healthintersections.com.au/fhir/Profile/metadata#reference","valueString":"/RiskAssessment?subject=$subj&patient=$subj&encounter=$encounter"}],"linkId":"Goal.addresses._RiskAssessment.value","repeats":false,"required":false,"text":"RiskAssessment","type":"reference"}]}],"linkId":"Goal.addresses._type","options":{"reference":"#vs6"},"repeats":false,"required":false,"text":"type","type":"choice"}],"repeats":true,"required":false,"text":"Issues addressed by this goal"},{"extension":[{"url":"http://hl7.org/fhir/Profile/questionnaire-extensions#flyover","valueString":"Any comments related to the goal. May be used for progress notes, concerns or other related information that doesn't actually describe the goal itself."},{"url":"http://www.healthintersections.com.au/fhir/Profile/metadata#type","valueString":"Annotation"}],"linkId":"Goal.note","repeats":true,"required":false,"text":"Comments about the goal"},{"extension":[{"url":"http://hl7.org/fhir/Profile/questionnaire-extensions#flyover","valueString":"Identifies the change (or lack of change) at the point where the goal was deepmed to be cancelled or achieved."}],"group":[{"extension":[{"url":"http://hl7.org/fhir/Profile/questionnaire-extensions#flyover","valueString":"unique id for the element within a resource (for internal references)."},{"url":"http://www.healthintersections.com.au/fhir/Profile/metadata#type","valueString":"string"}],"linkId":"Goal.outcome.id","question":[{"linkId":"Goal.outcome.id.value","repeats":false,"required":false,"text":"xml:id (or equivalent in JSON)","type":"string"}],"repeats":true,"required":false},{"extension":[{"url":"http://hl7.org/fhir/Profile/questionnaire-extensions#flyover","valueString":"May be used to represent additional information that is not part of the basic definition of the element. In order to make the use of extensions safe and manageable, there is a strict set of governance  applied to the definition and use of extensions. Though any implementer is allowed to define an extension, there is a set of requirements that SHALL be met as part of the definition of the extension. There can be no stigma associated with the use of extensions by any application, project, or standard - regardless of the institution or jurisdiction that uses or defines the extensions.  The use of extensions is what allows the FHIR specification to retain a core level of simplicity for everyone."}],"linkId":"Goal.outcome.extension","repeats":true,"required":false,"text":"Additional Content defined by implementations"},{"extension":[{"url":"http://hl7.org/fhir/Profile/questionnaire-extensions#flyover","valueString":"May be used to represent additional information that is not part of the basic definition of the element, and that modifies the understanding of the element that contains it. Usually modifier elements provide negation or qualification. In order to make the use of extensions safe and manageable, there is a strict set of governance applied to the definition and use of extensions. Though any implementer is allowed to define an extension, there is a set of requirements that SHALL be met as part of the definition of the extension. Applications processing a resource are required to check for modifier extensions. There can be no stigma associated with the use of extensions by any application, project, or standard - regardless of the institution or jurisdiction that uses or defines the extensions.  The use of extensions is what allows the FHIR specification to retain a core level of simplicity for everyone."}],"linkId":"Goal.outcome.modifierExtension","repeats":true,"required":false,"text":"Extensions that cannot be ignored"},{"extension":[{"url":"http://hl7.org/fhir/Profile/questionnaire-extensions#flyover","valueString":"Details of what's changed (or not changed)."}],"linkId":"Goal.outcome.result[x]","question":[{"group":[{"extension":[{"url":"http://www.healthintersections.com.au/fhir/Profile/metadata#type","valueString":"CodeableConcept"}],"linkId":"Goal.outcome.result[x]._CodeableConcept","question":[{"linkId":"Goal.outcome.result[x]._CodeableConcept.coding","repeats":false,"required":false,"text":"code:","type":"open-choice"},{"linkId":"Goal.outcome.result[x]._CodeableConcept.text","repeats":false,"required":false,"text":"text:","type":"string"}],"text":"CodeableConcept"},{"extension":[{"url":"http://www.healthintersections.com.au/fhir/Profile/metadata#type","valueString":"Reference"}],"linkId":"Goal.outcome.result[x]._Observation","question":[{"extension":[{"url":"http://www.healthintersections.com.au/fhir/Profile/metadata#reference","valueString":"/Observation?subject=$subj&patient=$subj&encounter=$encounter"}],"linkId":"Goal.outcome.result[x]._Observation.value","repeats":false,"required":false,"text":"Observation","type":"reference"}]}],"linkId":"Goal.outcome.result[x]._type","options":{"reference":"#vs7"},"repeats":false,"required":false,"text":"type","type":"choice"}],"repeats":true,"required":false,"text":"Code or observation that resulted from goal"}],"linkId":"Goal.outcome","repeats":true,"required":false,"text":"Note that this should not duplicate the goal status.","title":"What was end result of goal?"}],"linkId":"Goal","repeats":true,"required":false,"text":"Goal can be achieving a particular change or merely maintaining a current state or even slowing a decline.","title":"Describes the intended objective(s) for a patient, group or organization"},"id":"qs1","identifier":[{"system":"urn:ietf:rfc:3986"}],"publisher":"Health Level Seven International (Clinical Quality Information - QICore)","resourceType":"Questionnaire","status":"draft"}