{"date":"2015-02-27T00:00:00+11:00","group":{"extension":[{"url":"http://hl7.org/fhir/Profile/questionnaire-extensions#flyover","valueString":"A formally or informally recognized grouping of people or organizations formed for the purpose of achieving some form of collective action.  Includes companies, institutions, corporations, departments, community groups, healthcare practice groups, etc."}],"group":[{"extension":[{"url":"http://hl7.org/fhir/Profile/questionnaire-extensions#flyover","valueString":"The logical id of the resource, as used in the URL for the resource. Once assigned, this value never changes. The only time that a resource does not have an id is when it is being submitted to the server using a create operation. Bundles always have an id, though it is usually a generated UUID."},{"url":"http://www.healthintersections.com.au/fhir/Profile/metadata#type","valueString":"string"}],"linkId":"Organization.id","question":[{"linkId":"Organization.id.value","repeats":false,"required":false,"text":"Logical id of this artifact","type":"string"}],"repeats":true,"required":false},{"extension":[{"url":"http://hl7.org/fhir/Profile/questionnaire-extensions#flyover","valueString":"The metadata about the resource. This is content that is maintained by the infrastructure. Changes to the content may not always be associated with version changes to the resource."}],"linkId":"Organization.meta","repeats":true,"required":false,"text":"Metadata about the resource"},{"extension":[{"url":"http://hl7.org/fhir/Profile/questionnaire-extensions#flyover","valueString":"A reference to a set of rules that were followed when the resource was constructed, and which must be understood when processing the content. Asserting this rule set restricts the content to be only understood by a limited set of trading partners. This inherently limits the usefulness of the data in the long term. However, the existing health eco-system is highly fractured, and not yet ready to define, collect, and exchange data in a generally computable sense. Wherever possible, implementers and/or specification writers should avoid using this element as much as possible."},{"url":"http://www.healthintersections.com.au/fhir/Profile/metadata#type","valueString":"uri"}],"linkId":"Organization.implicitRules","question":[{"linkId":"Organization.implicitRules.value","repeats":false,"required":false,"text":"A set of rules under which this content was created","type":"string"}],"repeats":true,"required":false},{"extension":[{"url":"http://hl7.org/fhir/Profile/questionnaire-extensions#flyover","valueString":"The base language in which the resource is written. Language is provided to support indexing and accessibility (typically, services such as text to speech use the language tag). The html language tag in the narrative applies  to the narrative. The language tag on the resource may be used to specify the language of other presentations generated from the data in the resource  Not all the content has to be in the base language. The Resource.language should not be assumed to apply to the narrative automatically. If a language is specified, it should it also be specified on the div element in the html (see rules in HTML5 for information about the relationship between xml:lang and the html lang attribute)."},{"url":"http://www.healthintersections.com.au/fhir/Profile/metadata#type","valueString":"code"}],"linkId":"Organization.language","question":[{"linkId":"Organization.language.value","repeats":false,"required":false,"text":"language","type":"choice"}],"repeats":true,"required":false},{"extension":[{"url":"http://hl7.org/fhir/Profile/questionnaire-extensions#flyover","valueString":"A human-readable narrative that contains a summary of the resource, and may be used to represent the content of the resource to a human. The narrative need not encode all the structured data, but is required to contain sufficient detail to make it \"clinically safe\" for a human to just read the narrative. Resource definitions may define what content should be represented in the narrative to ensure clinical safety. Contained resources do not have narrative. Resources that are not contained SHOULD have a narrative."}],"linkId":"Organization.text","repeats":true,"required":false,"text":"Text summary of the resource, for human interpretation"},{"extension":[{"url":"http://hl7.org/fhir/Profile/questionnaire-extensions#flyover","valueString":"These resources do not have an independent existence apart from the resource that contains them - they cannot be identified independently, and nor can they have their own independent transaction scope. This should never be done when the content can be identified properly, as once identification is lost, it is extremely difficult (and context dependent) to restore it again."}],"linkId":"Organization.contained","repeats":true,"required":false,"text":"Contained, inline Resources"},{"extension":[{"url":"http://hl7.org/fhir/Profile/questionnaire-extensions#flyover","valueString":"May be used to represent additional information that is not part of the basic definition of the resource. In order to make the use of extensions safe and manageable, there is a strict set of governance  applied to the definition and use of extensions. Though any implementer is allowed to define an extension, there is a set of requirements that SHALL be met as part of the definition of the extension. There can be no stigma associated with the use of extensions by any application, project, or standard - regardless of the institution or jurisdiction that uses or defines the extensions.  The use of extensions is what allows the FHIR specification to retain a core level of simplicity for everyone."}],"linkId":"Organization.extension","repeats":true,"required":false,"text":"Additional Content defined by implementations"},{"extension":[{"url":"http://hl7.org/fhir/Profile/questionnaire-extensions#flyover","valueString":"May be used to represent additional information that is not part of the basic definition of the resource, and that modifies the understanding of the element that contains it. Usually modifier elements provide negation or qualification. In order to make the use of extensions safe and manageable, there is a strict set of governance applied to the definition and use of extensions. Though any implementer is allowed to define an extension, there is a set of requirements that SHALL be met as part of the definition of the extension. Applications processing a resource are required to check for modifier extensions. There can be no stigma associated with the use of extensions by any application, project, or standard - regardless of the institution or jurisdiction that uses or defines the extensions.  The use of extensions is what allows the FHIR specification to retain a core level of simplicity for everyone."}],"linkId":"Organization.modifierExtension","repeats":true,"required":false,"text":"Extensions that cannot be ignored"},{"extension":[{"url":"http://hl7.org/fhir/Profile/questionnaire-extensions#flyover","valueString":"Identifier for the organization that is used to identify the organization across multiple disparate systems."},{"url":"http://www.healthintersections.com.au/fhir/Profile/metadata#type","valueString":"Identifier"}],"linkId":"Organization.identifier","question":[{"linkId":"Organization.identifier.label","repeats":false,"required":false,"text":"label:","type":"string"},{"linkId":"Organization.identifier.system","repeats":false,"required":false,"text":"system:","type":"string"},{"linkId":"Organization.identifier.value","repeats":false,"required":false,"text":"value:","type":"string"}],"repeats":true,"required":false,"text":"Identifies this organization  across multiple systems"},{"extension":[{"url":"http://hl7.org/fhir/Profile/questionnaire-extensions#flyover","valueString":"Whether the organization's record is still in active use. Default is true."},{"url":"http://www.healthintersections.com.au/fhir/Profile/metadata#type","valueString":"boolean"}],"linkId":"Organization.active","question":[{"linkId":"Organization.active.value","repeats":false,"required":false,"text":"Whether the organization's record is still in active use","type":"boolean"}],"repeats":true,"required":false},{"extension":[{"url":"http://hl7.org/fhir/Profile/questionnaire-extensions#flyover","valueString":"The kind of organization that this is. Organizations can be corporations, wards, sections, clinical teams, government departments, etc. Note that code is generally a classifier of the type of organization; in many applications, codes are used to identity a particular organization (say, ward) as opposed to another of the same type - these are identifiers, not codes."},{"url":"http://www.healthintersections.com.au/fhir/Profile/metadata#type","valueString":"CodeableConcept"}],"linkId":"Organization.type","question":[{"linkId":"Organization.type.coding","repeats":false,"required":false,"text":"code:","type":"open-choice"},{"linkId":"Organization.type.text","repeats":false,"required":false,"text":"text:","type":"string"}],"repeats":true,"required":false,"text":"Kind of organization"},{"extension":[{"url":"http://hl7.org/fhir/Profile/questionnaire-extensions#flyover","valueString":"A name associated with the organization."},{"url":"http://www.healthintersections.com.au/fhir/Profile/metadata#type","valueString":"string"}],"linkId":"Organization.name","question":[{"linkId":"Organization.name.value","repeats":false,"required":false,"text":"Name used for the organization","type":"string"}],"repeats":true,"required":false},{"extension":[{"url":"http://hl7.org/fhir/Profile/questionnaire-extensions#flyover","valueString":"A contact detail for the organization. The use code home is not to be used. Note that these contacts are not the contact details of people who are employed by or represent the organization, but official contacts for the organization itself."},{"url":"http://www.healthintersections.com.au/fhir/Profile/metadata#type","valueString":"ContactPoint"}],"linkId":"Organization.telecom","question":[{"linkId":"Organization.telecom.system","repeats":false,"required":false,"text":"type:","type":"choice"},{"linkId":"Organization.telecom.value","repeats":false,"required":false,"text":"value:","type":"string"},{"linkId":"Organization.telecom.use","repeats":false,"required":false,"text":"use:","type":"choice"}],"repeats":true,"required":false,"text":"A contact detail for the organization"},{"extension":[{"url":"http://hl7.org/fhir/Profile/questionnaire-extensions#flyover","valueString":"An address for the organization. Organization may have multiple addresses with different uses or applicable periods. The use code home is not to be used."},{"url":"http://www.healthintersections.com.au/fhir/Profile/metadata#type","valueString":"Address"}],"linkId":"Organization.address","question":[{"linkId":"Organization.address.text","repeats":false,"required":false,"text":"text:","type":"string"},{"linkId":"Organization.address.line","repeats":true,"required":false,"text":"line:","type":"string"},{"linkId":"Organization.address.city","repeats":false,"required":false,"text":"city:","type":"string"},{"linkId":"Organization.address.state","repeats":false,"required":false,"text":"state:","type":"string"},{"linkId":"Organization.address.postalCode","repeats":false,"required":false,"text":"post code:","type":"string"},{"linkId":"Organization.address.country","repeats":false,"required":false,"text":"country:","type":"string"},{"linkId":"Organization.address.use","repeats":false,"required":false,"text":"use:","type":"choice"}],"repeats":true,"required":false,"text":"An address for the organization"},{"extension":[{"url":"http://hl7.org/fhir/Profile/questionnaire-extensions#flyover","valueString":"The organization of which this organization forms a part."},{"url":"http://www.healthintersections.com.au/fhir/Profile/metadata#type","valueString":"Reference"}],"linkId":"Organization.partOf","question":[{"extension":[{"url":"http://www.healthintersections.com.au/fhir/Profile/metadata#reference","valueString":"/qicore-organization?subject=$subj&patient=$subj&encounter=$encounter"}],"linkId":"Organization.partOf.value","repeats":false,"required":false,"text":"The organization of which this organization forms a part","type":"reference"}],"repeats":true,"required":false},{"extension":[{"url":"http://hl7.org/fhir/Profile/questionnaire-extensions#flyover","valueString":"Contact for the organization for a certain purpose."}],"group":[{"extension":[{"url":"http://hl7.org/fhir/Profile/questionnaire-extensions#flyover","valueString":"unique id for the element within a resource (for internal references)."},{"url":"http://www.healthintersections.com.au/fhir/Profile/metadata#type","valueString":"string"}],"linkId":"Organization.contact.id","question":[{"linkId":"Organization.contact.id.value","repeats":false,"required":false,"text":"xml:id (or equivalent in JSON)","type":"string"}],"repeats":true,"required":false},{"extension":[{"url":"http://hl7.org/fhir/Profile/questionnaire-extensions#flyover","valueString":"May be used to represent additional information that is not part of the basic definition of the element. In order to make the use of extensions safe and manageable, there is a strict set of governance  applied to the definition and use of extensions. Though any implementer is allowed to define an extension, there is a set of requirements that SHALL be met as part of the definition of the extension. There can be no stigma associated with the use of extensions by any application, project, or standard - regardless of the institution or jurisdiction that uses or defines the extensions.  The use of extensions is what allows the FHIR specification to retain a core level of simplicity for everyone."}],"linkId":"Organization.contact.extension","repeats":true,"required":false,"text":"Additional Content defined by implementations"},{"extension":[{"url":"http://hl7.org/fhir/Profile/questionnaire-extensions#flyover","valueString":"May be used to represent additional information that is not part of the basic definition of the element, and that modifies the understanding of the element that contains it. Usually modifier elements provide negation or qualification. In order to make the use of extensions safe and manageable, there is a strict set of governance applied to the definition and use of extensions. Though any implementer is allowed to define an extension, there is a set of requirements that SHALL be met as part of the definition of the extension. Applications processing a resource are required to check for modifier extensions. There can be no stigma associated with the use of extensions by any application, project, or standard - regardless of the institution or jurisdiction that uses or defines the extensions.  The use of extensions is what allows the FHIR specification to retain a core level of simplicity for everyone."}],"linkId":"Organization.contact.modifierExtension","repeats":true,"required":false,"text":"Extensions that cannot be ignored"},{"extension":[{"url":"http://hl7.org/fhir/Profile/questionnaire-extensions#flyover","valueString":"Indicates a purpose for which the contact can be reached."},{"url":"http://www.healthintersections.com.au/fhir/Profile/metadata#type","valueString":"CodeableConcept"}],"linkId":"Organization.contact.purpose","question":[{"linkId":"Organization.contact.purpose.coding","repeats":false,"required":false,"text":"code:","type":"open-choice"},{"linkId":"Organization.contact.purpose.text","repeats":false,"required":false,"text":"text:","type":"string"}],"repeats":true,"required":false,"text":"The type of contact"},{"extension":[{"url":"http://hl7.org/fhir/Profile/questionnaire-extensions#flyover","valueString":"A name associated with the contact."},{"url":"http://www.healthintersections.com.au/fhir/Profile/metadata#type","valueString":"Name"}],"linkId":"Organization.contact.name","question":[{"linkId":"Organization.contact.name.text","repeats":false,"required":false,"text":"text:","type":"string"},{"linkId":"Organization.contact.name.family","repeats":true,"required":false,"text":"family:","type":"string"},{"linkId":"Organization.contact.name.given","repeats":true,"required":false,"text":"given:","type":"string"}],"repeats":true,"required":false,"text":"A name associated with the contact"},{"extension":[{"url":"http://hl7.org/fhir/Profile/questionnaire-extensions#flyover","valueString":"A contact detail (e.g. a telephone number or an email address) by which the party may be contacted."},{"url":"http://www.healthintersections.com.au/fhir/Profile/metadata#type","valueString":"ContactPoint"}],"linkId":"Organization.contact.telecom","question":[{"linkId":"Organization.contact.telecom.system","repeats":false,"required":false,"text":"type:","type":"choice"},{"linkId":"Organization.contact.telecom.value","repeats":false,"required":false,"text":"value:","type":"string"},{"linkId":"Organization.contact.telecom.use","repeats":false,"required":false,"text":"use:","type":"choice"}],"repeats":true,"required":false,"text":"Contact details (telephone, email, etc.)  for a contact"},{"extension":[{"url":"http://hl7.org/fhir/Profile/questionnaire-extensions#flyover","valueString":"Visiting or postal addresses for the contact."},{"url":"http://www.healthintersections.com.au/fhir/Profile/metadata#type","valueString":"Address"}],"linkId":"Organization.contact.address","question":[{"linkId":"Organization.contact.address.text","repeats":false,"required":false,"text":"text:","type":"string"},{"linkId":"Organization.contact.address.line","repeats":true,"required":false,"text":"line:","type":"string"},{"linkId":"Organization.contact.address.city","repeats":false,"required":false,"text":"city:","type":"string"},{"linkId":"Organization.contact.address.state","repeats":false,"required":false,"text":"state:","type":"string"},{"linkId":"Organization.contact.address.postalCode","repeats":false,"required":false,"text":"post code:","type":"string"},{"linkId":"Organization.contact.address.country","repeats":false,"required":false,"text":"country:","type":"string"},{"linkId":"Organization.contact.address.use","repeats":false,"required":false,"text":"use:","type":"choice"}],"repeats":true,"required":false,"text":"Visiting or postal addresses for the contact"}],"linkId":"Organization.contact","repeats":true,"required":false,"text":"Where multiple contacts for the same purpose are provided there is a standard extension that can be used to determine which one is the preferred contact to use.","title":"Contact for the organization for a certain purpose"}],"linkId":"Organization","repeats":true,"required":false,"title":"A grouping of people or organizations with a common purpose"},"id":"qs1","identifier":[{"system":"urn:ietf:rfc:3986"}],"publisher":"Health Level Seven International (Clinical Quality Information - QICore)","resourceType":"Questionnaire","status":"draft"}