{
  "resourceType": "StructureDefinition",
  "id": "qicore-medicationadministration",
  "text": {
    "status": "generated",
    "div": "<div>to do</div>"
  },
  "url": "http://hl7.org/fhir/StructureDefinition/qicore-medicationadministration",
  "name": "QICore-MedicationAdministration",
  "status": "draft",
  "publisher": "Health Level Seven International (Clinical Quality Information - QICore)",
  "contact": [
    {
      "telecom": [
        {
          "system": "other",
          "value": "http://hl7.org/special/committees/CQI"
        }
      ]
    }
  ],
  "date": "2015-02-27",
  "description": "Profile of MedicationAdministration for decision support/quality metrics. Defines the core set of elements and extensions for quality rule and measure authors.",
  "fhirVersion": "1.0.2",
  "mapping": [
    {
      "identity": "qdm",
      "uri": "http://www.healthit.gov/quality-data-model",
      "name": "Quality Data Model"
    }
  ],
  "kind": "resource",
  "constrainedType": "MedicationAdministration",
  "abstract": false,
  "base": "http://hl7.org/fhir/StructureDefinition/MedicationAdministration",
  "snapshot": {
    "element": [
      {
        "path": "MedicationAdministration",
        "name": "QICore-MedicationAdministration",
        "short": "Administration of medication to a patient",
        "definition": "Describes the event of a patient consuming or otherwise being administered a medication.  This may be as simple as swallowing a tablet or it may be a long running infusion.  Related resources tie this event to the authorizing prescription, and the specific encounter between patient and health care practitioner.",
        "min": 0,
        "max": "*",
        "base": {
          "path": "MedicationAdministration",
          "min": 0,
          "max": "*"
        },
        "type": [
          {
            "code": "MedicationAdministration"
          }
        ],
        "constraint": [
          {
            "key": "mad-3",
            "severity": "error",
            "human": "Reason given is only permitted if wasNotGiven is false",
            "xpath": "not(exists(f:reasonGiven) and f:wasNotGiven/@value=true())"
          },
          {
            "key": "mad-2",
            "severity": "error",
            "human": "Reason not given is only permitted if wasNotGiven is true",
            "xpath": "not(exists(f:reasonNotGiven) and f:wasNotGiven/@value=false())"
          }
        ],
        "isSummary": true,
        "mapping": [
          {
            "identity": "rim",
            "map": "SubstanceAdministration"
          },
          {
            "identity": "w5",
            "map": "clinical.medication"
          },
          {
            "identity": "qdm",
            "map": "Medication, Administered"
          }
        ]
      },
      {
        "path": "MedicationAdministration.id",
        "short": "Logical id of this artifact",
        "definition": "The logical id of the resource, as used in the URL for the resource. Once assigned, this value never changes.",
        "comments": "The only time that a resource does not have an id is when it is being submitted to the server using a create operation. Bundles always have an id, though it is usually a generated UUID.",
        "min": 0,
        "max": "1",
        "base": {
          "path": "MedicationAdministration.id",
          "min": 0,
          "max": "1"
        },
        "type": [
          {
            "code": "id"
          }
        ],
        "isSummary": true
      },
      {
        "path": "MedicationAdministration.meta",
        "short": "Metadata about the resource",
        "definition": "The metadata about the resource. This is content that is maintained by the infrastructure. Changes to the content may not always be associated with version changes to the resource.",
        "min": 0,
        "max": "1",
        "base": {
          "path": "MedicationAdministration.meta",
          "min": 0,
          "max": "1"
        },
        "type": [
          {
            "code": "Meta"
          }
        ],
        "isSummary": true
      },
      {
        "path": "MedicationAdministration.implicitRules",
        "short": "A set of rules under which this content was created",
        "definition": "A reference to a set of rules that were followed when the resource was constructed, and which must be understood when processing the content.",
        "comments": "Asserting this rule set restricts the content to be only understood by a limited set of trading partners. This inherently limits the usefulness of the data in the long term. However, the existing health eco-system is highly fractured, and not yet ready to define, collect, and exchange data in a generally computable sense. Wherever possible, implementers and/or specification writers should avoid using this element as much as possible.",
        "min": 0,
        "max": "1",
        "base": {
          "path": "MedicationAdministration.implicitRules",
          "min": 0,
          "max": "1"
        },
        "type": [
          {
            "code": "uri"
          }
        ],
        "isModifier": true,
        "isSummary": true
      },
      {
        "path": "MedicationAdministration.language",
        "short": "Language of the resource content",
        "definition": "The base language in which the resource is written.",
        "comments": "Language is provided to support indexing and accessibility (typically, services such as text to speech use the language tag). The html language tag in the narrative applies  to the narrative. The language tag on the resource may be used to specify the language of other presentations generated from the data in the resource  Not all the content has to be in the base language. The Resource.language should not be assumed to apply to the narrative automatically. If a language is specified, it should it also be specified on the div element in the html (see rules in HTML5 for information about the relationship between xml:lang and the html lang attribute).",
        "min": 0,
        "max": "1",
        "base": {
          "path": "MedicationAdministration.language",
          "min": 0,
          "max": "1"
        },
        "type": [
          {
            "code": "code"
          }
        ],
        "binding": {
          "strength": "required",
          "description": "A human language.",
          "valueSetUri": "http://tools.ietf.org/html/bcp47"
        }
      },
      {
        "path": "MedicationAdministration.text",
        "short": "Text summary of the resource, for human interpretation",
        "definition": "A human-readable narrative that contains a summary of the resource, and may be used to represent the content of the resource to a human. The narrative need not encode all the structured data, but is required to contain sufficient detail to make it \"clinically safe\" for a human to just read the narrative. Resource definitions may define what content should be represented in the narrative to ensure clinical safety.",
        "comments": "Contained resources do not have narrative. Resources that are not contained SHOULD have a narrative.",
        "alias": [
          "narrative",
          "html",
          "xhtml",
          "display"
        ],
        "min": 0,
        "max": "1",
        "base": {
          "path": "MedicationAdministration.text",
          "min": 0,
          "max": "1"
        },
        "type": [
          {
            "code": "Narrative"
          }
        ],
        "condition": [
          "dom-1"
        ],
        "mapping": [
          {
            "identity": "rim",
            "map": "Act.text?"
          }
        ]
      },
      {
        "path": "MedicationAdministration.contained",
        "short": "Contained, inline Resources",
        "definition": "These resources do not have an independent existence apart from the resource that contains them - they cannot be identified independently, and nor can they have their own independent transaction scope.",
        "comments": "This should never be done when the content can be identified properly, as once identification is lost, it is extremely difficult (and context dependent) to restore it again.",
        "alias": [
          "inline resources",
          "anonymous resources",
          "contained resources"
        ],
        "min": 0,
        "max": "*",
        "base": {
          "path": "MedicationAdministration.contained",
          "min": 0,
          "max": "*"
        },
        "type": [
          {
            "code": "Resource"
          }
        ],
        "mapping": [
          {
            "identity": "rim",
            "map": "N/A"
          }
        ]
      },
      {
        "path": "MedicationAdministration.extension",
        "short": "Additional Content defined by implementations",
        "definition": "May be used to represent additional information that is not part of the basic definition of the resource. In order to make the use of extensions safe and manageable, there is a strict set of governance  applied to the definition and use of extensions. Though any implementer is allowed to define an extension, there is a set of requirements that SHALL be met as part of the definition of the extension.",
        "comments": "There can be no stigma associated with the use of extensions by any application, project, or standard - regardless of the institution or jurisdiction that uses or defines the extensions.  The use of extensions is what allows the FHIR specification to retain a core level of simplicity for everyone.",
        "alias": [
          "extensions",
          "user content"
        ],
        "min": 0,
        "max": "*",
        "base": {
          "path": "MedicationAdministration.extension",
          "min": 0,
          "max": "*"
        },
        "type": [
          {
            "code": "Extension"
          }
        ],
        "mapping": [
          {
            "identity": "rim",
            "map": "N/A"
          }
        ]
      },
      {
        "path": "MedicationAdministration.modifierExtension",
        "short": "Extensions that cannot be ignored",
        "definition": "May be used to represent additional information that is not part of the basic definition of the resource, and that modifies the understanding of the element that contains it. Usually modifier elements provide negation or qualification. In order to make the use of extensions safe and manageable, there is a strict set of governance applied to the definition and use of extensions. Though any implementer is allowed to define an extension, there is a set of requirements that SHALL be met as part of the definition of the extension. Applications processing a resource are required to check for modifier extensions.",
        "comments": "There can be no stigma associated with the use of extensions by any application, project, or standard - regardless of the institution or jurisdiction that uses or defines the extensions.  The use of extensions is what allows the FHIR specification to retain a core level of simplicity for everyone.",
        "alias": [
          "extensions",
          "user content"
        ],
        "min": 0,
        "max": "*",
        "base": {
          "path": "MedicationAdministration.modifierExtension",
          "min": 0,
          "max": "*"
        },
        "type": [
          {
            "code": "Extension"
          }
        ],
        "isModifier": true,
        "mapping": [
          {
            "identity": "rim",
            "map": "N/A"
          }
        ]
      },
      {
        "path": "MedicationAdministration.identifier",
        "short": "External identifier",
        "definition": "External identifier - FHIR will generate its own internal identifiers (probably URLs) which do not need to be explicitly managed by the resource.  The identifier here is one that would be used by another non-FHIR system - for example an automated medication pump would provide a record each time it operated; an administration while the patient was off the ward might be made with a different system and entered after the event.  Particularly important if these records have to be updated.",
        "min": 0,
        "max": "*",
        "base": {
          "path": "MedicationAdministration.identifier",
          "min": 0,
          "max": "*"
        },
        "type": [
          {
            "code": "Identifier"
          }
        ],
        "isSummary": true,
        "mapping": [
          {
            "identity": "v2",
            "map": "RXA-25-Administered Barcode Identifier"
          },
          {
            "identity": "rim",
            "map": "id"
          },
          {
            "identity": "w5",
            "map": "id"
          }
        ]
      },
      {
        "path": "MedicationAdministration.status",
        "short": "in-progress | on-hold | completed | entered-in-error | stopped",
        "definition": "Will generally be set to show that the administration has been completed.  For some long running administrations such as infusions it is possible for an administration to be started but not completed or it may be paused while some other process is under way.",
        "min": 1,
        "max": "1",
        "base": {
          "path": "MedicationAdministration.status",
          "min": 1,
          "max": "1"
        },
        "type": [
          {
            "code": "code"
          }
        ],
        "mustSupport": true,
        "isModifier": true,
        "isSummary": true,
        "binding": {
          "strength": "required",
          "description": "A set of codes indicating the current status of a MedicationAdministration.",
          "valueSetReference": {
            "reference": "http://hl7.org/fhir/ValueSet/medication-admin-status"
          }
        },
        "mapping": [
          {
            "identity": "v2",
            "map": "RXA-20-Completion Status"
          },
          {
            "identity": "rim",
            "map": "statusCode"
          },
          {
            "identity": "w5",
            "map": "status"
          }
        ]
      },
      {
        "path": "MedicationAdministration.patient",
        "short": "Who received medication",
        "definition": "The person or animal receiving the medication.",
        "min": 1,
        "max": "1",
        "base": {
          "path": "MedicationAdministration.patient",
          "min": 1,
          "max": "1"
        },
        "type": [
          {
            "code": "Reference",
            "profile": [
              "http://hl7.org/fhir/StructureDefinition/qicore-patient"
            ]
          }
        ],
        "mustSupport": true,
        "isSummary": true,
        "mapping": [
          {
            "identity": "v2",
            "map": "PID-3-Patient ID List"
          },
          {
            "identity": "rim",
            "map": "subject->Patient"
          },
          {
            "identity": "w5",
            "map": "who.focus"
          }
        ]
      },
      {
        "path": "MedicationAdministration.practitioner",
        "short": "Who administered substance",
        "definition": "The individual who was responsible for giving the medication to the patient.",
        "min": 0,
        "max": "1",
        "base": {
          "path": "MedicationAdministration.practitioner",
          "min": 0,
          "max": "1"
        },
        "type": [
          {
            "code": "Reference",
            "profile": [
              "http://hl7.org/fhir/StructureDefinition/qicore-practitioner"
            ]
          },
          {
            "code": "Reference",
            "profile": [
              "http://hl7.org/fhir/StructureDefinition/qicore-patient"
            ]
          },
          {
            "code": "Reference",
            "profile": [
              "http://hl7.org/fhir/StructureDefinition/qicore-relatedperson"
            ]
          }
        ],
        "isSummary": true,
        "mapping": [
          {
            "identity": "v2",
            "map": "RXA-10-Administering Provider / PRT-5-Participation Person: PRT-4-Participation='AP' (RXA-10 is deprecated)"
          },
          {
            "identity": "rim",
            "map": "performer->Role"
          },
          {
            "identity": "w5",
            "map": "who.actor"
          }
        ]
      },
      {
        "path": "MedicationAdministration.encounter",
        "short": "Encounter administered as part of",
        "definition": "The visit, admission or other contact between patient and health care provider the medication administration was performed as part of.",
        "min": 0,
        "max": "1",
        "base": {
          "path": "MedicationAdministration.encounter",
          "min": 0,
          "max": "1"
        },
        "type": [
          {
            "code": "Reference",
            "profile": [
              "http://hl7.org/fhir/StructureDefinition/qicore-encounter"
            ]
          }
        ],
        "mustSupport": true,
        "isSummary": true,
        "mapping": [
          {
            "identity": "v2",
            "map": "PV1-19-Visit Number"
          },
          {
            "identity": "rim",
            "map": "component->EncounterEvent"
          },
          {
            "identity": "w5",
            "map": "context"
          }
        ]
      },
      {
        "path": "MedicationAdministration.prescription",
        "short": "Order administration performed against",
        "definition": "The original request, instruction or authority to perform the administration.",
        "min": 0,
        "max": "1",
        "base": {
          "path": "MedicationAdministration.prescription",
          "min": 0,
          "max": "1"
        },
        "type": [
          {
            "code": "Reference",
            "profile": [
              "http://hl7.org/fhir/StructureDefinition/qicore-medicationorder"
            ]
          }
        ],
        "isSummary": true,
        "mapping": [
          {
            "identity": "v2",
            "map": "ORC-2-Placer Order Number / ORC-3-Filler Order Number"
          },
          {
            "identity": "rim",
            "map": "InFullfillmentOf->SubstanceAdministration"
          }
        ]
      },
      {
        "path": "MedicationAdministration.wasNotGiven",
        "short": "True if medication not administered",
        "definition": "Set this to true if the record is saying that the medication was NOT administered.",
        "min": 0,
        "max": "1",
        "base": {
          "path": "MedicationAdministration.wasNotGiven",
          "min": 0,
          "max": "1"
        },
        "type": [
          {
            "code": "boolean"
          }
        ],
        "meaningWhenMissing": "If this is missing, then the medication was administered",
        "mustSupport": true,
        "isModifier": true,
        "isSummary": true,
        "mapping": [
          {
            "identity": "v2",
            "map": "RXA-20-Completion Status='NA'"
          },
          {
            "identity": "rim",
            "map": "actionNegationInd"
          },
          {
            "identity": "qdm",
            "map": "negation rationale"
          }
        ]
      },
      {
        "path": "MedicationAdministration.reasonNotGiven",
        "short": "Reason administration not performed",
        "definition": "A code indicating why the administration was not performed.",
        "min": 0,
        "max": "*",
        "base": {
          "path": "MedicationAdministration.reasonNotGiven",
          "min": 0,
          "max": "*"
        },
        "type": [
          {
            "code": "CodeableConcept"
          }
        ],
        "condition": [
          "mad-2"
        ],
        "mustSupport": true,
        "isSummary": true,
        "binding": {
          "strength": "example",
          "description": "A set of codes indicating the reason why the MedicationAdministration is negated.",
          "valueSetReference": {
            "reference": "http://hl7.org/fhir/ValueSet/reason-medication-not-given-codes"
          }
        },
        "mapping": [
          {
            "identity": "v2",
            "map": "RXA-9-Administration Notes / RXA-18 Substance/Treatment Refusal Reason"
          },
          {
            "identity": "rim",
            "map": "Reason->Observation->Value"
          },
          {
            "identity": "qdm",
            "map": "negation rationale"
          }
        ]
      },
      {
        "path": "MedicationAdministration.reasonGiven",
        "short": "Reason administration performed",
        "definition": "A code indicating why the medication was given.",
        "min": 0,
        "max": "*",
        "base": {
          "path": "MedicationAdministration.reasonGiven",
          "min": 0,
          "max": "*"
        },
        "type": [
          {
            "code": "CodeableConcept"
          }
        ],
        "condition": [
          "mad-3"
        ],
        "mustSupport": true,
        "isSummary": true,
        "binding": {
          "strength": "example",
          "description": "A set of codes indicating the reason why the MedicationAdministration was made.",
          "valueSetReference": {
            "reference": "http://hl7.org/fhir/ValueSet/reason-medication-given-codes"
          }
        },
        "mapping": [
          {
            "identity": "v2",
            "map": "RXE-27 Give Indication"
          },
          {
            "identity": "qdm",
            "map": "reason"
          }
        ]
      },
      {
        "path": "MedicationAdministration.effectiveTime[x]",
        "short": "Start and end time of administration",
        "definition": "A specific date/time or interval of time during which the administration took place (or did not take place, when the 'notGiven' attribute is true). For many administrations, such as swallowing a tablet the use of dateTime is more appropriate.",
        "min": 1,
        "max": "1",
        "base": {
          "path": "MedicationAdministration.effectiveTime[x]",
          "min": 1,
          "max": "1"
        },
        "type": [
          {
            "code": "dateTime"
          },
          {
            "code": "Period"
          }
        ],
        "mustSupport": true,
        "isSummary": true,
        "mapping": [
          {
            "identity": "v2",
            "map": "RXA-3-Date/Time Start of Administration / RXA-4-Date/Time End of Administration"
          },
          {
            "identity": "rim",
            "map": "effectiveTime"
          },
          {
            "identity": "w5",
            "map": "when.done"
          },
          {
            "identity": "qdm",
            "map": "start and stop datetime"
          }
        ]
      },
      {
        "path": "MedicationAdministration.medication[x]",
        "short": "What was administered",
        "definition": "Identifies the medication that was administered. This is either a link to a resource representing the details of the medication or a simple attribute carrying a code that identifies the medication from a known list of medications.",
        "comments": "If only a code is specified, then it needs to be a code for a specific product.  If more information is required, then the use of the medication resource is recommended.  Note: do not use Medication.name to describe the administered medication. When the only available information is a text description of the medication, Medication.code.text should be used.",
        "min": 1,
        "max": "1",
        "base": {
          "path": "MedicationAdministration.medication[x]",
          "min": 1,
          "max": "1"
        },
        "type": [
          {
            "code": "CodeableConcept"
          },
          {
            "code": "Reference",
            "profile": [
              "http://hl7.org/fhir/StructureDefinition/qicore-medication"
            ]
          }
        ],
        "mustSupport": true,
        "isSummary": true,
        "binding": {
          "strength": "preferred",
          "description": "The set of RxNorm codes to represent medications",
          "valueSetReference": {
            "reference": "http://hl7.org/fhir/ValueSet/daf-medication-codes"
          }
        },
        "mapping": [
          {
            "identity": "v2",
            "map": "RXA-5-Administered Code"
          },
          {
            "identity": "rim",
            "map": "Consumeable->AdministerableMedication"
          },
          {
            "identity": "qdm",
            "map": "primary code"
          }
        ]
      },
      {
        "path": "MedicationAdministration.device",
        "short": "Device used to administer",
        "definition": "The device used in administering the medication to the patient.  For example, a particular infusion pump.",
        "min": 0,
        "max": "*",
        "base": {
          "path": "MedicationAdministration.device",
          "min": 0,
          "max": "*"
        },
        "type": [
          {
            "code": "Reference",
            "profile": [
              "http://hl7.org/fhir/StructureDefinition/qicore-device"
            ]
          }
        ],
        "isSummary": true,
        "mapping": [
          {
            "identity": "v2",
            "map": "PRT-10 Participation Device / RXR-3 Administrative Device"
          },
          {
            "identity": "rim",
            "map": "device->Access  OR device->AssignedDevice"
          }
        ]
      },
      {
        "path": "MedicationAdministration.note",
        "short": "Information about the administration",
        "definition": "Extra information about the medication administration that is not conveyed by the other attributes.",
        "min": 0,
        "max": "1",
        "base": {
          "path": "MedicationAdministration.note",
          "min": 0,
          "max": "1"
        },
        "type": [
          {
            "code": "string"
          }
        ],
        "isSummary": true
      },
      {
        "path": "MedicationAdministration.dosage",
        "short": "Details of how medication was taken",
        "definition": "Describes the medication dosage information details e.g. dose, rate, site, route, etc.",
        "min": 0,
        "max": "1",
        "base": {
          "path": "MedicationAdministration.dosage",
          "min": 0,
          "max": "1"
        },
        "type": [
          {
            "code": "BackboneElement"
          }
        ],
        "constraint": [
          {
            "key": "mad-1",
            "severity": "error",
            "human": "SHALL have at least one of dosage.quantity and dosage.rate[x]",
            "xpath": "exists(f:quantity) or exists(f:rateRatio) or exists(f:rateRange)"
          }
        ],
        "isSummary": true,
        "mapping": [
          {
            "identity": "rim",
            "map": "component->SubstanceAdministrationEvent"
          }
        ]
      },
      {
        "path": "MedicationAdministration.dosage.id",
        "representation": [
          "xmlAttr"
        ],
        "short": "xml:id (or equivalent in JSON)",
        "definition": "unique id for the element within a resource (for internal references).",
        "min": 0,
        "max": "1",
        "base": {
          "path": "MedicationAdministration.dosage.id",
          "min": 0,
          "max": "1"
        },
        "type": [
          {
            "code": "id"
          }
        ],
        "mapping": [
          {
            "identity": "rim",
            "map": "n/a"
          }
        ]
      },
      {
        "path": "MedicationAdministration.dosage.extension",
        "short": "Additional Content defined by implementations",
        "definition": "May be used to represent additional information that is not part of the basic definition of the element. In order to make the use of extensions safe and manageable, there is a strict set of governance  applied to the definition and use of extensions. Though any implementer is allowed to define an extension, there is a set of requirements that SHALL be met as part of the definition of the extension.",
        "comments": "There can be no stigma associated with the use of extensions by any application, project, or standard - regardless of the institution or jurisdiction that uses or defines the extensions.  The use of extensions is what allows the FHIR specification to retain a core level of simplicity for everyone.",
        "alias": [
          "extensions",
          "user content"
        ],
        "min": 0,
        "max": "*",
        "base": {
          "path": "MedicationAdministration.dosage.extension",
          "min": 0,
          "max": "*"
        },
        "type": [
          {
            "code": "Extension"
          }
        ],
        "mapping": [
          {
            "identity": "rim",
            "map": "n/a"
          }
        ]
      },
      {
        "path": "MedicationAdministration.dosage.modifierExtension",
        "short": "Extensions that cannot be ignored",
        "definition": "May be used to represent additional information that is not part of the basic definition of the element, and that modifies the understanding of the element that contains it. Usually modifier elements provide negation or qualification. In order to make the use of extensions safe and manageable, there is a strict set of governance applied to the definition and use of extensions. Though any implementer is allowed to define an extension, there is a set of requirements that SHALL be met as part of the definition of the extension. Applications processing a resource are required to check for modifier extensions.",
        "comments": "There can be no stigma associated with the use of extensions by any application, project, or standard - regardless of the institution or jurisdiction that uses or defines the extensions.  The use of extensions is what allows the FHIR specification to retain a core level of simplicity for everyone.",
        "alias": [
          "extensions",
          "user content",
          "modifiers"
        ],
        "min": 0,
        "max": "*",
        "base": {
          "path": "MedicationAdministration.dosage.modifierExtension",
          "min": 0,
          "max": "*"
        },
        "type": [
          {
            "code": "Extension"
          }
        ],
        "isModifier": true,
        "mapping": [
          {
            "identity": "rim",
            "map": "N/A"
          }
        ]
      },
      {
        "path": "MedicationAdministration.dosage.text",
        "short": "Dosage Instructions",
        "definition": "Free text dosage instructions can be used for cases where the instructions are too complex to code. When coded instructions are present, the free text instructions may still be present for display to humans taking or administering the medication.",
        "min": 0,
        "max": "1",
        "base": {
          "path": "MedicationAdministration.dosage.text",
          "min": 0,
          "max": "1"
        },
        "type": [
          {
            "code": "string"
          }
        ],
        "isSummary": true
      },
      {
        "path": "MedicationAdministration.dosage.site[x]",
        "short": "Body site administered to",
        "definition": "A coded specification of the anatomic site where the medication first entered the body.  For example, \"left arm\".",
        "min": 0,
        "max": "1",
        "base": {
          "path": "MedicationAdministration.dosage.site[x]",
          "min": 0,
          "max": "1"
        },
        "type": [
          {
            "code": "CodeableConcept"
          },
          {
            "code": "Reference",
            "profile": [
              "http://hl7.org/fhir/StructureDefinition/BodySite"
            ]
          }
        ],
        "isSummary": true,
        "binding": {
          "strength": "example",
          "description": "A coded concept describing the site location the medicine enters into or onto the body.",
          "valueSetReference": {
            "reference": "http://hl7.org/fhir/ValueSet/approach-site-codes"
          }
        },
        "mapping": [
          {
            "identity": "v2",
            "map": "RXR-2 Administration Site / RXR-6 Administration Site Modifier"
          },
          {
            "identity": "rim",
            "map": "approachSiteCode"
          }
        ]
      },
      {
        "path": "MedicationAdministration.dosage.route",
        "short": "Path of substance into body",
        "definition": "A code specifying the route or physiological path of administration of a therapeutic agent into or onto the patient.  For example, topical, intravenous, etc.",
        "min": 0,
        "max": "1",
        "base": {
          "path": "MedicationAdministration.dosage.route",
          "min": 0,
          "max": "1"
        },
        "type": [
          {
            "code": "CodeableConcept"
          }
        ],
        "mustSupport": true,
        "isSummary": true,
        "binding": {
          "strength": "example",
          "description": "A coded concept describing the route or physiological path of administration of a therapeutic agent into or onto the body of a subject.",
          "valueSetReference": {
            "reference": "http://hl7.org/fhir/ValueSet/route-codes"
          }
        },
        "mapping": [
          {
            "identity": "v2",
            "map": "RXR-1-Route"
          },
          {
            "identity": "rim",
            "map": "routeCode"
          },
          {
            "identity": "qdm",
            "map": "route"
          }
        ]
      },
      {
        "path": "MedicationAdministration.dosage.method",
        "short": "How drug was administered",
        "definition": "A coded value indicating the method by which the medication is intended to be or was introduced into or on the body.  This attribute will most often NOT be populated.  It is most commonly used for injections.  For example, Slow Push, Deep IV.",
        "comments": "One of the reasons this attribute is not used often, is that the method is often pre-coordinated with the route and/or form of administration.  This means the codes used in route or form may pre-coordinate the method in the route code or the form code.  The implementation decision about what coding system to use for route or form code will determine how frequently the method code will be populated e.g. if route or form code pre-coordinate method code, then this attribute will not be populated often; if there is no pre-coordination then method code may  be used frequently.",
        "min": 0,
        "max": "1",
        "base": {
          "path": "MedicationAdministration.dosage.method",
          "min": 0,
          "max": "1"
        },
        "type": [
          {
            "code": "CodeableConcept"
          }
        ],
        "isSummary": true,
        "binding": {
          "strength": "example",
          "description": "A coded concept describing the technique by which the medicine is administered."
        },
        "mapping": [
          {
            "identity": "v2",
            "map": "RXR-4-Administration Method"
          },
          {
            "identity": "rim",
            "map": "methodCode"
          }
        ]
      },
      {
        "path": "MedicationAdministration.dosage.quantity",
        "short": "Amount administered in one dose",
        "definition": "The amount of the medication given at one administration event.   Use this value when the administration is essentially an instantaneous event such as a swallowing a tablet or giving an injection.",
        "comments": "If the administration is not instantaneous (rate is present or timing has a duration), this can be specified to convey the total amount administered over period of time of a single administration (as indicated by schedule).",
        "min": 0,
        "max": "1",
        "base": {
          "path": "MedicationAdministration.dosage.quantity",
          "min": 0,
          "max": "1"
        },
        "type": [
          {
            "code": "Quantity",
            "profile": [
              "http://hl7.org/fhir/StructureDefinition/SimpleQuantity"
            ]
          }
        ],
        "mustSupport": true,
        "isSummary": true,
        "mapping": [
          {
            "identity": "v2",
            "map": "RXA-6 Administered Amount / RXA-7 Administered Units"
          },
          {
            "identity": "rim",
            "map": "doseQuantity"
          },
          {
            "identity": "qdm",
            "map": "dose"
          }
        ]
      },
      {
        "path": "MedicationAdministration.dosage.rate[x]",
        "short": "Dose quantity per unit of time",
        "definition": "Identifies the speed with which the medication was or will be introduced into the patient.  Typically the rate for an infusion e.g. 100 ml per 1 hour or 100 ml/hr.  May also be expressed as a rate per unit of time e.g. 500 ml per 2 hours.  Currently we do not specify a default of '1' in the denominator, but this is being discussed.  Other examples:  200 mcg/min or 200 mcg/1 minute; 1 liter/8 hours.",
        "comments": "If the rate changes over time, and you want to capture this in MedicationAdministration, then each change should be captured as a distinct MedicationAdministration, with a specific MedicationAdministration.dosage.rate, and the date time when the rate change occurred. Typically, the MedicationAdministration.dosage.rate element is not used to convey an average rate.",
        "min": 0,
        "max": "1",
        "base": {
          "path": "MedicationAdministration.dosage.rate[x]",
          "min": 0,
          "max": "1"
        },
        "type": [
          {
            "code": "Ratio"
          },
          {
            "code": "Range"
          }
        ],
        "isSummary": true,
        "mapping": [
          {
            "identity": "v2",
            "map": "RXA-12-Administered Per (Time Unit)"
          },
          {
            "identity": "rim",
            "map": "rateQuantity"
          }
        ]
      }
    ]
  },
  "differential": {
    "element": [
      {
        "path": "MedicationAdministration",
        "name": "QICore-MedicationAdministration",
        "min": 0,
        "max": "*",
        "type": [
          {
            "code": "MedicationAdministration"
          }
        ],
        "mapping": [
          {
            "identity": "qdm",
            "map": "Medication, Administered"
          }
        ]
      },
      {
        "path": "MedicationAdministration.status",
        "mustSupport": true
      },
      {
        "path": "MedicationAdministration.patient",
        "type": [
          {
            "code": "Reference",
            "profile": [
              "http://hl7.org/fhir/StructureDefinition/qicore-patient"
            ]
          }
        ],
        "mustSupport": true
      },
      {
        "path": "MedicationAdministration.practitioner",
        "type": [
          {
            "code": "Reference",
            "profile": [
              "http://hl7.org/fhir/StructureDefinition/qicore-practitioner"
            ]
          },
          {
            "code": "Reference",
            "profile": [
              "http://hl7.org/fhir/StructureDefinition/qicore-patient"
            ]
          },
          {
            "code": "Reference",
            "profile": [
              "http://hl7.org/fhir/StructureDefinition/qicore-relatedperson"
            ]
          }
        ]
      },
      {
        "path": "MedicationAdministration.encounter",
        "type": [
          {
            "code": "Reference",
            "profile": [
              "http://hl7.org/fhir/StructureDefinition/qicore-encounter"
            ]
          }
        ],
        "mustSupport": true
      },
      {
        "path": "MedicationAdministration.prescription",
        "type": [
          {
            "code": "Reference",
            "profile": [
              "http://hl7.org/fhir/StructureDefinition/qicore-medicationorder"
            ]
          }
        ]
      },
      {
        "path": "MedicationAdministration.wasNotGiven",
        "mustSupport": true,
        "mapping": [
          {
            "identity": "qdm",
            "map": "negation rationale"
          }
        ]
      },
      {
        "path": "MedicationAdministration.reasonNotGiven",
        "mustSupport": true,
        "mapping": [
          {
            "identity": "qdm",
            "map": "negation rationale"
          }
        ]
      },
      {
        "path": "MedicationAdministration.reasonGiven",
        "mustSupport": true,
        "mapping": [
          {
            "identity": "qdm",
            "map": "reason"
          }
        ]
      },
      {
        "path": "MedicationAdministration.effectiveTime[x]",
        "mustSupport": true,
        "mapping": [
          {
            "identity": "qdm",
            "map": "start and stop datetime"
          }
        ]
      },
      {
        "path": "MedicationAdministration.medication[x]",
        "type": [
          {
            "code": "CodeableConcept"
          },
          {
            "code": "Reference",
            "profile": [
              "http://hl7.org/fhir/StructureDefinition/qicore-medication"
            ]
          }
        ],
        "mustSupport": true,
        "binding": {
          "strength": "preferred",
          "description": "The set of RxNorm codes to represent medications",
          "valueSetReference": {
            "reference": "http://hl7.org/fhir/ValueSet/daf-medication-codes"
          }
        },
        "mapping": [
          {
            "identity": "qdm",
            "map": "primary code"
          }
        ]
      },
      {
        "path": "MedicationAdministration.device",
        "type": [
          {
            "code": "Reference",
            "profile": [
              "http://hl7.org/fhir/StructureDefinition/qicore-device"
            ]
          }
        ]
      },
      {
        "path": "MedicationAdministration.dosage"
      },
      {
        "path": "MedicationAdministration.dosage.route",
        "mustSupport": true,
        "mapping": [
          {
            "identity": "qdm",
            "map": "route"
          }
        ]
      },
      {
        "path": "MedicationAdministration.dosage.quantity",
        "mustSupport": true,
        "mapping": [
          {
            "identity": "qdm",
            "map": "dose"
          }
        ]
      }
    ]
  }
}