{"basis":[{"reference":"Patient/example"},{"reference":"DiagnosticReport/lipids"},{"reference":"Observation/blood-pressure"}],"date":"2014-07-19T16:04:00Z","id":"cardiac","performer":{"display":"http://cvdrisk.nhlbi.nih.gov/#cholesterol"},"prediction":[{"outcome":{"text":"Heart Attack"},"probabilityDecimal":0.02,"whenRange":{"high":{"code":"a","system":"http://unitsofmeasure.org","unit":"years","value":49},"low":{"code":"a","system":"http://unitsofmeasure.org","unit":"years","value":39}}}],"resourceType":"RiskAssessment","text":{"div":"<div>\n      <table>\n        <tr>\n          <td colspan=\"2\">\n            <h1>Information about your risk score:</h1>\n          </td>\n        </tr>\n        <tr>\n          <td>\n            <strong>Age:</strong>\n          </td>\n          <td>39</td>\n        </tr>\n        <tr>\n          <td>\n            <strong>Gender:</strong>\n          </td>\n          <td>male</td>\n        </tr>\n        <tr>\n          <td>\n            <strong>Total Cholesterol:</strong>\n          </td>\n          <td>244 mg/dL</td>\n        </tr>\n        <tr>\n          <td>\n            <strong>HDL Cholesterol:</strong>\n          </td>\n          <td>50 mg/dL\n          </td>\n        </tr>\n        <tr>\n          <td>\n            <strong>Smoker:</strong>\n          </td>\n          <td>No</td>\n        </tr>\n        <tr>\n          <td>\n            <strong>Systolic Blood Pressure:</strong>\n          </td>\n          <td>107 mm/Hg</td>\n        </tr>\n        <tr>\n          <td>\n            <strong>On medication for HBP:</strong>\n          </td>\n          <td>No</td>\n        </tr>\n        <tr>\n          <td valign=\"top\">\n            <b>Risk Score*</b>\n          </td>\n          <td>2%<br/>Means 2 of 100 people with this level of risk will have a heart attack in the next 10 years.</td>\n        </tr>\n        <tr>\n          <td colspan=\"2\">* Your risk score was calculated using an equation.  Other NCEP products, such as printed ATP III materials, use a point system to determine a risk score that is close to the equation score.</td>\n        </tr>\n        <tr>\n          <td colspan=\"2\">To find out what your risk score means and how to lower your risk for a heart attack, go to<br/>\n            <a href=\"http://www.nhlbi.nih.gov/health/public/heart/chol/hbc_what.htm\">&quot;High Blood Cholesterol—What You Need to Know&quot;</a>.<br/>\n            <a href=\"http://www.nhlbi.nih.gov/health/public/heart/chol/chol_tlc.htm\">Your Guide to Lowering Cholesterol with Therapeutic Lifestyle Changes (TLC)</a><br/>\n            <a href=\"http://www.nhlbi.nih.gov/health/public/heart/other/hhw/index.htm\">The Healthy Heart Handbook for Women</a>\n          </td>\n        </tr>\n      </table>\n    </div>","status":"additional"}}