{"contained":[{"description":"Type options for Schedule.actor","expansion":{"contains":[{"code":"Patient","display":"Patient","system":"http://hl7.org/fhir/resource-types"},{"code":"Practitioner","display":"Practitioner","system":"http://hl7.org/fhir/resource-types"},{"code":"RelatedPerson","display":"RelatedPerson","system":"http://hl7.org/fhir/resource-types"},{"code":"Device","display":"Device","system":"http://hl7.org/fhir/resource-types"},{"code":"HealthcareService","display":"HealthcareService","system":"http://hl7.org/fhir/resource-types"},{"code":"Location","display":"Location","system":"http://hl7.org/fhir/resource-types"}],"identifier":"urn:uuid:1ff85b21-4cf9-4991-8afd-9a0b1e8a8f33","timestamp":"2015-10-24T07:44:02+11:00"},"id":"vs2","name":"Type options for Schedule.actor","resourceType":"ValueSet","status":"active"}],"date":"2015-10-24T07:41:03+11:00","group":{"extension":[{"url":"http://hl7.org/fhir/Profile/questionnaire-extensions#flyover","valueString":"A container for slot(s) of time that may be available for booking appointments."}],"group":[{"extension":[{"url":"http://hl7.org/fhir/Profile/questionnaire-extensions#flyover","valueString":"The logical id of the resource, as used in the URL for the resource. Once assigned, this value never changes. The only time that a resource does not have an id is when it is being submitted to the server using a create operation. Bundles always have an id, though it is usually a generated UUID."},{"url":"http://www.healthintersections.com.au/fhir/Profile/metadata#type","valueString":"string"}],"linkId":"Schedule.id","question":[{"linkId":"Schedule.id.value","repeats":false,"required":false,"text":"Logical id of this artifact","type":"string"}],"repeats":true,"required":false},{"extension":[{"url":"http://hl7.org/fhir/Profile/questionnaire-extensions#flyover","valueString":"The metadata about the resource. This is content that is maintained by the infrastructure. Changes to the content may not always be associated with version changes to the resource."}],"linkId":"Schedule.meta","repeats":true,"required":false,"text":"Metadata about the resource"},{"extension":[{"url":"http://hl7.org/fhir/Profile/questionnaire-extensions#flyover","valueString":"A reference to a set of rules that were followed when the resource was constructed, and which must be understood when processing the content. Asserting this rule set restricts the content to be only understood by a limited set of trading partners. This inherently limits the usefulness of the data in the long term. However, the existing health eco-system is highly fractured, and not yet ready to define, collect, and exchange data in a generally computable sense. Wherever possible, implementers and/or specification writers should avoid using this element as much as possible."},{"url":"http://www.healthintersections.com.au/fhir/Profile/metadata#type","valueString":"uri"}],"linkId":"Schedule.implicitRules","question":[{"linkId":"Schedule.implicitRules.value","repeats":false,"required":false,"text":"A set of rules under which this content was created","type":"string"}],"repeats":true,"required":false},{"extension":[{"url":"http://hl7.org/fhir/Profile/questionnaire-extensions#flyover","valueString":"The base language in which the resource is written. Language is provided to support indexing and accessibility (typically, services such as text to speech use the language tag). The html language tag in the narrative applies  to the narrative. The language tag on the resource may be used to specify the language of other presentations generated from the data in the resource  Not all the content has to be in the base language. The Resource.language should not be assumed to apply to the narrative automatically. If a language is specified, it should it also be specified on the div element in the html (see rules in HTML5 for information about the relationship between xml:lang and the html lang attribute)."},{"url":"http://www.healthintersections.com.au/fhir/Profile/metadata#type","valueString":"code"}],"linkId":"Schedule.language","question":[{"linkId":"Schedule.language.value","repeats":false,"required":false,"text":"language","type":"choice"}],"repeats":true,"required":false},{"extension":[{"url":"http://hl7.org/fhir/Profile/questionnaire-extensions#flyover","valueString":"A human-readable narrative that contains a summary of the resource, and may be used to represent the content of the resource to a human. The narrative need not encode all the structured data, but is required to contain sufficient detail to make it \"clinically safe\" for a human to just read the narrative. Resource definitions may define what content should be represented in the narrative to ensure clinical safety. Contained resources do not have narrative. Resources that are not contained SHOULD have a narrative."}],"linkId":"Schedule.text","repeats":true,"required":false,"text":"Text summary of the resource, for human interpretation"},{"extension":[{"url":"http://hl7.org/fhir/Profile/questionnaire-extensions#flyover","valueString":"These resources do not have an independent existence apart from the resource that contains them - they cannot be identified independently, and nor can they have their own independent transaction scope. This should never be done when the content can be identified properly, as once identification is lost, it is extremely difficult (and context dependent) to restore it again."}],"linkId":"Schedule.contained","repeats":true,"required":false,"text":"Contained, inline Resources"},{"extension":[{"url":"http://hl7.org/fhir/Profile/questionnaire-extensions#flyover","valueString":"May be used to represent additional information that is not part of the basic definition of the resource. In order to make the use of extensions safe and manageable, there is a strict set of governance  applied to the definition and use of extensions. Though any implementer is allowed to define an extension, there is a set of requirements that SHALL be met as part of the definition of the extension. There can be no stigma associated with the use of extensions by any application, project, or standard - regardless of the institution or jurisdiction that uses or defines the extensions.  The use of extensions is what allows the FHIR specification to retain a core level of simplicity for everyone."}],"linkId":"Schedule.extension","repeats":true,"required":false,"text":"Additional Content defined by implementations"},{"extension":[{"url":"http://hl7.org/fhir/Profile/questionnaire-extensions#flyover","valueString":"May be used to represent additional information that is not part of the basic definition of the resource, and that modifies the understanding of the element that contains it. Usually modifier elements provide negation or qualification. In order to make the use of extensions safe and manageable, there is a strict set of governance applied to the definition and use of extensions. Though any implementer is allowed to define an extension, there is a set of requirements that SHALL be met as part of the definition of the extension. Applications processing a resource are required to check for modifier extensions. There can be no stigma associated with the use of extensions by any application, project, or standard - regardless of the institution or jurisdiction that uses or defines the extensions.  The use of extensions is what allows the FHIR specification to retain a core level of simplicity for everyone."}],"linkId":"Schedule.modifierExtension","repeats":true,"required":false,"text":"Extensions that cannot be ignored"},{"extension":[{"url":"http://hl7.org/fhir/Profile/questionnaire-extensions#flyover","valueString":"External Ids for this item."},{"url":"http://www.healthintersections.com.au/fhir/Profile/metadata#type","valueString":"Identifier"}],"linkId":"Schedule.identifier","question":[{"linkId":"Schedule.identifier.label","repeats":false,"required":false,"text":"label:","type":"string"},{"linkId":"Schedule.identifier.system","repeats":false,"required":false,"text":"system:","type":"string"},{"linkId":"Schedule.identifier.value","repeats":false,"required":false,"text":"value:","type":"string"}],"repeats":true,"required":false,"text":"External Ids for this item"},{"extension":[{"url":"http://hl7.org/fhir/Profile/questionnaire-extensions#flyover","valueString":"The schedule type can be used for the categorization of healthcare services or other appointment types."},{"url":"http://www.healthintersections.com.au/fhir/Profile/metadata#type","valueString":"CodeableConcept"}],"linkId":"Schedule.type","question":[{"linkId":"Schedule.type.coding","repeats":false,"required":false,"text":"code:","type":"open-choice"},{"linkId":"Schedule.type.text","repeats":false,"required":false,"text":"text:","type":"string"}],"repeats":true,"required":false,"text":"The schedule type can be used for the categorization of healthcare services or other appointment types"},{"extension":[{"url":"http://hl7.org/fhir/Profile/questionnaire-extensions#flyover","valueString":"The resource this Schedule resource is providing availability information for. These are expected to usually be one of HealthcareService, Location, Practitioner, Device, Patient or RelatedPerson."}],"linkId":"Schedule.actor","question":[{"group":[{"extension":[{"url":"http://www.healthintersections.com.au/fhir/Profile/metadata#type","valueString":"Reference"}],"linkId":"Schedule.actor._Patient","question":[{"extension":[{"url":"http://www.healthintersections.com.au/fhir/Profile/metadata#reference","valueString":"/Patient?subject=$subj&patient=$subj&encounter=$encounter"}],"linkId":"Schedule.actor._Patient.value","repeats":false,"required":false,"text":"Patient","type":"reference"}]},{"extension":[{"url":"http://www.healthintersections.com.au/fhir/Profile/metadata#type","valueString":"Reference"}],"linkId":"Schedule.actor._Practitioner","question":[{"extension":[{"url":"http://www.healthintersections.com.au/fhir/Profile/metadata#reference","valueString":"/Practitioner?subject=$subj&patient=$subj&encounter=$encounter"}],"linkId":"Schedule.actor._Practitioner.value","repeats":false,"required":false,"text":"Practitioner","type":"reference"}]},{"extension":[{"url":"http://www.healthintersections.com.au/fhir/Profile/metadata#type","valueString":"Reference"}],"linkId":"Schedule.actor._RelatedPerson","question":[{"extension":[{"url":"http://www.healthintersections.com.au/fhir/Profile/metadata#reference","valueString":"/RelatedPerson?subject=$subj&patient=$subj&encounter=$encounter"}],"linkId":"Schedule.actor._RelatedPerson.value","repeats":false,"required":false,"text":"RelatedPerson","type":"reference"}]},{"extension":[{"url":"http://www.healthintersections.com.au/fhir/Profile/metadata#type","valueString":"Reference"}],"linkId":"Schedule.actor._Device","question":[{"extension":[{"url":"http://www.healthintersections.com.au/fhir/Profile/metadata#reference","valueString":"/Device?subject=$subj&patient=$subj&encounter=$encounter"}],"linkId":"Schedule.actor._Device.value","repeats":false,"required":false,"text":"Device","type":"reference"}]},{"extension":[{"url":"http://www.healthintersections.com.au/fhir/Profile/metadata#type","valueString":"Reference"}],"linkId":"Schedule.actor._HealthcareService","question":[{"extension":[{"url":"http://www.healthintersections.com.au/fhir/Profile/metadata#reference","valueString":"/HealthcareService?subject=$subj&patient=$subj&encounter=$encounter"}],"linkId":"Schedule.actor._HealthcareService.value","repeats":false,"required":false,"text":"HealthcareService","type":"reference"}]},{"extension":[{"url":"http://www.healthintersections.com.au/fhir/Profile/metadata#type","valueString":"Reference"}],"linkId":"Schedule.actor._Location","question":[{"extension":[{"url":"http://www.healthintersections.com.au/fhir/Profile/metadata#reference","valueString":"/Location?subject=$subj&patient=$subj&encounter=$encounter"}],"linkId":"Schedule.actor._Location.value","repeats":false,"required":false,"text":"Location","type":"reference"}]}],"linkId":"Schedule.actor._type","options":{"reference":"#vs2"},"repeats":false,"required":false,"text":"type","type":"choice"}],"repeats":true,"required":true,"text":"The resource this Schedule resource is providing availability information for. These are expected to usually be one of HealthcareService, Location, Practitioner, Device, Patient or RelatedPerson"},{"extension":[{"url":"http://hl7.org/fhir/Profile/questionnaire-extensions#flyover","valueString":"The period of time that the slots that are attached to this Schedule resource cover (even if none exist). These  cover the amount of time that an organization's planning horizon; the interval for which they are currently accepting appointments. This does not define a \"template\" for planning outside these dates."},{"url":"http://www.healthintersections.com.au/fhir/Profile/metadata#type","valueString":"Period"}],"linkId":"Schedule.planningHorizon","question":[{"linkId":"Schedule.planningHorizon.low","repeats":false,"required":false,"text":"start:","type":"dateTime"},{"linkId":"Schedule.planningHorizon.end","repeats":false,"required":false,"text":"end:","type":"dateTime"}],"repeats":true,"required":false,"text":"The period of time that the slots that are attached to this Schedule resource cover (even if none exist). These  cover the amount of time that an organization's planning horizon; the interval for which they are currently accepting appointments. This does not define a \"template\" for planning outside these dates"},{"extension":[{"url":"http://hl7.org/fhir/Profile/questionnaire-extensions#flyover","valueString":"Comments on the availability to describe any extended information. Such as custom constraints on the slot(s) that may be associated."},{"url":"http://www.healthintersections.com.au/fhir/Profile/metadata#type","valueString":"string"}],"linkId":"Schedule.comment","question":[{"linkId":"Schedule.comment.value","repeats":false,"required":false,"text":"Comments on the availability to describe any extended information. Such as custom constraints on the slot(s) that may be associated","type":"string"}],"repeats":true,"required":false}],"linkId":"Schedule","repeats":true,"required":false,"title":"A container for slot(s) of time that may be available for booking appointments"},"id":"qs1","identifier":[{"system":"urn:ietf:rfc:3986"}],"publisher":"Health Level Seven International (Patient Administration)","resourceType":"Questionnaire","status":"draft"}