{
  "resourceType": "Questionnaire",
  "id": "qs1",
  "identifier": [
    {
      "system": "urn:ietf:rfc:3986"
    }
  ],
  "status": "draft",
  "date": "2015-10-24T07:41:03+11:00",
  "publisher": "Health Level Seven International (FHIR Infrastructure)",
  "group": {
    "extension": [
      {
        "url": "http://hl7.org/fhir/Profile/questionnaire-extensions#flyover",
        "valueString": "A search parameter that defines a named search item that can be used to search/filter on a resource."
      }
    ],
    "linkId": "SearchParameter",
    "title": "Search Parameter for a resource",
    "text": "In FHIR, search is not performed directly on a resource (by XML or JSON path), but on a named parameter that maps into the resource content.",
    "required": true,
    "repeats": false,
    "group": [
      {
        "extension": [
          {
            "url": "http://hl7.org/fhir/Profile/questionnaire-extensions#flyover",
            "valueString": "The logical id of the resource, as used in the URL for the resource. Once assigned, this value never changes. The only time that a resource does not have an id is when it is being submitted to the server using a create operation. Bundles always have an id, though it is usually a generated UUID."
          },
          {
            "url": "http://www.healthintersections.com.au/fhir/Profile/metadata#type",
            "valueString": "string"
          }
        ],
        "linkId": "SearchParameter.id",
        "required": false,
        "repeats": true,
        "question": [
          {
            "linkId": "SearchParameter.id.value",
            "text": "Logical id of this artifact",
            "type": "string",
            "required": false,
            "repeats": false
          }
        ]
      },
      {
        "extension": [
          {
            "url": "http://hl7.org/fhir/Profile/questionnaire-extensions#flyover",
            "valueString": "The metadata about the resource. This is content that is maintained by the infrastructure. Changes to the content may not always be associated with version changes to the resource."
          }
        ],
        "linkId": "SearchParameter.meta",
        "text": "Metadata about the resource",
        "required": false,
        "repeats": true
      },
      {
        "extension": [
          {
            "url": "http://hl7.org/fhir/Profile/questionnaire-extensions#flyover",
            "valueString": "A reference to a set of rules that were followed when the resource was constructed, and which must be understood when processing the content. Asserting this rule set restricts the content to be only understood by a limited set of trading partners. This inherently limits the usefulness of the data in the long term. However, the existing health eco-system is highly fractured, and not yet ready to define, collect, and exchange data in a generally computable sense. Wherever possible, implementers and/or specification writers should avoid using this element as much as possible."
          },
          {
            "url": "http://www.healthintersections.com.au/fhir/Profile/metadata#type",
            "valueString": "uri"
          }
        ],
        "linkId": "SearchParameter.implicitRules",
        "required": false,
        "repeats": true,
        "question": [
          {
            "linkId": "SearchParameter.implicitRules.value",
            "text": "A set of rules under which this content was created",
            "type": "string",
            "required": false,
            "repeats": false
          }
        ]
      },
      {
        "extension": [
          {
            "url": "http://hl7.org/fhir/Profile/questionnaire-extensions#flyover",
            "valueString": "The base language in which the resource is written. Language is provided to support indexing and accessibility (typically, services such as text to speech use the language tag). The html language tag in the narrative applies  to the narrative. The language tag on the resource may be used to specify the language of other presentations generated from the data in the resource  Not all the content has to be in the base language. The Resource.language should not be assumed to apply to the narrative automatically. If a language is specified, it should it also be specified on the div element in the html (see rules in HTML5 for information about the relationship between xml:lang and the html lang attribute)."
          },
          {
            "url": "http://www.healthintersections.com.au/fhir/Profile/metadata#type",
            "valueString": "code"
          }
        ],
        "linkId": "SearchParameter.language",
        "required": false,
        "repeats": true,
        "question": [
          {
            "linkId": "SearchParameter.language.value",
            "text": "language",
            "type": "choice",
            "required": false,
            "repeats": false
          }
        ]
      },
      {
        "extension": [
          {
            "url": "http://hl7.org/fhir/Profile/questionnaire-extensions#flyover",
            "valueString": "A human-readable narrative that contains a summary of the resource, and may be used to represent the content of the resource to a human. The narrative need not encode all the structured data, but is required to contain sufficient detail to make it \"clinically safe\" for a human to just read the narrative. Resource definitions may define what content should be represented in the narrative to ensure clinical safety. Contained resources do not have narrative. Resources that are not contained SHOULD have a narrative."
          }
        ],
        "linkId": "SearchParameter.text",
        "text": "Text summary of the resource, for human interpretation",
        "required": false,
        "repeats": true
      },
      {
        "extension": [
          {
            "url": "http://hl7.org/fhir/Profile/questionnaire-extensions#flyover",
            "valueString": "These resources do not have an independent existence apart from the resource that contains them - they cannot be identified independently, and nor can they have their own independent transaction scope. This should never be done when the content can be identified properly, as once identification is lost, it is extremely difficult (and context dependent) to restore it again."
          }
        ],
        "linkId": "SearchParameter.contained",
        "text": "Contained, inline Resources",
        "required": false,
        "repeats": true
      },
      {
        "extension": [
          {
            "url": "http://hl7.org/fhir/Profile/questionnaire-extensions#flyover",
            "valueString": "May be used to represent additional information that is not part of the basic definition of the resource. In order to make the use of extensions safe and manageable, there is a strict set of governance  applied to the definition and use of extensions. Though any implementer is allowed to define an extension, there is a set of requirements that SHALL be met as part of the definition of the extension. There can be no stigma associated with the use of extensions by any application, project, or standard - regardless of the institution or jurisdiction that uses or defines the extensions.  The use of extensions is what allows the FHIR specification to retain a core level of simplicity for everyone."
          }
        ],
        "linkId": "SearchParameter.extension",
        "text": "Additional Content defined by implementations",
        "required": false,
        "repeats": true
      },
      {
        "extension": [
          {
            "url": "http://hl7.org/fhir/Profile/questionnaire-extensions#flyover",
            "valueString": "May be used to represent additional information that is not part of the basic definition of the resource, and that modifies the understanding of the element that contains it. Usually modifier elements provide negation or qualification. In order to make the use of extensions safe and manageable, there is a strict set of governance applied to the definition and use of extensions. Though any implementer is allowed to define an extension, there is a set of requirements that SHALL be met as part of the definition of the extension. Applications processing a resource are required to check for modifier extensions. There can be no stigma associated with the use of extensions by any application, project, or standard - regardless of the institution or jurisdiction that uses or defines the extensions.  The use of extensions is what allows the FHIR specification to retain a core level of simplicity for everyone."
          }
        ],
        "linkId": "SearchParameter.modifierExtension",
        "text": "Extensions that cannot be ignored",
        "required": false,
        "repeats": true
      },
      {
        "extension": [
          {
            "url": "http://hl7.org/fhir/Profile/questionnaire-extensions#flyover",
            "valueString": "An absolute URL that is used to identify this search parameter when it is referenced in a specification, model, design or an instance. This SHALL be a URL, SHOULD be globally unique, and SHOULD be an address at which this search parameter is (or will be) published."
          },
          {
            "url": "http://www.healthintersections.com.au/fhir/Profile/metadata#type",
            "valueString": "uri"
          }
        ],
        "linkId": "SearchParameter.url",
        "required": true,
        "repeats": true,
        "question": [
          {
            "linkId": "SearchParameter.url.value",
            "text": "Absolute URL used to reference this search parameter",
            "type": "string",
            "required": false,
            "repeats": false
          }
        ]
      },
      {
        "extension": [
          {
            "url": "http://hl7.org/fhir/Profile/questionnaire-extensions#flyover",
            "valueString": "A free text natural language name identifying the search parameter. This is often the same as the code for the parameter, but does not need to be."
          },
          {
            "url": "http://www.healthintersections.com.au/fhir/Profile/metadata#type",
            "valueString": "string"
          }
        ],
        "linkId": "SearchParameter.name",
        "required": true,
        "repeats": true,
        "question": [
          {
            "linkId": "SearchParameter.name.value",
            "text": "Informal name for this search parameter",
            "type": "string",
            "required": false,
            "repeats": false
          }
        ]
      },
      {
        "extension": [
          {
            "url": "http://hl7.org/fhir/Profile/questionnaire-extensions#flyover",
            "valueString": "The status of this search parameter definition. This is not intended for use with actual conformance statements, but where conformance statements are used to describe possible or desired systems."
          },
          {
            "url": "http://www.healthintersections.com.au/fhir/Profile/metadata#type",
            "valueString": "code"
          }
        ],
        "linkId": "SearchParameter.status",
        "required": false,
        "repeats": true,
        "question": [
          {
            "linkId": "SearchParameter.status.value",
            "text": "status",
            "type": "choice",
            "required": false,
            "repeats": false
          }
        ]
      },
      {
        "extension": [
          {
            "url": "http://hl7.org/fhir/Profile/questionnaire-extensions#flyover",
            "valueString": "A flag to indicate that this search parameter definition is authored for testing purposes (or education/evaluation/marketing), and is not intended to be used for genuine usage. Allows filtering of search parameter definitions that are appropriate for use vs. not."
          },
          {
            "url": "http://www.healthintersections.com.au/fhir/Profile/metadata#type",
            "valueString": "boolean"
          }
        ],
        "linkId": "SearchParameter.experimental",
        "required": false,
        "repeats": true,
        "question": [
          {
            "linkId": "SearchParameter.experimental.value",
            "text": "If for testing purposes, not real usage",
            "type": "boolean",
            "required": false,
            "repeats": false
          }
        ]
      },
      {
        "extension": [
          {
            "url": "http://hl7.org/fhir/Profile/questionnaire-extensions#flyover",
            "valueString": "The name of the individual or organization that published the search parameter. Usually an organization, but may be an individual. This item SHOULD be populated unless the information is available from context."
          },
          {
            "url": "http://www.healthintersections.com.au/fhir/Profile/metadata#type",
            "valueString": "string"
          }
        ],
        "linkId": "SearchParameter.publisher",
        "required": false,
        "repeats": true,
        "question": [
          {
            "linkId": "SearchParameter.publisher.value",
            "text": "Name of the publisher (Organization or individual)",
            "type": "string",
            "required": false,
            "repeats": false
          }
        ]
      },
      {
        "extension": [
          {
            "url": "http://hl7.org/fhir/Profile/questionnaire-extensions#flyover",
            "valueString": "Contacts to assist a user in finding and communicating with the publisher."
          }
        ],
        "linkId": "SearchParameter.contact",
        "title": "Contact details of the publisher",
        "text": "May be a web site, an email address, a telephone number (tel:), etc.",
        "required": false,
        "repeats": true,
        "group": [
          {
            "extension": [
              {
                "url": "http://hl7.org/fhir/Profile/questionnaire-extensions#flyover",
                "valueString": "unique id for the element within a resource (for internal references)."
              },
              {
                "url": "http://www.healthintersections.com.au/fhir/Profile/metadata#type",
                "valueString": "string"
              }
            ],
            "linkId": "SearchParameter.contact.id",
            "required": false,
            "repeats": true,
            "question": [
              {
                "linkId": "SearchParameter.contact.id.value",
                "text": "xml:id (or equivalent in JSON)",
                "type": "string",
                "required": false,
                "repeats": false
              }
            ]
          },
          {
            "extension": [
              {
                "url": "http://hl7.org/fhir/Profile/questionnaire-extensions#flyover",
                "valueString": "May be used to represent additional information that is not part of the basic definition of the element. In order to make the use of extensions safe and manageable, there is a strict set of governance  applied to the definition and use of extensions. Though any implementer is allowed to define an extension, there is a set of requirements that SHALL be met as part of the definition of the extension. There can be no stigma associated with the use of extensions by any application, project, or standard - regardless of the institution or jurisdiction that uses or defines the extensions.  The use of extensions is what allows the FHIR specification to retain a core level of simplicity for everyone."
              }
            ],
            "linkId": "SearchParameter.contact.extension",
            "text": "Additional Content defined by implementations",
            "required": false,
            "repeats": true
          },
          {
            "extension": [
              {
                "url": "http://hl7.org/fhir/Profile/questionnaire-extensions#flyover",
                "valueString": "May be used to represent additional information that is not part of the basic definition of the element, and that modifies the understanding of the element that contains it. Usually modifier elements provide negation or qualification. In order to make the use of extensions safe and manageable, there is a strict set of governance applied to the definition and use of extensions. Though any implementer is allowed to define an extension, there is a set of requirements that SHALL be met as part of the definition of the extension. Applications processing a resource are required to check for modifier extensions. There can be no stigma associated with the use of extensions by any application, project, or standard - regardless of the institution or jurisdiction that uses or defines the extensions.  The use of extensions is what allows the FHIR specification to retain a core level of simplicity for everyone."
              }
            ],
            "linkId": "SearchParameter.contact.modifierExtension",
            "text": "Extensions that cannot be ignored",
            "required": false,
            "repeats": true
          },
          {
            "extension": [
              {
                "url": "http://hl7.org/fhir/Profile/questionnaire-extensions#flyover",
                "valueString": "The name of an individual to contact regarding the search parameter. If there is no named individual, the telecom is for the organization as a whole."
              },
              {
                "url": "http://www.healthintersections.com.au/fhir/Profile/metadata#type",
                "valueString": "string"
              }
            ],
            "linkId": "SearchParameter.contact.name",
            "required": false,
            "repeats": true,
            "question": [
              {
                "linkId": "SearchParameter.contact.name.value",
                "text": "Name of a individual to contact",
                "type": "string",
                "required": false,
                "repeats": false
              }
            ]
          },
          {
            "extension": [
              {
                "url": "http://hl7.org/fhir/Profile/questionnaire-extensions#flyover",
                "valueString": "Contact details for individual (if a name was provided) or the publisher."
              },
              {
                "url": "http://www.healthintersections.com.au/fhir/Profile/metadata#type",
                "valueString": "ContactPoint"
              }
            ],
            "linkId": "SearchParameter.contact.telecom",
            "text": "Contact details for individual or publisher",
            "required": false,
            "repeats": true,
            "question": [
              {
                "linkId": "SearchParameter.contact.telecom.system",
                "text": "type:",
                "type": "choice",
                "required": false,
                "repeats": false
              },
              {
                "linkId": "SearchParameter.contact.telecom.value",
                "text": "value:",
                "type": "string",
                "required": false,
                "repeats": false
              },
              {
                "linkId": "SearchParameter.contact.telecom.use",
                "text": "use:",
                "type": "choice",
                "required": false,
                "repeats": false
              }
            ]
          }
        ]
      },
      {
        "extension": [
          {
            "url": "http://hl7.org/fhir/Profile/questionnaire-extensions#flyover",
            "valueString": "The date  (and optionally time) when the search parameter definition was published. The date must change when the business version changes, if it does, and it must change if the status code changes. In addition, it should change when the substantive content of the search parameter changes. Additional specific dates may be added as extensions."
          },
          {
            "url": "http://www.healthintersections.com.au/fhir/Profile/metadata#type",
            "valueString": "datetime"
          }
        ],
        "linkId": "SearchParameter.date",
        "required": false,
        "repeats": true,
        "question": [
          {
            "linkId": "SearchParameter.date.value",
            "text": "Publication Date(/time)",
            "type": "dateTime",
            "required": false,
            "repeats": false
          }
        ]
      },
      {
        "extension": [
          {
            "url": "http://hl7.org/fhir/Profile/questionnaire-extensions#flyover",
            "valueString": "The Scope and Usage that this search parameter was created to meet."
          },
          {
            "url": "http://www.healthintersections.com.au/fhir/Profile/metadata#type",
            "valueString": "string"
          }
        ],
        "linkId": "SearchParameter.requirements",
        "required": false,
        "repeats": true,
        "question": [
          {
            "linkId": "SearchParameter.requirements.value",
            "text": "Why this search parameter is defined",
            "type": "string",
            "required": false,
            "repeats": false
          }
        ]
      },
      {
        "extension": [
          {
            "url": "http://hl7.org/fhir/Profile/questionnaire-extensions#flyover",
            "valueString": "The code used in the URL or the parameter name in a parameters resource for this search parameter. For maximum compatibility, use only lowercase ASCII characters."
          },
          {
            "url": "http://www.healthintersections.com.au/fhir/Profile/metadata#type",
            "valueString": "code"
          }
        ],
        "linkId": "SearchParameter.code",
        "required": true,
        "repeats": true,
        "question": [
          {
            "linkId": "SearchParameter.code.value",
            "text": "code",
            "type": "choice",
            "required": false,
            "repeats": false
          }
        ]
      },
      {
        "extension": [
          {
            "url": "http://hl7.org/fhir/Profile/questionnaire-extensions#flyover",
            "valueString": "The base resource type that this search parameter refers to."
          },
          {
            "url": "http://www.healthintersections.com.au/fhir/Profile/metadata#type",
            "valueString": "code"
          }
        ],
        "linkId": "SearchParameter.base",
        "required": true,
        "repeats": true,
        "question": [
          {
            "linkId": "SearchParameter.base.value",
            "text": "base",
            "type": "choice",
            "required": false,
            "repeats": false
          }
        ]
      },
      {
        "extension": [
          {
            "url": "http://hl7.org/fhir/Profile/questionnaire-extensions#flyover",
            "valueString": "The type of value a search parameter refers to, and how the content is interpreted."
          },
          {
            "url": "http://www.healthintersections.com.au/fhir/Profile/metadata#type",
            "valueString": "code"
          }
        ],
        "linkId": "SearchParameter.type",
        "required": true,
        "repeats": true,
        "question": [
          {
            "linkId": "SearchParameter.type.value",
            "text": "type",
            "type": "choice",
            "required": false,
            "repeats": false
          }
        ]
      },
      {
        "extension": [
          {
            "url": "http://hl7.org/fhir/Profile/questionnaire-extensions#flyover",
            "valueString": "A description of the search parameters and how it used."
          },
          {
            "url": "http://www.healthintersections.com.au/fhir/Profile/metadata#type",
            "valueString": "string"
          }
        ],
        "linkId": "SearchParameter.description",
        "required": true,
        "repeats": true,
        "question": [
          {
            "linkId": "SearchParameter.description.value",
            "text": "Documentation for  search parameter",
            "type": "string",
            "required": false,
            "repeats": false
          }
        ]
      },
      {
        "extension": [
          {
            "url": "http://hl7.org/fhir/Profile/questionnaire-extensions#flyover",
            "valueString": "An XPath expression that returns a set of elements for the search parameter. Note that the elements returned by the XPath are sometimes complex elements where logic is required to determine quite how to handle them; e.g. CodeableConcepts may contain text and/or multiple codings, where the codings themselves contain a code and a system."
          },
          {
            "url": "http://www.healthintersections.com.au/fhir/Profile/metadata#type",
            "valueString": "string"
          }
        ],
        "linkId": "SearchParameter.xpath",
        "required": false,
        "repeats": true,
        "question": [
          {
            "linkId": "SearchParameter.xpath.value",
            "text": "XPath that extracts the values",
            "type": "string",
            "required": false,
            "repeats": false
          }
        ]
      },
      {
        "extension": [
          {
            "url": "http://hl7.org/fhir/Profile/questionnaire-extensions#flyover",
            "valueString": "How the search parameter relates to the set of elements returned by evaluating the xpath query."
          },
          {
            "url": "http://www.healthintersections.com.au/fhir/Profile/metadata#type",
            "valueString": "code"
          }
        ],
        "linkId": "SearchParameter.xpathUsage",
        "required": false,
        "repeats": true,
        "question": [
          {
            "linkId": "SearchParameter.xpathUsage.value",
            "text": "xpath usage",
            "type": "choice",
            "required": false,
            "repeats": false
          }
        ]
      },
      {
        "extension": [
          {
            "url": "http://hl7.org/fhir/Profile/questionnaire-extensions#flyover",
            "valueString": "Types of resource (if a resource is referenced)."
          },
          {
            "url": "http://www.healthintersections.com.au/fhir/Profile/metadata#type",
            "valueString": "code"
          }
        ],
        "linkId": "SearchParameter.target",
        "required": false,
        "repeats": true,
        "question": [
          {
            "linkId": "SearchParameter.target.value",
            "text": "target",
            "type": "choice",
            "required": false,
            "repeats": false
          }
        ]
      }
    ]
  }
}