{"accessionIdentifier":{"system":"http://lis.acmelabs.org/identifiers/accession","use":"official","value":"21041205000001"},"collection":{"bodySite":{"coding":[{"code":"53120007","display":"Arm","system":"http://snomed.info/sct"},{"code":"ARM","display":"Arm","system":"http://ehr.goodhealthclinic.org"}],"text":"Drawn from Arm"},"collectedDateTime":"2014-12-05"},"id":"spec-uslab-example1","identifier":[{"system":"http://ehr.goodhealthclinic.org/identifiers/specimen","use":"official","value":"SID123"}],"resourceType":"Specimen","subject":{"display":"Todd Lerr","reference":"Patient/patient-uslab-example1"},"text":{"div":"<div><p><b>Generated Narrative with Details</b></p><p><b>id</b>: spec-uslab-example1</p><p><b>identifier</b>: SID123 (OFFICIAL)</p><p><b>type</b>: Blood sample <span>(Details : {SNOMED CT code '122555007' = '122555007', given as 'Venous blood specimen'}; {http://ehr.goodhealthclinic.org code 'BLD' = '??', given as 'Blood'})</span></p><p><b>subject</b>: <a>Todd Lerr</a></p><p><b>accessionIdentifier</b>: 21041205000001 (OFFICIAL)</p><h3>Collections</h3><table><tr><td>-</td><td><b>Collected[x]</b></td><td><b>BodySite</b></td></tr><tr><td>*</td><td>05/12/2014</td><td>Drawn from Arm <span>(Details : {SNOMED CT code '53120007' = '53120007', given as 'Arm'}; {http://ehr.goodhealthclinic.org code 'ARM' = '??', given as 'Arm'})</span></td></tr></table></div>","status":"generated"},"type":{"coding":[{"code":"122555007","display":"Venous blood specimen","system":"http://snomed.info/sct"},{"code":"BLD","display":"Blood","system":"http://ehr.goodhealthclinic.org"}],"text":"Blood sample"}}