{
  "resourceType": "TestScript",
  "id": "update",
  "text": {
    "status": "generated",
    "div": "<div><p><b>Generated Narrative with Details</b></p><p><b>id</b>: update</p><p><b>name</b>: Update Test Script</p><p><b>description</b>: Test Script for update of the patient resource</p><blockquote><p><b>fixture</b></p><p><b>resource</b>: <a>Patient/patient-example.xml</a></p></blockquote><blockquote><p><b>fixture</b></p><p><b>resource</b>: <a>Patient/patient-example-updated.xml</a></p></blockquote><blockquote><p><b>setup</b></p><blockquote><p><b>action</b></p><h3>Operations</h3><table><tr><td>-</td><td><b>Type</b></td><td><b>SourceId</b></td></tr><tr><td>*</td><td>create</td><td>example-patient</td></tr></table></blockquote></blockquote><blockquote><p><b>test</b></p><p><b>name</b>: Update Patient</p><p><b>description</b>: Update a patient and validate response.</p><blockquote><p><b>metadata</b></p><h3>Links</h3><table><tr><td>-</td><td><b>Url</b></td><td><b>Description</b></td></tr><tr><td>*</td><td><a>http://hl7.org/implement/standards/FHIR-Develop/patient.html</a></td><td>FHIR Patient</td></tr></table><blockquote><p><b>operation</b></p><p><b>type</b>: create</p><p><b>resource</b>: Patient</p><p><b>description</b>: Patient Create Operation</p><p><b>link</b>: <a>http://hl7.org/implement/standards/FHIR-Develop/http.html#create</a></p><p><b>required</b>: true</p></blockquote><blockquote><p><b>operation</b></p><p><b>type</b>: read</p><p><b>resource</b>: Patient</p><p><b>description</b>: Patient Read Operation</p><p><b>link</b>: <a>http://hl7.org/implement/standards/FHIR-Develop/http.html#read</a></p><p><b>required</b>: true</p></blockquote><blockquote><p><b>operation</b></p><p><b>type</b>: delete</p><p><b>resource</b>: Patient</p><p><b>description</b>: Patient Delete Operation</p><p><b>link</b>: <a>http://hl7.org/implement/standards/FHIR-Develop/http.html#delete</a></p><p><b>required</b>: true</p></blockquote><blockquote><p><b>operation</b></p><p><b>type</b>: update</p><p><b>resource</b>: Patient</p><p><b>description</b>: Patient Update Operation</p><p><b>link</b>: <a>http://hl7.org/implement/standards/FHIR-Develop/http.html#update</a></p><p><b>validated</b>: true</p></blockquote></blockquote><blockquote><p><b>action</b></p><h3>Operations</h3><table><tr><td>-</td></tr><tr><td>*</td></tr></table></blockquote><blockquote><p><b>action</b></p><h3>Asserts</h3><table><tr><td>-</td></tr><tr><td>*</td></tr></table></blockquote><blockquote><p><b>action</b></p><h3>Asserts</h3><table><tr><td>-</td></tr><tr><td>*</td></tr></table></blockquote><blockquote><p><b>action</b></p><h3>Operations</h3><table><tr><td>-</td></tr><tr><td>*</td></tr></table></blockquote><blockquote><p><b>action</b></p><h3>Asserts</h3><table><tr><td>-</td></tr><tr><td>*</td></tr></table></blockquote></blockquote><blockquote><p><b>teardown</b></p><blockquote><p><b>action</b></p><h3>Operations</h3><table><tr><td>-</td></tr><tr><td>*</td></tr></table></blockquote></blockquote></div>"
  },
  "url": "http://hl7.org/fhir/TestScript/update",
  "name": "Update Test Script",
  "status": "draft",
  "description": "Test Script for update of the patient resource",
  "fixture": [
    {
      "id": "example-patient",
      "resource": {
        "reference": "Patient/example"
      }
    },
    {
      "id": "example-patient-updated",
      "resource": {
        "reference": "Patient/pat1"
      }
    }
  ],
  "setup": {
    "action": [
      {
        "operation": {
          "type": {
            "code": "create"
          },
          "sourceId": "example-patient"
        }
      }
    ]
  },
  "test": [
    {
      "id": "UPDATE01",
      "name": "Update Patient",
      "description": "Update a patient and validate response.",
      "metadata": {
        "capability": [
          {
            "required": true,
            "description": "Patient Create, Read, and Delete Operations",
            "link": [
              "http://hl7.org/implement/standards/FHIR-Develop/http.html#create",
              "http://hl7.org/implement/standards/FHIR-Develop/http.html#read",
              "http://hl7.org/implement/standards/FHIR-Develop/http.html#delete"
            ],
            "conformance": {
              "reference": "Conformance/example"
            }
          },
          {
            "validated": true,
            "description": "Patient Update Operation",
            "link": [
              "http://hl7.org/implement/standards/FHIR-Develop/http.html#update"
            ],
            "conformance": {
              "reference": "Conformance/example"
            }
          }
        ]
      },
      "action": [
        {
          "operation": {
            "type": {
              "code": "update"
            },
            "sourceId": "example-patient-updated",
            "targetId": "example-patient"
          }
        },
        {
          "assert": {
            "responseCode": "201"
          }
        },
        {
          "assert": {
            "headerField": "Last-Modified",
            "operator": "notEmpty"
          }
        },
        {
          "operation": {
            "type": {
              "code": "read"
            },
            "targetId": "example-patient"
          }
        },
        {
          "assert": {
            "response": "okay"
          }
        }
      ]
    }
  ],
  "teardown": {
    "action": [
      {
        "operation": {
          "type": {
            "code": "delete"
          },
          "targetId": "example-patient"
        }
      }
    ]
  }
}