{"contained":[{"description":"Type options for Specimen.subject","expansion":{"contains":[{"code":"uslab-patient","display":"uslab-patient","system":"http://hl7.org/fhir/resource-types"},{"code":"uslab-phpatient","display":"uslab-phpatient","system":"http://hl7.org/fhir/resource-types"}],"identifier":"urn:uuid:f9f4c352-6473-4161-aa0c-2a4b8d106cd0","timestamp":"2015-10-24T07:44:24+11:00"},"id":"vs2","name":"Type options for Specimen.subject","resourceType":"ValueSet","status":"active"},{"description":"Type options for Specimen.collection.collected[x]","expansion":{"contains":[{"code":"dateTime","display":"dateTime","system":"http://hl7.org/fhir/data-types"},{"code":"Period","display":"Period","system":"http://hl7.org/fhir/data-types"}],"identifier":"urn:uuid:7a0e853b-6bcc-46e7-b7e9-27add88bffe8","timestamp":"2015-10-24T07:44:24+11:00"},"id":"vs3","name":"Type options for Specimen.collection.collected[x]","resourceType":"ValueSet","status":"active"},{"description":"Type options for Specimen.container.additive[x]","expansion":{"contains":[{"code":"CodeableConcept","display":"CodeableConcept","system":"http://hl7.org/fhir/data-types"},{"code":"Substance","display":"Substance","system":"http://hl7.org/fhir/resource-types"}],"identifier":"urn:uuid:d0bc9621-5c77-41ce-8d7e-135591c43a33","timestamp":"2015-10-24T07:44:24+11:00"},"id":"vs4","name":"Type options for Specimen.container.additive[x]","resourceType":"ValueSet","status":"active"}],"date":"2014-11-17T00:00:00+11:00","group":{"extension":[{"url":"http://hl7.org/fhir/Profile/questionnaire-extensions#flyover","valueString":"Specimen resource defined for the USLab Implementation Guides."}],"group":[{"extension":[{"url":"http://hl7.org/fhir/Profile/questionnaire-extensions#flyover","valueString":"The logical id of the resource, as used in the URL for the resource. Once assigned, this value never changes. The only time that a resource does not have an id is when it is being submitted to the server using a create operation. Bundles always have an id, though it is usually a generated UUID."},{"url":"http://www.healthintersections.com.au/fhir/Profile/metadata#type","valueString":"string"}],"linkId":"Specimen.id","question":[{"linkId":"Specimen.id.value","repeats":false,"required":false,"text":"Logical id of this artifact","type":"string"}],"repeats":true,"required":false},{"extension":[{"url":"http://hl7.org/fhir/Profile/questionnaire-extensions#flyover","valueString":"The metadata about the resource. This is content that is maintained by the infrastructure. Changes to the content may not always be associated with version changes to the resource."}],"linkId":"Specimen.meta","repeats":true,"required":false,"text":"Metadata about the resource"},{"extension":[{"url":"http://hl7.org/fhir/Profile/questionnaire-extensions#flyover","valueString":"A reference to a set of rules that were followed when the resource was constructed, and which must be understood when processing the content. Asserting this rule set restricts the content to be only understood by a limited set of trading partners. This inherently limits the usefulness of the data in the long term. However, the existing health eco-system is highly fractured, and not yet ready to define, collect, and exchange data in a generally computable sense. Wherever possible, implementers and/or specification writers should avoid using this element as much as possible."},{"url":"http://www.healthintersections.com.au/fhir/Profile/metadata#type","valueString":"uri"}],"linkId":"Specimen.implicitRules","question":[{"linkId":"Specimen.implicitRules.value","repeats":false,"required":false,"text":"A set of rules under which this content was created","type":"string"}],"repeats":true,"required":false},{"extension":[{"url":"http://hl7.org/fhir/Profile/questionnaire-extensions#flyover","valueString":"The base language in which the resource is written. Language is provided to support indexing and accessibility (typically, services such as text to speech use the language tag). The html language tag in the narrative applies  to the narrative. The language tag on the resource may be used to specify the language of other presentations generated from the data in the resource  Not all the content has to be in the base language. The Resource.language should not be assumed to apply to the narrative automatically. If a language is specified, it should it also be specified on the div element in the html (see rules in HTML5 for information about the relationship between xml:lang and the html lang attribute)."},{"url":"http://www.healthintersections.com.au/fhir/Profile/metadata#type","valueString":"code"}],"linkId":"Specimen.language","question":[{"linkId":"Specimen.language.value","repeats":false,"required":false,"text":"language","type":"choice"}],"repeats":true,"required":false},{"extension":[{"url":"http://hl7.org/fhir/Profile/questionnaire-extensions#flyover","valueString":"A human-readable narrative that contains a summary of the resource, and may be used to represent the content of the resource to a human. The narrative need not encode all the structured data, but is required to contain sufficient detail to make it \"clinically safe\" for a human to just read the narrative. Resource definitions may define what content should be represented in the narrative to ensure clinical safety. Contained resources do not have narrative. Resources that are not contained SHOULD have a narrative."}],"linkId":"Specimen.text","repeats":true,"required":false,"text":"Text summary of the resource, for human interpretation"},{"extension":[{"url":"http://hl7.org/fhir/Profile/questionnaire-extensions#flyover","valueString":"These resources do not have an independent existence apart from the resource that contains them - they cannot be identified independently, and nor can they have their own independent transaction scope. This should never be done when the content can be identified properly, as once identification is lost, it is extremely difficult (and context dependent) to restore it again."}],"linkId":"Specimen.contained","repeats":true,"required":false,"text":"Contained, inline Resources"},{"extension":[{"url":"http://hl7.org/fhir/Profile/questionnaire-extensions#flyover","valueString":"May be used to represent additional information that is not part of the basic definition of the resource. In order to make the use of extensions safe and manageable, there is a strict set of governance  applied to the definition and use of extensions. Though any implementer is allowed to define an extension, there is a set of requirements that SHALL be met as part of the definition of the extension. There can be no stigma associated with the use of extensions by any application, project, or standard - regardless of the institution or jurisdiction that uses or defines the extensions.  The use of extensions is what allows the FHIR specification to retain a core level of simplicity for everyone."}],"linkId":"Specimen.extension","repeats":true,"required":false,"text":"Additional Content defined by implementations"},{"extension":[{"url":"http://hl7.org/fhir/Profile/questionnaire-extensions#flyover","valueString":"May be used to represent additional information that is not part of the basic definition of the resource, and that modifies the understanding of the element that contains it. Usually modifier elements provide negation or qualification. In order to make the use of extensions safe and manageable, there is a strict set of governance applied to the definition and use of extensions. Though any implementer is allowed to define an extension, there is a set of requirements that SHALL be met as part of the definition of the extension. Applications processing a resource are required to check for modifier extensions. There can be no stigma associated with the use of extensions by any application, project, or standard - regardless of the institution or jurisdiction that uses or defines the extensions.  The use of extensions is what allows the FHIR specification to retain a core level of simplicity for everyone."}],"linkId":"Specimen.modifierExtension","repeats":true,"required":false,"text":"Extensions that cannot be ignored"},{"extension":[{"url":"http://hl7.org/fhir/Profile/questionnaire-extensions#flyover","valueString":"Id for specimen. In the test ordering workflow this would be the orderer's specimen identifer(Placer Specimen ID).  In the context of the lab test reporting workflow, this could be both the orderer's specimen identifer and the laboratory assigned specimen identifier (Filler Specimen ID)."},{"url":"http://www.healthintersections.com.au/fhir/Profile/metadata#type","valueString":"Identifier"}],"linkId":"Specimen.identifier","question":[{"linkId":"Specimen.identifier.label","repeats":false,"required":false,"text":"label:","type":"string"},{"linkId":"Specimen.identifier.system","repeats":false,"required":false,"text":"system:","type":"string"},{"linkId":"Specimen.identifier.value","repeats":false,"required":false,"text":"value:","type":"string"}],"repeats":true,"required":false,"text":"External Identifier"},{"extension":[{"url":"http://hl7.org/fhir/Profile/questionnaire-extensions#flyover","valueString":"The availability of the specimen."},{"url":"http://www.healthintersections.com.au/fhir/Profile/metadata#type","valueString":"code"}],"linkId":"Specimen.status","question":[{"linkId":"Specimen.status.value","repeats":false,"required":false,"text":"status","type":"choice"}],"repeats":true,"required":false},{"extension":[{"url":"http://hl7.org/fhir/Profile/questionnaire-extensions#flyover","valueString":"The kind of material that forms the specimen. Systems SHALL be capable of sending/consuming the local code if one exists."},{"url":"http://www.healthintersections.com.au/fhir/Profile/metadata#type","valueString":"CodeableConcept"}],"linkId":"Specimen.type","question":[{"linkId":"Specimen.type.coding","repeats":false,"required":false,"text":"code:","type":"open-choice"},{"linkId":"Specimen.type.text","repeats":false,"required":false,"text":"text:","type":"string"}],"repeats":true,"required":true,"text":"Kind of material that forms the specimen"},{"extension":[{"url":"http://hl7.org/fhir/Profile/questionnaire-extensions#flyover","valueString":"Reference to the parent (source) specimen which is used when the specimen was either derived from or a component of another specimen. The parent specimen could be the source from which the current specimen is derived by some processing step (e.g. an aliquot or isolate or extracted nucleic acids from clinical samples) or one of many specimens that were combined to create a pooled sample."},{"url":"http://www.healthintersections.com.au/fhir/Profile/metadata#type","valueString":"Reference"}],"linkId":"Specimen.parent","question":[{"extension":[{"url":"http://www.healthintersections.com.au/fhir/Profile/metadata#reference","valueString":"/Specimen?subject=$subj&patient=$subj&encounter=$encounter"}],"linkId":"Specimen.parent.value","repeats":false,"required":false,"text":"Specimen from which this specimen originated","type":"reference"}],"repeats":true,"required":false},{"extension":[{"url":"http://hl7.org/fhir/Profile/questionnaire-extensions#flyover","valueString":"Patient."}],"linkId":"Specimen.subject","question":[{"group":[{"extension":[{"url":"http://www.healthintersections.com.au/fhir/Profile/metadata#type","valueString":"Reference"}],"linkId":"Specimen.subject._uslab-patient","question":[{"extension":[{"url":"http://www.healthintersections.com.au/fhir/Profile/metadata#reference","valueString":"/uslab-patient?subject=$subj&patient=$subj&encounter=$encounter"}],"linkId":"Specimen.subject._uslab-patient.value","repeats":false,"required":false,"text":"uslab-patient","type":"reference"}]},{"extension":[{"url":"http://www.healthintersections.com.au/fhir/Profile/metadata#type","valueString":"Reference"}],"linkId":"Specimen.subject._uslab-phpatient","question":[{"extension":[{"url":"http://www.healthintersections.com.au/fhir/Profile/metadata#reference","valueString":"/uslab-phpatient?subject=$subj&patient=$subj&encounter=$encounter"}],"linkId":"Specimen.subject._uslab-phpatient.value","repeats":false,"required":false,"text":"uslab-phpatient","type":"reference"}]}],"linkId":"Specimen.subject._type","options":{"reference":"#vs2"},"repeats":false,"required":false,"text":"type","type":"choice"}],"repeats":true,"required":true,"text":"Patient"},{"extension":[{"url":"http://hl7.org/fhir/Profile/questionnaire-extensions#flyover","valueString":"The identifier assigned by the lab when accessioning specimen(s). This is not necessarily the same as the specimen identifier, depending on local lab procedures."},{"url":"http://www.healthintersections.com.au/fhir/Profile/metadata#type","valueString":"Identifier"}],"linkId":"Specimen.accessionIdentifier","question":[{"linkId":"Specimen.accessionIdentifier.label","repeats":false,"required":false,"text":"label:","type":"string"},{"linkId":"Specimen.accessionIdentifier.system","repeats":false,"required":false,"text":"system:","type":"string"},{"linkId":"Specimen.accessionIdentifier.value","repeats":false,"required":false,"text":"value:","type":"string"}],"repeats":true,"required":true,"text":"Identifier assigned by the lab"},{"extension":[{"url":"http://hl7.org/fhir/Profile/questionnaire-extensions#flyover","valueString":"Time when specimen was received for processing or testing."},{"url":"http://www.healthintersections.com.au/fhir/Profile/metadata#type","valueString":"datetime"}],"linkId":"Specimen.receivedTime","question":[{"linkId":"Specimen.receivedTime.value","repeats":false,"required":false,"text":"The time when specimen was received for processing","type":"dateTime"}],"repeats":true,"required":false},{"extension":[{"url":"http://hl7.org/fhir/Profile/questionnaire-extensions#flyover","valueString":"Details concerning the specimen collection."}],"group":[{"extension":[{"url":"http://hl7.org/fhir/Profile/questionnaire-extensions#flyover","valueString":"unique id for the element within a resource (for internal references)."},{"url":"http://www.healthintersections.com.au/fhir/Profile/metadata#type","valueString":"string"}],"linkId":"Specimen.collection.id","question":[{"linkId":"Specimen.collection.id.value","repeats":false,"required":false,"text":"xml:id (or equivalent in JSON)","type":"string"}],"repeats":true,"required":false},{"extension":[{"url":"http://hl7.org/fhir/Profile/questionnaire-extensions#flyover","valueString":"May be used to represent additional information that is not part of the basic definition of the element. In order to make the use of extensions safe and manageable, there is a strict set of governance  applied to the definition and use of extensions. Though any implementer is allowed to define an extension, there is a set of requirements that SHALL be met as part of the definition of the extension. There can be no stigma associated with the use of extensions by any application, project, or standard - regardless of the institution or jurisdiction that uses or defines the extensions.  The use of extensions is what allows the FHIR specification to retain a core level of simplicity for everyone."}],"linkId":"Specimen.collection.extension","repeats":true,"required":false,"text":"Additional Content defined by implementations"},{"extension":[{"url":"http://hl7.org/fhir/Profile/questionnaire-extensions#flyover","valueString":"May be used to represent additional information that is not part of the basic definition of the element, and that modifies the understanding of the element that contains it. Usually modifier elements provide negation or qualification. In order to make the use of extensions safe and manageable, there is a strict set of governance applied to the definition and use of extensions. Though any implementer is allowed to define an extension, there is a set of requirements that SHALL be met as part of the definition of the extension. Applications processing a resource are required to check for modifier extensions. There can be no stigma associated with the use of extensions by any application, project, or standard - regardless of the institution or jurisdiction that uses or defines the extensions.  The use of extensions is what allows the FHIR specification to retain a core level of simplicity for everyone."}],"linkId":"Specimen.collection.modifierExtension","repeats":true,"required":false,"text":"Extensions that cannot be ignored"},{"extension":[{"url":"http://hl7.org/fhir/Profile/questionnaire-extensions#flyover","valueString":"Person who collected the specimen."},{"url":"http://www.healthintersections.com.au/fhir/Profile/metadata#type","valueString":"Reference"}],"linkId":"Specimen.collection.collector","question":[{"extension":[{"url":"http://www.healthintersections.com.au/fhir/Profile/metadata#reference","valueString":"/Practitioner?subject=$subj&patient=$subj&encounter=$encounter"}],"linkId":"Specimen.collection.collector.value","repeats":false,"required":false,"text":"Who collected the specimen","type":"reference"}],"repeats":true,"required":false},{"extension":[{"url":"http://hl7.org/fhir/Profile/questionnaire-extensions#flyover","valueString":"To communicate any details or issues encountered during the specimen collection procedure."},{"url":"http://www.healthintersections.com.au/fhir/Profile/metadata#type","valueString":"string"}],"linkId":"Specimen.collection.comment","question":[{"linkId":"Specimen.collection.comment.value","repeats":false,"required":false,"text":"Collector comments","type":"string"}],"repeats":true,"required":false},{"extension":[{"url":"http://hl7.org/fhir/Profile/questionnaire-extensions#flyover","valueString":"Time when specimen was collected from subject - the physiologically relevant time."}],"linkId":"Specimen.collection.collected[x]","question":[{"group":[{"extension":[{"url":"http://www.healthintersections.com.au/fhir/Profile/metadata#type","valueString":"datetime"}],"linkId":"Specimen.collection.collected[x]._dateTime","question":[{"linkId":"Specimen.collection.collected[x]._dateTime.value","repeats":false,"required":false,"text":"dateTime","type":"dateTime"}]},{"extension":[{"url":"http://www.healthintersections.com.au/fhir/Profile/metadata#type","valueString":"Period"}],"linkId":"Specimen.collection.collected[x]._Period","question":[{"linkId":"Specimen.collection.collected[x]._Period.low","repeats":false,"required":false,"text":"start:","type":"dateTime"},{"linkId":"Specimen.collection.collected[x]._Period.end","repeats":false,"required":false,"text":"end:","type":"dateTime"}],"text":"Period"}],"linkId":"Specimen.collection.collected[x]._type","options":{"reference":"#vs3"},"repeats":false,"required":false,"text":"type","type":"choice"}],"repeats":true,"required":true,"text":"Collection time"},{"extension":[{"url":"http://hl7.org/fhir/Profile/questionnaire-extensions#flyover","valueString":"The quantity of specimen collected; for instance the volume of a blood sample, or the physical measurement of an anatomic pathology sample."},{"url":"http://www.healthintersections.com.au/fhir/Profile/metadata#type","valueString":"Quantity"}],"linkId":"Specimen.collection.quantity","question":[{"linkId":"Specimen.collection.quantity.comparator","repeats":false,"required":false,"text":"comp:","type":"choice"},{"linkId":"Specimen.collection.quantity.value","repeats":false,"required":false,"text":"value:","type":"decimal"},{"linkId":"Specimen.collection.quantity.units","repeats":false,"required":false,"text":"units:","type":"string"},{"linkId":"Specimen.collection.quantity.code","repeats":false,"required":false,"text":"coded units:","type":"string"},{"linkId":"Specimen.collection.quantity.system","repeats":false,"required":false,"text":"units system:","type":"string"}],"repeats":true,"required":false,"text":"The quantity of specimen collected"},{"extension":[{"url":"http://hl7.org/fhir/Profile/questionnaire-extensions#flyover","valueString":"A coded value specifying the technique that is used to perform the procedure."},{"url":"http://www.healthintersections.com.au/fhir/Profile/metadata#type","valueString":"CodeableConcept"}],"linkId":"Specimen.collection.method","question":[{"linkId":"Specimen.collection.method.coding","repeats":false,"required":false,"text":"code:","type":"open-choice"},{"linkId":"Specimen.collection.method.text","repeats":false,"required":false,"text":"text:","type":"string"}],"repeats":true,"required":false,"text":"Technique used to perform collection"},{"extension":[{"url":"http://hl7.org/fhir/Profile/questionnaire-extensions#flyover","valueString":"Anatomical location from which the specimen was collected (if subject is a patient). This is the target site.  This element is not used for environmental specimens. Systems SHALL be capable of sending/consuming the local code if one exists."},{"url":"http://www.healthintersections.com.au/fhir/Profile/metadata#type","valueString":"CodeableConcept"}],"linkId":"Specimen.collection.bodySite","question":[{"linkId":"Specimen.collection.bodySite.coding","repeats":false,"required":false,"text":"code:","type":"open-choice"},{"linkId":"Specimen.collection.bodySite.text","repeats":false,"required":false,"text":"text:","type":"string"}],"repeats":true,"required":false,"text":"Anatomical collection site"}],"linkId":"Specimen.collection","repeats":false,"required":true,"title":"Collection details"},{"extension":[{"url":"http://hl7.org/fhir/Profile/questionnaire-extensions#flyover","valueString":"Details concerning treatment and processing steps for the specimen."}],"group":[{"extension":[{"url":"http://hl7.org/fhir/Profile/questionnaire-extensions#flyover","valueString":"unique id for the element within a resource (for internal references)."},{"url":"http://www.healthintersections.com.au/fhir/Profile/metadata#type","valueString":"string"}],"linkId":"Specimen.treatment.id","question":[{"linkId":"Specimen.treatment.id.value","repeats":false,"required":false,"text":"xml:id (or equivalent in JSON)","type":"string"}],"repeats":true,"required":false},{"extension":[{"url":"http://hl7.org/fhir/Profile/questionnaire-extensions#flyover","valueString":"May be used to represent additional information that is not part of the basic definition of the element. In order to make the use of extensions safe and manageable, there is a strict set of governance  applied to the definition and use of extensions. Though any implementer is allowed to define an extension, there is a set of requirements that SHALL be met as part of the definition of the extension. There can be no stigma associated with the use of extensions by any application, project, or standard - regardless of the institution or jurisdiction that uses or defines the extensions.  The use of extensions is what allows the FHIR specification to retain a core level of simplicity for everyone."}],"linkId":"Specimen.treatment.extension","repeats":true,"required":false,"text":"Additional Content defined by implementations"},{"extension":[{"url":"http://hl7.org/fhir/Profile/questionnaire-extensions#flyover","valueString":"May be used to represent additional information that is not part of the basic definition of the element, and that modifies the understanding of the element that contains it. Usually modifier elements provide negation or qualification. In order to make the use of extensions safe and manageable, there is a strict set of governance applied to the definition and use of extensions. Though any implementer is allowed to define an extension, there is a set of requirements that SHALL be met as part of the definition of the extension. Applications processing a resource are required to check for modifier extensions. There can be no stigma associated with the use of extensions by any application, project, or standard - regardless of the institution or jurisdiction that uses or defines the extensions.  The use of extensions is what allows the FHIR specification to retain a core level of simplicity for everyone."}],"linkId":"Specimen.treatment.modifierExtension","repeats":true,"required":false,"text":"Extensions that cannot be ignored"},{"extension":[{"url":"http://hl7.org/fhir/Profile/questionnaire-extensions#flyover","valueString":"Textual description of procedure."},{"url":"http://www.healthintersections.com.au/fhir/Profile/metadata#type","valueString":"string"}],"linkId":"Specimen.treatment.description","question":[{"linkId":"Specimen.treatment.description.value","repeats":false,"required":false,"text":"Textual description of procedure","type":"string"}],"repeats":true,"required":false},{"extension":[{"url":"http://hl7.org/fhir/Profile/questionnaire-extensions#flyover","valueString":"A coded value specifying the procedure used to process the specimen."},{"url":"http://www.healthintersections.com.au/fhir/Profile/metadata#type","valueString":"CodeableConcept"}],"linkId":"Specimen.treatment.procedure","question":[{"linkId":"Specimen.treatment.procedure.coding","repeats":false,"required":false,"text":"code:","type":"open-choice"},{"linkId":"Specimen.treatment.procedure.text","repeats":false,"required":false,"text":"text:","type":"string"}],"repeats":true,"required":false,"text":"Indicates the treatment or processing step  applied to the specimen"},{"extension":[{"url":"http://hl7.org/fhir/Profile/questionnaire-extensions#flyover","valueString":"Material used in the processing step."},{"url":"http://www.healthintersections.com.au/fhir/Profile/metadata#type","valueString":"Reference"}],"linkId":"Specimen.treatment.additive","question":[{"extension":[{"url":"http://www.healthintersections.com.au/fhir/Profile/metadata#reference","valueString":"/Substance?subject=$subj&patient=$subj&encounter=$encounter"}],"linkId":"Specimen.treatment.additive.value","repeats":false,"required":false,"text":"Material used in the processing step","type":"reference"}],"repeats":true,"required":false}],"linkId":"Specimen.treatment","repeats":true,"required":false,"title":"Treatment and processing step details"},{"extension":[{"url":"http://hl7.org/fhir/Profile/questionnaire-extensions#flyover","valueString":"The container holding the specimen.  The recursive nature of containers; i.e. blood in tube in tray in rack is not addressed here."}],"group":[{"extension":[{"url":"http://hl7.org/fhir/Profile/questionnaire-extensions#flyover","valueString":"unique id for the element within a resource (for internal references)."},{"url":"http://www.healthintersections.com.au/fhir/Profile/metadata#type","valueString":"string"}],"linkId":"Specimen.container.id","question":[{"linkId":"Specimen.container.id.value","repeats":false,"required":false,"text":"xml:id (or equivalent in JSON)","type":"string"}],"repeats":true,"required":false},{"extension":[{"url":"http://hl7.org/fhir/Profile/questionnaire-extensions#flyover","valueString":"May be used to represent additional information that is not part of the basic definition of the element. In order to make the use of extensions safe and manageable, there is a strict set of governance  applied to the definition and use of extensions. Though any implementer is allowed to define an extension, there is a set of requirements that SHALL be met as part of the definition of the extension. There can be no stigma associated with the use of extensions by any application, project, or standard - regardless of the institution or jurisdiction that uses or defines the extensions.  The use of extensions is what allows the FHIR specification to retain a core level of simplicity for everyone."}],"linkId":"Specimen.container.extension","repeats":true,"required":false,"text":"Additional Content defined by implementations"},{"extension":[{"url":"http://hl7.org/fhir/Profile/questionnaire-extensions#flyover","valueString":"May be used to represent additional information that is not part of the basic definition of the element, and that modifies the understanding of the element that contains it. Usually modifier elements provide negation or qualification. In order to make the use of extensions safe and manageable, there is a strict set of governance applied to the definition and use of extensions. Though any implementer is allowed to define an extension, there is a set of requirements that SHALL be met as part of the definition of the extension. Applications processing a resource are required to check for modifier extensions. There can be no stigma associated with the use of extensions by any application, project, or standard - regardless of the institution or jurisdiction that uses or defines the extensions.  The use of extensions is what allows the FHIR specification to retain a core level of simplicity for everyone."}],"linkId":"Specimen.container.modifierExtension","repeats":true,"required":false,"text":"Extensions that cannot be ignored"},{"extension":[{"url":"http://hl7.org/fhir/Profile/questionnaire-extensions#flyover","valueString":"Id for container. There may be multiple; a manufacturer's bar code, lab assigned identifier, etc. The container ID may differ from the specimen id in some circumstances."},{"url":"http://www.healthintersections.com.au/fhir/Profile/metadata#type","valueString":"Identifier"}],"linkId":"Specimen.container.identifier","question":[{"linkId":"Specimen.container.identifier.label","repeats":false,"required":false,"text":"label:","type":"string"},{"linkId":"Specimen.container.identifier.system","repeats":false,"required":false,"text":"system:","type":"string"},{"linkId":"Specimen.container.identifier.value","repeats":false,"required":false,"text":"value:","type":"string"}],"repeats":true,"required":false,"text":"Id for the container"},{"extension":[{"url":"http://hl7.org/fhir/Profile/questionnaire-extensions#flyover","valueString":"Textual description of the container."},{"url":"http://www.healthintersections.com.au/fhir/Profile/metadata#type","valueString":"string"}],"linkId":"Specimen.container.description","question":[{"linkId":"Specimen.container.description.value","repeats":false,"required":false,"text":"Textual description of the container","type":"string"}],"repeats":true,"required":false},{"extension":[{"url":"http://hl7.org/fhir/Profile/questionnaire-extensions#flyover","valueString":"The type of container associated with the specimen (e.g. slide, aliquot, etc.)."},{"url":"http://www.healthintersections.com.au/fhir/Profile/metadata#type","valueString":"CodeableConcept"}],"linkId":"Specimen.container.type","question":[{"linkId":"Specimen.container.type.coding","repeats":false,"required":false,"text":"code:","type":"open-choice"},{"linkId":"Specimen.container.type.text","repeats":false,"required":false,"text":"text:","type":"string"}],"repeats":true,"required":false,"text":"Kind of container directly associated with specimen"},{"extension":[{"url":"http://hl7.org/fhir/Profile/questionnaire-extensions#flyover","valueString":"The capacity (volume or other measure) the container may contain."},{"url":"http://www.healthintersections.com.au/fhir/Profile/metadata#type","valueString":"Quantity"}],"linkId":"Specimen.container.capacity","question":[{"linkId":"Specimen.container.capacity.comparator","repeats":false,"required":false,"text":"comp:","type":"choice"},{"linkId":"Specimen.container.capacity.value","repeats":false,"required":false,"text":"value:","type":"decimal"},{"linkId":"Specimen.container.capacity.units","repeats":false,"required":false,"text":"units:","type":"string"},{"linkId":"Specimen.container.capacity.code","repeats":false,"required":false,"text":"coded units:","type":"string"},{"linkId":"Specimen.container.capacity.system","repeats":false,"required":false,"text":"units system:","type":"string"}],"repeats":true,"required":false,"text":"Container volume or size"},{"extension":[{"url":"http://hl7.org/fhir/Profile/questionnaire-extensions#flyover","valueString":"The quantity of specimen in the container; may be volume, dimensions, or other appropriate measurements, depending on the specimen type."},{"url":"http://www.healthintersections.com.au/fhir/Profile/metadata#type","valueString":"Quantity"}],"linkId":"Specimen.container.specimenQuantity","question":[{"linkId":"Specimen.container.specimenQuantity.comparator","repeats":false,"required":false,"text":"comp:","type":"choice"},{"linkId":"Specimen.container.specimenQuantity.value","repeats":false,"required":false,"text":"value:","type":"decimal"},{"linkId":"Specimen.container.specimenQuantity.units","repeats":false,"required":false,"text":"units:","type":"string"},{"linkId":"Specimen.container.specimenQuantity.code","repeats":false,"required":false,"text":"coded units:","type":"string"},{"linkId":"Specimen.container.specimenQuantity.system","repeats":false,"required":false,"text":"units system:","type":"string"}],"repeats":true,"required":false,"text":"Quantity of specimen within container"},{"extension":[{"url":"http://hl7.org/fhir/Profile/questionnaire-extensions#flyover","valueString":"Introduced substance to preserve, maintain or enhance the specimen. Examples: Formalin, Citrate, EDTA."}],"linkId":"Specimen.container.additive[x]","question":[{"group":[{"extension":[{"url":"http://www.healthintersections.com.au/fhir/Profile/metadata#type","valueString":"CodeableConcept"}],"linkId":"Specimen.container.additive[x]._CodeableConcept","question":[{"linkId":"Specimen.container.additive[x]._CodeableConcept.coding","repeats":false,"required":false,"text":"code:","type":"open-choice"},{"linkId":"Specimen.container.additive[x]._CodeableConcept.text","repeats":false,"required":false,"text":"text:","type":"string"}],"text":"CodeableConcept"},{"extension":[{"url":"http://www.healthintersections.com.au/fhir/Profile/metadata#type","valueString":"Reference"}],"linkId":"Specimen.container.additive[x]._Substance","question":[{"extension":[{"url":"http://www.healthintersections.com.au/fhir/Profile/metadata#reference","valueString":"/Substance?subject=$subj&patient=$subj&encounter=$encounter"}],"linkId":"Specimen.container.additive[x]._Substance.value","repeats":false,"required":false,"text":"Substance","type":"reference"}]}],"linkId":"Specimen.container.additive[x]._type","options":{"reference":"#vs4"},"repeats":false,"required":false,"text":"type","type":"choice"}],"repeats":true,"required":false,"text":"Additive associated with container"}],"linkId":"Specimen.container","repeats":true,"required":false,"title":"Direct container of specimen (tube/slide, etc.)"}],"linkId":"Specimen","repeats":true,"required":false,"title":"USLab Specimen Resource"},"id":"qs1","identifier":[{"system":"urn:ietf:rfc:3986"}],"publisher":"Health Level Seven International (Orders and Observations - US Lab)","resourceType":"Questionnaire","status":"draft"}