{
  "resourceType": "ValueSet",
  "id": "v2-0255",
  "meta": {
    "profile": [
      "http://hl7.org/fhir/StructureDefinition/valueset-shareable-definition"
    ]
  },
  "text": {
    "status": "additional",
    "div": "<div><p>Duration Categories</p>\r\n<table class=\"grid\"><tr><td><b>Code</b></td><td><b>Description</b></td><td><b>Nederlands (Dutch)</b></td><td><b>Comment</b></td><td><b>Version</b></td></tr><tr><td>*<a name=\".42\"> </a></td><td>(asterisk) Life of the &quot;unit.&quot;  Used for blood products.</td><td>(asterisk) Leven van de &quot;eenheid&quot;. Voor bloedproducten</td><td/><td>added v2.4</td></tr><tr><td>* (star)<a name=\".42.40star.41\"> </a></td><td>Life of the &quot;unit.&quot;  Used for blood products.</td><td>Leven van de &quot;eenheid&quot;. Voor bloedproducten</td><td>Used for blood products.</td><td>added v2.3, removed after v2.3.1</td></tr><tr><td>12H<a name=\"12H\"> </a></td><td>12 hours</td><td>12 uur</td><td/><td>added v2.3</td></tr><tr><td>1H<a name=\"1H\"> </a></td><td>1 hour</td><td>1 uur</td><td/><td>added v2.3</td></tr><tr><td>1L<a name=\"1L\"> </a></td><td>1 months (30 days)</td><td>1 maand (30 dagen)</td><td/><td>added v2.3</td></tr><tr><td>1W<a name=\"1W\"> </a></td><td>1 week</td><td>1 week</td><td/><td>added v2.3</td></tr><tr><td>2.5H<a name=\"2.465H\"> </a></td><td>2Â½ hours</td><td>2 1/2 uur</td><td/><td>added v2.3</td></tr><tr><td>24H<a name=\"24H\"> </a></td><td>24 hours</td><td>24 uur</td><td/><td>added v2.3</td></tr><tr><td>2D<a name=\"2D\"> </a></td><td>2 days</td><td>2 dagen</td><td/><td>added v2.3</td></tr><tr><td>2H<a name=\"2H\"> </a></td><td>2 hours</td><td>2 uur</td><td/><td>added v2.3</td></tr><tr><td>2L<a name=\"2L\"> </a></td><td>2 months</td><td>2 maanden</td><td/><td>added v2.3</td></tr><tr><td>2W<a name=\"2W\"> </a></td><td>2 weeks</td><td>2 weken</td><td/><td>added v2.3</td></tr><tr><td>30M<a name=\"30M\"> </a></td><td>30 minutes</td><td>30 minuten</td><td/><td>added v2.3</td></tr><tr><td>3D<a name=\"3D\"> </a></td><td>3 days</td><td>3 dagen</td><td/><td>added v2.3</td></tr><tr><td>3H<a name=\"3H\"> </a></td><td>3 hours</td><td>3 uur</td><td/><td>added v2.3</td></tr><tr><td>3L<a name=\"3L\"> </a></td><td>3 months</td><td>3 maanden</td><td/><td>added v2.3</td></tr><tr><td>3W<a name=\"3W\"> </a></td><td>3 weeks</td><td>3 weken</td><td/><td>added v2.3</td></tr><tr><td>4D<a name=\"4D\"> </a></td><td>4 days</td><td>4 dagen</td><td/><td>added v2.3</td></tr><tr><td>4H<a name=\"4H\"> </a></td><td>4 hours</td><td>4 uur</td><td/><td>added v2.3</td></tr><tr><td>4W<a name=\"4W\"> </a></td><td>4 weeks</td><td>4 weken</td><td/><td>added v2.3</td></tr><tr><td>5D<a name=\"5D\"> </a></td><td>5 days</td><td>5 dagen</td><td/><td>added v2.3</td></tr><tr><td>5H<a name=\"5H\"> </a></td><td>5 hours</td><td>4 uur</td><td/><td>added v2.3</td></tr><tr><td>6D<a name=\"6D\"> </a></td><td>6 days</td><td>6 dagen</td><td/><td>added v2.3</td></tr><tr><td>6H<a name=\"6H\"> </a></td><td>6 hours</td><td>6 uur</td><td/><td>added v2.3</td></tr><tr><td>7H<a name=\"7H\"> </a></td><td>7 hours</td><td>7 uur</td><td/><td>added v2.3</td></tr><tr><td>8H<a name=\"8H\"> </a></td><td>8 hours</td><td>8 uur</td><td/><td>added v2.3</td></tr><tr><td>PT<a name=\"PT\"> </a></td><td>To identify measures at a point in time.  This is a synonym for &quot;spot&quot; or &quot;random&quot; as applied to urine measurements.</td><td>Voor identificatie metingen op een moment in de tijd. Dit is een een synoniem voor &quot;punt&quot; or &quot;willekeurig&quot; zoals toegepast in urinemetingen.</td><td>This is a synonym for &quot;spot&quot; or &quot;random&quot; as applied to ine measurements.</td><td>added v2.3</td></tr></table>\r\n</div>"
  },
  "url": "http://hl7.org/fhir/ValueSet/v2-0255",
  "version": "2.8.2",
  "name": "v2 Duration Categories",
  "status": "active",
  "experimental": true,
  "publisher": "HL7, Inc",
  "contact": [
    {
      "telecom": [
        {
          "system": "other",
          "value": "http://hl7.org"
        }
      ]
    }
  ],
  "description": "FHIR Value set/code system definition for HL7 v2 table 0255 ( Duration Categories)",
  "codeSystem": {
    "extension": [
      {
        "url": "http://hl7.org/fhir/StructureDefinition/valueset-oid",
        "valueUri": "urn:oid:2.16.840.1.133883.18.150"
      }
    ],
    "system": "http://hl7.org/fhir/v2/0255",
    "caseSensitive": false,
    "concept": [
      {
        "code": "*",
        "display": "(asterisk) Life of the \"unit.\"  Used for blood products.",
        "designation": [
          {
            "language": "nl",
            "value": "(asterisk) Leven van de \"eenheid\". Voor bloedproducten"
          }
        ]
      },
      {
        "extension": [
          {
            "url": "http://hl7.org/fhir/StructureDefinition/valueset-comments",
            "valueString": "Used for blood products."
          },
          {
            "url": "http://hl7.org/fhir/StructureDefinition/valueset-deprecated",
            "valueBoolean": true
          }
        ],
        "code": "* (star)",
        "display": "Life of the \"unit.\"  Used for blood products.",
        "designation": [
          {
            "language": "nl",
            "value": "Leven van de \"eenheid\". Voor bloedproducten"
          }
        ]
      },
      {
        "code": "12H",
        "display": "12 hours",
        "designation": [
          {
            "language": "nl",
            "value": "12 uur"
          }
        ]
      },
      {
        "code": "1H",
        "display": "1 hour",
        "designation": [
          {
            "language": "nl",
            "value": "1 uur"
          }
        ]
      },
      {
        "code": "1L",
        "display": "1 months (30 days)",
        "designation": [
          {
            "language": "nl",
            "value": "1 maand (30 dagen)"
          }
        ]
      },
      {
        "code": "1W",
        "display": "1 week",
        "designation": [
          {
            "language": "nl",
            "value": "1 week"
          }
        ]
      },
      {
        "code": "2.5H",
        "display": "2Â½ hours",
        "designation": [
          {
            "language": "nl",
            "value": "2 1/2 uur"
          }
        ]
      },
      {
        "code": "24H",
        "display": "24 hours",
        "designation": [
          {
            "language": "nl",
            "value": "24 uur"
          }
        ]
      },
      {
        "code": "2D",
        "display": "2 days",
        "designation": [
          {
            "language": "nl",
            "value": "2 dagen"
          }
        ]
      },
      {
        "code": "2H",
        "display": "2 hours",
        "designation": [
          {
            "language": "nl",
            "value": "2 uur"
          }
        ]
      },
      {
        "code": "2L",
        "display": "2 months",
        "designation": [
          {
            "language": "nl",
            "value": "2 maanden"
          }
        ]
      },
      {
        "code": "2W",
        "display": "2 weeks",
        "designation": [
          {
            "language": "nl",
            "value": "2 weken"
          }
        ]
      },
      {
        "code": "30M",
        "display": "30 minutes",
        "designation": [
          {
            "language": "nl",
            "value": "30 minuten"
          }
        ]
      },
      {
        "code": "3D",
        "display": "3 days",
        "designation": [
          {
            "language": "nl",
            "value": "3 dagen"
          }
        ]
      },
      {
        "code": "3H",
        "display": "3 hours",
        "designation": [
          {
            "language": "nl",
            "value": "3 uur"
          }
        ]
      },
      {
        "code": "3L",
        "display": "3 months",
        "designation": [
          {
            "language": "nl",
            "value": "3 maanden"
          }
        ]
      },
      {
        "code": "3W",
        "display": "3 weeks",
        "designation": [
          {
            "language": "nl",
            "value": "3 weken"
          }
        ]
      },
      {
        "code": "4D",
        "display": "4 days",
        "designation": [
          {
            "language": "nl",
            "value": "4 dagen"
          }
        ]
      },
      {
        "code": "4H",
        "display": "4 hours",
        "designation": [
          {
            "language": "nl",
            "value": "4 uur"
          }
        ]
      },
      {
        "code": "4W",
        "display": "4 weeks",
        "designation": [
          {
            "language": "nl",
            "value": "4 weken"
          }
        ]
      },
      {
        "code": "5D",
        "display": "5 days",
        "designation": [
          {
            "language": "nl",
            "value": "5 dagen"
          }
        ]
      },
      {
        "code": "5H",
        "display": "5 hours",
        "designation": [
          {
            "language": "nl",
            "value": "4 uur"
          }
        ]
      },
      {
        "code": "6D",
        "display": "6 days",
        "designation": [
          {
            "language": "nl",
            "value": "6 dagen"
          }
        ]
      },
      {
        "code": "6H",
        "display": "6 hours",
        "designation": [
          {
            "language": "nl",
            "value": "6 uur"
          }
        ]
      },
      {
        "code": "7H",
        "display": "7 hours",
        "designation": [
          {
            "language": "nl",
            "value": "7 uur"
          }
        ]
      },
      {
        "code": "8H",
        "display": "8 hours",
        "designation": [
          {
            "language": "nl",
            "value": "8 uur"
          }
        ]
      },
      {
        "extension": [
          {
            "url": "http://hl7.org/fhir/StructureDefinition/valueset-comments",
            "valueString": "This is a synonym for \"spot\" or \"random\" as applied to ine measurements."
          }
        ],
        "code": "PT",
        "display": "To identify measures at a point in time.  This is a synonym for \"spot\" or \"random\" as applied to urine measurements.",
        "designation": [
          {
            "language": "nl",
            "value": "Voor identificatie metingen op een moment in de tijd. Dit is een een synoniem voor \"punt\" or \"willekeurig\" zoals toegepast in urinemetingen."
          }
        ]
      }
    ]
  }
}