{"codeSystem":{"caseSensitive":false,"concept":[{"code":"RA","display":"Returned unused/no longer needed"},{"code":"RL","display":"Returned unused/keep linked to patient for possible use later"},{"code":"TR","display":"Transfused with adverse reaction"},{"code":"TX","display":"Transfused"},{"code":"WA","display":"Wasted (product no longer viable)"}],"extension":[{"url":"http://hl7.org/fhir/StructureDefinition/valueset-oid","valueUri":"urn:oid:2.16.840.1.133883.18.335    "}],"system":"http://hl7.org/fhir/v2/0513"},"contact":[{"telecom":[{"system":"other","value":"http://hl7.org"}]}],"description":"FHIR Value set/code system definition for HL7 v2 table 0513 ( Blood Product Transfusion/Disposition Status)","experimental":true,"id":"v2-0513","meta":{"profile":["http://hl7.org/fhir/StructureDefinition/valueset-shareable-definition"]},"name":"v2 Blood Product Transfusion/Disposition Status","publisher":"HL7, Inc","resourceType":"ValueSet","status":"active","text":{"div":"<div><p>Blood Product Transfusion/Disposition Status</p>\r\n<table class=\"grid\"><tr><td><b>Code</b></td><td><b>Description</b></td><td><b>Comment</b></td><td><b>Version</b></td></tr><tr><td>RA<a name=\"RA\"> </a></td><td>Returned unused/no longer needed</td><td/><td>added v2.5</td></tr><tr><td>RL<a name=\"RL\"> </a></td><td>Returned unused/keep linked to patient for possible use later</td><td/><td>added v2.5</td></tr><tr><td>TR<a name=\"TR\"> </a></td><td>Transfused with adverse reaction</td><td/><td>added v2.5</td></tr><tr><td>TX<a name=\"TX\"> </a></td><td>Transfused</td><td/><td>added v2.5</td></tr><tr><td>WA<a name=\"WA\"> </a></td><td>Wasted (product no longer viable)</td><td/><td>added v2.5</td></tr></table>\r\n</div>","status":"additional"},"url":"http://hl7.org/fhir/ValueSet/v2-0513","version":"2.8.2"}