{"codeSystem":{"caseSensitive":false,"concept":[{"code":"CRT","display":"Critical"}],"extension":[{"url":"http://hl7.org/fhir/StructureDefinition/valueset-oid","valueUri":"urn:oid:2.16.840.1.133883.18.378"}],"system":"http://hl7.org/fhir/v2/0634"},"contact":[{"telecom":[{"system":"other","value":"http://hl7.org"}]}],"description":"FHIR Value set/code system definition for HL7 v2 table 0634 ( Item Importance Codes)","experimental":true,"id":"v2-0634","meta":{"profile":["http://hl7.org/fhir/StructureDefinition/valueset-shareable-definition"]},"name":"v2 Item Importance Codes","publisher":"HL7, Inc","resourceType":"ValueSet","status":"active","text":{"div":"<div><p>Item Importance Codes</p>\r\n<table class=\"grid\"><tr><td><b>Code</b></td><td><b>Description</b></td><td><b>Comment</b></td><td><b>Version</b></td></tr><tr><td>CRT<a name=\"CRT\"> </a></td><td>Critical</td><td/><td>added v2.6</td></tr></table>\r\n</div>","status":"additional"},"url":"http://hl7.org/fhir/ValueSet/v2-0634","version":"2.8.2"}