{
  "resourceType": "ValueSet",
  "id": "v2-0234",
  "meta": {
    "profile": [
      "http://hl7.org/fhir/StructureDefinition/valueset-shareable-definition"
    ]
  },
  "text": {
    "status": "additional",
    "div": "<div><p>Report Timing</p>\r\n<table class=\"grid\"><tr><td><b>Code</b></td><td><b>Description</b></td><td><b>Nederlands (Dutch)</b></td><td><b>Comment</b></td><td><b>Version</b></td></tr><tr><td>10D<a name=\"10D\"> </a></td><td>10 day report</td><td>10-daags verslag</td><td/><td>added v2.3</td></tr><tr><td>15D<a name=\"15D\"> </a></td><td>15 day report</td><td>15-daags verslag</td><td/><td>added v2.3</td></tr><tr><td>30D<a name=\"30D\"> </a></td><td>30 day report</td><td>30-daags verslag</td><td/><td>added v2.3</td></tr><tr><td>3D<a name=\"3D\"> </a></td><td>3 day report</td><td>3-daags verslag</td><td/><td>added v2.3</td></tr><tr><td>7D<a name=\"7D\"> </a></td><td>7 day report</td><td>7-daags verslag</td><td/><td>added v2.3</td></tr><tr><td>AD<a name=\"AD\"> </a></td><td>Additional information</td><td>Aanvullende informatie</td><td/><td>added v2.3</td></tr><tr><td>CO<a name=\"CO\"> </a></td><td>Correction</td><td>Correctie</td><td/><td>added v2.3</td></tr><tr><td>DE<a name=\"DE\"> </a></td><td>Device evaluation</td><td>Apparaatevaluatie</td><td/><td>added v2.3</td></tr><tr><td>PD<a name=\"PD\"> </a></td><td>Periodic</td><td>Periodiek</td><td/><td>added v2.3</td></tr><tr><td>RQ<a name=\"RQ\"> </a></td><td>Requested information</td><td>Gevraagde informatie</td><td/><td>added v2.3</td></tr></table>\r\n</div>"
  },
  "url": "http://hl7.org/fhir/ValueSet/v2-0234",
  "version": "2.8.2",
  "name": "v2 Report Timing",
  "status": "active",
  "experimental": true,
  "publisher": "HL7, Inc",
  "contact": [
    {
      "telecom": [
        {
          "system": "other",
          "value": "http://hl7.org"
        }
      ]
    }
  ],
  "description": "FHIR Value set/code system definition for HL7 v2 table 0234 ( Report Timing)",
  "codeSystem": {
    "extension": [
      {
        "url": "http://hl7.org/fhir/StructureDefinition/valueset-oid",
        "valueUri": "urn:oid:2.16.840.1.133883.18.133"
      }
    ],
    "system": "http://hl7.org/fhir/v2/0234",
    "caseSensitive": false,
    "concept": [
      {
        "code": "10D",
        "display": "10 day report",
        "designation": [
          {
            "language": "nl",
            "value": "10-daags verslag"
          }
        ]
      },
      {
        "code": "15D",
        "display": "15 day report",
        "designation": [
          {
            "language": "nl",
            "value": "15-daags verslag"
          }
        ]
      },
      {
        "code": "30D",
        "display": "30 day report",
        "designation": [
          {
            "language": "nl",
            "value": "30-daags verslag"
          }
        ]
      },
      {
        "code": "3D",
        "display": "3 day report",
        "designation": [
          {
            "language": "nl",
            "value": "3-daags verslag"
          }
        ]
      },
      {
        "code": "7D",
        "display": "7 day report",
        "designation": [
          {
            "language": "nl",
            "value": "7-daags verslag"
          }
        ]
      },
      {
        "code": "AD",
        "display": "Additional information",
        "designation": [
          {
            "language": "nl",
            "value": "Aanvullende informatie"
          }
        ]
      },
      {
        "code": "CO",
        "display": "Correction",
        "designation": [
          {
            "language": "nl",
            "value": "Correctie"
          }
        ]
      },
      {
        "code": "DE",
        "display": "Device evaluation",
        "designation": [
          {
            "language": "nl",
            "value": "Apparaatevaluatie"
          }
        ]
      },
      {
        "code": "PD",
        "display": "Periodic",
        "designation": [
          {
            "language": "nl",
            "value": "Periodiek"
          }
        ]
      },
      {
        "code": "RQ",
        "display": "Requested information",
        "designation": [
          {
            "language": "nl",
            "value": "Gevraagde informatie"
          }
        ]
      }
    ]
  }
}