{
  "resourceType": "ValueSet",
  "id": "v2-0500",
  "meta": {
    "profile": [
      "http://hl7.org/fhir/StructureDefinition/valueset-shareable-definition"
    ]
  },
  "text": {
    "status": "additional",
    "div": "<div><p>Consent Disclosure Level</p>\r\n<table class=\"grid\"><tr><td><b>Code</b></td><td><b>Description</b></td><td><b>Comment</b></td><td><b>Version</b></td></tr><tr><td>F<a name=\"F\"> </a></td><td>Full Disclosure</td><td/><td>added v2.5</td></tr><tr><td>N<a name=\"N\"> </a></td><td>No Disclosure</td><td/><td>added v2.5</td></tr><tr><td>P<a name=\"P\"> </a></td><td>Partial Disclosure</td><td/><td>added v2.5</td></tr></table>\r\n</div>"
  },
  "url": "http://hl7.org/fhir/ValueSet/v2-0500",
  "version": "2.8.2",
  "name": "v2 Consent Disclosure Level",
  "status": "active",
  "experimental": true,
  "publisher": "HL7, Inc",
  "contact": [
    {
      "telecom": [
        {
          "system": "other",
          "value": "http://hl7.org"
        }
      ]
    }
  ],
  "description": "FHIR Value set/code system definition for HL7 v2 table 0500 ( Consent Disclosure Level)",
  "codeSystem": {
    "extension": [
      {
        "url": "http://hl7.org/fhir/StructureDefinition/valueset-oid",
        "valueUri": "urn:oid:2.16.840.1.133883.18.324"
      }
    ],
    "system": "http://hl7.org/fhir/v2/0500",
    "caseSensitive": false,
    "concept": [
      {
        "code": "F",
        "display": "Full Disclosure"
      },
      {
        "code": "N",
        "display": "No Disclosure"
      },
      {
        "code": "P",
        "display": "Partial Disclosure"
      }
    ]
  }
}