{"codeSystem":{"caseSensitive":false,"concept":[{"code":"A","designation":[{"language":"nl","value":"Agent voor een buitenlandse fabrikant"}],"display":"Agent for a foreign manufacturer"},{"code":"D","designation":[{"language":"nl","value":"Distributeur"}],"display":"Distributor"},{"code":"M","designation":[{"language":"nl","value":"Fabrikant"}],"display":"Manufacturer"},{"code":"U","designation":[{"language":"nl","value":"Gebruiker"}],"display":"User"}],"extension":[{"url":"http://hl7.org/fhir/StructureDefinition/valueset-oid","valueUri":"urn:oid:2.16.840.1.133883.18.202"}],"system":"http://hl7.org/fhir/v2/0331"},"contact":[{"telecom":[{"system":"other","value":"http://hl7.org"}]}],"description":"FHIR Value set/code system definition for HL7 v2 table 0331 ( Facility Type)","experimental":true,"id":"v2-0331","meta":{"profile":["http://hl7.org/fhir/StructureDefinition/valueset-shareable-definition"]},"name":"v2 Facility Type","publisher":"HL7, Inc","resourceType":"ValueSet","status":"active","text":{"div":"<div><p>Facility Type</p>\r\n<table class=\"grid\"><tr><td><b>Code</b></td><td><b>Description</b></td><td><b>Nederlands (Dutch)</b></td><td><b>Comment</b></td><td><b>Version</b></td></tr><tr><td>A<a name=\"A\"> </a></td><td>Agent for a foreign manufacturer</td><td>Agent voor een buitenlandse fabrikant</td><td/><td>added v2.3</td></tr><tr><td>D<a name=\"D\"> </a></td><td>Distributor</td><td>Distributeur</td><td/><td>added v2.3</td></tr><tr><td>M<a name=\"M\"> </a></td><td>Manufacturer</td><td>Fabrikant</td><td/><td>added v2.3</td></tr><tr><td>U<a name=\"U\"> </a></td><td>User</td><td>Gebruiker</td><td/><td>added v2.3</td></tr></table>\r\n</div>","status":"additional"},"url":"http://hl7.org/fhir/ValueSet/v2-0331","version":"2.8.2"}