{
  "resourceType": "ValueSet",
  "id": "v2-0536",
  "meta": {
    "profile": [
      "http://hl7.org/fhir/StructureDefinition/valueset-shareable-definition"
    ]
  },
  "text": {
    "status": "additional",
    "div": "<div><p>Certificate Status</p>\r\n<table class=\"grid\"><tr><td><b>Code</b></td><td><b>Description</b></td><td><b>Deutsch (German)</b></td><td><b>Comment</b></td><td><b>Version</b></td></tr><tr><td>E<a name=\"E\"> </a></td><td>Expired</td><td>abgelaufen</td><td/><td>added v2.5</td></tr><tr><td>I<a name=\"I\"> </a></td><td>Inactive</td><td>inaktiv</td><td/><td>added v2.5</td></tr><tr><td>P<a name=\"P\"> </a></td><td>Provisional</td><td></td><td/><td>added v2.5</td></tr><tr><td>R<a name=\"R\"> </a></td><td>Revoked</td><td>zurückgezogen</td><td/><td>added v2.5</td></tr><tr><td>V<a name=\"V\"> </a></td><td>Active/Valid</td><td>aktiv/gültig</td><td/><td>added v2.5</td></tr></table>\r\n</div>"
  },
  "url": "http://hl7.org/fhir/ValueSet/v2-0536",
  "version": "2.8.2",
  "name": "v2 Certificate Status",
  "status": "active",
  "experimental": true,
  "publisher": "HL7, Inc",
  "contact": [
    {
      "telecom": [
        {
          "system": "other",
          "value": "http://hl7.org"
        }
      ]
    }
  ],
  "description": "FHIR Value set/code system definition for HL7 v2 table 0536 ( Certificate Status)",
  "codeSystem": {
    "extension": [
      {
        "url": "http://hl7.org/fhir/StructureDefinition/valueset-oid",
        "valueUri": "urn:oid:2.16.840.1.133883.18.350"
      }
    ],
    "system": "http://hl7.org/fhir/v2/0536",
    "caseSensitive": false,
    "concept": [
      {
        "code": "E",
        "display": "Expired",
        "designation": [
          {
            "language": "de",
            "value": "abgelaufen"
          }
        ]
      },
      {
        "code": "I",
        "display": "Inactive",
        "designation": [
          {
            "language": "de",
            "value": "inaktiv"
          }
        ]
      },
      {
        "code": "P",
        "display": "Provisional"
      },
      {
        "code": "R",
        "display": "Revoked",
        "designation": [
          {
            "language": "de",
            "value": "zurückgezogen"
          }
        ]
      },
      {
        "code": "V",
        "display": "Active/Valid",
        "designation": [
          {
            "language": "de",
            "value": "aktiv/gültig"
          }
        ]
      }
    ]
  }
}