{"codeSystem":{"caseSensitive":false,"concept":[{"code":"..."},{"code":"0","display":"the admitting procedure"},{"code":"1","display":"the primary procedure"},{"code":"2","display":"for ranked secondary procedures"},{"code":"…","extension":[{"url":"http://hl7.org/fhir/StructureDefinition/valueset-deprecated","valueBoolean":true}]}],"extension":[{"url":"http://hl7.org/fhir/StructureDefinition/valueset-oid","valueUri":"urn:oid:2.16.840.1.133883.18.260"}],"system":"http://hl7.org/fhir/v2/0418"},"contact":[{"telecom":[{"system":"other","value":"http://hl7.org"}]}],"description":"FHIR Value set/code system definition for HL7 v2 table 0418 ( Procedure Priority)","experimental":true,"id":"v2-0418","meta":{"profile":["http://hl7.org/fhir/StructureDefinition/valueset-shareable-definition"]},"name":"v2 Procedure Priority","publisher":"HL7, Inc","resourceType":"ValueSet","status":"active","text":{"div":"<div><p>Procedure Priority</p>\r\n<table class=\"grid\"><tr><td><b>Code</b></td><td><b>Description</b></td><td><b>Comment</b></td><td><b>Version</b></td></tr><tr><td>...<a name=\".46.46.46\"> </a></td><td/><td/><td>added v2.6</td></tr><tr><td>0<a name=\"0\"> </a></td><td>the admitting procedure</td><td/><td>added v2.4</td></tr><tr><td>1<a name=\"1\"> </a></td><td>the primary procedure</td><td/><td>added v2.4</td></tr><tr><td>2<a name=\"2\"> </a></td><td>for ranked secondary procedures</td><td/><td>added v2.4</td></tr><tr><td>…<a name=\".8230\"> </a></td><td/><td>deprecated</td><td>added v2.4, removed after v2.5.1</td></tr></table>\r\n</div>","status":"additional"},"url":"http://hl7.org/fhir/ValueSet/v2-0418","version":"2.8.2"}