{"codeSystem":{"caseSensitive":false,"concept":[{"code":"E","display":"Emergency"},{"code":"PR","display":"Patient Request"},{"code":"RX","display":"Rx Private"}],"extension":[{"url":"http://hl7.org/fhir/StructureDefinition/valueset-oid","valueUri":"urn:oid:2.16.840.1.133883.18.325"}],"system":"http://hl7.org/fhir/v2/0501"},"contact":[{"telecom":[{"system":"other","value":"http://hl7.org"}]}],"description":"FHIR Value set/code system definition for HL7 v2 table 0501 ( Consent Non-Disclosure Reason)","experimental":true,"id":"v2-0501","meta":{"profile":["http://hl7.org/fhir/StructureDefinition/valueset-shareable-definition"]},"name":"v2 Consent Non-Disclosure Reason","publisher":"HL7, Inc","resourceType":"ValueSet","status":"active","text":{"div":"<div><p>Consent Non-Disclosure Reason</p>\r\n<table class=\"grid\"><tr><td><b>Code</b></td><td><b>Description</b></td><td><b>Comment</b></td><td><b>Version</b></td></tr><tr><td>E<a name=\"E\"> </a></td><td>Emergency</td><td/><td>added v2.5</td></tr><tr><td>PR<a name=\"PR\"> </a></td><td>Patient Request</td><td/><td>added v2.5</td></tr><tr><td>RX<a name=\"RX\"> </a></td><td>Rx Private</td><td/><td>added v2.5</td></tr></table>\r\n</div>","status":"additional"},"url":"http://hl7.org/fhir/ValueSet/v2-0501","version":"2.8.2"}