{
  "resourceType": "ValueSet",
  "id": "v2-0776",
  "meta": {
    "profile": [
      "http://hl7.org/fhir/StructureDefinition/valueset-shareable-definition"
    ]
  },
  "text": {
    "status": "additional",
    "div": "<div><p>Item Status</p>\r\n<table class=\"grid\"><tr><td><b>Code</b></td><td><b>Description</b></td><td><b>Comment</b></td><td><b>Version</b></td></tr><tr><td>A<a name=\"A\"> </a></td><td>Active</td><td>Item is available to be purchased or issued.</td><td>added v2.6</td></tr><tr><td>I<a name=\"I\"> </a></td><td>Inactive</td><td>Item is not available to be purchased or issued.</td><td>added v2.6</td></tr><tr><td>P<a name=\"P\"> </a></td><td>Pending Inactive</td><td>Item is not available to be purchased, but is available to be issued.</td><td>added v2.6</td></tr></table>\r\n</div>"
  },
  "url": "http://hl7.org/fhir/ValueSet/v2-0776",
  "version": "2.8.2",
  "name": "v2 Item Status",
  "status": "active",
  "experimental": true,
  "publisher": "HL7, Inc",
  "contact": [
    {
      "telecom": [
        {
          "system": "other",
          "value": "http://hl7.org"
        }
      ]
    }
  ],
  "description": "FHIR Value set/code system definition for HL7 v2 table 0776 ( Item Status)",
  "codeSystem": {
    "extension": [
      {
        "url": "http://hl7.org/fhir/StructureDefinition/valueset-oid",
        "valueUri": "urn:oid:2.16.840.1.133883.18.402"
      }
    ],
    "system": "http://hl7.org/fhir/v2/0776",
    "caseSensitive": false,
    "concept": [
      {
        "extension": [
          {
            "url": "http://hl7.org/fhir/StructureDefinition/valueset-comments",
            "valueString": "Item is available to be purchased or issued."
          }
        ],
        "code": "A",
        "display": "Active"
      },
      {
        "extension": [
          {
            "url": "http://hl7.org/fhir/StructureDefinition/valueset-comments",
            "valueString": "Item is not available to be purchased or issued."
          }
        ],
        "code": "I",
        "display": "Inactive"
      },
      {
        "extension": [
          {
            "url": "http://hl7.org/fhir/StructureDefinition/valueset-comments",
            "valueString": "Item is not available to be purchased, but is available to be issued."
          }
        ],
        "code": "P",
        "display": "Pending Inactive"
      }
    ]
  }
}