{
  "resourceType": "ValueSet",
  "id": "v2-0238",
  "meta": {
    "profile": [
      "http://hl7.org/fhir/StructureDefinition/valueset-shareable-definition"
    ]
  },
  "text": {
    "status": "additional",
    "div": "<div><p>Event Seriousness</p>\r\n<table class=\"grid\"><tr><td><b>Code</b></td><td><b>Description</b></td><td><b>Deutsch (German)</b></td><td><b>Nederlands (Dutch)</b></td><td><b>Comment</b></td><td><b>Version</b></td></tr><tr><td>N<a name=\"N\"> </a></td><td>No</td><td>Nein</td><td>Nee</td><td/><td>added v2.3</td></tr><tr><td>S<a name=\"S\"> </a></td><td>Significant</td><td></td><td>Significant</td><td/><td>added v2.3</td></tr><tr><td>Y<a name=\"Y\"> </a></td><td>Yes</td><td>Ja</td><td>Ja</td><td/><td>added v2.3</td></tr></table>\r\n</div>"
  },
  "url": "http://hl7.org/fhir/ValueSet/v2-0238",
  "version": "2.8.2",
  "name": "v2 Event Seriousness",
  "status": "active",
  "experimental": true,
  "publisher": "HL7, Inc",
  "contact": [
    {
      "telecom": [
        {
          "system": "other",
          "value": "http://hl7.org"
        }
      ]
    }
  ],
  "description": "FHIR Value set/code system definition for HL7 v2 table 0238 ( Event Seriousness)",
  "codeSystem": {
    "extension": [
      {
        "url": "http://hl7.org/fhir/StructureDefinition/valueset-oid",
        "valueUri": "urn:oid:2.16.840.1.133883.18.137"
      }
    ],
    "system": "http://hl7.org/fhir/v2/0238",
    "caseSensitive": false,
    "concept": [
      {
        "code": "N",
        "display": "No",
        "designation": [
          {
            "language": "de",
            "value": "Nein"
          },
          {
            "language": "nl",
            "value": "Nee"
          }
        ]
      },
      {
        "code": "S",
        "display": "Significant",
        "designation": [
          {
            "language": "nl",
            "value": "Significant"
          }
        ]
      },
      {
        "code": "Y",
        "display": "Yes",
        "designation": [
          {
            "language": "de",
            "value": "Ja"
          },
          {
            "language": "nl",
            "value": "Ja"
          }
        ]
      }
    ]
  }
}