{
  "resourceType": "ValueSet",
  "id": "v2-0557",
  "meta": {
    "profile": [
      "http://hl7.org/fhir/StructureDefinition/valueset-shareable-definition"
    ]
  },
  "text": {
    "status": "additional",
    "div": "<div><p>Payee Type</p>\r\n<table class=\"grid\"><tr><td><b>Code</b></td><td><b>Description</b></td><td><b>Comment</b></td><td><b>Version</b></td></tr><tr><td>EMPL<a name=\"EMPL\"> </a></td><td>Employer</td><td>A legal entity that controls and directs a worker under an express or implied contract of employment and a salary or wages in compensation.&lt;p&gt;In worker's compensation cases, the Employer may be the &quot;organization&quot; responsible for paying the healthcare char</td><td>added v2.6</td></tr><tr><td>ORG<a name=\"ORG\"> </a></td><td>Payee Organization</td><td>The payee is not a person/individual/being, but an entity commonly identified as an organization.  Examples could be a country healthcare payer, or an insurance company responsible for payment.</td><td>added v2.6</td></tr><tr><td>PERS<a name=\"PERS\"> </a></td><td>Person</td><td>A person/individual/being.</td><td>added v2.6</td></tr><tr><td>PPER<a name=\"PPER\"> </a></td><td>Pay Person</td><td>Person/individual/being responsible for payment.</td><td>added v2.6</td></tr></table>\r\n</div>"
  },
  "url": "http://hl7.org/fhir/ValueSet/v2-0557",
  "version": "2.8.2",
  "name": "v2 Payee Type",
  "status": "active",
  "experimental": true,
  "publisher": "HL7, Inc",
  "contact": [
    {
      "telecom": [
        {
          "system": "other",
          "value": "http://hl7.org"
        }
      ]
    }
  ],
  "description": "FHIR Value set/code system definition for HL7 v2 table 0557 ( Payee Type)",
  "codeSystem": {
    "extension": [
      {
        "url": "http://hl7.org/fhir/StructureDefinition/valueset-oid",
        "valueUri": "urn:oid:2.16.840.1.133883.18.361"
      }
    ],
    "system": "http://hl7.org/fhir/v2/0557",
    "caseSensitive": false,
    "concept": [
      {
        "extension": [
          {
            "url": "http://hl7.org/fhir/StructureDefinition/valueset-comments",
            "valueString": "A legal entity that controls and directs a worker under an express or implied contract of employment and a salary or wages in compensation.<p>In worker's compensation cases, the Employer may be the \"organization\" responsible for paying the healthcare char"
          }
        ],
        "code": "EMPL",
        "display": "Employer"
      },
      {
        "extension": [
          {
            "url": "http://hl7.org/fhir/StructureDefinition/valueset-comments",
            "valueString": "The payee is not a person/individual/being, but an entity commonly identified as an organization.  Examples could be a country healthcare payer, or an insurance company responsible for payment."
          }
        ],
        "code": "ORG",
        "display": "Payee Organization"
      },
      {
        "extension": [
          {
            "url": "http://hl7.org/fhir/StructureDefinition/valueset-comments",
            "valueString": "A person/individual/being."
          }
        ],
        "code": "PERS",
        "display": "Person"
      },
      {
        "extension": [
          {
            "url": "http://hl7.org/fhir/StructureDefinition/valueset-comments",
            "valueString": "Person/individual/being responsible for payment."
          }
        ],
        "code": "PPER",
        "display": "Pay Person"
      }
    ]
  }
}