{
  "resourceType": "ValueSet",
  "id": "v2-0150",
  "meta": {
    "profile": [
      "http://hl7.org/fhir/StructureDefinition/valueset-shareable-definition"
    ]
  },
  "text": {
    "status": "additional",
    "div": "<div><p>Certification Patient Type</p>\r\n<table class=\"grid\"><tr><td><b>Code</b></td><td><b>Description</b></td><td><b>Deutsch (German)</b></td><td><b>Nederlands (Dutch)</b></td><td><b>Comment</b></td><td><b>Version</b></td></tr><tr><td>ER<a name=\"ER\"> </a></td><td>Emergency</td><td>(Tabelle 150 wird nicht verwendet)</td><td>Spoed</td><td/><td>added v2.2</td></tr><tr><td>IPE<a name=\"IPE\"> </a></td><td>Inpatient elective</td><td></td><td>Klinisch eigen keuze</td><td/><td>added v2.2</td></tr><tr><td>OPE<a name=\"OPE\"> </a></td><td>Outpatient elective</td><td></td><td>Poliklinisch eigen keuze</td><td/><td>added v2.2</td></tr><tr><td>UR<a name=\"UR\"> </a></td><td>Urgent</td><td></td><td>Spoed</td><td/><td>added v2.2</td></tr></table>\r\n</div>"
  },
  "url": "http://hl7.org/fhir/ValueSet/v2-0150",
  "version": "2.8.2",
  "name": "v2 Certification Patient Type",
  "status": "active",
  "experimental": true,
  "publisher": "HL7, Inc",
  "contact": [
    {
      "telecom": [
        {
          "system": "other",
          "value": "http://hl7.org"
        }
      ]
    }
  ],
  "description": "FHIR Value set/code system definition for HL7 v2 table 0150 ( Certification Patient Type)",
  "codeSystem": {
    "extension": [
      {
        "url": "http://hl7.org/fhir/StructureDefinition/valueset-oid",
        "valueUri": "urn:oid:2.16.840.1.133883.18.71"
      }
    ],
    "system": "http://hl7.org/fhir/v2/0150",
    "caseSensitive": false,
    "concept": [
      {
        "code": "ER",
        "display": "Emergency",
        "designation": [
          {
            "language": "de",
            "value": "(Tabelle 150 wird nicht verwendet)"
          },
          {
            "language": "nl",
            "value": "Spoed"
          }
        ]
      },
      {
        "code": "IPE",
        "display": "Inpatient elective",
        "designation": [
          {
            "language": "nl",
            "value": "Klinisch eigen keuze"
          }
        ]
      },
      {
        "code": "OPE",
        "display": "Outpatient elective",
        "designation": [
          {
            "language": "nl",
            "value": "Poliklinisch eigen keuze"
          }
        ]
      },
      {
        "code": "UR",
        "display": "Urgent",
        "designation": [
          {
            "language": "nl",
            "value": "Spoed"
          }
        ]
      }
    ]
  }
}