{
  "resourceType": "ValueSet",
  "id": "v2-0146",
  "meta": {
    "profile": [
      "http://hl7.org/fhir/StructureDefinition/valueset-shareable-definition"
    ]
  },
  "text": {
    "status": "additional",
    "div": "<div><p>Amount Type</p>\r\n<table class=\"grid\"><tr><td><b>Code</b></td><td><b>Description</b></td><td><b>Deutsch (German)</b></td><td><b>Nederlands (Dutch)</b></td><td><b>Comment</b></td><td><b>Version</b></td></tr><tr><td>DF<a name=\"DF\"> </a></td><td>Differential</td><td>Differenzbetrag</td><td>Differentieel</td><td/><td>added v2.2</td></tr><tr><td>LM<a name=\"LM\"> </a></td><td>Limit</td><td>Höchstbetrag</td><td>Grens</td><td/><td>added v2.2</td></tr><tr><td>PC<a name=\"PC\"> </a></td><td>Percentage</td><td>Prozentsatz</td><td>Percentage</td><td>Retained for backward compatibility only as of v 2.5</td><td>added v2.2</td></tr><tr><td>RT<a name=\"RT\"> </a></td><td>Rate</td><td>Tagessatz</td><td>Kostprijs</td><td/><td>added v2.2</td></tr><tr><td>UL<a name=\"UL\"> </a></td><td>Unlimited</td><td>unbegrenzt</td><td>Onbeperkt</td><td/><td>added v2.2</td></tr></table>\r\n</div>"
  },
  "url": "http://hl7.org/fhir/ValueSet/v2-0146",
  "version": "2.8.2",
  "name": "v2 Amount Type",
  "status": "active",
  "experimental": true,
  "publisher": "HL7, Inc",
  "contact": [
    {
      "telecom": [
        {
          "system": "other",
          "value": "http://hl7.org"
        }
      ]
    }
  ],
  "description": "FHIR Value set/code system definition for HL7 v2 table 0146 ( Amount Type)",
  "codeSystem": {
    "extension": [
      {
        "url": "http://hl7.org/fhir/StructureDefinition/valueset-oid",
        "valueUri": "urn:oid:2.16.840.1.133883.18.67"
      }
    ],
    "system": "http://hl7.org/fhir/v2/0146",
    "caseSensitive": false,
    "concept": [
      {
        "code": "DF",
        "display": "Differential",
        "designation": [
          {
            "language": "de",
            "value": "Differenzbetrag"
          },
          {
            "language": "nl",
            "value": "Differentieel"
          }
        ]
      },
      {
        "code": "LM",
        "display": "Limit",
        "designation": [
          {
            "language": "de",
            "value": "Höchstbetrag"
          },
          {
            "language": "nl",
            "value": "Grens"
          }
        ]
      },
      {
        "extension": [
          {
            "url": "http://hl7.org/fhir/StructureDefinition/valueset-comments",
            "valueString": "Retained for backward compatibility only as of v 2.5"
          }
        ],
        "code": "PC",
        "display": "Percentage",
        "designation": [
          {
            "language": "de",
            "value": "Prozentsatz"
          },
          {
            "language": "nl",
            "value": "Percentage"
          }
        ]
      },
      {
        "code": "RT",
        "display": "Rate",
        "designation": [
          {
            "language": "de",
            "value": "Tagessatz"
          },
          {
            "language": "nl",
            "value": "Kostprijs"
          }
        ]
      },
      {
        "code": "UL",
        "display": "Unlimited",
        "designation": [
          {
            "language": "de",
            "value": "unbegrenzt"
          },
          {
            "language": "nl",
            "value": "Onbeperkt"
          }
        ]
      }
    ]
  }
}