{
  "resourceType": "ValueSet",
  "id": "v2-0424",
  "meta": {
    "profile": [
      "http://hl7.org/fhir/StructureDefinition/valueset-shareable-definition"
    ]
  },
  "text": {
    "status": "additional",
    "div": "<div><p>Gestation Category Code</p>\r\n<table class=\"grid\"><tr><td><b>Code</b></td><td><b>Description</b></td><td><b>Deutsch (German)</b></td><td><b>Comment</b></td><td><b>Version</b></td></tr><tr><td>1<a name=\"1\"> </a></td><td>Premature / Pre-term</td><td>vorzeitig</td><td/><td>added v2.4</td></tr><tr><td>2<a name=\"2\"> </a></td><td>Full Term</td><td>normal</td><td/><td>added v2.4</td></tr><tr><td>3<a name=\"3\"> </a></td><td>Overdue / Post-term</td><td>übertragen</td><td/><td>added v2.4</td></tr></table>\r\n</div>"
  },
  "url": "http://hl7.org/fhir/ValueSet/v2-0424",
  "version": "2.8.2",
  "name": "v2 Gestation Category Code",
  "status": "active",
  "experimental": true,
  "publisher": "HL7, Inc",
  "contact": [
    {
      "telecom": [
        {
          "system": "other",
          "value": "http://hl7.org"
        }
      ]
    }
  ],
  "description": "FHIR Value set/code system definition for HL7 v2 table 0424 ( Gestation Category Code)",
  "codeSystem": {
    "extension": [
      {
        "url": "http://hl7.org/fhir/StructureDefinition/valueset-oid",
        "valueUri": "urn:oid:2.16.840.1.133883.18.265"
      }
    ],
    "system": "http://hl7.org/fhir/v2/0424",
    "caseSensitive": false,
    "concept": [
      {
        "code": "1",
        "display": "Premature / Pre-term",
        "designation": [
          {
            "language": "de",
            "value": "vorzeitig"
          }
        ]
      },
      {
        "code": "2",
        "display": "Full Term",
        "designation": [
          {
            "language": "de",
            "value": "normal"
          }
        ]
      },
      {
        "code": "3",
        "display": "Overdue / Post-term",
        "designation": [
          {
            "language": "de",
            "value": "übertragen"
          }
        ]
      }
    ]
  }
}