{
  "resourceType": "ValueSet",
  "id": "v2-0453",
  "meta": {
    "profile": [
      "http://hl7.org/fhir/StructureDefinition/valueset-shareable-definition"
    ]
  },
  "text": {
    "status": "additional",
    "div": "<div><p>Health Care Provider Classification</p>\r\n<table class=\"grid\"><tr><td><b>Code</b></td><td><b>Description</b></td><td><b>Comment</b></td><td><b>Version</b></td></tr><tr><td>SUGGESTION<a name=\"SUGGESTION\"> </a></td><td>ANSI ASC X12 Health Care Provider Taxonomy, Level 2 -  Classification</td><td/><td>added v2.4</td></tr></table>\r\n</div>"
  },
  "url": "http://hl7.org/fhir/ValueSet/v2-0453",
  "version": "2.8.2",
  "name": "v2 Health Care Provider Classification",
  "status": "active",
  "experimental": true,
  "publisher": "HL7, Inc",
  "contact": [
    {
      "telecom": [
        {
          "system": "other",
          "value": "http://hl7.org"
        }
      ]
    }
  ],
  "description": "FHIR Value set/code system definition for HL7 v2 table 0453 ( Health Care Provider Classification)",
  "codeSystem": {
    "extension": [
      {
        "url": "http://hl7.org/fhir/StructureDefinition/valueset-oid",
        "valueUri": "urn:oid:2.16.840.1.133883.18.288"
      }
    ],
    "system": "http://hl7.org/fhir/v2/0453",
    "caseSensitive": false,
    "concept": [
      {
        "code": "SUGGESTION",
        "display": "ANSI ASC X12 Health Care Provider Taxonomy, Level 2 -  Classification"
      }
    ]
  }
}