{
  "resourceType": "ValueSet",
  "id": "v2-0326",
  "meta": {
    "profile": [
      "http://hl7.org/fhir/StructureDefinition/valueset-shareable-definition"
    ]
  },
  "text": {
    "status": "additional",
    "div": "<div><p>Visit Indicator</p>\r\n<table class=\"grid\"><tr><td><b>Code</b></td><td><b>Description</b></td><td><b>Deutsch (German)</b></td><td><b>Nederlands (Dutch)</b></td><td><b>Comment</b></td><td><b>Version</b></td></tr><tr><td>A<a name=\"A\"> </a></td><td>Account level (default)</td><td>Fallanlage bei ambulanten Fällen ohne Erfassung eines Besuchstages</td><td>Accountniveau (standaard)</td><td/><td>added v2.3</td></tr><tr><td>V<a name=\"V\"> </a></td><td>Visit level</td><td>Aufnahme (ambulanter Besuch, stationäre Episode)</td><td>Bezoekniveau</td><td/><td>added v2.3</td></tr></table>\r\n</div>"
  },
  "url": "http://hl7.org/fhir/ValueSet/v2-0326",
  "version": "2.8.2",
  "name": "v2 Visit Indicator",
  "status": "active",
  "experimental": true,
  "publisher": "HL7, Inc",
  "contact": [
    {
      "telecom": [
        {
          "system": "other",
          "value": "http://hl7.org"
        }
      ]
    }
  ],
  "description": "FHIR Value set/code system definition for HL7 v2 table 0326 ( Visit Indicator)",
  "codeSystem": {
    "extension": [
      {
        "url": "http://hl7.org/fhir/StructureDefinition/valueset-oid",
        "valueUri": "urn:oid:2.16.840.1.133883.18.199"
      }
    ],
    "system": "http://hl7.org/fhir/v2/0326",
    "caseSensitive": false,
    "concept": [
      {
        "code": "A",
        "display": "Account level (default)",
        "designation": [
          {
            "language": "de",
            "value": "Fallanlage bei ambulanten Fällen ohne Erfassung eines Besuchstages"
          },
          {
            "language": "nl",
            "value": "Accountniveau (standaard)"
          }
        ]
      },
      {
        "code": "V",
        "display": "Visit level",
        "designation": [
          {
            "language": "de",
            "value": "Aufnahme (ambulanter Besuch, stationäre Episode)"
          },
          {
            "language": "nl",
            "value": "Bezoekniveau"
          }
        ]
      }
    ]
  }
}