{"codeSystem":{"caseSensitive":false,"concept":[{"code":"B","designation":[{"language":"de","value":"Geburtshilfe"},{"language":"nl","value":"Obstetrie"}],"display":"Obstetrics"},{"code":"C","designation":[{"language":"nl","value":"Commercieel account"}],"display":"Commercial Account"},{"code":"E","designation":[{"language":"de","value":"Notfall"},{"language":"nl","value":"Spoed"}],"display":"Emergency"},{"code":"I","designation":[{"language":"de","value":"stationär"},{"language":"nl","value":"Klinisch"}],"display":"Inpatient"},{"code":"N","designation":[{"language":"de","value":"Segment nicht anwendbar"},{"language":"nl","value":"Niet van toepassing"}],"display":"Not Applicable"},{"code":"O","designation":[{"language":"de","value":"ambulant"},{"language":"nl","value":"Poliklinisch"}],"display":"Outpatient"},{"code":"P","designation":[{"language":"de","value":"Voraufnahme"},{"language":"nl","value":"Vooropname"}],"display":"Preadmit"},{"code":"R","designation":[{"language":"de","value":"Wiederholungspatient"},{"language":"nl","value":"Routine"}],"display":"Recurring patient"},{"code":"U","designation":[{"language":"de","value":"unbekannt"},{"language":"nl","value":"Onbekend"}],"display":"Unknown"}],"extension":[{"url":"http://hl7.org/fhir/StructureDefinition/valueset-oid","valueUri":"urn:oid:2.16.840.1.133883.18.5"}],"system":"http://hl7.org/fhir/v2/0004"},"contact":[{"telecom":[{"system":"other","value":"http://hl7.org"}]}],"description":"FHIR Value set/code system definition for HL7 v2 table 0004 ( Patient Class)","experimental":true,"id":"v2-0004","meta":{"profile":["http://hl7.org/fhir/StructureDefinition/valueset-shareable-definition"]},"name":"v2 Patient Class","publisher":"HL7, Inc","resourceType":"ValueSet","status":"active","text":{"div":"<div><p>Patient Class</p>\r\n<table class=\"grid\"><tr><td><b>Code</b></td><td><b>Description</b></td><td><b>Deutsch (German)</b></td><td><b>Nederlands (Dutch)</b></td><td><b>Comment</b></td><td><b>Version</b></td></tr><tr><td>B<a name=\"B\"> </a></td><td>Obstetrics</td><td>Geburtshilfe</td><td>Obstetrie</td><td/><td>added v2.2</td></tr><tr><td>C<a name=\"C\"> </a></td><td>Commercial Account</td><td></td><td>Commercieel account</td><td/><td>added v2.4</td></tr><tr><td>E<a name=\"E\"> </a></td><td>Emergency</td><td>Notfall</td><td>Spoed</td><td/><td>from v2.1</td></tr><tr><td>I<a name=\"I\"> </a></td><td>Inpatient</td><td>stationär</td><td>Klinisch</td><td/><td>from v2.1</td></tr><tr><td>N<a name=\"N\"> </a></td><td>Not Applicable</td><td>Segment nicht anwendbar</td><td>Niet van toepassing</td><td/><td>added v2.4</td></tr><tr><td>O<a name=\"O\"> </a></td><td>Outpatient</td><td>ambulant</td><td>Poliklinisch</td><td/><td>from v2.1</td></tr><tr><td>P<a name=\"P\"> </a></td><td>Preadmit</td><td>Voraufnahme</td><td>Vooropname</td><td/><td>from v2.1</td></tr><tr><td>R<a name=\"R\"> </a></td><td>Recurring patient</td><td>Wiederholungspatient</td><td>Routine</td><td/><td>added v2.2</td></tr><tr><td>U<a name=\"U\"> </a></td><td>Unknown</td><td>unbekannt</td><td>Onbekend</td><td/><td>added v2.4</td></tr></table>\r\n</div>","status":"additional"},"url":"http://hl7.org/fhir/ValueSet/v2-0004","version":"2.8.2"}