{
  "resourceType": "ValueSet",
  "id": "v2-0367",
  "meta": {
    "profile": [
      "http://hl7.org/fhir/StructureDefinition/valueset-shareable-definition"
    ]
  },
  "text": {
    "status": "additional",
    "div": "<div><p>Alert Level</p>\r\n<table class=\"grid\"><tr><td><b>Code</b></td><td><b>Description</b></td><td><b>Nederlands (Dutch)</b></td><td><b>Comment</b></td><td><b>Version</b></td></tr><tr><td>...<a name=\".46.46.46\"> </a></td><td>(null) No level change</td><td>(null) geen niveauwijziging</td><td/><td>added v2.6</td></tr><tr><td>C<a name=\"C\"> </a></td><td>Critical</td><td>Kritiek</td><td>Shut Down, Fix Problem and Re-init</td><td>added v2.4</td></tr><tr><td>N<a name=\"N\"> </a></td><td>Normal</td><td>Normaal</td><td>No Corrective Action Needed</td><td>added v2.4</td></tr><tr><td>S<a name=\"S\"> </a></td><td>Serious</td><td>Serieus</td><td>Corrective Action Required</td><td>added v2.4</td></tr><tr><td>W<a name=\"W\"> </a></td><td>Warning</td><td>Waarschuwing</td><td>Corrective Action Anticipated</td><td>added v2.4</td></tr><tr><td>…<a name=\".8230\"> </a></td><td>(null) No level change</td><td></td><td>deprecated</td><td>added v2.7.1, removed after v2.7.1</td></tr></table>\r\n</div>"
  },
  "url": "http://hl7.org/fhir/ValueSet/v2-0367",
  "version": "2.8.2",
  "name": "v2 Alert Level",
  "status": "active",
  "experimental": true,
  "publisher": "HL7, Inc",
  "contact": [
    {
      "telecom": [
        {
          "system": "other",
          "value": "http://hl7.org"
        }
      ]
    }
  ],
  "description": "FHIR Value set/code system definition for HL7 v2 table 0367 ( Alert Level)",
  "codeSystem": {
    "extension": [
      {
        "url": "http://hl7.org/fhir/StructureDefinition/valueset-oid",
        "valueUri": "urn:oid:2.16.840.1.133883.18.225"
      }
    ],
    "system": "http://hl7.org/fhir/v2/0367",
    "caseSensitive": false,
    "concept": [
      {
        "code": "...",
        "display": "(null) No level change",
        "designation": [
          {
            "language": "nl",
            "value": "(null) geen niveauwijziging"
          }
        ]
      },
      {
        "extension": [
          {
            "url": "http://hl7.org/fhir/StructureDefinition/valueset-comments",
            "valueString": "Shut Down, Fix Problem and Re-init"
          }
        ],
        "code": "C",
        "display": "Critical",
        "designation": [
          {
            "language": "nl",
            "value": "Kritiek"
          }
        ]
      },
      {
        "extension": [
          {
            "url": "http://hl7.org/fhir/StructureDefinition/valueset-comments",
            "valueString": "No Corrective Action Needed"
          }
        ],
        "code": "N",
        "display": "Normal",
        "designation": [
          {
            "language": "nl",
            "value": "Normaal"
          }
        ]
      },
      {
        "extension": [
          {
            "url": "http://hl7.org/fhir/StructureDefinition/valueset-comments",
            "valueString": "Corrective Action Required"
          }
        ],
        "code": "S",
        "display": "Serious",
        "designation": [
          {
            "language": "nl",
            "value": "Serieus"
          }
        ]
      },
      {
        "extension": [
          {
            "url": "http://hl7.org/fhir/StructureDefinition/valueset-comments",
            "valueString": "Corrective Action Anticipated"
          }
        ],
        "code": "W",
        "display": "Warning",
        "designation": [
          {
            "language": "nl",
            "value": "Waarschuwing"
          }
        ]
      },
      {
        "extension": [
          {
            "url": "http://hl7.org/fhir/StructureDefinition/valueset-deprecated",
            "valueBoolean": true
          }
        ],
        "code": "…",
        "display": "(null) No level change"
      }
    ]
  }
}