{"codeSystem":{"caseSensitive":false,"concept":[{"code":"A","designation":[{"language":"nl","value":"Toevoeging/invoeging"}],"display":"Add/Insert","extension":[{"url":"http://hl7.org/fhir/StructureDefinition/valueset-deprecated","valueBoolean":true}]},{"code":"D","designation":[{"language":"nl","value":"Verwijdering"}],"display":"Delete","extension":[{"url":"http://hl7.org/fhir/StructureDefinition/valueset-deprecated","valueBoolean":true}]},{"code":"U","designation":[{"language":"nl","value":"Update"}],"display":"Update","extension":[{"url":"http://hl7.org/fhir/StructureDefinition/valueset-deprecated","valueBoolean":true}]},{"code":"X","designation":[{"language":"nl","value":"Geen wijziging"}],"display":"No change","extension":[{"url":"http://hl7.org/fhir/StructureDefinition/valueset-deprecated","valueBoolean":true}]}],"extension":[{"url":"http://hl7.org/fhir/StructureDefinition/valueset-oid","valueUri":"urn:oid:2.16.840.1.133883.18.196"}],"system":"http://hl7.org/fhir/v2/0323"},"contact":[{"telecom":[{"system":"other","value":"http://hl7.org"}]}],"description":"FHIR Value set/code system definition for HL7 v2 table 0323 ( Action Code)","experimental":true,"id":"v2-0323","meta":{"profile":["http://hl7.org/fhir/StructureDefinition/valueset-shareable-definition"]},"name":"v2 Action Code","publisher":"HL7, Inc","resourceType":"ValueSet","status":"active","text":{"div":"<div><p>Action Code</p>\r\n<table class=\"grid\"><tr><td><b>Code</b></td><td><b>Description</b></td><td><b>Nederlands (Dutch)</b></td><td><b>Comment</b></td><td><b>Version</b></td></tr><tr><td>A<a name=\"A\"> </a></td><td>Add/Insert</td><td>Toevoeging/invoeging</td><td>deprecated</td><td>added v2.3, removed after v2.5.1</td></tr><tr><td>D<a name=\"D\"> </a></td><td>Delete</td><td>Verwijdering</td><td>deprecated</td><td>added v2.3, removed after v2.5.1</td></tr><tr><td>U<a name=\"U\"> </a></td><td>Update</td><td>Update</td><td>deprecated</td><td>added v2.3, removed after v2.5.1</td></tr><tr><td>X<a name=\"X\"> </a></td><td>No change</td><td>Geen wijziging</td><td>deprecated</td><td>added v2.5, removed after v2.5.1</td></tr></table>\r\n</div>","status":"additional"},"url":"http://hl7.org/fhir/ValueSet/v2-0323","version":"2.8.2"}