{"codeSystem":{"caseSensitive":false,"concept":[{"code":"AT","designation":[{"language":"de","value":"Betrag"},{"language":"nl","value":"Bedrag"}],"display":"Amount","extension":[{"url":"http://hl7.org/fhir/StructureDefinition/valueset-comments","valueString":"Retained for backward compatibility only as of v 2.5"}]},{"code":"LM","designation":[{"language":"de","value":"Höchstbetrag"},{"language":"nl","value":"Limiet"}],"display":"Limit"},{"code":"PC","designation":[{"language":"de","value":"Prozentsatz"},{"language":"nl","value":"Percentage"}],"display":"Percentage","extension":[{"url":"http://hl7.org/fhir/StructureDefinition/valueset-comments","valueString":"Retained for backward compatibility only as of v 2.5"}]},{"code":"UL","designation":[{"language":"de","value":"Unbegrenzt"},{"language":"nl","value":"Onbeperkt"}],"display":"Unlimited"}],"extension":[{"url":"http://hl7.org/fhir/StructureDefinition/valueset-oid","valueUri":"urn:oid:2.16.840.1.133883.18.103"}],"system":"http://hl7.org/fhir/v2/0193"},"contact":[{"telecom":[{"system":"other","value":"http://hl7.org"}]}],"description":"FHIR Value set/code system definition for HL7 v2 table 0193 ( Amount Class)","experimental":true,"id":"v2-0193","meta":{"profile":["http://hl7.org/fhir/StructureDefinition/valueset-shareable-definition"]},"name":"v2 Amount Class","publisher":"HL7, Inc","resourceType":"ValueSet","status":"active","text":{"div":"<div><p>Amount Class</p>\r\n<table class=\"grid\"><tr><td><b>Code</b></td><td><b>Description</b></td><td><b>Deutsch (German)</b></td><td><b>Nederlands (Dutch)</b></td><td><b>Comment</b></td><td><b>Version</b></td></tr><tr><td>AT<a name=\"AT\"> </a></td><td>Amount</td><td>Betrag</td><td>Bedrag</td><td>Retained for backward compatibility only as of v 2.5</td><td>added v2.2</td></tr><tr><td>LM<a name=\"LM\"> </a></td><td>Limit</td><td>Höchstbetrag</td><td>Limiet</td><td/><td>added v2.2</td></tr><tr><td>PC<a name=\"PC\"> </a></td><td>Percentage</td><td>Prozentsatz</td><td>Percentage</td><td>Retained for backward compatibility only as of v 2.5</td><td>added v2.2</td></tr><tr><td>UL<a name=\"UL\"> </a></td><td>Unlimited</td><td>Unbegrenzt</td><td>Onbeperkt</td><td/><td>added v2.2</td></tr></table>\r\n</div>","status":"additional"},"url":"http://hl7.org/fhir/ValueSet/v2-0193","version":"2.8.2"}