{"codeSystem":{"caseSensitive":false,"concept":[{"code":"C","designation":[{"language":"nl","value":"Clinical trial"}],"display":"Clinical trial"},{"code":"D","designation":[{"language":"nl","value":"Database/register/toxicologisch centrum"}],"display":"Database/registry/poison control center"},{"code":"E","designation":[{"language":"nl","value":"Distributeur"}],"display":"Distributor"},{"code":"H","designation":[{"language":"nl","value":"Zorgprofessional"}],"display":"Health professional"},{"code":"L","designation":[{"language":"nl","value":"Literatuur"}],"display":"Literature"},{"code":"M","designation":[{"language":"nl","value":"Fabrikant/marketing autoriteithouder"}],"display":"Manufacturer/marketing authority holder"},{"code":"N","designation":[{"language":"nl","value":"Niet-zorg professional"}],"display":"Non-healthcare professional"},{"code":"O","designation":[{"language":"nl","value":"Anders"}],"display":"Other"},{"code":"P","designation":[{"language":"nl","value":"Patiënt"}],"display":"Patient"},{"code":"R","designation":[{"language":"nl","value":"Toezichthoudend orgaan"}],"display":"Regulatory agency"}],"extension":[{"url":"http://hl7.org/fhir/StructureDefinition/valueset-oid","valueUri":"urn:oid:2.16.840.1.133883.18.134"}],"system":"http://hl7.org/fhir/v2/0235"},"contact":[{"telecom":[{"system":"other","value":"http://hl7.org"}]}],"description":"FHIR Value set/code system definition for HL7 v2 table 0235 ( Report Source)","experimental":true,"id":"v2-0235","meta":{"profile":["http://hl7.org/fhir/StructureDefinition/valueset-shareable-definition"]},"name":"v2 Report Source","publisher":"HL7, Inc","resourceType":"ValueSet","status":"active","text":{"div":"<div><p>Report Source</p>\r\n<table class=\"grid\"><tr><td><b>Code</b></td><td><b>Description</b></td><td><b>Nederlands (Dutch)</b></td><td><b>Comment</b></td><td><b>Version</b></td></tr><tr><td>C<a name=\"C\"> </a></td><td>Clinical trial</td><td>Clinical trial</td><td/><td>added v2.3</td></tr><tr><td>D<a name=\"D\"> </a></td><td>Database/registry/poison control center</td><td>Database/register/toxicologisch centrum</td><td/><td>added v2.3</td></tr><tr><td>E<a name=\"E\"> </a></td><td>Distributor</td><td>Distributeur</td><td/><td>added v2.3</td></tr><tr><td>H<a name=\"H\"> </a></td><td>Health professional</td><td>Zorgprofessional</td><td/><td>added v2.3</td></tr><tr><td>L<a name=\"L\"> </a></td><td>Literature</td><td>Literatuur</td><td/><td>added v2.3</td></tr><tr><td>M<a name=\"M\"> </a></td><td>Manufacturer/marketing authority holder</td><td>Fabrikant/marketing autoriteithouder</td><td/><td>added v2.3</td></tr><tr><td>N<a name=\"N\"> </a></td><td>Non-healthcare professional</td><td>Niet-zorg professional</td><td/><td>added v2.3</td></tr><tr><td>O<a name=\"O\"> </a></td><td>Other</td><td>Anders</td><td/><td>added v2.3</td></tr><tr><td>P<a name=\"P\"> </a></td><td>Patient</td><td>Patiënt</td><td/><td>added v2.3</td></tr><tr><td>R<a name=\"R\"> </a></td><td>Regulatory agency</td><td>Toezichthoudend orgaan</td><td/><td>added v2.3</td></tr></table>\r\n</div>","status":"additional"},"url":"http://hl7.org/fhir/ValueSet/v2-0235","version":"2.8.2"}