{
  "resourceType": "ValueSet",
  "id": "v2-0280",
  "meta": {
    "profile": [
      "http://hl7.org/fhir/StructureDefinition/valueset-shareable-definition"
    ]
  },
  "text": {
    "status": "additional",
    "div": "<div><p>Referral Priority</p>\r\n<table class=\"grid\"><tr><td><b>Code</b></td><td><b>Description</b></td><td><b>Nederlands (Dutch)</b></td><td><b>Comment</b></td><td><b>Version</b></td></tr><tr><td>A<a name=\"A\"> </a></td><td>ASAP</td><td>ZSM</td><td/><td>added v2.3</td></tr><tr><td>R<a name=\"R\"> </a></td><td>Routine</td><td>Routine</td><td/><td>added v2.3</td></tr><tr><td>S<a name=\"S\"> </a></td><td>STAT</td><td>STAT</td><td/><td>added v2.3</td></tr></table>\r\n</div>"
  },
  "url": "http://hl7.org/fhir/ValueSet/v2-0280",
  "version": "2.8.2",
  "name": "v2 Referral Priority",
  "status": "active",
  "experimental": true,
  "publisher": "HL7, Inc",
  "contact": [
    {
      "telecom": [
        {
          "system": "other",
          "value": "http://hl7.org"
        }
      ]
    }
  ],
  "description": "FHIR Value set/code system definition for HL7 v2 table 0280 ( Referral Priority)",
  "codeSystem": {
    "extension": [
      {
        "url": "http://hl7.org/fhir/StructureDefinition/valueset-oid",
        "valueUri": "urn:oid:2.16.840.1.133883.18.173"
      }
    ],
    "system": "http://hl7.org/fhir/v2/0280",
    "caseSensitive": false,
    "concept": [
      {
        "code": "A",
        "display": "ASAP",
        "designation": [
          {
            "language": "nl",
            "value": "ZSM"
          }
        ]
      },
      {
        "code": "R",
        "display": "Routine",
        "designation": [
          {
            "language": "nl",
            "value": "Routine"
          }
        ]
      },
      {
        "code": "S",
        "display": "STAT",
        "designation": [
          {
            "language": "nl",
            "value": "STAT"
          }
        ]
      }
    ]
  }
}