{
  "resourceType": "ValueSet",
  "id": "v2-0432",
  "meta": {
    "profile": [
      "http://hl7.org/fhir/StructureDefinition/valueset-shareable-definition"
    ]
  },
  "text": {
    "status": "additional",
    "div": "<div><p>Admission Level of Care Code</p>\r\n<table class=\"grid\"><tr><td><b>Code</b></td><td><b>Description</b></td><td><b>Deutsch (German)</b></td><td><b>Comment</b></td><td><b>Version</b></td></tr><tr><td>AC<a name=\"AC\"> </a></td><td>Acute</td><td>akut</td><td/><td>added v2.4</td></tr><tr><td>CH<a name=\"CH\"> </a></td><td>Chronic</td><td>chronisch</td><td/><td>added v2.4</td></tr><tr><td>CO<a name=\"CO\"> </a></td><td>Comatose</td><td>komatös</td><td/><td>added v2.4</td></tr><tr><td>CR<a name=\"CR\"> </a></td><td>Critical</td><td>kritisch</td><td/><td>added v2.4</td></tr><tr><td>IM<a name=\"IM\"> </a></td><td>Improved</td><td>verbessert</td><td/><td>added v2.4</td></tr><tr><td>MO<a name=\"MO\"> </a></td><td>Moribund</td><td></td><td/><td>added v2.4</td></tr></table>\r\n</div>"
  },
  "url": "http://hl7.org/fhir/ValueSet/v2-0432",
  "version": "2.8.2",
  "name": "v2 Admission Level of Care Code",
  "status": "active",
  "experimental": true,
  "publisher": "HL7, Inc",
  "contact": [
    {
      "telecom": [
        {
          "system": "other",
          "value": "http://hl7.org"
        }
      ]
    }
  ],
  "description": "FHIR Value set/code system definition for HL7 v2 table 0432 ( Admission Level of Care Code)",
  "codeSystem": {
    "extension": [
      {
        "url": "http://hl7.org/fhir/StructureDefinition/valueset-oid",
        "valueUri": "urn:oid:2.16.840.1.133883.18.273"
      }
    ],
    "system": "http://hl7.org/fhir/v2/0432",
    "caseSensitive": false,
    "concept": [
      {
        "code": "AC",
        "display": "Acute",
        "designation": [
          {
            "language": "de",
            "value": "akut"
          }
        ]
      },
      {
        "code": "CH",
        "display": "Chronic",
        "designation": [
          {
            "language": "de",
            "value": "chronisch"
          }
        ]
      },
      {
        "code": "CO",
        "display": "Comatose",
        "designation": [
          {
            "language": "de",
            "value": "komatös"
          }
        ]
      },
      {
        "code": "CR",
        "display": "Critical",
        "designation": [
          {
            "language": "de",
            "value": "kritisch"
          }
        ]
      },
      {
        "code": "IM",
        "display": "Improved",
        "designation": [
          {
            "language": "de",
            "value": "verbessert"
          }
        ]
      },
      {
        "code": "MO",
        "display": "Moribund"
      }
    ]
  }
}