{"codeSystem":{"caseSensitive":false,"concept":[{"code":"0","display":"Not packaged"},{"code":"1","display":"Packaged service (status indicator N, or no HCPCS code and certain revenue codes)"},{"code":"2","display":"Packaged as part of partial hospitalization per diem or daily mental health service per diem"}],"extension":[{"url":"http://hl7.org/fhir/StructureDefinition/valueset-oid","valueUri":"urn:oid:2.16.840.1.133883.18.298"}],"system":"http://hl7.org/fhir/v2/0469"},"contact":[{"telecom":[{"system":"other","value":"http://hl7.org"}]}],"description":"FHIR Value set/code system definition for HL7 v2 table 0469 ( Packaging Status Code)","experimental":true,"id":"v2-0469","meta":{"profile":["http://hl7.org/fhir/StructureDefinition/valueset-shareable-definition"]},"name":"v2 Packaging Status Code","publisher":"HL7, Inc","resourceType":"ValueSet","status":"active","text":{"div":"<div><p>Packaging Status Code</p>\r\n<table class=\"grid\"><tr><td><b>Code</b></td><td><b>Description</b></td><td><b>Comment</b></td><td><b>Version</b></td></tr><tr><td>0<a name=\"0\"> </a></td><td>Not packaged</td><td/><td>added v2.4</td></tr><tr><td>1<a name=\"1\"> </a></td><td>Packaged service (status indicator N, or no HCPCS code and certain revenue codes)</td><td/><td>added v2.4</td></tr><tr><td>2<a name=\"2\"> </a></td><td>Packaged as part of partial hospitalization per diem or daily mental health service per diem</td><td/><td>added v2.4</td></tr></table>\r\n</div>","status":"additional"},"url":"http://hl7.org/fhir/ValueSet/v2-0469","version":"2.8.2"}