{"codeSystem":{"caseSensitive":false,"concept":[{"code":"ASC","display":"Apheresis Software Crash"},{"code":"BSC","display":"Manufacturing Software Crash"},{"code":"CFT","display":"Couldn't follow through with donation (scared)"},{"code":"DBB","display":"Bathroom"},{"code":"DCW","display":"Couldn't wait"},{"code":"DNI","display":"Phlebotomy Issue"},{"code":"GFE","display":"General Facility Emergency","extension":[{"url":"http://hl7.org/fhir/StructureDefinition/valueset-comments","valueString":"Power outage,  natural disaster (tornado, flood, hurricane, etc.), air conditioning failure, etc."}]},{"code":"NRG","display":"No reason given, donor decided to stop without giving a reason"},{"code":"PCD","display":"Phone Call-Donor"}],"extension":[{"url":"http://hl7.org/fhir/StructureDefinition/valueset-oid","valueUri":"urn:oid:2.16.840.1.133883.18.435"}],"system":"http://hl7.org/fhir/v2/0935"},"contact":[{"telecom":[{"system":"other","value":"http://hl7.org"}]}],"description":"FHIR Value set/code system definition for HL7 v2 table 0935 ( Process Interruption Reason)","experimental":true,"id":"v2-0935","meta":{"profile":["http://hl7.org/fhir/StructureDefinition/valueset-shareable-definition"]},"name":"v2 Process Interruption Reason","publisher":"HL7, Inc","resourceType":"ValueSet","status":"active","text":{"div":"<div><p>Process Interruption Reason</p>\r\n<table class=\"grid\"><tr><td><b>Code</b></td><td><b>Description</b></td><td><b>Comment</b></td><td><b>Version</b></td></tr><tr><td>ASC<a name=\"ASC\"> </a></td><td>Apheresis Software Crash</td><td/><td>added v2.8</td></tr><tr><td>BSC<a name=\"BSC\"> </a></td><td>Manufacturing Software Crash</td><td/><td>added v2.8</td></tr><tr><td>CFT<a name=\"CFT\"> </a></td><td>Couldn't follow through with donation (scared)</td><td/><td>added v2.8</td></tr><tr><td>DBB<a name=\"DBB\"> </a></td><td>Bathroom</td><td/><td>added v2.8</td></tr><tr><td>DCW<a name=\"DCW\"> </a></td><td>Couldn't wait</td><td/><td>added v2.8</td></tr><tr><td>DNI<a name=\"DNI\"> </a></td><td>Phlebotomy Issue</td><td/><td>added v2.8</td></tr><tr><td>GFE<a name=\"GFE\"> </a></td><td>General Facility Emergency</td><td>Power outage,  natural disaster (tornado, flood, hurricane, etc.), air conditioning failure, etc.</td><td>added v2.8</td></tr><tr><td>NRG<a name=\"NRG\"> </a></td><td>No reason given, donor decided to stop without giving a reason</td><td/><td>added v2.8</td></tr><tr><td>PCD<a name=\"PCD\"> </a></td><td>Phone Call-Donor</td><td/><td>added v2.8</td></tr></table>\r\n</div>","status":"additional"},"url":"http://hl7.org/fhir/ValueSet/v2-0935","version":"2.8.2"}