{"codeSystem":{"caseSensitive":false,"concept":[{"code":"D","display":"DOP/DOQ","extension":[{"url":"http://hl7.org/fhir/StructureDefinition/valueset-comments","valueString":"Corresponds to the theory that calculates the appropriate order point and recommends the quantity to order based on system parameters and historical trends.  DOP stands for Dynamic Order Point, and DOQ stands for Dynamic Order Quantity."}]},{"code":"M","display":"MIN/MAX","extension":[{"url":"http://hl7.org/fhir/StructureDefinition/valueset-comments","valueString":"Corresponds to theory - the quantity recommended is the Order Quantity, less the On Hand Quantity, and less the On Order Quantity.  The Order Amount is the desired Maximum On Hand Quantity."}]},{"code":"O","display":"Override","extension":[{"url":"http://hl7.org/fhir/StructureDefinition/valueset-comments","valueString":"The quantity recommended is the Order Quantity, less the On Order Quantity.  The Order Amount is the amount to order when the On Hand reaches the Order Point."}]}],"extension":[{"url":"http://hl7.org/fhir/StructureDefinition/valueset-oid","valueUri":"urn:oid:2.16.840.1.133883.18.379"}],"system":"http://hl7.org/fhir/v2/0642"},"contact":[{"telecom":[{"system":"other","value":"http://hl7.org"}]}],"description":"FHIR Value set/code system definition for HL7 v2 table 0642 ( Reorder Theory Codes)","experimental":true,"id":"v2-0642","meta":{"profile":["http://hl7.org/fhir/StructureDefinition/valueset-shareable-definition"]},"name":"v2 Reorder Theory Codes","publisher":"HL7, Inc","resourceType":"ValueSet","status":"active","text":{"div":"<div><p>Reorder Theory Codes</p>\r\n<table class=\"grid\"><tr><td><b>Code</b></td><td><b>Description</b></td><td><b>Comment</b></td><td><b>Version</b></td></tr><tr><td>D<a name=\"D\"> </a></td><td>DOP/DOQ</td><td>Corresponds to the theory that calculates the appropriate order point and recommends the quantity to order based on system parameters and historical trends.  DOP stands for Dynamic Order Point, and DOQ stands for Dynamic Order Quantity.</td><td>added v2.6</td></tr><tr><td>M<a name=\"M\"> </a></td><td>MIN/MAX</td><td>Corresponds to theory - the quantity recommended is the Order Quantity, less the On Hand Quantity, and less the On Order Quantity.  The Order Amount is the desired Maximum On Hand Quantity.</td><td>added v2.6</td></tr><tr><td>O<a name=\"O\"> </a></td><td>Override</td><td>The quantity recommended is the Order Quantity, less the On Order Quantity.  The Order Amount is the amount to order when the On Hand reaches the Order Point.</td><td>added v2.6</td></tr></table>\r\n</div>","status":"additional"},"url":"http://hl7.org/fhir/ValueSet/v2-0642","version":"2.8.2"}