{
  "resourceType": "ValueSet",
  "id": "v2-0351",
  "meta": {
    "profile": [
      "http://hl7.org/fhir/StructureDefinition/valueset-shareable-definition"
    ]
  },
  "text": {
    "status": "additional",
    "div": "<div><p>Occurrence Span</p>\r\n<table class=\"grid\"><tr><td><b>Code</b></td><td><b>Description</b></td><td><b>Comment</b></td><td><b>Version</b></td></tr><tr><td>...<a name=\".46.46.46\"> </a></td><td>use NUBC codes</td><td/><td>added v2.6</td></tr><tr><td>70<a name=\"70\"> </a></td><td>Qualifying stay dates for SNF</td><td>deprecated</td><td>added v2.3.1, removed after v2.4</td></tr><tr><td>71<a name=\"71\"> </a></td><td>Prior stay dates</td><td>deprecated</td><td>added v2.3.1, removed after v2.4</td></tr><tr><td>72<a name=\"72\"> </a></td><td>First/last visit</td><td>deprecated</td><td>added v2.3.1, removed after v2.4</td></tr><tr><td>73<a name=\"73\"> </a></td><td>Benefit eligibility period</td><td>deprecated</td><td>added v2.3.1, removed after v2.4</td></tr><tr><td>74<a name=\"74\"> </a></td><td>Non-covered level of care</td><td>deprecated</td><td>added v2.3.1, removed after v2.4</td></tr><tr><td>75<a name=\"75\"> </a></td><td>SNF level of care</td><td>deprecated</td><td>added v2.3.1, removed after v2.4</td></tr><tr><td>76<a name=\"76\"> </a></td><td>Patient liability</td><td>deprecated</td><td>added v2.3.1, removed after v2.4</td></tr><tr><td>77<a name=\"77\"> </a></td><td>Provider liability period</td><td>deprecated</td><td>added v2.3.1, removed after v2.4</td></tr><tr><td>78<a name=\"78\"> </a></td><td>SNF prior stay dates</td><td>deprecated</td><td>added v2.3.1, removed after v2.4</td></tr><tr><td>79<a name=\"79\"> </a></td><td>Payer code</td><td>deprecated</td><td>added v2.3.1, removed after v2.4</td></tr><tr><td>M0<a name=\"M0\"> </a></td><td>PSRO/UR approved stay dates</td><td>deprecated</td><td>added v2.3.1, removed after v2.4</td></tr><tr><td>…<a name=\".8230\"> </a></td><td>use NUBC codes</td><td>deprecated</td><td>added v2.5.1, removed after v2.7.1</td></tr></table>\r\n</div>"
  },
  "url": "http://hl7.org/fhir/ValueSet/v2-0351",
  "version": "2.8.2",
  "name": "v2 Occurrence Span",
  "status": "active",
  "experimental": true,
  "publisher": "HL7, Inc",
  "contact": [
    {
      "telecom": [
        {
          "system": "other",
          "value": "http://hl7.org"
        }
      ]
    }
  ],
  "description": "FHIR Value set/code system definition for HL7 v2 table 0351 ( Occurrence Span)",
  "codeSystem": {
    "extension": [
      {
        "url": "http://hl7.org/fhir/StructureDefinition/valueset-oid",
        "valueUri": "urn:oid:2.16.840.1.133883.18.212"
      }
    ],
    "system": "http://hl7.org/fhir/v2/0351",
    "caseSensitive": false,
    "concept": [
      {
        "code": "...",
        "display": "use NUBC codes"
      },
      {
        "extension": [
          {
            "url": "http://hl7.org/fhir/StructureDefinition/valueset-deprecated",
            "valueBoolean": true
          }
        ],
        "code": "70",
        "display": "Qualifying stay dates for SNF"
      },
      {
        "extension": [
          {
            "url": "http://hl7.org/fhir/StructureDefinition/valueset-deprecated",
            "valueBoolean": true
          }
        ],
        "code": "71",
        "display": "Prior stay dates"
      },
      {
        "extension": [
          {
            "url": "http://hl7.org/fhir/StructureDefinition/valueset-deprecated",
            "valueBoolean": true
          }
        ],
        "code": "72",
        "display": "First/last visit"
      },
      {
        "extension": [
          {
            "url": "http://hl7.org/fhir/StructureDefinition/valueset-deprecated",
            "valueBoolean": true
          }
        ],
        "code": "73",
        "display": "Benefit eligibility period"
      },
      {
        "extension": [
          {
            "url": "http://hl7.org/fhir/StructureDefinition/valueset-deprecated",
            "valueBoolean": true
          }
        ],
        "code": "74",
        "display": "Non-covered level of care"
      },
      {
        "extension": [
          {
            "url": "http://hl7.org/fhir/StructureDefinition/valueset-deprecated",
            "valueBoolean": true
          }
        ],
        "code": "75",
        "display": "SNF level of care"
      },
      {
        "extension": [
          {
            "url": "http://hl7.org/fhir/StructureDefinition/valueset-deprecated",
            "valueBoolean": true
          }
        ],
        "code": "76",
        "display": "Patient liability"
      },
      {
        "extension": [
          {
            "url": "http://hl7.org/fhir/StructureDefinition/valueset-deprecated",
            "valueBoolean": true
          }
        ],
        "code": "77",
        "display": "Provider liability period"
      },
      {
        "extension": [
          {
            "url": "http://hl7.org/fhir/StructureDefinition/valueset-deprecated",
            "valueBoolean": true
          }
        ],
        "code": "78",
        "display": "SNF prior stay dates"
      },
      {
        "extension": [
          {
            "url": "http://hl7.org/fhir/StructureDefinition/valueset-deprecated",
            "valueBoolean": true
          }
        ],
        "code": "79",
        "display": "Payer code"
      },
      {
        "extension": [
          {
            "url": "http://hl7.org/fhir/StructureDefinition/valueset-deprecated",
            "valueBoolean": true
          }
        ],
        "code": "M0",
        "display": "PSRO/UR approved stay dates"
      },
      {
        "extension": [
          {
            "url": "http://hl7.org/fhir/StructureDefinition/valueset-deprecated",
            "valueBoolean": true
          }
        ],
        "code": "…",
        "display": "use NUBC codes"
      }
    ]
  }
}