{"codeSystem":{"caseSensitive":false,"concept":[{"code":"ABOINC","display":"ABO Incompatible Transfusion Reaction"},{"code":"ACUTHEHTR","display":"Acute Hemolytic Transfusion Reaction"},{"code":"ALLERGIC1","display":"Allergic Reaction - First"},{"code":"ALLERGIC2","display":"Allergic Reaction - Recurrent"},{"code":"ALLERGICR","display":"Allergic Reaction - Repeating"},{"code":"ANAPHYLAC","display":"Anaphylactic Reaction"},{"code":"BACTCONTAM","display":"Reaction to Bacterial Contamination"},{"code":"DELAYEDHTR","display":"Delayed Hemolytic Transfusion Reaction"},{"code":"DELAYEDSTR","display":"Delayed Serological Transfusion Reaction"},{"code":"GVHD","display":"Graft vs Host Disease - Transfusion - Associated"},{"code":"HYPOTENS","display":"Non-hemolytic Hypotensive Reaction"},{"code":"NONHTR1","display":"Non-Hemolytic Fever Chill Transfusion Reaction - First"},{"code":"NONHTR2","display":"Non-Hemolytic Fever Chill Transfusion Reaction - Recurrent"},{"code":"NONHTRREC","display":"Non-Hemolytic Fever Chill Transfusion Reaction - Repeating"},{"code":"NONIMMUNE","display":"Non-Immune Hemolysis"},{"code":"NONSPEC","display":"Non-Specific, Non-Hemolytic Transfusion Reaction"},{"code":"NORXN","display":"No Evidence of Transfusion Reaction"},{"code":"PTP","display":"Posttransfusion Purpura"},{"code":"VOLOVER","display":"Symptoms most likely due to volume overload"}],"extension":[{"url":"http://hl7.org/fhir/StructureDefinition/valueset-oid","valueUri":"urn:oid:2.16.840.1.133883.18.336"}],"system":"http://hl7.org/fhir/v2/0514"},"contact":[{"telecom":[{"system":"other","value":"http://hl7.org"}]}],"description":"FHIR Value set/code system definition for HL7 v2 table 0514 ( Transfusion Adverse Reaction)","experimental":true,"id":"v2-0514","meta":{"profile":["http://hl7.org/fhir/StructureDefinition/valueset-shareable-definition"]},"name":"v2 Transfusion Adverse Reaction","publisher":"HL7, Inc","resourceType":"ValueSet","status":"active","text":{"div":"<div><p>Transfusion Adverse Reaction</p>\r\n<table class=\"grid\"><tr><td><b>Code</b></td><td><b>Description</b></td><td><b>Comment</b></td><td><b>Version</b></td></tr><tr><td>ABOINC<a name=\"ABOINC\"> </a></td><td>ABO Incompatible Transfusion Reaction</td><td/><td>added v2.5</td></tr><tr><td>ACUTHEHTR<a name=\"ACUTHEHTR\"> </a></td><td>Acute Hemolytic Transfusion Reaction</td><td/><td>added v2.5</td></tr><tr><td>ALLERGIC1<a name=\"ALLERGIC1\"> </a></td><td>Allergic Reaction - First</td><td/><td>added v2.5</td></tr><tr><td>ALLERGIC2<a name=\"ALLERGIC2\"> </a></td><td>Allergic Reaction - Recurrent</td><td/><td>added v2.5</td></tr><tr><td>ALLERGICR<a name=\"ALLERGICR\"> </a></td><td>Allergic Reaction - Repeating</td><td/><td>added v2.5</td></tr><tr><td>ANAPHYLAC<a name=\"ANAPHYLAC\"> </a></td><td>Anaphylactic Reaction</td><td/><td>added v2.5</td></tr><tr><td>BACTCONTAM<a name=\"BACTCONTAM\"> </a></td><td>Reaction to Bacterial Contamination</td><td/><td>added v2.5</td></tr><tr><td>DELAYEDHTR<a name=\"DELAYEDHTR\"> </a></td><td>Delayed Hemolytic Transfusion Reaction</td><td/><td>added v2.5</td></tr><tr><td>DELAYEDSTR<a name=\"DELAYEDSTR\"> </a></td><td>Delayed Serological Transfusion Reaction</td><td/><td>added v2.5</td></tr><tr><td>GVHD<a name=\"GVHD\"> </a></td><td>Graft vs Host Disease - Transfusion - Associated</td><td/><td>added v2.5</td></tr><tr><td>HYPOTENS<a name=\"HYPOTENS\"> </a></td><td>Non-hemolytic Hypotensive Reaction</td><td/><td>added v2.5</td></tr><tr><td>NONHTR1<a name=\"NONHTR1\"> </a></td><td>Non-Hemolytic Fever Chill Transfusion Reaction - First</td><td/><td>added v2.5</td></tr><tr><td>NONHTR2<a name=\"NONHTR2\"> </a></td><td>Non-Hemolytic Fever Chill Transfusion Reaction - Recurrent</td><td/><td>added v2.5</td></tr><tr><td>NONHTRREC<a name=\"NONHTRREC\"> </a></td><td>Non-Hemolytic Fever Chill Transfusion Reaction - Repeating</td><td/><td>added v2.5</td></tr><tr><td>NONIMMUNE<a name=\"NONIMMUNE\"> </a></td><td>Non-Immune Hemolysis</td><td/><td>added v2.5</td></tr><tr><td>NONSPEC<a name=\"NONSPEC\"> </a></td><td>Non-Specific, Non-Hemolytic Transfusion Reaction</td><td/><td>added v2.5</td></tr><tr><td>NORXN<a name=\"NORXN\"> </a></td><td>No Evidence of Transfusion Reaction</td><td/><td>added v2.5</td></tr><tr><td>PTP<a name=\"PTP\"> </a></td><td>Posttransfusion Purpura</td><td/><td>added v2.5</td></tr><tr><td>VOLOVER<a name=\"VOLOVER\"> </a></td><td>Symptoms most likely due to volume overload</td><td/><td>added v2.5</td></tr></table>\r\n</div>","status":"additional"},"url":"http://hl7.org/fhir/ValueSet/v2-0514","version":"2.8.2"}