{
  "resourceType": "ValueSet",
  "id": "v2-0170",
  "meta": {
    "profile": [
      "http://hl7.org/fhir/StructureDefinition/valueset-shareable-definition"
    ]
  },
  "text": {
    "status": "additional",
    "div": "<div><p>Derived Specimen</p>\r\n<table class=\"grid\"><tr><td><b>Code</b></td><td><b>Description</b></td><td><b>Deutsch (German)</b></td><td><b>Nederlands (Dutch)</b></td><td><b>Comment</b></td><td><b>Version</b></td></tr><tr><td>C<a name=\"C\"> </a></td><td>Child Observation</td><td>Untersuchung an sekundärem Probenmaterial</td><td>Onderliggende/deel observatie</td><td/><td>added v2.2</td></tr><tr><td>N<a name=\"N\"> </a></td><td>Not Applicable</td><td>Nicht Anwendbar</td><td>Niet van toepassing</td><td/><td>added v2.2</td></tr><tr><td>P<a name=\"P\"> </a></td><td>Parent Observation</td><td>Untersuchung an primärem Probenmaterial</td><td>Bovenliggende observatie</td><td/><td>added v2.2</td></tr></table>\r\n</div>"
  },
  "url": "http://hl7.org/fhir/ValueSet/v2-0170",
  "version": "2.8.2",
  "name": "v2 Derived Specimen",
  "status": "active",
  "experimental": true,
  "publisher": "HL7, Inc",
  "contact": [
    {
      "telecom": [
        {
          "system": "other",
          "value": "http://hl7.org"
        }
      ]
    }
  ],
  "description": "FHIR Value set/code system definition for HL7 v2 table 0170 ( Derived Specimen)",
  "codeSystem": {
    "extension": [
      {
        "url": "http://hl7.org/fhir/StructureDefinition/valueset-oid",
        "valueUri": "urn:oid:2.16.840.1.133883.18.88"
      }
    ],
    "system": "http://hl7.org/fhir/v2/0170",
    "caseSensitive": false,
    "concept": [
      {
        "code": "C",
        "display": "Child Observation",
        "designation": [
          {
            "language": "de",
            "value": "Untersuchung an sekundärem Probenmaterial"
          },
          {
            "language": "nl",
            "value": "Onderliggende/deel observatie"
          }
        ]
      },
      {
        "code": "N",
        "display": "Not Applicable",
        "designation": [
          {
            "language": "de",
            "value": "Nicht Anwendbar"
          },
          {
            "language": "nl",
            "value": "Niet van toepassing"
          }
        ]
      },
      {
        "code": "P",
        "display": "Parent Observation",
        "designation": [
          {
            "language": "de",
            "value": "Untersuchung an primärem Probenmaterial"
          },
          {
            "language": "nl",
            "value": "Bovenliggende observatie"
          }
        ]
      }
    ]
  }
}