{"codeSystem":{"caseSensitive":false,"concept":[{"code":"01","designation":[{"language":"nl","value":"Medicare declaratiestatus"}],"display":"Medicare claim status"},{"code":"02","designation":[{"language":"nl","value":"Medicaid declaratiestatus"}],"display":"Medicaid claim status"},{"code":"03","designation":[{"language":"nl","value":"Naam/adreswijziging"}],"display":"Name/address change"}],"extension":[{"url":"http://hl7.org/fhir/StructureDefinition/valueset-oid","valueUri":"urn:oid:2.16.840.1.133883.18.132"}],"system":"http://hl7.org/fhir/v2/0232"},"contact":[{"telecom":[{"system":"other","value":"http://hl7.org"}]}],"description":"FHIR Value set/code system definition for HL7 v2 table 0232 ( - Insurance Company Contact Reason)","experimental":true,"id":"v2-0232","meta":{"profile":["http://hl7.org/fhir/StructureDefinition/valueset-shareable-definition"]},"name":"v2 - Insurance Company Contact Reason","publisher":"HL7, Inc","resourceType":"ValueSet","status":"active","text":{"div":"<div><p>- Insurance Company Contact Reason</p>\r\n<table class=\"grid\"><tr><td><b>Code</b></td><td><b>Description</b></td><td><b>Nederlands (Dutch)</b></td><td><b>Comment</b></td><td><b>Version</b></td></tr><tr><td>01<a name=\"01\"> </a></td><td>Medicare claim status</td><td>Medicare declaratiestatus</td><td/><td>added v2.3</td></tr><tr><td>02<a name=\"02\"> </a></td><td>Medicaid claim status</td><td>Medicaid declaratiestatus</td><td/><td>added v2.3</td></tr><tr><td>03<a name=\"03\"> </a></td><td>Name/address change</td><td>Naam/adreswijziging</td><td/><td>added v2.3</td></tr></table>\r\n</div>","status":"additional"},"url":"http://hl7.org/fhir/ValueSet/v2-0232","version":"2.8.2"}