{
  "resourceType": "ValueSet",
  "id": "v2-0516",
  "meta": {
    "profile": [
      "http://hl7.org/fhir/StructureDefinition/valueset-shareable-definition"
    ]
  },
  "text": {
    "status": "additional",
    "div": "<div><p>Error Severity</p>\r\n<table class=\"grid\"><tr><td><b>Code</b></td><td><b>Description</b></td><td><b>Deutsch (German)</b></td><td><b>Comment</b></td><td><b>Version</b></td></tr><tr><td>E<a name=\"E\"> </a></td><td>Error</td><td>Fehler</td><td>Transaction was unsuccessful</td><td>added v2.5</td></tr><tr><td>F<a name=\"F\"> </a></td><td>Fatal Error</td><td></td><td>Message not processed due to application or network failure condition</td><td>added v2.6</td></tr><tr><td>I<a name=\"I\"> </a></td><td>Information</td><td>Information</td><td>Transaction was successful but includes information e.g. inform patient</td><td>added v2.5</td></tr><tr><td>W<a name=\"W\"> </a></td><td>Warning</td><td>Warnung</td><td>Transaction successful, but there may issues</td><td>added v2.5</td></tr></table>\r\n</div>"
  },
  "url": "http://hl7.org/fhir/ValueSet/v2-0516",
  "version": "2.8.2",
  "name": "v2 Error Severity",
  "status": "active",
  "experimental": true,
  "publisher": "HL7, Inc",
  "contact": [
    {
      "telecom": [
        {
          "system": "other",
          "value": "http://hl7.org"
        }
      ]
    }
  ],
  "description": "FHIR Value set/code system definition for HL7 v2 table 0516 ( Error Severity)",
  "codeSystem": {
    "extension": [
      {
        "url": "http://hl7.org/fhir/StructureDefinition/valueset-oid",
        "valueUri": "urn:oid:2.16.840.1.133883.18.337"
      }
    ],
    "system": "http://hl7.org/fhir/v2/0516",
    "caseSensitive": false,
    "concept": [
      {
        "extension": [
          {
            "url": "http://hl7.org/fhir/StructureDefinition/valueset-comments",
            "valueString": "Transaction was unsuccessful"
          }
        ],
        "code": "E",
        "display": "Error",
        "designation": [
          {
            "language": "de",
            "value": "Fehler"
          }
        ]
      },
      {
        "extension": [
          {
            "url": "http://hl7.org/fhir/StructureDefinition/valueset-comments",
            "valueString": "Message not processed due to application or network failure condition"
          }
        ],
        "code": "F",
        "display": "Fatal Error"
      },
      {
        "extension": [
          {
            "url": "http://hl7.org/fhir/StructureDefinition/valueset-comments",
            "valueString": "Transaction was successful but includes information e.g. inform patient"
          }
        ],
        "code": "I",
        "display": "Information",
        "designation": [
          {
            "language": "de",
            "value": "Information"
          }
        ]
      },
      {
        "extension": [
          {
            "url": "http://hl7.org/fhir/StructureDefinition/valueset-comments",
            "valueString": "Transaction successful, but there may issues"
          }
        ],
        "code": "W",
        "display": "Warning",
        "designation": [
          {
            "language": "de",
            "value": "Warnung"
          }
        ]
      }
    ]
  }
}