{"codeSystem":{"caseSensitive":false,"concept":[{"code":"BE","designation":[{"language":"de","value":"Beide Ohren"},{"language":"nl","value":"Beide oren"}],"display":"Bilateral Ears"},{"code":"BN","designation":[{"language":"de","value":"Beide Nasenlöcher"},{"language":"nl","value":"Beide neusgaten"}],"display":"Bilateral Nares"},{"code":"BU","designation":[{"language":"de","value":"Gesäß"},{"language":"nl","value":"Bil"}],"display":"Buttock"},{"code":"CT","designation":[{"language":"de","value":"Tubus"},{"language":"nl","value":"Borst slang"}],"display":"Chest Tube"},{"code":"LA","designation":[{"language":"de","value":"linker Arm"},{"language":"nl","value":"Linker arm"}],"display":"Left Arm"},{"code":"LAC","designation":[{"language":"de","value":"Linker vorderer Thorax"},{"language":"nl","value":"Linker anterior borst"}],"display":"Left Anterior Chest"},{"code":"LACF","designation":[{"language":"de","value":"Linke Fossa antecubitalis"},{"language":"nl","value":"Linker antecubitale fossa"}],"display":"Left Antecubital Fossa"},{"code":"LD","designation":[{"language":"de","value":"Linker Deltoideus"},{"language":"nl","value":"Linker deltoideus"}],"display":"Left Deltoid"},{"code":"LE","designation":[{"language":"de","value":"linkes Ohr"},{"language":"nl","value":"Linker oor"}],"display":"Left Ear"},{"code":"LEJ","designation":[{"language":"de","value":"Linke Vena jugularis externa"},{"language":"nl","value":"Linker uitwendige jugularis"}],"display":"Left External Jugular"},{"code":"LF","designation":[{"language":"de","value":"linker Fuß"},{"language":"nl","value":"Linker voet"}],"display":"Left Foot"},{"code":"LG","designation":[{"language":"de","value":"Linker Glutäus maximus"},{"language":"nl","value":"Linker glutaeus medius"}],"display":"Left Gluteus Medius"},{"code":"LH","designation":[{"language":"de","value":"linke Hand"},{"language":"nl","value":"Linker hand"}],"display":"Left Hand"},{"code":"LIJ","designation":[{"language":"de","value":"Linke Vena jugularis interna"},{"language":"nl","value":"Linker inwendige jugularis"}],"display":"Left Internal Jugular"},{"code":"LLAQ","designation":[{"language":"de","value":"Linker unterer Quadrant Abdomen"},{"language":"nl","value":"Linker onderste abdomen quadrant"}],"display":"Left Lower Abd Quadrant"},{"code":"LLFA","designation":[{"language":"de","value":"Linker Unterarm (unten)"},{"language":"nl","value":"Linker onderste onderarm"}],"display":"Left Lower Forearm"},{"code":"LMFA","designation":[{"language":"de","value":"Linker Unterarm (Mitte)"},{"language":"nl","value":"Linker mid onderarm"}],"display":"Left Mid Forearm"},{"code":"LN","designation":[{"language":"de","value":"Linkes Nasenloch"},{"language":"nl","value":"Linker neusgat"}],"display":"Left Naris"},{"code":"LNB","designation":[{"language":"nl","value":"Verneveld"}],"display":"Nebulized","extension":[{"url":"http://hl7.org/fhir/StructureDefinition/valueset-deprecated","valueBoolean":true}]},{"code":"LPC","designation":[{"language":"de","value":"Linker hinterer Thorax"},{"language":"nl","value":"Linker posterior borst"}],"display":"Left Posterior Chest"},{"code":"LSC","designation":[{"language":"de","value":"Linke Subclavia"},{"language":"nl","value":"Linker subclavia"}],"display":"Left Subclavian"},{"code":"LT","designation":[{"language":"de","value":"Linker Oberschenkel"},{"language":"nl","value":"Linker dij"}],"display":"Left Thigh"},{"code":"LUA","designation":[{"language":"de","value":"Linker Oberarm"},{"language":"nl","value":"Linker bovenarm"}],"display":"Left Upper Arm"},{"code":"LUAQ","designation":[{"language":"de","value":"Linker oberer Quadrant Abdomen"},{"language":"nl","value":"Linker bovenste abdomen quadrant"}],"display":"Left Upper Abd Quadrant"},{"code":"LUFA","designation":[{"language":"de","value":"Linker Unterarm (oben)"},{"language":"nl","value":"Linker bovenste onderarm"}],"display":"Left Upper Forearm"},{"code":"LV","designation":[{"language":"nl","value":"Linker vastus lateralis"}],"display":"Left Vastus Lateralis","extension":[{"url":"http://hl7.org/fhir/StructureDefinition/valueset-deprecated","valueBoolean":true}]},{"code":"LVG","designation":[{"language":"de","value":"Linke Bauch- / Glutealgegend"},{"language":"nl","value":"Linker ventragluteaal"}],"display":"Left Ventragluteal"},{"code":"LVL","designation":[{"language":"de","value":"Linker Musculus vastus lateralis (Offiziersstreifen)"},{"language":"nl","value":"Linker vastus lateralis"}],"display":"Left Vastus Lateralis"},{"code":"NB","designation":[{"language":"de","value":"Vernebelt"},{"language":"nl","value":"Verneveld"}],"display":"Nebulized"},{"code":"OD","designation":[{"language":"de","value":"rechtes Auge"},{"language":"nl","value":"Rechter oog"}],"display":"Right Eye"},{"code":"OS","designation":[{"language":"de","value":"linkes Auge"},{"language":"nl","value":"Linker oog"}],"display":"Left Eye"},{"code":"OU","designation":[{"language":"de","value":"Beide Augen"},{"language":"nl","value":"Beide ogen"}],"display":"Bilateral Eyes"},{"code":"PA","designation":[{"language":"de","value":"Perianal"},{"language":"nl","value":"Perianaal"}],"display":"Perianal"},{"code":"PERIN","designation":[{"language":"de","value":"Perineum / Dammbereich"},{"language":"nl","value":"Perineaal"}],"display":"Perineal"},{"code":"RA","designation":[{"language":"de","value":"Rechter Arm"},{"language":"nl","value":"Rechter arm"}],"display":"Right Arm"},{"code":"RAC","designation":[{"language":"de","value":"Rechter vorderer Thorax"},{"language":"nl","value":"Rechter anterior borst"}],"display":"Right Anterior Chest"},{"code":"RACF","designation":[{"language":"de","value":"Rechte Fossa antecubitalis"},{"language":"nl","value":"Rechter antecubitale fossa"}],"display":"Right Antecubital Fossa"},{"code":"RD","designation":[{"language":"de","value":"Rechter Deltoideus"},{"language":"nl","value":"Rechter deltoideus"}],"display":"Right Deltoid"},{"code":"RE","designation":[{"language":"de","value":"Rechtes Ohr"},{"language":"nl","value":"Rechter oor"}],"display":"Right Ear"},{"code":"REJ","designation":[{"language":"de","value":"Rechte Vena jugularis externa"},{"language":"nl","value":"Rechter uitwendige jugularis"}],"display":"Right External Jugular"},{"code":"RF","designation":[{"language":"de","value":"Rechter Fuß"},{"language":"nl","value":"Rechter voet"}],"display":"Right Foot"},{"code":"RG","designation":[{"language":"de","value":"Rechter Glutäus maximus"},{"language":"nl","value":"Rechter gluteus medius"}],"display":"Right Gluteus Medius"},{"code":"RH","designation":[{"language":"de","value":"Rechte Hand"},{"language":"nl","value":"Rechter hand"}],"display":"Right Hand"},{"code":"RIJ","designation":[{"language":"de","value":"Rechte Vena jugularis interna"},{"language":"nl","value":"Rechter inwendige jugularis"}],"display":"Right Internal Jugular"},{"code":"RLAQ","designation":[{"language":"de","value":"Rechter unterer Quadrant Abdomen"},{"language":"nl","value":"Rechter onderste abdomen quadrant"}],"display":"Rt Lower Abd Quadrant"},{"code":"RLFA","designation":[{"language":"de","value":"Rechter Unterarm (unten)"},{"language":"nl","value":"Rechter onderste onderarm"}],"display":"Right Lower Forearm"},{"code":"RMFA","designation":[{"language":"de","value":"Rechter Unterarm (Mitte)"},{"language":"nl","value":"Rechter mid onderarm"}],"display":"Right Mid Forearm"},{"code":"RN","designation":[{"language":"de","value":"Rechtes Nasenloch"},{"language":"nl","value":"Rechter neusgat"}],"display":"Right Naris"},{"code":"RPC","designation":[{"language":"de","value":"Rechter hinterer Thorax"},{"language":"nl","value":"Rechter posterior borst"}],"display":"Right Posterior Chest"},{"code":"RSC","designation":[{"language":"de","value":"Rechte Subclavia"},{"language":"nl","value":"Rechter subclavia"}],"display":"Right Subclavian"},{"code":"RT","designation":[{"language":"de","value":"Rechter Oberschenkel"},{"language":"nl","value":"Rechter dij"}],"display":"Right Thigh"},{"code":"RUA","designation":[{"language":"de","value":"Rechter Oberarm"},{"language":"nl","value":"Rechter bovenarm"}],"display":"Right Upper Arm"},{"code":"RUAQ","designation":[{"language":"de","value":"Rechter oberer Quadrant Abdomen"},{"language":"nl","value":"Rechter bovenste abdomen quadrant"}],"display":"Right Upper Abd Quadrant"},{"code":"RUFA","designation":[{"language":"de","value":"Rechter Unterarm (oben)"},{"language":"nl","value":"Rechter bovenste onderarm"}],"display":"Right Upper Forearm"},{"code":"RVG","designation":[{"language":"de","value":"Rechte Bauch- / Glutealgegend"},{"language":"nl","value":"Rechter ventragluteaal"}],"display":"Right Ventragluteal"},{"code":"RVL","designation":[{"language":"de","value":"Rechter Musculus vastus lateralis (Offiziersstreifen)"},{"language":"nl","value":"Rechter vastus lateralis"}],"display":"Right Vastus Lateralis"}],"extension":[{"url":"http://hl7.org/fhir/StructureDefinition/valueset-oid","valueUri":"urn:oid:2.16.840.1.133883.18.81"}],"system":"http://hl7.org/fhir/v2/0163"},"contact":[{"telecom":[{"system":"other","value":"http://hl7.org"}]}],"description":"FHIR Value set/code system definition for HL7 v2 table 0163 ( Body Site)","experimental":true,"id":"v2-0163","meta":{"profile":["http://hl7.org/fhir/StructureDefinition/valueset-shareable-definition"]},"name":"v2 Body Site","publisher":"HL7, Inc","resourceType":"ValueSet","status":"active","text":{"div":"<div><p>Body Site</p>\r\n<table class=\"grid\"><tr><td><b>Code</b></td><td><b>Description</b></td><td><b>Deutsch (German)</b></td><td><b>Nederlands (Dutch)</b></td><td><b>Comment</b></td><td><b>Version</b></td></tr><tr><td>BE<a name=\"BE\"> </a></td><td>Bilateral Ears</td><td>Beide Ohren</td><td>Beide oren</td><td/><td>added v2.2</td></tr><tr><td>BN<a name=\"BN\"> </a></td><td>Bilateral Nares</td><td>Beide Nasenlöcher</td><td>Beide neusgaten</td><td/><td>added v2.2</td></tr><tr><td>BU<a name=\"BU\"> </a></td><td>Buttock</td><td>Gesäß</td><td>Bil</td><td/><td>added v2.2</td></tr><tr><td>CT<a name=\"CT\"> </a></td><td>Chest Tube</td><td>Tubus</td><td>Borst slang</td><td/><td>added v2.2</td></tr><tr><td>LA<a name=\"LA\"> </a></td><td>Left Arm</td><td>linker Arm</td><td>Linker arm</td><td/><td>added v2.2</td></tr><tr><td>LAC<a name=\"LAC\"> </a></td><td>Left Anterior Chest</td><td>Linker vorderer Thorax</td><td>Linker anterior borst</td><td/><td>added v2.2</td></tr><tr><td>LACF<a name=\"LACF\"> </a></td><td>Left Antecubital Fossa</td><td>Linke Fossa antecubitalis</td><td>Linker antecubitale fossa</td><td/><td>added v2.2</td></tr><tr><td>LD<a name=\"LD\"> </a></td><td>Left Deltoid</td><td>Linker Deltoideus</td><td>Linker deltoideus</td><td/><td>added v2.2</td></tr><tr><td>LE<a name=\"LE\"> </a></td><td>Left Ear</td><td>linkes Ohr</td><td>Linker oor</td><td/><td>added v2.2</td></tr><tr><td>LEJ<a name=\"LEJ\"> </a></td><td>Left External Jugular</td><td>Linke Vena jugularis externa</td><td>Linker uitwendige jugularis</td><td/><td>added v2.2</td></tr><tr><td>LF<a name=\"LF\"> </a></td><td>Left Foot</td><td>linker Fuß</td><td>Linker voet</td><td/><td>added v2.2</td></tr><tr><td>LG<a name=\"LG\"> </a></td><td>Left Gluteus Medius</td><td>Linker Glutäus maximus</td><td>Linker glutaeus medius</td><td/><td>added v2.2</td></tr><tr><td>LH<a name=\"LH\"> </a></td><td>Left Hand</td><td>linke Hand</td><td>Linker hand</td><td/><td>added v2.2</td></tr><tr><td>LIJ<a name=\"LIJ\"> </a></td><td>Left Internal Jugular</td><td>Linke Vena jugularis interna</td><td>Linker inwendige jugularis</td><td/><td>added v2.2</td></tr><tr><td>LLAQ<a name=\"LLAQ\"> </a></td><td>Left Lower Abd Quadrant</td><td>Linker unterer Quadrant Abdomen</td><td>Linker onderste abdomen quadrant</td><td/><td>added v2.2</td></tr><tr><td>LLFA<a name=\"LLFA\"> </a></td><td>Left Lower Forearm</td><td>Linker Unterarm (unten)</td><td>Linker onderste onderarm</td><td/><td>added v2.2</td></tr><tr><td>LMFA<a name=\"LMFA\"> </a></td><td>Left Mid Forearm</td><td>Linker Unterarm (Mitte)</td><td>Linker mid onderarm</td><td/><td>added v2.2</td></tr><tr><td>LN<a name=\"LN\"> </a></td><td>Left Naris</td><td>Linkes Nasenloch</td><td>Linker neusgat</td><td/><td>added v2.2</td></tr><tr><td>LNB<a name=\"LNB\"> </a></td><td>Nebulized</td><td></td><td>Verneveld</td><td>deprecated</td><td>added v2.3, removed after v2.3</td></tr><tr><td>LPC<a name=\"LPC\"> </a></td><td>Left Posterior Chest</td><td>Linker hinterer Thorax</td><td>Linker posterior borst</td><td/><td>added v2.2</td></tr><tr><td>LSC<a name=\"LSC\"> </a></td><td>Left Subclavian</td><td>Linke Subclavia</td><td>Linker subclavia</td><td/><td>added v2.2</td></tr><tr><td>LT<a name=\"LT\"> </a></td><td>Left Thigh</td><td>Linker Oberschenkel</td><td>Linker dij</td><td/><td>added v2.2</td></tr><tr><td>LUA<a name=\"LUA\"> </a></td><td>Left Upper Arm</td><td>Linker Oberarm</td><td>Linker bovenarm</td><td/><td>added v2.2</td></tr><tr><td>LUAQ<a name=\"LUAQ\"> </a></td><td>Left Upper Abd Quadrant</td><td>Linker oberer Quadrant Abdomen</td><td>Linker bovenste abdomen quadrant</td><td/><td>added v2.2</td></tr><tr><td>LUFA<a name=\"LUFA\"> </a></td><td>Left Upper Forearm</td><td>Linker Unterarm (oben)</td><td>Linker bovenste onderarm</td><td/><td>added v2.2</td></tr><tr><td>LV<a name=\"LV\"> </a></td><td>Left Vastus Lateralis</td><td></td><td>Linker vastus lateralis</td><td>deprecated</td><td>added v2.3, removed after v2.3</td></tr><tr><td>LVG<a name=\"LVG\"> </a></td><td>Left Ventragluteal</td><td>Linke Bauch- / Glutealgegend</td><td>Linker ventragluteaal</td><td/><td>added v2.2</td></tr><tr><td>LVL<a name=\"LVL\"> </a></td><td>Left Vastus Lateralis</td><td>Linker Musculus vastus lateralis (Offiziersstreifen)</td><td>Linker vastus lateralis</td><td/><td>added v2.2</td></tr><tr><td>NB<a name=\"NB\"> </a></td><td>Nebulized</td><td>Vernebelt</td><td>Verneveld</td><td/><td>added v2.2</td></tr><tr><td>OD<a name=\"OD\"> </a></td><td>Right Eye</td><td>rechtes Auge</td><td>Rechter oog</td><td/><td>added v2.2</td></tr><tr><td>OS<a name=\"OS\"> </a></td><td>Left Eye</td><td>linkes Auge</td><td>Linker oog</td><td/><td>added v2.2</td></tr><tr><td>OU<a name=\"OU\"> </a></td><td>Bilateral Eyes</td><td>Beide Augen</td><td>Beide ogen</td><td/><td>added v2.2</td></tr><tr><td>PA<a name=\"PA\"> </a></td><td>Perianal</td><td>Perianal</td><td>Perianaal</td><td/><td>added v2.2</td></tr><tr><td>PERIN<a name=\"PERIN\"> </a></td><td>Perineal</td><td>Perineum / Dammbereich</td><td>Perineaal</td><td/><td>added v2.2</td></tr><tr><td>RA<a name=\"RA\"> </a></td><td>Right Arm</td><td>Rechter Arm</td><td>Rechter arm</td><td/><td>added v2.2</td></tr><tr><td>RAC<a name=\"RAC\"> </a></td><td>Right Anterior Chest</td><td>Rechter vorderer Thorax</td><td>Rechter anterior borst</td><td/><td>added v2.2</td></tr><tr><td>RACF<a name=\"RACF\"> </a></td><td>Right Antecubital Fossa</td><td>Rechte Fossa antecubitalis</td><td>Rechter antecubitale fossa</td><td/><td>added v2.2</td></tr><tr><td>RD<a name=\"RD\"> </a></td><td>Right Deltoid</td><td>Rechter Deltoideus</td><td>Rechter deltoideus</td><td/><td>added v2.2</td></tr><tr><td>RE<a name=\"RE\"> </a></td><td>Right Ear</td><td>Rechtes Ohr</td><td>Rechter oor</td><td/><td>added v2.2</td></tr><tr><td>REJ<a name=\"REJ\"> </a></td><td>Right External Jugular</td><td>Rechte Vena jugularis externa</td><td>Rechter uitwendige jugularis</td><td/><td>added v2.2</td></tr><tr><td>RF<a name=\"RF\"> </a></td><td>Right Foot</td><td>Rechter Fuß</td><td>Rechter voet</td><td/><td>added v2.2</td></tr><tr><td>RG<a name=\"RG\"> </a></td><td>Right Gluteus Medius</td><td>Rechter Glutäus maximus</td><td>Rechter gluteus medius</td><td/><td>added v2.2</td></tr><tr><td>RH<a name=\"RH\"> </a></td><td>Right Hand</td><td>Rechte Hand</td><td>Rechter hand</td><td/><td>added v2.2</td></tr><tr><td>RIJ<a name=\"RIJ\"> </a></td><td>Right Internal Jugular</td><td>Rechte Vena jugularis interna</td><td>Rechter inwendige jugularis</td><td/><td>added v2.2</td></tr><tr><td>RLAQ<a name=\"RLAQ\"> </a></td><td>Rt Lower Abd Quadrant</td><td>Rechter unterer Quadrant Abdomen</td><td>Rechter onderste abdomen quadrant</td><td/><td>added v2.2</td></tr><tr><td>RLFA<a name=\"RLFA\"> </a></td><td>Right Lower Forearm</td><td>Rechter Unterarm (unten)</td><td>Rechter onderste onderarm</td><td/><td>added v2.2</td></tr><tr><td>RMFA<a name=\"RMFA\"> </a></td><td>Right Mid Forearm</td><td>Rechter Unterarm (Mitte)</td><td>Rechter mid onderarm</td><td/><td>added v2.2</td></tr><tr><td>RN<a name=\"RN\"> </a></td><td>Right Naris</td><td>Rechtes Nasenloch</td><td>Rechter neusgat</td><td/><td>added v2.2</td></tr><tr><td>RPC<a name=\"RPC\"> </a></td><td>Right Posterior Chest</td><td>Rechter hinterer Thorax</td><td>Rechter posterior borst</td><td/><td>added v2.2</td></tr><tr><td>RSC<a name=\"RSC\"> </a></td><td>Right Subclavian</td><td>Rechte Subclavia</td><td>Rechter subclavia</td><td/><td>added v2.2</td></tr><tr><td>RT<a name=\"RT\"> </a></td><td>Right Thigh</td><td>Rechter Oberschenkel</td><td>Rechter dij</td><td/><td>added v2.2</td></tr><tr><td>RUA<a name=\"RUA\"> </a></td><td>Right Upper Arm</td><td>Rechter Oberarm</td><td>Rechter bovenarm</td><td/><td>added v2.2</td></tr><tr><td>RUAQ<a name=\"RUAQ\"> </a></td><td>Right Upper Abd Quadrant</td><td>Rechter oberer Quadrant Abdomen</td><td>Rechter bovenste abdomen quadrant</td><td/><td>added v2.2</td></tr><tr><td>RUFA<a name=\"RUFA\"> </a></td><td>Right Upper Forearm</td><td>Rechter Unterarm (oben)</td><td>Rechter bovenste onderarm</td><td/><td>added v2.2</td></tr><tr><td>RVG<a name=\"RVG\"> </a></td><td>Right Ventragluteal</td><td>Rechte Bauch- / Glutealgegend</td><td>Rechter ventragluteaal</td><td/><td>added v2.2</td></tr><tr><td>RVL<a name=\"RVL\"> </a></td><td>Right Vastus Lateralis</td><td>Rechter Musculus vastus lateralis (Offiziersstreifen)</td><td>Rechter vastus lateralis</td><td/><td>added v2.2</td></tr></table>\r\n</div>","status":"additional"},"url":"http://hl7.org/fhir/ValueSet/v2-0163","version":"2.8.2"}