{
  "resourceType": "ValueSet",
  "id": "v2-0465",
  "meta": {
    "profile": [
      "http://hl7.org/fhir/StructureDefinition/valueset-shareable-definition"
    ]
  },
  "text": {
    "status": "additional",
    "div": "<div><p>Name/Address Representation</p>\r\n<table class=\"grid\"><tr><td><b>Code</b></td><td><b>Description</b></td><td><b>Deutsch (German)</b></td><td><b>Comment</b></td><td><b>Version</b></td></tr><tr><td>A<a name=\"A\"> </a></td><td>Alphabetic (i.e., Default or some single-byte)</td><td>alphabetisch</td><td/><td>added v2.4</td></tr><tr><td>I<a name=\"I\"> </a></td><td>Ideographic (i.e., Kanji)</td><td></td><td/><td>added v2.4</td></tr><tr><td>P<a name=\"P\"> </a></td><td>Phonetic (i.e., ASCII, Katakana, Hiragana, etc.)</td><td></td><td/><td>added v2.4</td></tr></table>\r\n</div>"
  },
  "url": "http://hl7.org/fhir/ValueSet/v2-0465",
  "version": "2.8.2",
  "name": "v2 Name/Address Representation",
  "status": "active",
  "experimental": true,
  "publisher": "HL7, Inc",
  "contact": [
    {
      "telecom": [
        {
          "system": "other",
          "value": "http://hl7.org"
        }
      ]
    }
  ],
  "description": "FHIR Value set/code system definition for HL7 v2 table 0465 ( Name/Address Representation)",
  "codeSystem": {
    "extension": [
      {
        "url": "http://hl7.org/fhir/StructureDefinition/valueset-oid",
        "valueUri": "urn:oid:2.16.840.1.133883.18.295"
      }
    ],
    "system": "http://hl7.org/fhir/v2/0465",
    "caseSensitive": false,
    "concept": [
      {
        "code": "A",
        "display": "Alphabetic (i.e., Default or some single-byte)",
        "designation": [
          {
            "language": "de",
            "value": "alphabetisch"
          }
        ]
      },
      {
        "code": "I",
        "display": "Ideographic (i.e., Kanji)"
      },
      {
        "code": "P",
        "display": "Phonetic (i.e., ASCII, Katakana, Hiragana, etc.)"
      }
    ]
  }
}