{
  "resourceType": "ValueSet",
  "id": "v2-0062",
  "meta": {
    "profile": [
      "http://hl7.org/fhir/StructureDefinition/valueset-shareable-definition"
    ]
  },
  "text": {
    "status": "additional",
    "div": "<div><p>Event Reason</p>\r\n<table class=\"grid\"><tr><td><b>Code</b></td><td><b>Description</b></td><td><b>Deutsch (German)</b></td><td><b>Nederlands (Dutch)</b></td><td><b>Comment</b></td><td><b>Version</b></td></tr><tr><td>01<a name=\"01\"> </a></td><td>Patient request</td><td>Veranlassung durch Patient</td><td>Op verzoek patiënt</td><td/><td>from v2.1</td></tr><tr><td>02<a name=\"02\"> </a></td><td>Physician/health practitioner order</td><td>Veranlassung durch den Arzt</td><td>Op aanvraag arts/zorgverlener</td><td/><td>from v2.1</td></tr><tr><td>03<a name=\"03\"> </a></td><td>Census management</td><td>Veranlassung durch Patientenverwaltung</td><td>Gezamenlijk besluit</td><td/><td>added v2.2</td></tr><tr><td>O<a name=\"O\"> </a></td><td>Other</td><td>andere Veranlassung</td><td>Anders</td><td/><td>added v2.5</td></tr><tr><td>U<a name=\"U\"> </a></td><td>Unknown</td><td>Veranlassung unbekannt</td><td>Onbekend</td><td/><td>added v2.5</td></tr></table>\r\n</div>"
  },
  "url": "http://hl7.org/fhir/ValueSet/v2-0062",
  "version": "2.8.2",
  "name": "v2 Event Reason",
  "status": "active",
  "experimental": true,
  "publisher": "HL7, Inc",
  "contact": [
    {
      "telecom": [
        {
          "system": "other",
          "value": "http://hl7.org"
        }
      ]
    }
  ],
  "description": "FHIR Value set/code system definition for HL7 v2 table 0062 ( Event Reason)",
  "codeSystem": {
    "extension": [
      {
        "url": "http://hl7.org/fhir/StructureDefinition/valueset-oid",
        "valueUri": "urn:oid:2.16.840.1.133883.18.23"
      }
    ],
    "system": "http://hl7.org/fhir/v2/0062",
    "caseSensitive": false,
    "concept": [
      {
        "code": "01",
        "display": "Patient request",
        "designation": [
          {
            "language": "de",
            "value": "Veranlassung durch Patient"
          },
          {
            "language": "nl",
            "value": "Op verzoek patiënt"
          }
        ]
      },
      {
        "code": "02",
        "display": "Physician/health practitioner order",
        "designation": [
          {
            "language": "de",
            "value": "Veranlassung durch den Arzt"
          },
          {
            "language": "nl",
            "value": "Op aanvraag arts/zorgverlener"
          }
        ]
      },
      {
        "code": "03",
        "display": "Census management",
        "designation": [
          {
            "language": "de",
            "value": "Veranlassung durch Patientenverwaltung"
          },
          {
            "language": "nl",
            "value": "Gezamenlijk besluit"
          }
        ]
      },
      {
        "code": "O",
        "display": "Other",
        "designation": [
          {
            "language": "de",
            "value": "andere Veranlassung"
          },
          {
            "language": "nl",
            "value": "Anders"
          }
        ]
      },
      {
        "code": "U",
        "display": "Unknown",
        "designation": [
          {
            "language": "de",
            "value": "Veranlassung unbekannt"
          },
          {
            "language": "nl",
            "value": "Onbekend"
          }
        ]
      }
    ]
  }
}