{"codeSystem":{"caseSensitive":false,"concept":[{"code":"DISP","display":"Dispensing Fee"},{"code":"GST","display":"Goods and Services Tax"},{"code":"HST","display":"Harmonized Sales Tax"},{"code":"MKUP","display":"Mark up Fee"},{"code":"PST","display":"Provincial Sales Tax"}],"extension":[{"url":"http://hl7.org/fhir/StructureDefinition/valueset-oid","valueUri":"urn:oid:2.16.840.1.133883.18.367"}],"system":"http://hl7.org/fhir/v2/0565"},"contact":[{"telecom":[{"system":"other","value":"http://hl7.org"}]}],"description":"FHIR Value set/code system definition for HL7 v2 table 0565 ( Provider Adjustment Reason Code)","experimental":true,"id":"v2-0565","meta":{"profile":["http://hl7.org/fhir/StructureDefinition/valueset-shareable-definition"]},"name":"v2 Provider Adjustment Reason Code","publisher":"HL7, Inc","resourceType":"ValueSet","status":"active","text":{"div":"<div><p>Provider Adjustment Reason Code</p>\r\n<table class=\"grid\"><tr><td><b>Code</b></td><td><b>Description</b></td><td><b>Comment</b></td><td><b>Version</b></td></tr><tr><td>DISP<a name=\"DISP\"> </a></td><td>Dispensing Fee</td><td/><td>added v2.6</td></tr><tr><td>GST<a name=\"GST\"> </a></td><td>Goods and Services Tax</td><td/><td>added v2.6</td></tr><tr><td>HST<a name=\"HST\"> </a></td><td>Harmonized Sales Tax</td><td/><td>added v2.6</td></tr><tr><td>MKUP<a name=\"MKUP\"> </a></td><td>Mark up Fee</td><td/><td>added v2.6</td></tr><tr><td>PST<a name=\"PST\"> </a></td><td>Provincial Sales Tax</td><td/><td>added v2.6</td></tr></table>\r\n</div>","status":"additional"},"url":"http://hl7.org/fhir/ValueSet/v2-0565","version":"2.8.2"}