{"codeSystem":{"caseSensitive":false,"concept":[{"code":"N","designation":[{"language":"de","value":"Nein"},{"language":"nl","value":"Nee"}],"display":"No"},{"code":"NA","designation":[{"language":"nl","value":"Niet van toepassing"}],"display":"Not applicable"},{"code":"Y","designation":[{"language":"de","value":"Ja"},{"language":"nl","value":"Ja"}],"display":"Yes"}],"extension":[{"url":"http://hl7.org/fhir/StructureDefinition/valueset-oid","valueUri":"urn:oid:2.16.840.1.133883.18.142"}],"system":"http://hl7.org/fhir/v2/0243"},"contact":[{"telecom":[{"system":"other","value":"http://hl7.org"}]}],"description":"FHIR Value set/code system definition for HL7 v2 table 0243 ( Identity May Be Divulged)","experimental":true,"id":"v2-0243","meta":{"profile":["http://hl7.org/fhir/StructureDefinition/valueset-shareable-definition"]},"name":"v2 Identity May Be Divulged","publisher":"HL7, Inc","resourceType":"ValueSet","status":"active","text":{"div":"<div><p>Identity May Be Divulged</p>\r\n<table class=\"grid\"><tr><td><b>Code</b></td><td><b>Description</b></td><td><b>Deutsch (German)</b></td><td><b>Nederlands (Dutch)</b></td><td><b>Comment</b></td><td><b>Version</b></td></tr><tr><td>N<a name=\"N\"> </a></td><td>No</td><td>Nein</td><td>Nee</td><td/><td>added v2.3</td></tr><tr><td>NA<a name=\"NA\"> </a></td><td>Not applicable</td><td></td><td>Niet van toepassing</td><td/><td>added v2.3</td></tr><tr><td>Y<a name=\"Y\"> </a></td><td>Yes</td><td>Ja</td><td>Ja</td><td/><td>added v2.3</td></tr></table>\r\n</div>","status":"additional"},"url":"http://hl7.org/fhir/ValueSet/v2-0243","version":"2.8.2"}