{
  "resourceType": "ValueSet",
  "id": "v2-0189",
  "meta": {
    "profile": [
      "http://hl7.org/fhir/StructureDefinition/valueset-shareable-definition"
    ]
  },
  "text": {
    "status": "additional",
    "div": "<div><p>Ethnic Group</p>\r\n<table class=\"grid\"><tr><td><b>Code</b></td><td><b>Description</b></td><td><b>Nederlands (Dutch)</b></td><td><b>Comment</b></td><td><b>Version</b></td></tr><tr><td>H<a name=\"H\"> </a></td><td>Hispanic or Latino</td><td>Hispanic of Latino</td><td/><td>added v2.4</td></tr><tr><td>N<a name=\"N\"> </a></td><td>Not Hispanic or Latino</td><td>Niet hispanic of Latino</td><td/><td>added v2.4</td></tr><tr><td>U<a name=\"U\"> </a></td><td>Unknown</td><td>Onbekend</td><td/><td>added v2.4</td></tr></table>\r\n</div>"
  },
  "url": "http://hl7.org/fhir/ValueSet/v2-0189",
  "version": "2.8.2",
  "name": "v2 Ethnic Group",
  "status": "active",
  "experimental": true,
  "publisher": "HL7, Inc",
  "contact": [
    {
      "telecom": [
        {
          "system": "other",
          "value": "http://hl7.org"
        }
      ]
    }
  ],
  "description": "FHIR Value set/code system definition for HL7 v2 table 0189 ( Ethnic Group)",
  "codeSystem": {
    "extension": [
      {
        "url": "http://hl7.org/fhir/StructureDefinition/valueset-oid",
        "valueUri": "urn:oid:2.16.840.1.133883.18.100"
      }
    ],
    "system": "http://hl7.org/fhir/v2/0189",
    "caseSensitive": false,
    "concept": [
      {
        "code": "H",
        "display": "Hispanic or Latino",
        "designation": [
          {
            "language": "nl",
            "value": "Hispanic of Latino"
          }
        ]
      },
      {
        "code": "N",
        "display": "Not Hispanic or Latino",
        "designation": [
          {
            "language": "nl",
            "value": "Niet hispanic of Latino"
          }
        ]
      },
      {
        "code": "U",
        "display": "Unknown",
        "designation": [
          {
            "language": "nl",
            "value": "Onbekend"
          }
        ]
      }
    ]
  }
}