{"codeSystem":{"caseSensitive":false,"concept":[{"code":"S","designation":[{"language":"de","value":"Erfolgreiche Übernahme des Datensatzes"},{"language":"nl","value":"Succesvolle verzending van het gedefinieerde record in het MFE-segment"}],"display":"Successful posting of the record defined by the MFE segment"},{"code":"U","designation":[{"language":"de","value":"Übernahme des Datensatzes nicht erfolgreich"},{"language":"nl","value":"Niet-succesvolle verzending van het gedefinieerde record in het MFE-segment"}],"display":"Unsuccessful posting of the record defined by the MFE segment"}],"extension":[{"url":"http://hl7.org/fhir/StructureDefinition/valueset-oid","valueUri":"urn:oid:2.16.840.1.133883.18.96"}],"system":"http://hl7.org/fhir/v2/0181"},"contact":[{"telecom":[{"system":"other","value":"http://hl7.org"}]}],"description":"FHIR Value set/code system definition for HL7 v2 table 0181 ( MFN Record-level Error Return)","experimental":true,"id":"v2-0181","meta":{"profile":["http://hl7.org/fhir/StructureDefinition/valueset-shareable-definition"]},"name":"v2 MFN Record-level Error Return","publisher":"HL7, Inc","resourceType":"ValueSet","status":"active","text":{"div":"<div><p>MFN Record-level Error Return</p>\r\n<table class=\"grid\"><tr><td><b>Code</b></td><td><b>Description</b></td><td><b>Deutsch (German)</b></td><td><b>Nederlands (Dutch)</b></td><td><b>Comment</b></td><td><b>Version</b></td></tr><tr><td>S<a name=\"S\"> </a></td><td>Successful posting of the record defined by the MFE segment</td><td>Erfolgreiche Übernahme des Datensatzes</td><td>Succesvolle verzending van het gedefinieerde record in het MFE-segment</td><td/><td>added v2.2</td></tr><tr><td>U<a name=\"U\"> </a></td><td>Unsuccessful posting of the record defined by the MFE segment</td><td>Übernahme des Datensatzes nicht erfolgreich</td><td>Niet-succesvolle verzending van het gedefinieerde record in het MFE-segment</td><td/><td>added v2.2</td></tr></table>\r\n</div>","status":"additional"},"url":"http://hl7.org/fhir/ValueSet/v2-0181","version":"2.8.2"}