{"codeSystem":{"caseSensitive":false,"concept":[{"code":"B","display":"Both Arms"},{"code":"L","display":"Left Arm"},{"code":"R","display":"Right Arm"}],"extension":[{"url":"http://hl7.org/fhir/StructureDefinition/valueset-oid","valueUri":"urn:oid:2.16.840.1.133883.18.433"}],"system":"http://hl7.org/fhir/v2/0927"},"contact":[{"telecom":[{"system":"other","value":"http://hl7.org"}]}],"description":"FHIR Value set/code system definition for HL7 v2 table 0927 ( Arm Stick)","experimental":true,"id":"v2-0927","meta":{"profile":["http://hl7.org/fhir/StructureDefinition/valueset-shareable-definition"]},"name":"v2 Arm Stick","publisher":"HL7, Inc","resourceType":"ValueSet","status":"active","text":{"div":"<div><p>Arm Stick</p>\r\n<table class=\"grid\"><tr><td><b>Code</b></td><td><b>Description</b></td><td><b>Comment</b></td><td><b>Version</b></td></tr><tr><td>B<a name=\"B\"> </a></td><td>Both Arms</td><td/><td>added v2.8</td></tr><tr><td>L<a name=\"L\"> </a></td><td>Left Arm</td><td/><td>added v2.8</td></tr><tr><td>R<a name=\"R\"> </a></td><td>Right Arm</td><td/><td>added v2.8</td></tr></table>\r\n</div>","status":"additional"},"url":"http://hl7.org/fhir/ValueSet/v2-0927","version":"2.8.2"}