{"codeSystem":{"caseSensitive":false,"concept":[{"code":"B","designation":[{"language":"de","value":"Vor dem angegebenen Zeitpunkt"},{"language":"nl","value":"Voor de opgegeven datum/tijd"}],"display":"Before the Date/Time specified","extension":[{"url":"http://hl7.org/fhir/StructureDefinition/valueset-deprecated","valueBoolean":true}]},{"code":"L","designation":[{"language":"de","value":"Nach dem angegebenen Zeitpunkt"},{"language":"nl","value":"Na de opgegeven datum/tijd"}],"display":"Later than the Date/Time specified","extension":[{"url":"http://hl7.org/fhir/StructureDefinition/valueset-deprecated","valueBoolean":true}]}],"extension":[{"url":"http://hl7.org/fhir/StructureDefinition/valueset-oid","valueUri":"urn:oid:2.16.840.1.133883.18.44"}],"system":"http://hl7.org/fhir/v2/0107"},"contact":[{"telecom":[{"system":"other","value":"http://hl7.org"}]}],"description":"FHIR Value set/code system definition for HL7 v2 table 0107 ( Deferred response type)","experimental":true,"id":"v2-0107","meta":{"profile":["http://hl7.org/fhir/StructureDefinition/valueset-shareable-definition"]},"name":"v2 Deferred response type","publisher":"HL7, Inc","resourceType":"ValueSet","status":"active","text":{"div":"<div><p>Deferred response type</p>\r\n<table class=\"grid\"><tr><td><b>Code</b></td><td><b>Description</b></td><td><b>Deutsch (German)</b></td><td><b>Nederlands (Dutch)</b></td><td><b>Comment</b></td><td><b>Version</b></td></tr><tr><td>B<a name=\"B\"> </a></td><td>Before the Date/Time specified</td><td>Vor dem angegebenen Zeitpunkt</td><td>Voor de opgegeven datum/tijd</td><td>deprecated</td><td>from v2.1, removed after v2.6</td></tr><tr><td>L<a name=\"L\"> </a></td><td>Later than the Date/Time specified</td><td>Nach dem angegebenen Zeitpunkt</td><td>Na de opgegeven datum/tijd</td><td>deprecated</td><td>from v2.1, removed after v2.6</td></tr></table>\r\n</div>","status":"additional"},"url":"http://hl7.org/fhir/ValueSet/v2-0107","version":"2.8.2"}