{"codeSystem":{"caseSensitive":false,"concept":[{"code":"001","display":"Release of Information/MR / Authorization to Disclosure Protected Health Information","extension":[{"url":"http://hl7.org/fhir/StructureDefinition/valueset-comments","valueString":"Release of Info/ Disclosure"}]},{"code":"002","display":"Medical Procedure (invasive)","extension":[{"url":"http://hl7.org/fhir/StructureDefinition/valueset-comments","valueString":"Medical Treatment/ Procedure"}]},{"code":"003","display":"Acknowledge Receipt of Privacy Notice","extension":[{"url":"http://hl7.org/fhir/StructureDefinition/valueset-comments","valueString":"Acknowledgement/ Notification"}]},{"code":"004","display":"Abortion","extension":[{"url":"http://hl7.org/fhir/StructureDefinition/valueset-comments","valueString":"Medical Treatment/ Procedure"}]},{"code":"005","display":"Abortion/Laminaria","extension":[{"url":"http://hl7.org/fhir/StructureDefinition/valueset-comments","valueString":"Medical Treatment/ Procedure"}]},{"code":"006","display":"Accutane - Information","extension":[{"url":"http://hl7.org/fhir/StructureDefinition/valueset-comments","valueString":"Medical Treatment/ Procedure"}]},{"code":"007","display":"Accutane - Woman","extension":[{"url":"http://hl7.org/fhir/StructureDefinition/valueset-comments","valueString":"Medical Treatment/ Procedure"}]},{"code":"008","display":"Advanced Beneficiary Notice","extension":[{"url":"http://hl7.org/fhir/StructureDefinition/valueset-comments","valueString":"Acknowledgement/ Notification"}]},{"code":"009","display":"AFP (Alpha Fetoprotein) Screening","extension":[{"url":"http://hl7.org/fhir/StructureDefinition/valueset-comments","valueString":"Medical Treatment/ Procedure"}]},{"code":"010","display":"Amniocentesis (consent & refusal)","extension":[{"url":"http://hl7.org/fhir/StructureDefinition/valueset-comments","valueString":"Medical Treatment/ Procedure"}]},{"code":"011","display":"Anatomical Gift (organ donation)","extension":[{"url":"http://hl7.org/fhir/StructureDefinition/valueset-comments","valueString":"Administrative"}]},{"code":"012","display":"Anesthesia - Complications","extension":[{"url":"http://hl7.org/fhir/StructureDefinition/valueset-comments","valueString":"Medical Treatment/ Procedure"}]},{"code":"013","display":"Anesthesia - Questionnaire","extension":[{"url":"http://hl7.org/fhir/StructureDefinition/valueset-comments","valueString":"Medical Treatment/ Procedure"}]},{"code":"014","display":"Angiogram","extension":[{"url":"http://hl7.org/fhir/StructureDefinition/valueset-comments","valueString":"Medical Treatment/ Procedure"}]},{"code":"015","display":"Angioplasty","extension":[{"url":"http://hl7.org/fhir/StructureDefinition/valueset-comments","valueString":"Medical Treatment/ Procedure"}]},{"code":"016","display":"Anticancer Drugs","extension":[{"url":"http://hl7.org/fhir/StructureDefinition/valueset-comments","valueString":"Medical Treatment/ Procedure"}]},{"code":"017","display":"Antipsychotic Medications","extension":[{"url":"http://hl7.org/fhir/StructureDefinition/valueset-comments","valueString":"Medical Treatment/ Procedure"}]},{"code":"018","display":"Arthrogram","extension":[{"url":"http://hl7.org/fhir/StructureDefinition/valueset-comments","valueString":"Medical Treatment/ Procedure"}]},{"code":"019","display":"Autopsy","extension":[{"url":"http://hl7.org/fhir/StructureDefinition/valueset-comments","valueString":"Administrative"}]},{"code":"020","display":"AZT Therapy","extension":[{"url":"http://hl7.org/fhir/StructureDefinition/valueset-comments","valueString":"Medical Treatment/ Procedure"}]},{"code":"021","display":"Biliary Drainage","extension":[{"url":"http://hl7.org/fhir/StructureDefinition/valueset-comments","valueString":"Medical Treatment/ Procedure"}]},{"code":"022","display":"Biliary Stone Extraction","extension":[{"url":"http://hl7.org/fhir/StructureDefinition/valueset-comments","valueString":"Medical Treatment/ Procedure"}]},{"code":"023","display":"Biopsy","extension":[{"url":"http://hl7.org/fhir/StructureDefinition/valueset-comments","valueString":"Medical Treatment/ Procedure"}]},{"code":"024","display":"Bleeding Time Test","extension":[{"url":"http://hl7.org/fhir/StructureDefinition/valueset-comments","valueString":"Medical Treatment/ Procedure"}]},{"code":"025","display":"Bronchogram","extension":[{"url":"http://hl7.org/fhir/StructureDefinition/valueset-comments","valueString":"Medical Treatment/ Procedure"}]},{"code":"026","display":"Cardiac Catheterization","extension":[{"url":"http://hl7.org/fhir/StructureDefinition/valueset-comments","valueString":"Medical Treatment/ Procedure"}]},{"code":"027","display":"Coronary Angiography","extension":[{"url":"http://hl7.org/fhir/StructureDefinition/valueset-comments","valueString":"Medical Treatment/ Procedure"}]},{"code":"028","display":"\"\"      \"\" w/o Surgery Capability","extension":[{"url":"http://hl7.org/fhir/StructureDefinition/valueset-comments","valueString":"Medical Treatment/ Procedure"}]},{"code":"029","display":"Cataract Op/Implant of FDA Aprvd Lens","extension":[{"url":"http://hl7.org/fhir/StructureDefinition/valueset-comments","valueString":"Medical Treatment/ Procedure"}]},{"code":"030","display":"Cataract Op/Implant of Investigational Lens","extension":[{"url":"http://hl7.org/fhir/StructureDefinition/valueset-comments","valueString":"Medical Treatment/ Procedure"}]},{"code":"031","display":"Cataract Surgery","extension":[{"url":"http://hl7.org/fhir/StructureDefinition/valueset-comments","valueString":"Medical Treatment/ Procedure"}]},{"code":"032","display":"Cholera Immunization","extension":[{"url":"http://hl7.org/fhir/StructureDefinition/valueset-comments","valueString":"Medical Treatment/ Procedure"}]},{"code":"033","display":"Cholesterol Screening","extension":[{"url":"http://hl7.org/fhir/StructureDefinition/valueset-comments","valueString":"Medical Treatment/ Procedure"}]},{"code":"034","display":"Circumcision - Newborn","extension":[{"url":"http://hl7.org/fhir/StructureDefinition/valueset-comments","valueString":"Medical Treatment/ Procedure"}]},{"code":"035","display":"Colonoscopy","extension":[{"url":"http://hl7.org/fhir/StructureDefinition/valueset-comments","valueString":"Medical Treatment/ Procedure"}]},{"code":"036","display":"Contact Lenses","extension":[{"url":"http://hl7.org/fhir/StructureDefinition/valueset-comments","valueString":"Medical Treatment/ Procedure"}]},{"code":"037","display":"CT Scan - Cervical & Lumbar","extension":[{"url":"http://hl7.org/fhir/StructureDefinition/valueset-comments","valueString":"Medical Treatment/ Procedure"}]},{"code":"038","display":"CT Scan w/ IV Contrast Media into Vein","extension":[{"url":"http://hl7.org/fhir/StructureDefinition/valueset-comments","valueString":"Medical Treatment/ Procedure"}]},{"code":"039","display":"CVS (Chorionic Villus) Sampling","extension":[{"url":"http://hl7.org/fhir/StructureDefinition/valueset-comments","valueString":"Medical Treatment/ Procedure"}]},{"code":"040","display":"Cystospy","extension":[{"url":"http://hl7.org/fhir/StructureDefinition/valueset-comments","valueString":"Medical Treatment/ Procedure"}]},{"code":"041","display":"Disclosure of Protected Health Information to Family/Friends","extension":[{"url":"http://hl7.org/fhir/StructureDefinition/valueset-comments","valueString":"Release of Info/ Disclosure"}]},{"code":"042","display":"D & C and Conization","extension":[{"url":"http://hl7.org/fhir/StructureDefinition/valueset-comments","valueString":"Medical Treatment/ Procedure"}]},{"code":"043","display":"Dacryocystogram","extension":[{"url":"http://hl7.org/fhir/StructureDefinition/valueset-comments","valueString":"Medical Treatment/ Procedure"}]},{"code":"044","display":"Diagnostic Isotope","extension":[{"url":"http://hl7.org/fhir/StructureDefinition/valueset-comments","valueString":"Medical Treatment/ Procedure"}]},{"code":"045","display":"Drainage of an Abscess","extension":[{"url":"http://hl7.org/fhir/StructureDefinition/valueset-comments","valueString":"Medical Treatment/ Procedure"}]},{"code":"046","display":"Drug Screening","extension":[{"url":"http://hl7.org/fhir/StructureDefinition/valueset-comments","valueString":"Medical Treatment/ Procedure"}]},{"code":"047","display":"Electronic Monitoring of Labor - Refusal","extension":[{"url":"http://hl7.org/fhir/StructureDefinition/valueset-comments","valueString":"Medical Treatment/ Procedure"}]},{"code":"048","display":"Endometrial Biopsy","extension":[{"url":"http://hl7.org/fhir/StructureDefinition/valueset-comments","valueString":"Medical Treatment/ Procedure"}]},{"code":"049","display":"Endoscopy/Sclerosis of Esophageal Varices","extension":[{"url":"http://hl7.org/fhir/StructureDefinition/valueset-comments","valueString":"Medical Treatment/ Procedure"}]},{"code":"050","display":"ERCP","extension":[{"url":"http://hl7.org/fhir/StructureDefinition/valueset-comments","valueString":"Medical Treatment/ Procedure"}]},{"code":"051","display":"Exposure to reportable Communicable Disease","extension":[{"url":"http://hl7.org/fhir/StructureDefinition/valueset-comments","valueString":"Medical Treatment/ Procedure"}]},{"code":"052","display":"External Version","extension":[{"url":"http://hl7.org/fhir/StructureDefinition/valueset-comments","valueString":"Medical Treatment/ Procedure"}]},{"code":"053","display":"Fluorescein Angioscopy","extension":[{"url":"http://hl7.org/fhir/StructureDefinition/valueset-comments","valueString":"Medical Treatment/ Procedure"}]},{"code":"054","display":"Hepatitis B - Consent/Declination","extension":[{"url":"http://hl7.org/fhir/StructureDefinition/valueset-comments","valueString":"Medical Treatment/ Procedure"}]},{"code":"055","display":"Herniogram","extension":[{"url":"http://hl7.org/fhir/StructureDefinition/valueset-comments","valueString":"Medical Treatment/ Procedure"}]},{"code":"056","display":"HIV Test - Consent Refusal","extension":[{"url":"http://hl7.org/fhir/StructureDefinition/valueset-comments","valueString":"Medical Treatment/ Procedure"}]},{"code":"057","display":"HIV Test - Disclosure","extension":[{"url":"http://hl7.org/fhir/StructureDefinition/valueset-comments","valueString":"Medical Treatment/ Procedure"}]},{"code":"058","display":"HIV Test - Prenatal","extension":[{"url":"http://hl7.org/fhir/StructureDefinition/valueset-comments","valueString":"Medical Treatment/ Procedure"}]},{"code":"059","display":"Home IV Treatment Program","extension":[{"url":"http://hl7.org/fhir/StructureDefinition/valueset-comments","valueString":"Medical Treatment/ Procedure"}]},{"code":"060","display":"Home Parenteral Treatment Program","extension":[{"url":"http://hl7.org/fhir/StructureDefinition/valueset-comments","valueString":"Medical Treatment/ Procedure"}]},{"code":"061","display":"Hysterectomy","extension":[{"url":"http://hl7.org/fhir/StructureDefinition/valueset-comments","valueString":"Medical Treatment/ Procedure"}]},{"code":"062","display":"Hysterosalpingogram","extension":[{"url":"http://hl7.org/fhir/StructureDefinition/valueset-comments","valueString":"Medical Treatment/ Procedure"}]},{"code":"063","display":"Injection Slip/ Consent","extension":[{"url":"http://hl7.org/fhir/StructureDefinition/valueset-comments","valueString":"Medical Treatment/ Procedure"}]},{"code":"064","display":"Intrauterine Device","extension":[{"url":"http://hl7.org/fhir/StructureDefinition/valueset-comments","valueString":"Medical Treatment/ Procedure"}]},{"code":"065","display":"Intrauterine Device/Sterilization","extension":[{"url":"http://hl7.org/fhir/StructureDefinition/valueset-comments","valueString":"Medical Treatment/ Procedure"}]},{"code":"066","display":"Intravascular Infusion of Streptokinase/Urokinase","extension":[{"url":"http://hl7.org/fhir/StructureDefinition/valueset-comments","valueString":"Medical Treatment/ Procedure"}]},{"code":"067","display":"Intravenous Cholangiogram","extension":[{"url":"http://hl7.org/fhir/StructureDefinition/valueset-comments","valueString":"Medical Treatment/ Procedure"}]},{"code":"068","display":"Intravenous Digital Angiography","extension":[{"url":"http://hl7.org/fhir/StructureDefinition/valueset-comments","valueString":"Medical Treatment/ Procedure"}]},{"code":"069","display":"Iodine Administration","extension":[{"url":"http://hl7.org/fhir/StructureDefinition/valueset-comments","valueString":"Medical Treatment/ Procedure"}]},{"code":"070","display":"ISG","extension":[{"url":"http://hl7.org/fhir/StructureDefinition/valueset-comments","valueString":"Medical Treatment/ Procedure"}]},{"code":"071","display":"IVP","extension":[{"url":"http://hl7.org/fhir/StructureDefinition/valueset-comments","valueString":"Medical Treatment/ Procedure"}]},{"code":"072","display":"Laser Photocoagulation","extension":[{"url":"http://hl7.org/fhir/StructureDefinition/valueset-comments","valueString":"Medical Treatment/ Procedure"}]},{"code":"073","display":"Laser treatment","extension":[{"url":"http://hl7.org/fhir/StructureDefinition/valueset-comments","valueString":"Medical Treatment/ Procedure"}]},{"code":"074","display":"Lithium Carbonate","extension":[{"url":"http://hl7.org/fhir/StructureDefinition/valueset-comments","valueString":"Medical Treatment/ Procedure"}]},{"code":"075","display":"Liver Biopsy","extension":[{"url":"http://hl7.org/fhir/StructureDefinition/valueset-comments","valueString":"Medical Treatment/ Procedure"}]},{"code":"076","display":"Lumbar Puncture","extension":[{"url":"http://hl7.org/fhir/StructureDefinition/valueset-comments","valueString":"Medical Treatment/ Procedure"}]},{"code":"077","display":"Lymphangiogram","extension":[{"url":"http://hl7.org/fhir/StructureDefinition/valueset-comments","valueString":"Medical Treatment/ Procedure"}]},{"code":"078","display":"MAO Inhibitors","extension":[{"url":"http://hl7.org/fhir/StructureDefinition/valueset-comments","valueString":"Medical Treatment/ Procedure"}]},{"code":"079","display":"Med, Psych, and/or Drug/Alcohol","extension":[{"url":"http://hl7.org/fhir/StructureDefinition/valueset-comments","valueString":"Release of Info/ Disclosure"}]},{"code":"080","display":"Medical Treatment - Refusal","extension":[{"url":"http://hl7.org/fhir/StructureDefinition/valueset-comments","valueString":"Administrative"}]},{"code":"081","display":"Morning-after Pill","extension":[{"url":"http://hl7.org/fhir/StructureDefinition/valueset-comments","valueString":"Medical Treatment/ Procedure"}]},{"code":"082","display":"MRI - Adult","extension":[{"url":"http://hl7.org/fhir/StructureDefinition/valueset-comments","valueString":"Medical Treatment/ Procedure"}]},{"code":"083","display":"MRI - Pediatric","extension":[{"url":"http://hl7.org/fhir/StructureDefinition/valueset-comments","valueString":"Medical Treatment/ Procedure"}]},{"code":"084","display":"Myelogram","extension":[{"url":"http://hl7.org/fhir/StructureDefinition/valueset-comments","valueString":"Medical Treatment/ Procedure"}]},{"code":"085","display":"Needle Biopsy","extension":[{"url":"http://hl7.org/fhir/StructureDefinition/valueset-comments","valueString":"Medical Treatment/ Procedure"}]},{"code":"086","display":"Needle Biopsy of Lung","extension":[{"url":"http://hl7.org/fhir/StructureDefinition/valueset-comments","valueString":"Medical Treatment/ Procedure"}]},{"code":"087","display":"Newborn Treatment and Release","extension":[{"url":"http://hl7.org/fhir/StructureDefinition/valueset-comments","valueString":"Medical Treatment/ Procedure"}]},{"code":"088","display":"Norplant Subdermal Birth Control Implant","extension":[{"url":"http://hl7.org/fhir/StructureDefinition/valueset-comments","valueString":"Medical Treatment/ Procedure"}]},{"code":"089","display":"Operations, Anesthesia, Transfusions","extension":[{"url":"http://hl7.org/fhir/StructureDefinition/valueset-comments","valueString":"Medical Treatment/ Procedure"}]},{"code":"090","display":"Oral Contraceptives","extension":[{"url":"http://hl7.org/fhir/StructureDefinition/valueset-comments","valueString":"Medical Treatment/ Procedure"}]},{"code":"091","display":"Organ Donation","extension":[{"url":"http://hl7.org/fhir/StructureDefinition/valueset-comments","valueString":"Administrative"}]},{"code":"092","display":"Patient Permits, Consents","extension":[{"url":"http://hl7.org/fhir/StructureDefinition/valueset-comments","valueString":"Administrative"}]},{"code":"093","display":"Patient Treatment Permit, Release & Admission","extension":[{"url":"http://hl7.org/fhir/StructureDefinition/valueset-comments","valueString":"Administrative"}]},{"code":"094","display":"Penile Injections","extension":[{"url":"http://hl7.org/fhir/StructureDefinition/valueset-comments","valueString":"Medical Treatment/ Procedure"}]},{"code":"095","display":"Percutaneous Nephrostomy","extension":[{"url":"http://hl7.org/fhir/StructureDefinition/valueset-comments","valueString":"Medical Treatment/ Procedure"}]},{"code":"096","display":"Percutaneous Transhepatic Cholangiogram","extension":[{"url":"http://hl7.org/fhir/StructureDefinition/valueset-comments","valueString":"Medical Treatment/ Procedure"}]},{"code":"097","display":"Photographs","extension":[{"url":"http://hl7.org/fhir/StructureDefinition/valueset-comments","valueString":"Release of Info/ Disclosure"}]},{"code":"098","display":"Photographs - Employee","extension":[{"url":"http://hl7.org/fhir/StructureDefinition/valueset-comments","valueString":"Release of Info/ Disclosure"}]},{"code":"099","display":"Photographs - Medical Research","extension":[{"url":"http://hl7.org/fhir/StructureDefinition/valueset-comments","valueString":"Release of Info/ Disclosure"}]},{"code":"100","display":"Photographs - news Media","extension":[{"url":"http://hl7.org/fhir/StructureDefinition/valueset-comments","valueString":"Release of Info/ Disclosure"}]},{"code":"101","display":"Psychiatric Admission - Next of Kin","extension":[{"url":"http://hl7.org/fhir/StructureDefinition/valueset-comments","valueString":"Medical Treatment/ Procedure"}]},{"code":"102","display":"Psychiatric Information During Hospital Stay","extension":[{"url":"http://hl7.org/fhir/StructureDefinition/valueset-comments","valueString":"Release of Info/ Disclosure"}]},{"code":"103","display":"Public Release of Information","extension":[{"url":"http://hl7.org/fhir/StructureDefinition/valueset-comments","valueString":"Release of Info/ Disclosure"}]},{"code":"104","display":"Radiologic Procedure","extension":[{"url":"http://hl7.org/fhir/StructureDefinition/valueset-comments","valueString":"Medical Treatment/ Procedure"}]},{"code":"105","display":"Refusal of Treatment","extension":[{"url":"http://hl7.org/fhir/StructureDefinition/valueset-comments","valueString":"Administrative"}]},{"code":"106","display":"Release of Body","extension":[{"url":"http://hl7.org/fhir/StructureDefinition/valueset-comments","valueString":"Administrative"}]},{"code":"107","display":"Release of Limb","extension":[{"url":"http://hl7.org/fhir/StructureDefinition/valueset-comments","valueString":"Administrative"}]},{"code":"108","display":"Rh Immune Globulin","extension":[{"url":"http://hl7.org/fhir/StructureDefinition/valueset-comments","valueString":"Medical Treatment/ Procedure"}]},{"code":"109","display":"Rights of Medical Research Participants","extension":[{"url":"http://hl7.org/fhir/StructureDefinition/valueset-comments","valueString":"Administrative"}]},{"code":"110","display":"Request to Restrict Access/Disclosure to Medical Record/Protected Health Information","extension":[{"url":"http://hl7.org/fhir/StructureDefinition/valueset-comments","valueString":"Release of Info/ Disclosure"}]},{"code":"111","display":"Request for Remain Anonymous","extension":[{"url":"http://hl7.org/fhir/StructureDefinition/valueset-comments","valueString":"Release of Info/ Disclosure"}]},{"code":"112","display":"Seat Belt Exemption","extension":[{"url":"http://hl7.org/fhir/StructureDefinition/valueset-comments","valueString":"Administrative"}]},{"code":"113","display":"Sialogram","extension":[{"url":"http://hl7.org/fhir/StructureDefinition/valueset-comments","valueString":"Medical Treatment/ Procedure"}]},{"code":"1137","display":"Voiding Cystogram","extension":[{"url":"http://hl7.org/fhir/StructureDefinition/valueset-comments","valueString":"Medical Treatment/ Procedure"}]},{"code":"114","display":"Sigmoidoscopy","extension":[{"url":"http://hl7.org/fhir/StructureDefinition/valueset-comments","valueString":"Medical Treatment/ Procedure"}]},{"code":"115","display":"Sterilization - Anesthesia & Medical Services","extension":[{"url":"http://hl7.org/fhir/StructureDefinition/valueset-comments","valueString":"Medical Treatment/ Procedure"}]},{"code":"116","display":"Sterilization -Federally Funded","extension":[{"url":"http://hl7.org/fhir/StructureDefinition/valueset-comments","valueString":"Medical Treatment/ Procedure"}]},{"code":"117","display":"Sterilization - Female","extension":[{"url":"http://hl7.org/fhir/StructureDefinition/valueset-comments","valueString":"Medical Treatment/ Procedure"}]},{"code":"118","display":"Sterilization - Laparoscopy/Pomeroy","extension":[{"url":"http://hl7.org/fhir/StructureDefinition/valueset-comments","valueString":"Medical Treatment/ Procedure"}]},{"code":"119","display":"Sterilization - Non-Federally Funded","extension":[{"url":"http://hl7.org/fhir/StructureDefinition/valueset-comments","valueString":"Medical Treatment/ Procedure"}]},{"code":"120","display":"Sterilization - Secondary","extension":[{"url":"http://hl7.org/fhir/StructureDefinition/valueset-comments","valueString":"Medical Treatment/ Procedure"}]},{"code":"121","display":"Tranquilizers","extension":[{"url":"http://hl7.org/fhir/StructureDefinition/valueset-comments","valueString":"Medical Treatment/ Procedure"}]},{"code":"122","display":"Transfer - Acknowledgement","extension":[{"url":"http://hl7.org/fhir/StructureDefinition/valueset-comments","valueString":"Medical Treatment/ Procedure"}]},{"code":"123","display":"Transfer - Authorization","extension":[{"url":"http://hl7.org/fhir/StructureDefinition/valueset-comments","valueString":"Medical Treatment/ Procedure"}]},{"code":"124","display":"Transfer Certification - Physician","extension":[{"url":"http://hl7.org/fhir/StructureDefinition/valueset-comments","valueString":"Medical Treatment/ Procedure"}]},{"code":"125","display":"Transfer/Discharge Request","extension":[{"url":"http://hl7.org/fhir/StructureDefinition/valueset-comments","valueString":"Medical Treatment/ Procedure"}]},{"code":"126","display":"Transfer for Non-Medical Reasons","extension":[{"url":"http://hl7.org/fhir/StructureDefinition/valueset-comments","valueString":"Medical Treatment/ Procedure"}]},{"code":"127","display":"Transfer - Interfaculty Neonatal","extension":[{"url":"http://hl7.org/fhir/StructureDefinition/valueset-comments","valueString":"Medical Treatment/ Procedure"}]},{"code":"128","display":"Transfer Refusal","extension":[{"url":"http://hl7.org/fhir/StructureDefinition/valueset-comments","valueString":"Medical Treatment/ Procedure"}]},{"code":"129","display":"Transfer Refusal of Further Treatment","extension":[{"url":"http://hl7.org/fhir/StructureDefinition/valueset-comments","valueString":"Medical Treatment/ Procedure"}]},{"code":"130","display":"Treadmill & EKG","extension":[{"url":"http://hl7.org/fhir/StructureDefinition/valueset-comments","valueString":"Medical Treatment/ Procedure"}]},{"code":"131","display":"Treadmill, Thallium-201","extension":[{"url":"http://hl7.org/fhir/StructureDefinition/valueset-comments","valueString":"Medical Treatment/ Procedure"}]},{"code":"132","display":"Typhoid","extension":[{"url":"http://hl7.org/fhir/StructureDefinition/valueset-comments","valueString":"Medical Treatment/ Procedure"}]},{"code":"133","display":"Use of Investigational Device","extension":[{"url":"http://hl7.org/fhir/StructureDefinition/valueset-comments","valueString":"Medical Treatment/ Procedure"}]},{"code":"134","display":"Use of Investigational Drug","extension":[{"url":"http://hl7.org/fhir/StructureDefinition/valueset-comments","valueString":"Medical Treatment/ Procedure"}]},{"code":"135","display":"Venogram","extension":[{"url":"http://hl7.org/fhir/StructureDefinition/valueset-comments","valueString":"Medical Treatment/ Procedure"}]},{"code":"136","display":"Videotape","extension":[{"url":"http://hl7.org/fhir/StructureDefinition/valueset-comments","valueString":"Release of Info/ Disclosure"}]}],"extension":[{"url":"http://hl7.org/fhir/StructureDefinition/valueset-oid","valueUri":"urn:oid:2.16.840.1.133883.18.320"}],"system":"http://hl7.org/fhir/v2/0496"},"contact":[{"telecom":[{"system":"other","value":"http://hl7.org"}]}],"description":"FHIR Value set/code system definition for HL7 v2 table 0496 ( Consent Type)","experimental":true,"id":"v2-0496","meta":{"profile":["http://hl7.org/fhir/StructureDefinition/valueset-shareable-definition"]},"name":"v2 Consent Type","publisher":"HL7, Inc","resourceType":"ValueSet","status":"active","text":{"div":"<div><p>Consent Type</p>\r\n<table class=\"grid\"><tr><td><b>Code</b></td><td><b>Description</b></td><td><b>Comment</b></td><td><b>Version</b></td></tr><tr><td>001<a name=\"001\"> </a></td><td>Release of Information/MR / Authorization to Disclosure Protected Health Information</td><td>Release of Info/ Disclosure</td><td>added v2.5</td></tr><tr><td>002<a name=\"002\"> </a></td><td>Medical Procedure (invasive)</td><td>Medical Treatment/ Procedure</td><td>added v2.5</td></tr><tr><td>003<a name=\"003\"> </a></td><td>Acknowledge Receipt of Privacy Notice</td><td>Acknowledgement/ Notification</td><td>added v2.5</td></tr><tr><td>004<a name=\"004\"> </a></td><td>Abortion</td><td>Medical Treatment/ Procedure</td><td>added v2.5</td></tr><tr><td>005<a name=\"005\"> </a></td><td>Abortion/Laminaria</td><td>Medical Treatment/ Procedure</td><td>added v2.5</td></tr><tr><td>006<a name=\"006\"> </a></td><td>Accutane - Information</td><td>Medical Treatment/ Procedure</td><td>added v2.5</td></tr><tr><td>007<a name=\"007\"> </a></td><td>Accutane - Woman</td><td>Medical Treatment/ Procedure</td><td>added v2.5</td></tr><tr><td>008<a name=\"008\"> </a></td><td>Advanced Beneficiary Notice</td><td>Acknowledgement/ Notification</td><td>added v2.5</td></tr><tr><td>009<a name=\"009\"> </a></td><td>AFP (Alpha Fetoprotein) Screening</td><td>Medical Treatment/ Procedure</td><td>added v2.5</td></tr><tr><td>010<a name=\"010\"> </a></td><td>Amniocentesis (consent &amp; refusal)</td><td>Medical Treatment/ Procedure</td><td>added v2.5</td></tr><tr><td>011<a name=\"011\"> </a></td><td>Anatomical Gift (organ donation)</td><td>Administrative</td><td>added v2.5</td></tr><tr><td>012<a name=\"012\"> </a></td><td>Anesthesia - Complications</td><td>Medical Treatment/ Procedure</td><td>added v2.5</td></tr><tr><td>013<a name=\"013\"> </a></td><td>Anesthesia - Questionnaire</td><td>Medical Treatment/ Procedure</td><td>added v2.5</td></tr><tr><td>014<a name=\"014\"> </a></td><td>Angiogram</td><td>Medical Treatment/ Procedure</td><td>added v2.5</td></tr><tr><td>015<a name=\"015\"> </a></td><td>Angioplasty</td><td>Medical Treatment/ Procedure</td><td>added v2.5</td></tr><tr><td>016<a name=\"016\"> </a></td><td>Anticancer Drugs</td><td>Medical Treatment/ Procedure</td><td>added v2.5</td></tr><tr><td>017<a name=\"017\"> </a></td><td>Antipsychotic Medications</td><td>Medical Treatment/ Procedure</td><td>added v2.5</td></tr><tr><td>018<a name=\"018\"> </a></td><td>Arthrogram</td><td>Medical Treatment/ Procedure</td><td>added v2.5</td></tr><tr><td>019<a name=\"019\"> </a></td><td>Autopsy</td><td>Administrative</td><td>added v2.5</td></tr><tr><td>020<a name=\"020\"> </a></td><td>AZT Therapy</td><td>Medical Treatment/ Procedure</td><td>added v2.5</td></tr><tr><td>021<a name=\"021\"> </a></td><td>Biliary Drainage</td><td>Medical Treatment/ Procedure</td><td>added v2.5</td></tr><tr><td>022<a name=\"022\"> </a></td><td>Biliary Stone Extraction</td><td>Medical Treatment/ Procedure</td><td>added v2.5</td></tr><tr><td>023<a name=\"023\"> </a></td><td>Biopsy</td><td>Medical Treatment/ Procedure</td><td>added v2.5</td></tr><tr><td>024<a name=\"024\"> </a></td><td>Bleeding Time Test</td><td>Medical Treatment/ Procedure</td><td>added v2.5</td></tr><tr><td>025<a name=\"025\"> </a></td><td>Bronchogram</td><td>Medical Treatment/ Procedure</td><td>added v2.5</td></tr><tr><td>026<a name=\"026\"> </a></td><td>Cardiac Catheterization</td><td>Medical Treatment/ Procedure</td><td>added v2.5</td></tr><tr><td>027<a name=\"027\"> </a></td><td>Coronary Angiography</td><td>Medical Treatment/ Procedure</td><td>added v2.5</td></tr><tr><td>028<a name=\"028\"> </a></td><td>&quot;&quot;      &quot;&quot; w/o Surgery Capability</td><td>Medical Treatment/ Procedure</td><td>added v2.5</td></tr><tr><td>029<a name=\"029\"> </a></td><td>Cataract Op/Implant of FDA Aprvd Lens</td><td>Medical Treatment/ Procedure</td><td>added v2.5</td></tr><tr><td>030<a name=\"030\"> </a></td><td>Cataract Op/Implant of Investigational Lens</td><td>Medical Treatment/ Procedure</td><td>added v2.5</td></tr><tr><td>031<a name=\"031\"> </a></td><td>Cataract Surgery</td><td>Medical Treatment/ Procedure</td><td>added v2.5</td></tr><tr><td>032<a name=\"032\"> </a></td><td>Cholera Immunization</td><td>Medical Treatment/ Procedure</td><td>added v2.5</td></tr><tr><td>033<a name=\"033\"> </a></td><td>Cholesterol Screening</td><td>Medical Treatment/ Procedure</td><td>added v2.5</td></tr><tr><td>034<a name=\"034\"> </a></td><td>Circumcision - Newborn</td><td>Medical Treatment/ Procedure</td><td>added v2.5</td></tr><tr><td>035<a name=\"035\"> </a></td><td>Colonoscopy</td><td>Medical Treatment/ Procedure</td><td>added v2.5</td></tr><tr><td>036<a name=\"036\"> </a></td><td>Contact Lenses</td><td>Medical Treatment/ Procedure</td><td>added v2.5</td></tr><tr><td>037<a name=\"037\"> </a></td><td>CT Scan - Cervical &amp; Lumbar</td><td>Medical Treatment/ Procedure</td><td>added v2.5</td></tr><tr><td>038<a name=\"038\"> </a></td><td>CT Scan w/ IV Contrast Media into Vein</td><td>Medical Treatment/ Procedure</td><td>added v2.5</td></tr><tr><td>039<a name=\"039\"> </a></td><td>CVS (Chorionic Villus) Sampling</td><td>Medical Treatment/ Procedure</td><td>added v2.5</td></tr><tr><td>040<a name=\"040\"> </a></td><td>Cystospy</td><td>Medical Treatment/ Procedure</td><td>added v2.5</td></tr><tr><td>041<a name=\"041\"> </a></td><td>Disclosure of Protected Health Information to Family/Friends</td><td>Release of Info/ Disclosure</td><td>added v2.5</td></tr><tr><td>042<a name=\"042\"> </a></td><td>D &amp; C and Conization</td><td>Medical Treatment/ Procedure</td><td>added v2.5</td></tr><tr><td>043<a name=\"043\"> </a></td><td>Dacryocystogram</td><td>Medical Treatment/ Procedure</td><td>added v2.5</td></tr><tr><td>044<a name=\"044\"> </a></td><td>Diagnostic Isotope</td><td>Medical Treatment/ Procedure</td><td>added v2.5</td></tr><tr><td>045<a name=\"045\"> </a></td><td>Drainage of an Abscess</td><td>Medical Treatment/ Procedure</td><td>added v2.5</td></tr><tr><td>046<a name=\"046\"> </a></td><td>Drug Screening</td><td>Medical Treatment/ Procedure</td><td>added v2.5</td></tr><tr><td>047<a name=\"047\"> </a></td><td>Electronic Monitoring of Labor - Refusal</td><td>Medical Treatment/ Procedure</td><td>added v2.5</td></tr><tr><td>048<a name=\"048\"> </a></td><td>Endometrial Biopsy</td><td>Medical Treatment/ Procedure</td><td>added v2.5</td></tr><tr><td>049<a name=\"049\"> </a></td><td>Endoscopy/Sclerosis of Esophageal Varices</td><td>Medical Treatment/ Procedure</td><td>added v2.5</td></tr><tr><td>050<a name=\"050\"> </a></td><td>ERCP</td><td>Medical Treatment/ Procedure</td><td>added v2.5</td></tr><tr><td>051<a name=\"051\"> </a></td><td>Exposure to reportable Communicable Disease</td><td>Medical Treatment/ Procedure</td><td>added v2.5</td></tr><tr><td>052<a name=\"052\"> </a></td><td>External Version</td><td>Medical Treatment/ Procedure</td><td>added v2.5</td></tr><tr><td>053<a name=\"053\"> </a></td><td>Fluorescein Angioscopy</td><td>Medical Treatment/ Procedure</td><td>added v2.5</td></tr><tr><td>054<a name=\"054\"> </a></td><td>Hepatitis B - Consent/Declination</td><td>Medical Treatment/ Procedure</td><td>added v2.5</td></tr><tr><td>055<a name=\"055\"> </a></td><td>Herniogram</td><td>Medical Treatment/ Procedure</td><td>added v2.5</td></tr><tr><td>056<a name=\"056\"> </a></td><td>HIV Test - Consent Refusal</td><td>Medical Treatment/ Procedure</td><td>added v2.5</td></tr><tr><td>057<a name=\"057\"> </a></td><td>HIV Test - Disclosure</td><td>Medical Treatment/ Procedure</td><td>added v2.5</td></tr><tr><td>058<a name=\"058\"> </a></td><td>HIV Test - Prenatal</td><td>Medical Treatment/ Procedure</td><td>added v2.5</td></tr><tr><td>059<a name=\"059\"> </a></td><td>Home IV Treatment Program</td><td>Medical Treatment/ Procedure</td><td>added v2.5</td></tr><tr><td>060<a name=\"060\"> </a></td><td>Home Parenteral Treatment Program</td><td>Medical Treatment/ Procedure</td><td>added v2.5</td></tr><tr><td>061<a name=\"061\"> </a></td><td>Hysterectomy</td><td>Medical Treatment/ Procedure</td><td>added v2.5</td></tr><tr><td>062<a name=\"062\"> </a></td><td>Hysterosalpingogram</td><td>Medical Treatment/ Procedure</td><td>added v2.5</td></tr><tr><td>063<a name=\"063\"> </a></td><td>Injection Slip/ Consent</td><td>Medical Treatment/ Procedure</td><td>added v2.5</td></tr><tr><td>064<a name=\"064\"> </a></td><td>Intrauterine Device</td><td>Medical Treatment/ Procedure</td><td>added v2.5</td></tr><tr><td>065<a name=\"065\"> </a></td><td>Intrauterine Device/Sterilization</td><td>Medical Treatment/ Procedure</td><td>added v2.5</td></tr><tr><td>066<a name=\"066\"> </a></td><td>Intravascular Infusion of Streptokinase/Urokinase</td><td>Medical Treatment/ Procedure</td><td>added v2.5</td></tr><tr><td>067<a name=\"067\"> </a></td><td>Intravenous Cholangiogram</td><td>Medical Treatment/ Procedure</td><td>added v2.5</td></tr><tr><td>068<a name=\"068\"> </a></td><td>Intravenous Digital Angiography</td><td>Medical Treatment/ Procedure</td><td>added v2.5</td></tr><tr><td>069<a name=\"069\"> </a></td><td>Iodine Administration</td><td>Medical Treatment/ Procedure</td><td>added v2.5</td></tr><tr><td>070<a name=\"070\"> </a></td><td>ISG</td><td>Medical Treatment/ Procedure</td><td>added v2.5</td></tr><tr><td>071<a name=\"071\"> </a></td><td>IVP</td><td>Medical Treatment/ Procedure</td><td>added v2.5</td></tr><tr><td>072<a name=\"072\"> </a></td><td>Laser Photocoagulation</td><td>Medical Treatment/ Procedure</td><td>added v2.5</td></tr><tr><td>073<a name=\"073\"> </a></td><td>Laser treatment</td><td>Medical Treatment/ Procedure</td><td>added v2.5</td></tr><tr><td>074<a name=\"074\"> </a></td><td>Lithium Carbonate</td><td>Medical Treatment/ Procedure</td><td>added v2.5</td></tr><tr><td>075<a name=\"075\"> </a></td><td>Liver Biopsy</td><td>Medical Treatment/ Procedure</td><td>added v2.5</td></tr><tr><td>076<a name=\"076\"> </a></td><td>Lumbar Puncture</td><td>Medical Treatment/ Procedure</td><td>added v2.5</td></tr><tr><td>077<a name=\"077\"> </a></td><td>Lymphangiogram</td><td>Medical Treatment/ Procedure</td><td>added v2.5</td></tr><tr><td>078<a name=\"078\"> </a></td><td>MAO Inhibitors</td><td>Medical Treatment/ Procedure</td><td>added v2.5</td></tr><tr><td>079<a name=\"079\"> </a></td><td>Med, Psych, and/or Drug/Alcohol</td><td>Release of Info/ Disclosure</td><td>added v2.5</td></tr><tr><td>080<a name=\"080\"> </a></td><td>Medical Treatment - Refusal</td><td>Administrative</td><td>added v2.5</td></tr><tr><td>081<a name=\"081\"> </a></td><td>Morning-after Pill</td><td>Medical Treatment/ Procedure</td><td>added v2.5</td></tr><tr><td>082<a name=\"082\"> </a></td><td>MRI - Adult</td><td>Medical Treatment/ Procedure</td><td>added v2.5</td></tr><tr><td>083<a name=\"083\"> </a></td><td>MRI - Pediatric</td><td>Medical Treatment/ Procedure</td><td>added v2.5</td></tr><tr><td>084<a name=\"084\"> </a></td><td>Myelogram</td><td>Medical Treatment/ Procedure</td><td>added v2.5</td></tr><tr><td>085<a name=\"085\"> </a></td><td>Needle Biopsy</td><td>Medical Treatment/ Procedure</td><td>added v2.5</td></tr><tr><td>086<a name=\"086\"> </a></td><td>Needle Biopsy of Lung</td><td>Medical Treatment/ Procedure</td><td>added v2.5</td></tr><tr><td>087<a name=\"087\"> </a></td><td>Newborn Treatment and Release</td><td>Medical Treatment/ Procedure</td><td>added v2.5</td></tr><tr><td>088<a name=\"088\"> </a></td><td>Norplant Subdermal Birth Control Implant</td><td>Medical Treatment/ Procedure</td><td>added v2.5</td></tr><tr><td>089<a name=\"089\"> </a></td><td>Operations, Anesthesia, Transfusions</td><td>Medical Treatment/ Procedure</td><td>added v2.5</td></tr><tr><td>090<a name=\"090\"> </a></td><td>Oral Contraceptives</td><td>Medical Treatment/ Procedure</td><td>added v2.5</td></tr><tr><td>091<a name=\"091\"> </a></td><td>Organ Donation</td><td>Administrative</td><td>added v2.5</td></tr><tr><td>092<a name=\"092\"> </a></td><td>Patient Permits, Consents</td><td>Administrative</td><td>added v2.5</td></tr><tr><td>093<a name=\"093\"> </a></td><td>Patient Treatment Permit, Release &amp; Admission</td><td>Administrative</td><td>added v2.5</td></tr><tr><td>094<a name=\"094\"> </a></td><td>Penile Injections</td><td>Medical Treatment/ Procedure</td><td>added v2.5</td></tr><tr><td>095<a name=\"095\"> </a></td><td>Percutaneous Nephrostomy</td><td>Medical Treatment/ Procedure</td><td>added v2.5</td></tr><tr><td>096<a name=\"096\"> </a></td><td>Percutaneous Transhepatic Cholangiogram</td><td>Medical Treatment/ Procedure</td><td>added v2.5</td></tr><tr><td>097<a name=\"097\"> </a></td><td>Photographs</td><td>Release of Info/ Disclosure</td><td>added v2.5</td></tr><tr><td>098<a name=\"098\"> </a></td><td>Photographs - Employee</td><td>Release of Info/ Disclosure</td><td>added v2.5</td></tr><tr><td>099<a name=\"099\"> </a></td><td>Photographs - Medical Research</td><td>Release of Info/ Disclosure</td><td>added v2.5</td></tr><tr><td>100<a name=\"100\"> </a></td><td>Photographs - news Media</td><td>Release of Info/ Disclosure</td><td>added v2.5</td></tr><tr><td>101<a name=\"101\"> </a></td><td>Psychiatric Admission - Next of Kin</td><td>Medical Treatment/ Procedure</td><td>added v2.5</td></tr><tr><td>102<a name=\"102\"> </a></td><td>Psychiatric Information During Hospital Stay</td><td>Release of Info/ Disclosure</td><td>added v2.5</td></tr><tr><td>103<a name=\"103\"> </a></td><td>Public Release of Information</td><td>Release of Info/ Disclosure</td><td>added v2.5</td></tr><tr><td>104<a name=\"104\"> </a></td><td>Radiologic Procedure</td><td>Medical Treatment/ Procedure</td><td>added v2.5</td></tr><tr><td>105<a name=\"105\"> </a></td><td>Refusal of Treatment</td><td>Administrative</td><td>added v2.5</td></tr><tr><td>106<a name=\"106\"> </a></td><td>Release of Body</td><td>Administrative</td><td>added v2.5</td></tr><tr><td>107<a name=\"107\"> </a></td><td>Release of Limb</td><td>Administrative</td><td>added v2.5</td></tr><tr><td>108<a name=\"108\"> </a></td><td>Rh Immune Globulin</td><td>Medical Treatment/ Procedure</td><td>added v2.5</td></tr><tr><td>109<a name=\"109\"> </a></td><td>Rights of Medical Research Participants</td><td>Administrative</td><td>added v2.5</td></tr><tr><td>110<a name=\"110\"> </a></td><td>Request to Restrict Access/Disclosure to Medical Record/Protected Health Information</td><td>Release of Info/ Disclosure</td><td>added v2.5</td></tr><tr><td>111<a name=\"111\"> </a></td><td>Request for Remain Anonymous</td><td>Release of Info/ Disclosure</td><td>added v2.5</td></tr><tr><td>112<a name=\"112\"> </a></td><td>Seat Belt Exemption</td><td>Administrative</td><td>added v2.5</td></tr><tr><td>113<a name=\"113\"> </a></td><td>Sialogram</td><td>Medical Treatment/ Procedure</td><td>added v2.5</td></tr><tr><td>1137<a name=\"1137\"> </a></td><td>Voiding Cystogram</td><td>Medical Treatment/ Procedure</td><td>added v2.5</td></tr><tr><td>114<a name=\"114\"> </a></td><td>Sigmoidoscopy</td><td>Medical Treatment/ Procedure</td><td>added v2.5</td></tr><tr><td>115<a name=\"115\"> </a></td><td>Sterilization - Anesthesia &amp; Medical Services</td><td>Medical Treatment/ Procedure</td><td>added v2.5</td></tr><tr><td>116<a name=\"116\"> </a></td><td>Sterilization -Federally Funded</td><td>Medical Treatment/ Procedure</td><td>added v2.5</td></tr><tr><td>117<a name=\"117\"> </a></td><td>Sterilization - Female</td><td>Medical Treatment/ Procedure</td><td>added v2.5</td></tr><tr><td>118<a name=\"118\"> </a></td><td>Sterilization - Laparoscopy/Pomeroy</td><td>Medical Treatment/ Procedure</td><td>added v2.5</td></tr><tr><td>119<a name=\"119\"> </a></td><td>Sterilization - Non-Federally Funded</td><td>Medical Treatment/ Procedure</td><td>added v2.5</td></tr><tr><td>120<a name=\"120\"> </a></td><td>Sterilization - Secondary</td><td>Medical Treatment/ Procedure</td><td>added v2.5</td></tr><tr><td>121<a name=\"121\"> </a></td><td>Tranquilizers</td><td>Medical Treatment/ Procedure</td><td>added v2.5</td></tr><tr><td>122<a name=\"122\"> </a></td><td>Transfer - Acknowledgement</td><td>Medical Treatment/ Procedure</td><td>added v2.5</td></tr><tr><td>123<a name=\"123\"> </a></td><td>Transfer - Authorization</td><td>Medical Treatment/ Procedure</td><td>added v2.5</td></tr><tr><td>124<a name=\"124\"> </a></td><td>Transfer Certification - Physician</td><td>Medical Treatment/ Procedure</td><td>added v2.5</td></tr><tr><td>125<a name=\"125\"> </a></td><td>Transfer/Discharge Request</td><td>Medical Treatment/ Procedure</td><td>added v2.5</td></tr><tr><td>126<a name=\"126\"> </a></td><td>Transfer for Non-Medical Reasons</td><td>Medical Treatment/ Procedure</td><td>added v2.5</td></tr><tr><td>127<a name=\"127\"> </a></td><td>Transfer - Interfaculty Neonatal</td><td>Medical Treatment/ Procedure</td><td>added v2.5</td></tr><tr><td>128<a name=\"128\"> </a></td><td>Transfer Refusal</td><td>Medical Treatment/ Procedure</td><td>added v2.5</td></tr><tr><td>129<a name=\"129\"> </a></td><td>Transfer Refusal of Further Treatment</td><td>Medical Treatment/ Procedure</td><td>added v2.5</td></tr><tr><td>130<a name=\"130\"> </a></td><td>Treadmill &amp; EKG</td><td>Medical Treatment/ Procedure</td><td>added v2.5</td></tr><tr><td>131<a name=\"131\"> </a></td><td>Treadmill, Thallium-201</td><td>Medical Treatment/ Procedure</td><td>added v2.5</td></tr><tr><td>132<a name=\"132\"> </a></td><td>Typhoid</td><td>Medical Treatment/ Procedure</td><td>added v2.5</td></tr><tr><td>133<a name=\"133\"> </a></td><td>Use of Investigational Device</td><td>Medical Treatment/ Procedure</td><td>added v2.5</td></tr><tr><td>134<a name=\"134\"> </a></td><td>Use of Investigational Drug</td><td>Medical Treatment/ Procedure</td><td>added v2.5</td></tr><tr><td>135<a name=\"135\"> </a></td><td>Venogram</td><td>Medical Treatment/ Procedure</td><td>added v2.5</td></tr><tr><td>136<a name=\"136\"> </a></td><td>Videotape</td><td>Release of Info/ Disclosure</td><td>added v2.5</td></tr></table>\r\n</div>","status":"additional"},"url":"http://hl7.org/fhir/ValueSet/v2-0496","version":"2.8.2"}