{"codeSystem":{"caseSensitive":false,"concept":[{"code":"O","designation":[{"language":"de","value":"Auftrag und Auftragsstatus"},{"language":"nl","value":"Aanvraag plus aanvragstatus"}],"display":"Order plus order status","extension":[{"url":"http://hl7.org/fhir/StructureDefinition/valueset-deprecated","valueBoolean":true}]},{"code":"R","designation":[{"language":"de","value":"Ergebnisse / Befunde ohne umfänglichen Text"},{"language":"nl","value":"Resultaten zonder bulktest"}],"display":"Results without bulk text","extension":[{"url":"http://hl7.org/fhir/StructureDefinition/valueset-deprecated","valueBoolean":true}]},{"code":"S","designation":[{"language":"de","value":"nur Statusinformation"},{"language":"nl","value":"Alleen status"}],"display":"Status only","extension":[{"url":"http://hl7.org/fhir/StructureDefinition/valueset-deprecated","valueBoolean":true}]},{"code":"T","designation":[{"language":"de","value":"Komplette Ergebnisse / Befunde"},{"language":"nl","value":"Volledige resultaten"}],"display":"Full results","extension":[{"url":"http://hl7.org/fhir/StructureDefinition/valueset-deprecated","valueBoolean":true}]}],"extension":[{"url":"http://hl7.org/fhir/StructureDefinition/valueset-oid","valueUri":"urn:oid:2.16.840.1.133883.18.45"}],"system":"http://hl7.org/fhir/v2/0108"},"contact":[{"telecom":[{"system":"other","value":"http://hl7.org"}]}],"description":"FHIR Value set/code system definition for HL7 v2 table 0108 ( Query results level)","experimental":true,"id":"v2-0108","meta":{"profile":["http://hl7.org/fhir/StructureDefinition/valueset-shareable-definition"]},"name":"v2 Query results level","publisher":"HL7, Inc","resourceType":"ValueSet","status":"active","text":{"div":"<div><p>Query results level</p>\r\n<table class=\"grid\"><tr><td><b>Code</b></td><td><b>Description</b></td><td><b>Deutsch (German)</b></td><td><b>Nederlands (Dutch)</b></td><td><b>Comment</b></td><td><b>Version</b></td></tr><tr><td>O<a name=\"O\"> </a></td><td>Order plus order status</td><td>Auftrag und Auftragsstatus</td><td>Aanvraag plus aanvragstatus</td><td>deprecated</td><td>from v2.1, removed after v2.6</td></tr><tr><td>R<a name=\"R\"> </a></td><td>Results without bulk text</td><td>Ergebnisse / Befunde ohne umfänglichen Text</td><td>Resultaten zonder bulktest</td><td>deprecated</td><td>from v2.1, removed after v2.6</td></tr><tr><td>S<a name=\"S\"> </a></td><td>Status only</td><td>nur Statusinformation</td><td>Alleen status</td><td>deprecated</td><td>from v2.1, removed after v2.6</td></tr><tr><td>T<a name=\"T\"> </a></td><td>Full results</td><td>Komplette Ergebnisse / Befunde</td><td>Volledige resultaten</td><td>deprecated</td><td>from v2.1, removed after v2.6</td></tr></table>\r\n</div>","status":"additional"},"url":"http://hl7.org/fhir/ValueSet/v2-0108","version":"2.8.2"}