{"codeSystem":{"caseSensitive":false,"concept":[{"code":"E","display":"Emergency"},{"code":"PJ","display":"Professional Judgment"}],"extension":[{"url":"http://hl7.org/fhir/StructureDefinition/valueset-oid","valueUri":"urn:oid:2.16.840.1.133883.18.323"}],"system":"http://hl7.org/fhir/v2/0499"},"contact":[{"telecom":[{"system":"other","value":"http://hl7.org"}]}],"description":"FHIR Value set/code system definition for HL7 v2 table 0499 ( Consent Bypass Reason)","experimental":true,"id":"v2-0499","meta":{"profile":["http://hl7.org/fhir/StructureDefinition/valueset-shareable-definition"]},"name":"v2 Consent Bypass Reason","publisher":"HL7, Inc","resourceType":"ValueSet","status":"active","text":{"div":"<div><p>Consent Bypass Reason</p>\r\n<table class=\"grid\"><tr><td><b>Code</b></td><td><b>Description</b></td><td><b>Comment</b></td><td><b>Version</b></td></tr><tr><td>E<a name=\"E\"> </a></td><td>Emergency</td><td/><td>added v2.5</td></tr><tr><td>PJ<a name=\"PJ\"> </a></td><td>Professional Judgment</td><td/><td>added v2.5</td></tr></table>\r\n</div>","status":"additional"},"url":"http://hl7.org/fhir/ValueSet/v2-0499","version":"2.8.2"}