{"codeSystem":{"caseSensitive":false,"concept":[{"code":"1","designation":[{"language":"de","value":"Zuzahlung muss abgeklärt werden"}],"display":"Service is subject to medical necessity procedures"},{"code":"2","display":"Patient has been informed of responsibility, and agrees to pay for service"},{"code":"3","designation":[{"language":"de","value":"Patient fragt nach Rechnung"}],"display":"Patient has been informed of responsibility, and asks that the payer be billed"},{"code":"4","designation":[{"language":"de","value":"Zustimmung zur Zuzahlung liegt nicht vor"}],"display":"Advanced Beneficiary Notice has not been signed"}],"extension":[{"url":"http://hl7.org/fhir/StructureDefinition/valueset-oid","valueUri":"urn:oid:2.16.840.1.133883.18.209"}],"system":"http://hl7.org/fhir/v2/0339"},"contact":[{"telecom":[{"system":"other","value":"http://hl7.org"}]}],"description":"FHIR Value set/code system definition for HL7 v2 table 0339 ( Advanced Beneficiary Notice Code)","experimental":true,"id":"v2-0339","meta":{"profile":["http://hl7.org/fhir/StructureDefinition/valueset-shareable-definition"]},"name":"v2 Advanced Beneficiary Notice Code","publisher":"HL7, Inc","resourceType":"ValueSet","status":"active","text":{"div":"<div><p>Advanced Beneficiary Notice Code</p>\r\n<table class=\"grid\"><tr><td><b>Code</b></td><td><b>Description</b></td><td><b>Deutsch (German)</b></td><td><b>Comment</b></td><td><b>Version</b></td></tr><tr><td>1<a name=\"1\"> </a></td><td>Service is subject to medical necessity procedures</td><td>Zuzahlung muss abgeklärt werden</td><td/><td>added v2.3.1</td></tr><tr><td>2<a name=\"2\"> </a></td><td>Patient has been informed of responsibility, and agrees to pay for service</td><td></td><td/><td>added v2.3.1</td></tr><tr><td>3<a name=\"3\"> </a></td><td>Patient has been informed of responsibility, and asks that the payer be billed</td><td>Patient fragt nach Rechnung</td><td/><td>added v2.3.1</td></tr><tr><td>4<a name=\"4\"> </a></td><td>Advanced Beneficiary Notice has not been signed</td><td>Zustimmung zur Zuzahlung liegt nicht vor</td><td/><td>added v2.3.1</td></tr></table>\r\n</div>","status":"additional"},"url":"http://hl7.org/fhir/ValueSet/v2-0339","version":"2.8.2"}