{"codeSystem":{"caseSensitive":false,"concept":[{"code":"A","display":"Alternate","extension":[{"url":"http://hl7.org/fhir/StructureDefinition/valueset-comments","valueString":"This is a specimen that is acceptable as a replacement for a preferred specimen.  In the following field (OM4-17), the sequence number of the preferred specimen must be messaged."}]},{"code":"P","display":"Preferred","extension":[{"url":"http://hl7.org/fhir/StructureDefinition/valueset-comments","valueString":"This specimen is Preferred for all attributes (Container and Additive) identified in the OM4 segment."}]}],"extension":[{"url":"http://hl7.org/fhir/StructureDefinition/valueset-oid","valueUri":"urn:oid:2.16.840.1.133883.18.426"}],"system":"http://hl7.org/fhir/v2/0920"},"contact":[{"telecom":[{"system":"other","value":"http://hl7.org"}]}],"description":"FHIR Value set/code system definition for HL7 v2 table 0920 ( Preferred Specimen/Attribute Status)","experimental":true,"id":"v2-0920","meta":{"profile":["http://hl7.org/fhir/StructureDefinition/valueset-shareable-definition"]},"name":"v2 Preferred Specimen/Attribute Status","publisher":"HL7, Inc","resourceType":"ValueSet","status":"active","text":{"div":"<div><p>Preferred Specimen/Attribute Status</p>\r\n<table class=\"grid\"><tr><td><b>Code</b></td><td><b>Description</b></td><td><b>Comment</b></td><td><b>Version</b></td></tr><tr><td>A<a name=\"A\"> </a></td><td>Alternate</td><td>This is a specimen that is acceptable as a replacement for a preferred specimen.  In the following field (OM4-17), the sequence number of the preferred specimen must be messaged.</td><td>added v2.8</td></tr><tr><td>P<a name=\"P\"> </a></td><td>Preferred</td><td>This specimen is Preferred for all attributes (Container and Additive) identified in the OM4 segment.</td><td>added v2.8</td></tr></table>\r\n</div>","status":"additional"},"url":"http://hl7.org/fhir/ValueSet/v2-0920","version":"2.8.2"}