{"codeSystem":{"caseSensitive":false,"concept":[{"code":"C","display":"Compound","extension":[{"url":"http://hl7.org/fhir/StructureDefinition/valueset-comments","valueString":"A compound is an extempo order which may be made up of multiple drugs.  For example, many hospitals have a standard item called \"Magic Mouthwash\".  The item is ordered that way by the physician. The extempo items will contain multiple products, such as Ma"}]},{"code":"E","display":"Exclusive","extension":[{"url":"http://hl7.org/fhir/StructureDefinition/valueset-comments","valueString":"An exclusive order is an order where only one of the multiple items should be administered at any one dosage time.  The nurse may chose between the alternatives, but should only give ONE of them.  An example would be: Phenergan 25 mg PO, IM or R q6h prn ("}]},{"code":"N","display":"Nurse prerogative","extension":[{"url":"http://hl7.org/fhir/StructureDefinition/valueset-comments","valueString":"Where a set of two or more orders exist and the Nurse, or other caregiver, has the prerogative to choose which order will be administered at a particular point in time.  For example,<p> Milk of Magnesia PO 30 ml qhs (at bedtime)<p> Dulcolax Supp R @ hs pr"}]},{"code":"S","display":"Simultaneous","extension":[{"url":"http://hl7.org/fhir/StructureDefinition/valueset-comments","valueString":"A simultaneous order is 2 or more drugs which are ordered to be given at the same time.  A common example of this would be Demerol and Phenergan (Phenergan is given with the Demerol to control the nausea that Demerol can cause).  The order could be: Demer"}]},{"code":"T","display":"Tapering","extension":[{"url":"http://hl7.org/fhir/StructureDefinition/valueset-comments","valueString":"A tapering order is one in which the same drug is used, but it has a declining dosage over a number of days.<p>For example, Decadron 0.5 mg is often ordered this way.  The order would look like this:<p> Decadron 0.5 mg qid (four times a day) for 2 days, t"}]}],"extension":[{"url":"http://hl7.org/fhir/StructureDefinition/valueset-oid","valueUri":"urn:oid:2.16.840.1.133883.18.330"}],"system":"http://hl7.org/fhir/v2/0506"},"contact":[{"telecom":[{"system":"other","value":"http://hl7.org"}]}],"description":"FHIR Value set/code system definition for HL7 v2 table 0506 ( Service Request Relationship)","experimental":true,"id":"v2-0506","meta":{"profile":["http://hl7.org/fhir/StructureDefinition/valueset-shareable-definition"]},"name":"v2 Service Request Relationship","publisher":"HL7, Inc","resourceType":"ValueSet","status":"active","text":{"div":"<div><p>Service Request Relationship</p>\r\n<table class=\"grid\"><tr><td><b>Code</b></td><td><b>Description</b></td><td><b>Comment</b></td><td><b>Version</b></td></tr><tr><td>C<a name=\"C\"> </a></td><td>Compound</td><td>A compound is an extempo order which may be made up of multiple drugs.  For example, many hospitals have a standard item called &quot;Magic Mouthwash&quot;.  The item is ordered that way by the physician. The extempo items will contain multiple products, such as Ma</td><td>added v2.5</td></tr><tr><td>E<a name=\"E\"> </a></td><td>Exclusive</td><td>An exclusive order is an order where only one of the multiple items should be administered at any one dosage time.  The nurse may chose between the alternatives, but should only give ONE of them.  An example would be: Phenergan 25 mg PO, IM or R q6h prn (</td><td>added v2.5</td></tr><tr><td>N<a name=\"N\"> </a></td><td>Nurse prerogative</td><td>Where a set of two or more orders exist and the Nurse, or other caregiver, has the prerogative to choose which order will be administered at a particular point in time.  For example,&lt;p&gt; Milk of Magnesia PO 30 ml qhs (at bedtime)&lt;p&gt; Dulcolax Supp R @ hs pr</td><td>added v2.5</td></tr><tr><td>S<a name=\"S\"> </a></td><td>Simultaneous</td><td>A simultaneous order is 2 or more drugs which are ordered to be given at the same time.  A common example of this would be Demerol and Phenergan (Phenergan is given with the Demerol to control the nausea that Demerol can cause).  The order could be: Demer</td><td>added v2.5</td></tr><tr><td>T<a name=\"T\"> </a></td><td>Tapering</td><td>A tapering order is one in which the same drug is used, but it has a declining dosage over a number of days.&lt;p&gt;For example, Decadron 0.5 mg is often ordered this way.  The order would look like this:&lt;p&gt; Decadron 0.5 mg qid (four times a day) for 2 days, t</td><td>added v2.5</td></tr></table>\r\n</div>","status":"additional"},"url":"http://hl7.org/fhir/ValueSet/v2-0506","version":"2.8.2"}