{
  "resourceType": "ValueSet",
  "id": "v2-0023",
  "meta": {
    "profile": [
      "http://hl7.org/fhir/StructureDefinition/valueset-shareable-definition"
    ]
  },
  "text": {
    "status": "additional",
    "div": "<div><p>Admit Source</p>\r\n<table class=\"grid\"><tr><td><b>Code</b></td><td><b>Description</b></td><td><b>Deutsch (German)</b></td><td><b>Nederlands (Dutch)</b></td><td><b>Comment</b></td><td><b>Version</b></td></tr><tr><td>...<a name=\".46.46.46\"> </a></td><td>No suggested values defined</td><td></td><td>geen voorgestelde waarden</td><td/><td>added v2.7</td></tr><tr><td>1<a name=\"1\"> </a></td><td>Physician referral</td><td>Überweisung durch Arzt</td><td>Verwijzing arts</td><td>deprecated</td><td>added v2.3.1, removed after v2.6</td></tr><tr><td>2<a name=\"2\"> </a></td><td>Clinic referral</td><td>Überweisung durch Klinik</td><td>Kliniek verwijzing</td><td>deprecated</td><td>added v2.3.1, removed after v2.6</td></tr><tr><td>3<a name=\"3\"> </a></td><td>HMO referral</td><td>nicht verwendet</td><td>HMO verwijzing</td><td>deprecated</td><td>added v2.3.1, removed after v2.6</td></tr><tr><td>4<a name=\"4\"> </a></td><td>Transfer from a hospital</td><td>Verlegung aus Krankenhaus</td><td>Overplaatsing vanuit een ziekenhuis</td><td>deprecated</td><td>added v2.3.1, removed after v2.6</td></tr><tr><td>5<a name=\"5\"> </a></td><td>Transfer from a skilled nursing facility</td><td>Verlegung aus Pflegeeinrichtung</td><td>Overplaatsing vanuit opgeleide verpleegkundige organisatie</td><td>deprecated</td><td>added v2.3.1, removed after v2.6</td></tr><tr><td>6<a name=\"6\"> </a></td><td>Transfer from another health care facility</td><td>Verlegung aus sonstiger Gesundheitseinrichtung</td><td>Overplaatsing vanuit andere zorginstelling</td><td>deprecated</td><td>added v2.3.1, removed after v2.6</td></tr><tr><td>7<a name=\"7\"> </a></td><td>Emergency room</td><td>Notfallambulanz</td><td>Spoedkamer</td><td>deprecated</td><td>added v2.3.1, removed after v2.6</td></tr><tr><td>8<a name=\"8\"> </a></td><td>Court/law enforcement</td><td>Zwangseinweisung</td><td>Gerechterlijke/juridische dwang</td><td>deprecated</td><td>added v2.3.1, removed after v2.6</td></tr><tr><td>9<a name=\"9\"> </a></td><td>Information not available</td><td>keine Information verfügbar</td><td>Informatie niet beschikbaar</td><td>deprecated</td><td>added v2.3.1, removed after v2.6</td></tr></table>\r\n</div>"
  },
  "url": "http://hl7.org/fhir/ValueSet/v2-0023",
  "version": "2.8.2",
  "name": "v2 Admit Source",
  "status": "active",
  "experimental": true,
  "publisher": "HL7, Inc",
  "contact": [
    {
      "telecom": [
        {
          "system": "other",
          "value": "http://hl7.org"
        }
      ]
    }
  ],
  "description": "FHIR Value set/code system definition for HL7 v2 table 0023 ( Admit Source)",
  "codeSystem": {
    "extension": [
      {
        "url": "http://hl7.org/fhir/StructureDefinition/valueset-oid",
        "valueUri": "urn:oid:2.16.840.1.133883.18.14"
      }
    ],
    "system": "http://hl7.org/fhir/v2/0023",
    "caseSensitive": false,
    "concept": [
      {
        "code": "...",
        "display": "No suggested values defined",
        "designation": [
          {
            "language": "nl",
            "value": "geen voorgestelde waarden"
          }
        ]
      },
      {
        "extension": [
          {
            "url": "http://hl7.org/fhir/StructureDefinition/valueset-deprecated",
            "valueBoolean": true
          }
        ],
        "code": "1",
        "display": "Physician referral",
        "designation": [
          {
            "language": "de",
            "value": "Überweisung durch Arzt"
          },
          {
            "language": "nl",
            "value": "Verwijzing arts"
          }
        ]
      },
      {
        "extension": [
          {
            "url": "http://hl7.org/fhir/StructureDefinition/valueset-deprecated",
            "valueBoolean": true
          }
        ],
        "code": "2",
        "display": "Clinic referral",
        "designation": [
          {
            "language": "de",
            "value": "Überweisung durch Klinik"
          },
          {
            "language": "nl",
            "value": "Kliniek verwijzing"
          }
        ]
      },
      {
        "extension": [
          {
            "url": "http://hl7.org/fhir/StructureDefinition/valueset-deprecated",
            "valueBoolean": true
          }
        ],
        "code": "3",
        "display": "HMO referral",
        "designation": [
          {
            "language": "de",
            "value": "nicht verwendet"
          },
          {
            "language": "nl",
            "value": "HMO verwijzing"
          }
        ]
      },
      {
        "extension": [
          {
            "url": "http://hl7.org/fhir/StructureDefinition/valueset-deprecated",
            "valueBoolean": true
          }
        ],
        "code": "4",
        "display": "Transfer from a hospital",
        "designation": [
          {
            "language": "de",
            "value": "Verlegung aus Krankenhaus"
          },
          {
            "language": "nl",
            "value": "Overplaatsing vanuit een ziekenhuis"
          }
        ]
      },
      {
        "extension": [
          {
            "url": "http://hl7.org/fhir/StructureDefinition/valueset-deprecated",
            "valueBoolean": true
          }
        ],
        "code": "5",
        "display": "Transfer from a skilled nursing facility",
        "designation": [
          {
            "language": "de",
            "value": "Verlegung aus Pflegeeinrichtung"
          },
          {
            "language": "nl",
            "value": "Overplaatsing vanuit opgeleide verpleegkundige organisatie"
          }
        ]
      },
      {
        "extension": [
          {
            "url": "http://hl7.org/fhir/StructureDefinition/valueset-deprecated",
            "valueBoolean": true
          }
        ],
        "code": "6",
        "display": "Transfer from another health care facility",
        "designation": [
          {
            "language": "de",
            "value": "Verlegung aus sonstiger Gesundheitseinrichtung"
          },
          {
            "language": "nl",
            "value": "Overplaatsing vanuit andere zorginstelling"
          }
        ]
      },
      {
        "extension": [
          {
            "url": "http://hl7.org/fhir/StructureDefinition/valueset-deprecated",
            "valueBoolean": true
          }
        ],
        "code": "7",
        "display": "Emergency room",
        "designation": [
          {
            "language": "de",
            "value": "Notfallambulanz"
          },
          {
            "language": "nl",
            "value": "Spoedkamer"
          }
        ]
      },
      {
        "extension": [
          {
            "url": "http://hl7.org/fhir/StructureDefinition/valueset-deprecated",
            "valueBoolean": true
          }
        ],
        "code": "8",
        "display": "Court/law enforcement",
        "designation": [
          {
            "language": "de",
            "value": "Zwangseinweisung"
          },
          {
            "language": "nl",
            "value": "Gerechterlijke/juridische dwang"
          }
        ]
      },
      {
        "extension": [
          {
            "url": "http://hl7.org/fhir/StructureDefinition/valueset-deprecated",
            "valueBoolean": true
          }
        ],
        "code": "9",
        "display": "Information not available",
        "designation": [
          {
            "language": "de",
            "value": "keine Information verfügbar"
          },
          {
            "language": "nl",
            "value": "Informatie niet beschikbaar"
          }
        ]
      }
    ]
  }
}