{
  "resourceType": "ValueSet",
  "id": "v2-0279",
  "meta": {
    "profile": [
      "http://hl7.org/fhir/StructureDefinition/valueset-shareable-definition"
    ]
  },
  "text": {
    "status": "additional",
    "div": "<div><p>Allow Substitution Codes</p>\r\n<table class=\"grid\"><tr><td><b>Code</b></td><td><b>Description</b></td><td><b>Nederlands (Dutch)</b></td><td><b>Comment</b></td><td><b>Version</b></td></tr><tr><td>CONFIRM<a name=\"CONFIRM\"> </a></td><td>Contact the Placer Contact Person prior to making any substitutions of this resource</td><td>Neem contact op met placer contactpersoon voorafgaand aan eventuele substituties van deze resource</td><td>deprecated</td><td>added v2.3, removed after v2.3</td></tr><tr><td>Confirm<a name=\"Confirm\"> </a></td><td>Contact the Placer Contact Person prior to making any substitutions of this resource</td><td>Neem contact op met placer contactpersoon voorafgaand aan eventuele substituties van deze resource</td><td/><td>added v2.3.1</td></tr><tr><td>NO<a name=\"NO\"> </a></td><td>Substitution of this resource is not allowed</td><td>Substitutie van deze resource is niet toegestaan</td><td>deprecated</td><td>added v2.3, removed after v2.3</td></tr><tr><td>NOTIFY<a name=\"NOTIFY\"> </a></td><td>Notify the Placer Contact Person, through normal institutional procedures, that a substitution of this resource has been made</td><td>Melden bij placer contactpersoon via normale institutionele afspraken indien een substitutie van deze resource heeft plaatsgevonden</td><td>deprecated</td><td>added v2.3, removed after v2.3</td></tr><tr><td>No<a name=\"No\"> </a></td><td>Substitution of this resource is not allowed</td><td>Substitutie van deze resource is niet toegestaan</td><td/><td>added v2.3.1</td></tr><tr><td>Notify<a name=\"Notify\"> </a></td><td>Notify the Placer Contact Person, through normal institutional procedures, that a substitution of this resource has been made</td><td>Melden bij placer contactpersoon via normale institutionele afspraken indien een substitutie van deze resource heeft plaatsgevonden</td><td/><td>added v2.3.1</td></tr><tr><td>YES<a name=\"YES\"> </a></td><td>Substitution of this resource is allowed</td><td>Substitutie van deze resource is toegestaan</td><td>deprecated</td><td>added v2.3, removed after v2.3</td></tr><tr><td>Yes<a name=\"Yes\"> </a></td><td>Substitution of this resource is allowed</td><td>Substitutie van deze resource is toegestaan</td><td/><td>added v2.3.1</td></tr></table>\r\n</div>"
  },
  "url": "http://hl7.org/fhir/ValueSet/v2-0279",
  "version": "2.8.2",
  "name": "v2 Allow Substitution Codes",
  "status": "active",
  "experimental": true,
  "publisher": "HL7, Inc",
  "contact": [
    {
      "telecom": [
        {
          "system": "other",
          "value": "http://hl7.org"
        }
      ]
    }
  ],
  "description": "FHIR Value set/code system definition for HL7 v2 table 0279 ( Allow Substitution Codes)",
  "codeSystem": {
    "extension": [
      {
        "url": "http://hl7.org/fhir/StructureDefinition/valueset-oid",
        "valueUri": "urn:oid:2.16.840.1.133883.18.172"
      }
    ],
    "system": "http://hl7.org/fhir/v2/0279",
    "caseSensitive": false,
    "concept": [
      {
        "extension": [
          {
            "url": "http://hl7.org/fhir/StructureDefinition/valueset-deprecated",
            "valueBoolean": true
          }
        ],
        "code": "CONFIRM",
        "display": "Contact the Placer Contact Person prior to making any substitutions of this resource",
        "designation": [
          {
            "language": "nl",
            "value": "Neem contact op met placer contactpersoon voorafgaand aan eventuele substituties van deze resource"
          }
        ]
      },
      {
        "code": "Confirm",
        "display": "Contact the Placer Contact Person prior to making any substitutions of this resource",
        "designation": [
          {
            "language": "nl",
            "value": "Neem contact op met placer contactpersoon voorafgaand aan eventuele substituties van deze resource"
          }
        ]
      },
      {
        "extension": [
          {
            "url": "http://hl7.org/fhir/StructureDefinition/valueset-deprecated",
            "valueBoolean": true
          }
        ],
        "code": "NO",
        "display": "Substitution of this resource is not allowed",
        "designation": [
          {
            "language": "nl",
            "value": "Substitutie van deze resource is niet toegestaan"
          }
        ]
      },
      {
        "extension": [
          {
            "url": "http://hl7.org/fhir/StructureDefinition/valueset-deprecated",
            "valueBoolean": true
          }
        ],
        "code": "NOTIFY",
        "display": "Notify the Placer Contact Person, through normal institutional procedures, that a substitution of this resource has been made",
        "designation": [
          {
            "language": "nl",
            "value": "Melden bij placer contactpersoon via normale institutionele afspraken indien een substitutie van deze resource heeft plaatsgevonden"
          }
        ]
      },
      {
        "code": "No",
        "display": "Substitution of this resource is not allowed",
        "designation": [
          {
            "language": "nl",
            "value": "Substitutie van deze resource is niet toegestaan"
          }
        ]
      },
      {
        "code": "Notify",
        "display": "Notify the Placer Contact Person, through normal institutional procedures, that a substitution of this resource has been made",
        "designation": [
          {
            "language": "nl",
            "value": "Melden bij placer contactpersoon via normale institutionele afspraken indien een substitutie van deze resource heeft plaatsgevonden"
          }
        ]
      },
      {
        "extension": [
          {
            "url": "http://hl7.org/fhir/StructureDefinition/valueset-deprecated",
            "valueBoolean": true
          }
        ],
        "code": "YES",
        "display": "Substitution of this resource is allowed",
        "designation": [
          {
            "language": "nl",
            "value": "Substitutie van deze resource is toegestaan"
          }
        ]
      },
      {
        "code": "Yes",
        "display": "Substitution of this resource is allowed",
        "designation": [
          {
            "language": "nl",
            "value": "Substitutie van deze resource is toegestaan"
          }
        ]
      }
    ]
  }
}