{
  "resourceType": "ValueSet",
  "id": "v2-0490",
  "meta": {
    "profile": [
      "http://hl7.org/fhir/StructureDefinition/valueset-shareable-definition"
    ]
  },
  "text": {
    "status": "additional",
    "div": "<div><p>Specimen Reject Reason</p>\r\n<table class=\"grid\"><tr><td><b>Code</b></td><td><b>Description</b></td><td><b>Comment</b></td><td><b>Version</b></td></tr><tr><td>EX<a name=\"EX\"> </a></td><td>Expired</td><td/><td>added v2.5</td></tr><tr><td>QS<a name=\"QS\"> </a></td><td>Quantity not sufficient</td><td/><td>added v2.5</td></tr><tr><td>RA<a name=\"RA\"> </a></td><td>Missing patient ID number</td><td/><td>added v2.5</td></tr><tr><td>RB<a name=\"RB\"> </a></td><td>Broken container</td><td/><td>added v2.5</td></tr><tr><td>RC<a name=\"RC\"> </a></td><td>Clotting</td><td/><td>added v2.5</td></tr><tr><td>RD<a name=\"RD\"> </a></td><td>Missing collection date</td><td/><td>added v2.5</td></tr><tr><td>RE<a name=\"RE\"> </a></td><td>Missing patient name</td><td/><td>added v2.5</td></tr><tr><td>RH<a name=\"RH\"> </a></td><td>Hemolysis</td><td/><td>added v2.5</td></tr><tr><td>RI<a name=\"RI\"> </a></td><td>Identification problem</td><td/><td>added v2.5</td></tr><tr><td>RM<a name=\"RM\"> </a></td><td>Labeling</td><td/><td>added v2.5</td></tr><tr><td>RN<a name=\"RN\"> </a></td><td>Contamination</td><td/><td>added v2.5</td></tr><tr><td>RP<a name=\"RP\"> </a></td><td>Missing phlebotomist ID</td><td/><td>added v2.5</td></tr><tr><td>RR<a name=\"RR\"> </a></td><td>Improper storage</td><td/><td>added v2.5</td></tr><tr><td>RS<a name=\"RS\"> </a></td><td>Name misspelling</td><td/><td>added v2.5</td></tr></table>\r\n</div>"
  },
  "url": "http://hl7.org/fhir/ValueSet/v2-0490",
  "version": "2.8.2",
  "name": "v2 Specimen Reject Reason",
  "status": "active",
  "experimental": true,
  "publisher": "HL7, Inc",
  "contact": [
    {
      "telecom": [
        {
          "system": "other",
          "value": "http://hl7.org"
        }
      ]
    }
  ],
  "description": "FHIR Value set/code system definition for HL7 v2 table 0490 ( Specimen Reject Reason)",
  "codeSystem": {
    "extension": [
      {
        "url": "http://hl7.org/fhir/StructureDefinition/valueset-oid",
        "valueUri": "urn:oid:2.16.840.1.133883.18.314"
      }
    ],
    "system": "http://hl7.org/fhir/v2/0490",
    "caseSensitive": false,
    "concept": [
      {
        "code": "EX",
        "display": "Expired"
      },
      {
        "code": "QS",
        "display": "Quantity not sufficient"
      },
      {
        "code": "RA",
        "display": "Missing patient ID number"
      },
      {
        "code": "RB",
        "display": "Broken container"
      },
      {
        "code": "RC",
        "display": "Clotting"
      },
      {
        "code": "RD",
        "display": "Missing collection date"
      },
      {
        "code": "RE",
        "display": "Missing patient name"
      },
      {
        "code": "RH",
        "display": "Hemolysis"
      },
      {
        "code": "RI",
        "display": "Identification problem"
      },
      {
        "code": "RM",
        "display": "Labeling"
      },
      {
        "code": "RN",
        "display": "Contamination"
      },
      {
        "code": "RP",
        "display": "Missing phlebotomist ID"
      },
      {
        "code": "RR",
        "display": "Improper storage"
      },
      {
        "code": "RS",
        "display": "Name misspelling"
      }
    ]
  }
}