{"codeSystem":{"caseSensitive":false,"concept":[{"code":"EL","display":"Electronic"},{"code":"EM","display":"E-mail"},{"code":"FX","display":"Fax"},{"code":"IP","display":"In Person"},{"code":"MA","display":"Mail"},{"code":"PA","display":"Paper"},{"code":"PH","display":"Phone"},{"code":"RE","display":"Reflexive (Automated system)"},{"code":"VC","display":"Video-conference"},{"code":"VO","display":"Voice"}],"extension":[{"url":"http://hl7.org/fhir/StructureDefinition/valueset-oid","valueUri":"urn:oid:2.16.840.1.133883.18.308"}],"system":"http://hl7.org/fhir/v2/0483"},"contact":[{"telecom":[{"system":"other","value":"http://hl7.org"}]}],"description":"FHIR Value set/code system definition for HL7 v2 table 0483 ( Authorization Mode)","experimental":true,"id":"v2-0483","meta":{"profile":["http://hl7.org/fhir/StructureDefinition/valueset-shareable-definition"]},"name":"v2 Authorization Mode","publisher":"HL7, Inc","resourceType":"ValueSet","status":"active","text":{"div":"<div><p>Authorization Mode</p>\r\n<table class=\"grid\"><tr><td><b>Code</b></td><td><b>Description</b></td><td><b>Comment</b></td><td><b>Version</b></td></tr><tr><td>EL<a name=\"EL\"> </a></td><td>Electronic</td><td/><td>added v2.5</td></tr><tr><td>EM<a name=\"EM\"> </a></td><td>E-mail</td><td/><td>added v2.5</td></tr><tr><td>FX<a name=\"FX\"> </a></td><td>Fax</td><td/><td>added v2.5</td></tr><tr><td>IP<a name=\"IP\"> </a></td><td>In Person</td><td/><td>added v2.5</td></tr><tr><td>MA<a name=\"MA\"> </a></td><td>Mail</td><td/><td>added v2.5</td></tr><tr><td>PA<a name=\"PA\"> </a></td><td>Paper</td><td/><td>added v2.5</td></tr><tr><td>PH<a name=\"PH\"> </a></td><td>Phone</td><td/><td>added v2.5</td></tr><tr><td>RE<a name=\"RE\"> </a></td><td>Reflexive (Automated system)</td><td/><td>added v2.5</td></tr><tr><td>VC<a name=\"VC\"> </a></td><td>Video-conference</td><td/><td>added v2.5</td></tr><tr><td>VO<a name=\"VO\"> </a></td><td>Voice</td><td/><td>added v2.5</td></tr></table>\r\n</div>","status":"additional"},"url":"http://hl7.org/fhir/ValueSet/v2-0483","version":"2.8.2"}