{
  "resourceType": "ValueSet",
  "id": "v2-0214",
  "meta": {
    "profile": [
      "http://hl7.org/fhir/StructureDefinition/valueset-shareable-definition"
    ]
  },
  "text": {
    "status": "additional",
    "div": "<div><p>Special Program Code</p>\r\n<table class=\"grid\"><tr><td><b>Code</b></td><td><b>Description</b></td><td><b>Nederlands (Dutch)</b></td><td><b>Comment</b></td><td><b>Version</b></td></tr><tr><td>CH<a name=\"CH\"> </a></td><td>Child Health Assistance</td><td>Jeugdgezondheid assistentie</td><td/><td>added v2.5</td></tr><tr><td>ES<a name=\"ES\"> </a></td><td>Elective Surgery Program</td><td>Electief chirurgisch programma</td><td/><td>added v2.5</td></tr><tr><td>FP<a name=\"FP\"> </a></td><td>Family Planning</td><td>Gezinsplanning</td><td/><td>added v2.5</td></tr><tr><td>O<a name=\"O\"> </a></td><td>Other</td><td>Anders</td><td/><td>added v2.5</td></tr><tr><td>U<a name=\"U\"> </a></td><td>Unknown</td><td>Onbekend</td><td/><td>added v2.5</td></tr></table>\r\n</div>"
  },
  "url": "http://hl7.org/fhir/ValueSet/v2-0214",
  "version": "2.8.2",
  "name": "v2 Special Program Code",
  "status": "active",
  "experimental": true,
  "publisher": "HL7, Inc",
  "contact": [
    {
      "telecom": [
        {
          "system": "other",
          "value": "http://hl7.org"
        }
      ]
    }
  ],
  "description": "FHIR Value set/code system definition for HL7 v2 table 0214 ( Special Program Code)",
  "codeSystem": {
    "extension": [
      {
        "url": "http://hl7.org/fhir/StructureDefinition/valueset-oid",
        "valueUri": "urn:oid:2.16.840.1.133883.18.118"
      }
    ],
    "system": "http://hl7.org/fhir/v2/0214",
    "caseSensitive": false,
    "concept": [
      {
        "code": "CH",
        "display": "Child Health Assistance",
        "designation": [
          {
            "language": "nl",
            "value": "Jeugdgezondheid assistentie"
          }
        ]
      },
      {
        "code": "ES",
        "display": "Elective Surgery Program",
        "designation": [
          {
            "language": "nl",
            "value": "Electief chirurgisch programma"
          }
        ]
      },
      {
        "code": "FP",
        "display": "Family Planning",
        "designation": [
          {
            "language": "nl",
            "value": "Gezinsplanning"
          }
        ]
      },
      {
        "code": "O",
        "display": "Other",
        "designation": [
          {
            "language": "nl",
            "value": "Anders"
          }
        ]
      },
      {
        "code": "U",
        "display": "Unknown",
        "designation": [
          {
            "language": "nl",
            "value": "Onbekend"
          }
        ]
      }
    ]
  }
}