{"codeSystem":{"caseSensitive":false,"concept":[{"code":"E","display":"Excellent"},{"code":"F","display":"Fair"},{"code":"G","display":"Good"},{"code":"P","display":"Poor"}],"extension":[{"url":"http://hl7.org/fhir/StructureDefinition/valueset-oid","valueUri":"urn:oid:2.16.840.1.133883.18.315"}],"system":"http://hl7.org/fhir/v2/0491"},"contact":[{"telecom":[{"system":"other","value":"http://hl7.org"}]}],"description":"FHIR Value set/code system definition for HL7 v2 table 0491 ( Specimen Quality)","experimental":true,"id":"v2-0491","meta":{"profile":["http://hl7.org/fhir/StructureDefinition/valueset-shareable-definition"]},"name":"v2 Specimen Quality","publisher":"HL7, Inc","resourceType":"ValueSet","status":"active","text":{"div":"<div><p>Specimen Quality</p>\r\n<table class=\"grid\"><tr><td><b>Code</b></td><td><b>Description</b></td><td><b>Comment</b></td><td><b>Version</b></td></tr><tr><td>E<a name=\"E\"> </a></td><td>Excellent</td><td/><td>added v2.5</td></tr><tr><td>F<a name=\"F\"> </a></td><td>Fair</td><td/><td>added v2.5</td></tr><tr><td>G<a name=\"G\"> </a></td><td>Good</td><td/><td>added v2.5</td></tr><tr><td>P<a name=\"P\"> </a></td><td>Poor</td><td/><td>added v2.5</td></tr></table>\r\n</div>","status":"additional"},"url":"http://hl7.org/fhir/ValueSet/v2-0491","version":"2.8.2"}