{"codeSystem":{"caseSensitive":false,"concept":[{"code":"AP","designation":[{"language":"de","value":"Applikator"},{"language":"nl","value":"Applicator"}],"display":"Applicator"},{"code":"BT","designation":[{"language":"nl","value":"Buretrol"}],"display":"Buretrol"},{"code":"HL","designation":[{"language":"de","value":"Infusionskanüle"},{"language":"nl","value":"Heprine lock"}],"display":"Heparin Lock"},{"code":"IPPB","designation":[{"language":"de","value":"Intermittierende Überdruckbeatmung"},{"language":"nl","value":"Intermittent positive pressure breathing"}],"display":"IPPB"},{"code":"IVP","designation":[{"language":"de","value":"Perfusor"},{"language":"nl","value":"Infuuspomp"}],"display":"IV Pump"},{"code":"IVS","designation":[{"language":"de","value":"Infusionsbesteck"},{"language":"nl","value":"Infuus soluset"}],"display":"IV Soluset"},{"code":"MI","designation":[{"language":"de","value":"Inhalator"},{"language":"nl","value":"Dosis-inhalator"}],"display":"Metered Inhaler"},{"code":"NEB","designation":[{"language":"de","value":"Vernebler"},{"language":"nl","value":"Vernevelaar"}],"display":"Nebulizer"},{"code":"PCA","designation":[{"language":"de","value":"Patientengesteuerte Analgesiepumpe"},{"language":"nl","value":"PCA-pomp"}],"display":"PCA Pump"}],"extension":[{"url":"http://hl7.org/fhir/StructureDefinition/valueset-oid","valueUri":"urn:oid:2.16.840.1.133883.18.82"}],"system":"http://hl7.org/fhir/v2/0164"},"contact":[{"telecom":[{"system":"other","value":"http://hl7.org"}]}],"description":"FHIR Value set/code system definition for HL7 v2 table 0164 ( Administration Device)","experimental":true,"id":"v2-0164","meta":{"profile":["http://hl7.org/fhir/StructureDefinition/valueset-shareable-definition"]},"name":"v2 Administration Device","publisher":"HL7, Inc","resourceType":"ValueSet","status":"active","text":{"div":"<div><p>Administration Device</p>\r\n<table class=\"grid\"><tr><td><b>Code</b></td><td><b>Description</b></td><td><b>Deutsch (German)</b></td><td><b>Nederlands (Dutch)</b></td><td><b>Comment</b></td><td><b>Version</b></td></tr><tr><td>AP<a name=\"AP\"> </a></td><td>Applicator</td><td>Applikator</td><td>Applicator</td><td/><td>added v2.2</td></tr><tr><td>BT<a name=\"BT\"> </a></td><td>Buretrol</td><td></td><td>Buretrol</td><td/><td>added v2.2</td></tr><tr><td>HL<a name=\"HL\"> </a></td><td>Heparin Lock</td><td>Infusionskanüle</td><td>Heprine lock</td><td/><td>added v2.2</td></tr><tr><td>IPPB<a name=\"IPPB\"> </a></td><td>IPPB</td><td>Intermittierende Überdruckbeatmung</td><td>Intermittent positive pressure breathing</td><td/><td>added v2.2</td></tr><tr><td>IVP<a name=\"IVP\"> </a></td><td>IV Pump</td><td>Perfusor</td><td>Infuuspomp</td><td/><td>added v2.2</td></tr><tr><td>IVS<a name=\"IVS\"> </a></td><td>IV Soluset</td><td>Infusionsbesteck</td><td>Infuus soluset</td><td/><td>added v2.2</td></tr><tr><td>MI<a name=\"MI\"> </a></td><td>Metered Inhaler</td><td>Inhalator</td><td>Dosis-inhalator</td><td/><td>added v2.2</td></tr><tr><td>NEB<a name=\"NEB\"> </a></td><td>Nebulizer</td><td>Vernebler</td><td>Vernevelaar</td><td/><td>added v2.2</td></tr><tr><td>PCA<a name=\"PCA\"> </a></td><td>PCA Pump</td><td>Patientengesteuerte Analgesiepumpe</td><td>PCA-pomp</td><td/><td>added v2.2</td></tr></table>\r\n</div>","status":"additional"},"url":"http://hl7.org/fhir/ValueSet/v2-0164","version":"2.8.2"}