{
  "resourceType": "ValueSet",
  "id": "v2-0074",
  "meta": {
    "profile": [
      "http://hl7.org/fhir/StructureDefinition/valueset-shareable-definition"
    ]
  },
  "text": {
    "status": "additional",
    "div": "<div><p>Diagnostic Service Section ID</p>\r\n<table class=\"grid\"><tr><td><b>Code</b></td><td><b>Description</b></td><td><b>Deutsch (German)</b></td><td><b>Nederlands (Dutch)</b></td><td><b>Comment</b></td><td><b>Version</b></td></tr><tr><td>AU<a name=\"AU\"> </a></td><td>Audiology</td><td>Audiologie</td><td>Audiologie</td><td/><td>added v2.2</td></tr><tr><td>BG<a name=\"BG\"> </a></td><td>Blood Gases</td><td>Blutgase</td><td>Bloedgassen</td><td/><td>from v2.1</td></tr><tr><td>BLB<a name=\"BLB\"> </a></td><td>Blood Bank</td><td>Blutbank</td><td>Bloedbank</td><td/><td>added v2.2</td></tr><tr><td>CG<a name=\"CG\"> </a></td><td>Cytogenetics</td><td></td><td>Cytogenetica</td><td/><td>added v2.8.2</td></tr><tr><td>CH<a name=\"CH\"> </a></td><td>Chemistry</td><td>Klinische Chemie</td><td>Chemie</td><td/><td>from v2.1</td></tr><tr><td>CP<a name=\"CP\"> </a></td><td>Cytopathology</td><td>Zellpathologie</td><td>Cytopathologie</td><td/><td>from v2.1</td></tr><tr><td>CT<a name=\"CT\"> </a></td><td>CAT Scan</td><td>Computertomographie</td><td>CAT-scan</td><td/><td>from v2.1</td></tr><tr><td>CTH<a name=\"CTH\"> </a></td><td>Cardiac Catheterization</td><td>Herzkatheter</td><td>Hartcatetherisatie</td><td/><td>added v2.2</td></tr><tr><td>CUS<a name=\"CUS\"> </a></td><td>Cardiac Ultrasound</td><td>Kardiologische Ultraschalluntersuchung</td><td>Hart ultrasound</td><td/><td>from v2.1</td></tr><tr><td>EC<a name=\"EC\"> </a></td><td>Electrocardiac (e.g. EKG,  EEC, Holter)</td><td>Elektrokardiographie</td><td>Electrocardiac (bijv. EKG,  EEC, Holter)</td><td/><td>from v2.1</td></tr><tr><td>EN<a name=\"EN\"> </a></td><td>Electroneuro (EEG, EMG,EP,PSG)</td><td>Elektroneurographie, Elektroencephalographie</td><td>Electroneuro (EEG, EMG,EP,PSG)</td><td/><td>added v2.2</td></tr><tr><td>GE<a name=\"GE\"> </a></td><td>Genetics</td><td></td><td>Genetica</td><td/><td>added v2.8.2</td></tr><tr><td>HM<a name=\"HM\"> </a></td><td>Hematology</td><td>Hämatologie</td><td>Hematologie</td><td/><td>from v2.1</td></tr><tr><td>ICU<a name=\"ICU\"> </a></td><td>Bedside ICU Monitoring</td><td></td><td>IC monitoring naast het bed</td><td/><td>added v2.3</td></tr><tr><td>IMG<a name=\"IMG\"> </a></td><td>Diagnostic Imaging</td><td></td><td>Diagnostisch beeldvorming</td><td>deprecated</td><td>added v2.4, removed after v2.4</td></tr><tr><td>IMM<a name=\"IMM\"> </a></td><td>Immunology</td><td>Immunologie</td><td>Immunologie</td><td/><td>from v2.1</td></tr><tr><td>LAB<a name=\"LAB\"> </a></td><td>Laboratory</td><td></td><td>Laboratorium</td><td/><td>added v2.3</td></tr><tr><td>MB<a name=\"MB\"> </a></td><td>Microbiology</td><td>Mikrobiologie</td><td>Microbiologie</td><td/><td>from v2.1</td></tr><tr><td>MCB<a name=\"MCB\"> </a></td><td>Mycobacteriology</td><td>Mykobakteriologie</td><td>Mycobacteriologie</td><td/><td>from v2.1</td></tr><tr><td>MYC<a name=\"MYC\"> </a></td><td>Mycology</td><td>Mykologie</td><td>Mycology</td><td/><td>from v2.1</td></tr><tr><td>NMR<a name=\"NMR\"> </a></td><td>Nuclear Magnetic Resonance</td><td>Kernspintomographie (MR)</td><td>Nucleaire magnetisch resonantie</td><td/><td>from v2.1</td></tr><tr><td>NMS<a name=\"NMS\"> </a></td><td>Nuclear Medicine Scan</td><td>Szintigramm</td><td>Nucleaire geneeskunde scan</td><td/><td>from v2.1</td></tr><tr><td>NRS<a name=\"NRS\"> </a></td><td>Nursing Service Measures</td><td>Pflegemaßnahme</td><td>Verpleegkundige service maatregelen</td><td/><td>from v2.1</td></tr><tr><td>OSL<a name=\"OSL\"> </a></td><td>Outside Lab</td><td>Externes Labor</td><td>Outside Lab</td><td/><td>added v2.2</td></tr><tr><td>OT<a name=\"OT\"> </a></td><td>Occupational Therapy</td><td>Beschäftigungstherapie</td><td>Ergotherapie</td><td/><td>from v2.1</td></tr><tr><td>OTH<a name=\"OTH\"> </a></td><td>Other</td><td>Andere</td><td>Anders</td><td/><td>from v2.1</td></tr><tr><td>OUS<a name=\"OUS\"> </a></td><td>OB Ultrasound</td><td>Geburtshilfiche Ultraschalluntersuchung</td><td>OB Ultrasound</td><td/><td>from v2.1</td></tr><tr><td>PAR<a name=\"PAR\"> </a></td><td>Parasitology</td><td></td><td>Parasitologie</td><td>deprecated</td><td>added v2.4, removed after v2.4</td></tr><tr><td>PAT<a name=\"PAT\"> </a></td><td>Pathology (gross &amp; histopath, not surgical)</td><td></td><td>Pathologie (gross &amp; histopath, niet chirurgisch)</td><td>deprecated</td><td>added v2.4, removed after v2.4</td></tr><tr><td>PF<a name=\"PF\"> </a></td><td>Pulmonary Function</td><td>Lungenfunktion</td><td>Pulmonaire functie</td><td/><td>added v2.2</td></tr><tr><td>PHR<a name=\"PHR\"> </a></td><td>Pharmacy</td><td>Apotheke</td><td>Medicatie</td><td/><td>from v2.1</td></tr><tr><td>PHY<a name=\"PHY\"> </a></td><td>Physician (Hx. Dx, admission note, etc.)</td><td>Arzt (Krankengeschichte, Diagnose, Aufnahmeuntersuchung)</td><td>Arts (Hx. Dx, opnameverslag, etc.)</td><td/><td>added v2.2</td></tr><tr><td>PT<a name=\"PT\"> </a></td><td>Physical Therapy</td><td>physiklische Therapie</td><td>Lichamelijke oefening</td><td/><td>from v2.1</td></tr><tr><td>RAD<a name=\"RAD\"> </a></td><td>Radiology</td><td>Radiologie</td><td>Radiologie</td><td/><td>added v2.3</td></tr><tr><td>RC<a name=\"RC\"> </a></td><td>Respiratory Care (therapy)</td><td>Atemtherapie</td><td>Respiratoire zorg (therapie)</td><td/><td>from v2.1</td></tr><tr><td>RT<a name=\"RT\"> </a></td><td>Radiation Therapy</td><td>Strahlentherapie</td><td>Stralingstherapie</td><td/><td>from v2.1</td></tr><tr><td>RUS<a name=\"RUS\"> </a></td><td>Radiology Ultrasound</td><td>Radiologische Ultraschalluntersuchung</td><td>Radiologie ultrasound</td><td/><td>from v2.1</td></tr><tr><td>RX<a name=\"RX\"> </a></td><td>Radiograph</td><td>Röntgenaufnahme</td><td>Radiograph</td><td/><td>added v2.2</td></tr><tr><td>SP<a name=\"SP\"> </a></td><td>Surgical Pathology</td><td>Operative Pathologie</td><td>Chirurgische pathologie</td><td/><td>from v2.1</td></tr><tr><td>SR<a name=\"SR\"> </a></td><td>Serology</td><td>Serologie</td><td>Serologie</td><td/><td>from v2.1</td></tr><tr><td>TX<a name=\"TX\"> </a></td><td>Toxicology</td><td>Toxikologie</td><td>Toxicologie</td><td/><td>from v2.1</td></tr><tr><td>URN<a name=\"URN\"> </a></td><td>Urinalysis</td><td></td><td>Urinalyse</td><td>deprecated</td><td>added v2.4, removed after v2.4</td></tr><tr><td>VR<a name=\"VR\"> </a></td><td>Virology</td><td>Virologie</td><td>Virologie</td><td/><td>added v2.2</td></tr><tr><td>VUS<a name=\"VUS\"> </a></td><td>Vascular Ultrasound</td><td>Ultraschalluntersuchung der Gefäße</td><td>Vasculaire Ultrasound</td><td/><td>from v2.1</td></tr><tr><td>XRC<a name=\"XRC\"> </a></td><td>Cineradiograph</td><td>Röntgenkinematographie</td><td>Cineradiograph</td><td/><td>from v2.1</td></tr></table>\r\n</div>"
  },
  "url": "http://hl7.org/fhir/ValueSet/v2-0074",
  "version": "2.8.2",
  "name": "v2 Diagnostic Service Section ID",
  "status": "active",
  "experimental": true,
  "publisher": "HL7, Inc",
  "contact": [
    {
      "telecom": [
        {
          "system": "other",
          "value": "http://hl7.org"
        }
      ]
    }
  ],
  "description": "FHIR Value set/code system definition for HL7 v2 table 0074 ( Diagnostic Service Section ID)",
  "codeSystem": {
    "extension": [
      {
        "url": "http://hl7.org/fhir/StructureDefinition/valueset-oid",
        "valueUri": "urn:oid:2.16.840.1.133883.18.29"
      }
    ],
    "system": "http://hl7.org/fhir/v2/0074",
    "caseSensitive": false,
    "concept": [
      {
        "code": "AU",
        "display": "Audiology",
        "designation": [
          {
            "language": "de",
            "value": "Audiologie"
          },
          {
            "language": "nl",
            "value": "Audiologie"
          }
        ]
      },
      {
        "code": "BG",
        "display": "Blood Gases",
        "designation": [
          {
            "language": "de",
            "value": "Blutgase"
          },
          {
            "language": "nl",
            "value": "Bloedgassen"
          }
        ]
      },
      {
        "code": "BLB",
        "display": "Blood Bank",
        "designation": [
          {
            "language": "de",
            "value": "Blutbank"
          },
          {
            "language": "nl",
            "value": "Bloedbank"
          }
        ]
      },
      {
        "code": "CG",
        "display": "Cytogenetics",
        "designation": [
          {
            "language": "nl",
            "value": "Cytogenetica"
          }
        ]
      },
      {
        "code": "CH",
        "display": "Chemistry",
        "designation": [
          {
            "language": "de",
            "value": "Klinische Chemie"
          },
          {
            "language": "nl",
            "value": "Chemie"
          }
        ]
      },
      {
        "code": "CP",
        "display": "Cytopathology",
        "designation": [
          {
            "language": "de",
            "value": "Zellpathologie"
          },
          {
            "language": "nl",
            "value": "Cytopathologie"
          }
        ]
      },
      {
        "code": "CT",
        "display": "CAT Scan",
        "designation": [
          {
            "language": "de",
            "value": "Computertomographie"
          },
          {
            "language": "nl",
            "value": "CAT-scan"
          }
        ]
      },
      {
        "code": "CTH",
        "display": "Cardiac Catheterization",
        "designation": [
          {
            "language": "de",
            "value": "Herzkatheter"
          },
          {
            "language": "nl",
            "value": "Hartcatetherisatie"
          }
        ]
      },
      {
        "code": "CUS",
        "display": "Cardiac Ultrasound",
        "designation": [
          {
            "language": "de",
            "value": "Kardiologische Ultraschalluntersuchung"
          },
          {
            "language": "nl",
            "value": "Hart ultrasound"
          }
        ]
      },
      {
        "code": "EC",
        "display": "Electrocardiac (e.g. EKG,  EEC, Holter)",
        "designation": [
          {
            "language": "de",
            "value": "Elektrokardiographie"
          },
          {
            "language": "nl",
            "value": "Electrocardiac (bijv. EKG,  EEC, Holter)"
          }
        ]
      },
      {
        "code": "EN",
        "display": "Electroneuro (EEG, EMG,EP,PSG)",
        "designation": [
          {
            "language": "de",
            "value": "Elektroneurographie, Elektroencephalographie"
          },
          {
            "language": "nl",
            "value": "Electroneuro (EEG, EMG,EP,PSG)"
          }
        ]
      },
      {
        "code": "GE",
        "display": "Genetics",
        "designation": [
          {
            "language": "nl",
            "value": "Genetica"
          }
        ]
      },
      {
        "code": "HM",
        "display": "Hematology",
        "designation": [
          {
            "language": "de",
            "value": "Hämatologie"
          },
          {
            "language": "nl",
            "value": "Hematologie"
          }
        ]
      },
      {
        "code": "ICU",
        "display": "Bedside ICU Monitoring",
        "designation": [
          {
            "language": "nl",
            "value": "IC monitoring naast het bed"
          }
        ]
      },
      {
        "extension": [
          {
            "url": "http://hl7.org/fhir/StructureDefinition/valueset-deprecated",
            "valueBoolean": true
          }
        ],
        "code": "IMG",
        "display": "Diagnostic Imaging",
        "designation": [
          {
            "language": "nl",
            "value": "Diagnostisch beeldvorming"
          }
        ]
      },
      {
        "code": "IMM",
        "display": "Immunology",
        "designation": [
          {
            "language": "de",
            "value": "Immunologie"
          },
          {
            "language": "nl",
            "value": "Immunologie"
          }
        ]
      },
      {
        "code": "LAB",
        "display": "Laboratory",
        "designation": [
          {
            "language": "nl",
            "value": "Laboratorium"
          }
        ]
      },
      {
        "code": "MB",
        "display": "Microbiology",
        "designation": [
          {
            "language": "de",
            "value": "Mikrobiologie"
          },
          {
            "language": "nl",
            "value": "Microbiologie"
          }
        ]
      },
      {
        "code": "MCB",
        "display": "Mycobacteriology",
        "designation": [
          {
            "language": "de",
            "value": "Mykobakteriologie"
          },
          {
            "language": "nl",
            "value": "Mycobacteriologie"
          }
        ]
      },
      {
        "code": "MYC",
        "display": "Mycology",
        "designation": [
          {
            "language": "de",
            "value": "Mykologie"
          },
          {
            "language": "nl",
            "value": "Mycology"
          }
        ]
      },
      {
        "code": "NMR",
        "display": "Nuclear Magnetic Resonance",
        "designation": [
          {
            "language": "de",
            "value": "Kernspintomographie (MR)"
          },
          {
            "language": "nl",
            "value": "Nucleaire magnetisch resonantie"
          }
        ]
      },
      {
        "code": "NMS",
        "display": "Nuclear Medicine Scan",
        "designation": [
          {
            "language": "de",
            "value": "Szintigramm"
          },
          {
            "language": "nl",
            "value": "Nucleaire geneeskunde scan"
          }
        ]
      },
      {
        "code": "NRS",
        "display": "Nursing Service Measures",
        "designation": [
          {
            "language": "de",
            "value": "Pflegemaßnahme"
          },
          {
            "language": "nl",
            "value": "Verpleegkundige service maatregelen"
          }
        ]
      },
      {
        "code": "OSL",
        "display": "Outside Lab",
        "designation": [
          {
            "language": "de",
            "value": "Externes Labor"
          },
          {
            "language": "nl",
            "value": "Outside Lab"
          }
        ]
      },
      {
        "code": "OT",
        "display": "Occupational Therapy",
        "designation": [
          {
            "language": "de",
            "value": "Beschäftigungstherapie"
          },
          {
            "language": "nl",
            "value": "Ergotherapie"
          }
        ]
      },
      {
        "code": "OTH",
        "display": "Other",
        "designation": [
          {
            "language": "de",
            "value": "Andere"
          },
          {
            "language": "nl",
            "value": "Anders"
          }
        ]
      },
      {
        "code": "OUS",
        "display": "OB Ultrasound",
        "designation": [
          {
            "language": "de",
            "value": "Geburtshilfiche Ultraschalluntersuchung"
          },
          {
            "language": "nl",
            "value": "OB Ultrasound"
          }
        ]
      },
      {
        "extension": [
          {
            "url": "http://hl7.org/fhir/StructureDefinition/valueset-deprecated",
            "valueBoolean": true
          }
        ],
        "code": "PAR",
        "display": "Parasitology",
        "designation": [
          {
            "language": "nl",
            "value": "Parasitologie"
          }
        ]
      },
      {
        "extension": [
          {
            "url": "http://hl7.org/fhir/StructureDefinition/valueset-deprecated",
            "valueBoolean": true
          }
        ],
        "code": "PAT",
        "display": "Pathology (gross & histopath, not surgical)",
        "designation": [
          {
            "language": "nl",
            "value": "Pathologie (gross & histopath, niet chirurgisch)"
          }
        ]
      },
      {
        "code": "PF",
        "display": "Pulmonary Function",
        "designation": [
          {
            "language": "de",
            "value": "Lungenfunktion"
          },
          {
            "language": "nl",
            "value": "Pulmonaire functie"
          }
        ]
      },
      {
        "code": "PHR",
        "display": "Pharmacy",
        "designation": [
          {
            "language": "de",
            "value": "Apotheke"
          },
          {
            "language": "nl",
            "value": "Medicatie"
          }
        ]
      },
      {
        "code": "PHY",
        "display": "Physician (Hx. Dx, admission note, etc.)",
        "designation": [
          {
            "language": "de",
            "value": "Arzt (Krankengeschichte, Diagnose, Aufnahmeuntersuchung)"
          },
          {
            "language": "nl",
            "value": "Arts (Hx. Dx, opnameverslag, etc.)"
          }
        ]
      },
      {
        "code": "PT",
        "display": "Physical Therapy",
        "designation": [
          {
            "language": "de",
            "value": "physiklische Therapie"
          },
          {
            "language": "nl",
            "value": "Lichamelijke oefening"
          }
        ]
      },
      {
        "code": "RAD",
        "display": "Radiology",
        "designation": [
          {
            "language": "de",
            "value": "Radiologie"
          },
          {
            "language": "nl",
            "value": "Radiologie"
          }
        ]
      },
      {
        "code": "RC",
        "display": "Respiratory Care (therapy)",
        "designation": [
          {
            "language": "de",
            "value": "Atemtherapie"
          },
          {
            "language": "nl",
            "value": "Respiratoire zorg (therapie)"
          }
        ]
      },
      {
        "code": "RT",
        "display": "Radiation Therapy",
        "designation": [
          {
            "language": "de",
            "value": "Strahlentherapie"
          },
          {
            "language": "nl",
            "value": "Stralingstherapie"
          }
        ]
      },
      {
        "code": "RUS",
        "display": "Radiology Ultrasound",
        "designation": [
          {
            "language": "de",
            "value": "Radiologische Ultraschalluntersuchung"
          },
          {
            "language": "nl",
            "value": "Radiologie ultrasound"
          }
        ]
      },
      {
        "code": "RX",
        "display": "Radiograph",
        "designation": [
          {
            "language": "de",
            "value": "Röntgenaufnahme"
          },
          {
            "language": "nl",
            "value": "Radiograph"
          }
        ]
      },
      {
        "code": "SP",
        "display": "Surgical Pathology",
        "designation": [
          {
            "language": "de",
            "value": "Operative Pathologie"
          },
          {
            "language": "nl",
            "value": "Chirurgische pathologie"
          }
        ]
      },
      {
        "code": "SR",
        "display": "Serology",
        "designation": [
          {
            "language": "de",
            "value": "Serologie"
          },
          {
            "language": "nl",
            "value": "Serologie"
          }
        ]
      },
      {
        "code": "TX",
        "display": "Toxicology",
        "designation": [
          {
            "language": "de",
            "value": "Toxikologie"
          },
          {
            "language": "nl",
            "value": "Toxicologie"
          }
        ]
      },
      {
        "extension": [
          {
            "url": "http://hl7.org/fhir/StructureDefinition/valueset-deprecated",
            "valueBoolean": true
          }
        ],
        "code": "URN",
        "display": "Urinalysis",
        "designation": [
          {
            "language": "nl",
            "value": "Urinalyse"
          }
        ]
      },
      {
        "code": "VR",
        "display": "Virology",
        "designation": [
          {
            "language": "de",
            "value": "Virologie"
          },
          {
            "language": "nl",
            "value": "Virologie"
          }
        ]
      },
      {
        "code": "VUS",
        "display": "Vascular Ultrasound",
        "designation": [
          {
            "language": "de",
            "value": "Ultraschalluntersuchung der Gefäße"
          },
          {
            "language": "nl",
            "value": "Vasculaire Ultrasound"
          }
        ]
      },
      {
        "code": "XRC",
        "display": "Cineradiograph",
        "designation": [
          {
            "language": "de",
            "value": "Röntgenkinematographie"
          },
          {
            "language": "nl",
            "value": "Cineradiograph"
          }
        ]
      }
    ]
  }
}