{"codeSystem":{"caseSensitive":false,"concept":[{"code":"D","display":"Department"},{"code":"F","display":"Facility"},{"code":"L","display":"Local market area","extension":[{"url":"http://hl7.org/fhir/StructureDefinition/valueset-deprecated","valueBoolean":true}]},{"code":"M","display":"Medical Center Area","extension":[{"url":"http://hl7.org/fhir/StructureDefinition/valueset-deprecated","valueBoolean":true}]},{"code":"S","display":"Subdivision"},{"code":"U","display":"Subdepartment"},{"code":"V","display":"Division"}],"extension":[{"url":"http://hl7.org/fhir/StructureDefinition/valueset-oid","valueUri":"urn:oid:2.16.840.1.133883.18.302"}],"system":"http://hl7.org/fhir/v2/0474"},"contact":[{"telecom":[{"system":"other","value":"http://hl7.org"}]}],"description":"FHIR Value set/code system definition for HL7 v2 table 0474 ( Organization Unit Type)","experimental":true,"id":"v2-0474","meta":{"profile":["http://hl7.org/fhir/StructureDefinition/valueset-shareable-definition"]},"name":"v2 Organization Unit Type","publisher":"HL7, Inc","resourceType":"ValueSet","status":"active","text":{"div":"<div><p>Organization Unit Type</p>\r\n<table class=\"grid\"><tr><td><b>Code</b></td><td><b>Description</b></td><td><b>Comment</b></td><td><b>Version</b></td></tr><tr><td>D<a name=\"D\"> </a></td><td>Department</td><td/><td>added v2.4</td></tr><tr><td>F<a name=\"F\"> </a></td><td>Facility</td><td/><td>added v2.4</td></tr><tr><td>L<a name=\"L\"> </a></td><td>Local market area</td><td>deprecated</td><td>added v2.4, removed after v2.4</td></tr><tr><td>M<a name=\"M\"> </a></td><td>Medical Center Area</td><td>deprecated</td><td>added v2.4, removed after v2.4</td></tr><tr><td>S<a name=\"S\"> </a></td><td>Subdivision</td><td/><td>added v2.4</td></tr><tr><td>U<a name=\"U\"> </a></td><td>Subdepartment</td><td/><td>added v2.4</td></tr><tr><td>V<a name=\"V\"> </a></td><td>Division</td><td/><td>added v2.4</td></tr></table>\r\n</div>","status":"additional"},"url":"http://hl7.org/fhir/ValueSet/v2-0474","version":"2.8.2"}