{
  "resourceType": "ValueSet",
  "id": "v2-0520",
  "meta": {
    "profile": [
      "http://hl7.org/fhir/StructureDefinition/valueset-shareable-definition"
    ]
  },
  "text": {
    "status": "additional",
    "div": "<div><p>Message Waiting Priority</p>\r\n<table class=\"grid\"><tr><td><b>Code</b></td><td><b>Description</b></td><td><b>Comment</b></td><td><b>Version</b></td></tr><tr><td>H<a name=\"H\"> </a></td><td>High</td><td/><td>added v2.6</td></tr><tr><td>L<a name=\"L\"> </a></td><td>Low</td><td/><td>added v2.6</td></tr><tr><td>M<a name=\"M\"> </a></td><td>Medium</td><td/><td>added v2.6</td></tr></table>\r\n</div>"
  },
  "url": "http://hl7.org/fhir/ValueSet/v2-0520",
  "version": "2.8.2",
  "name": "v2 Message Waiting Priority",
  "status": "active",
  "experimental": true,
  "publisher": "HL7, Inc",
  "contact": [
    {
      "telecom": [
        {
          "system": "other",
          "value": "http://hl7.org"
        }
      ]
    }
  ],
  "description": "FHIR Value set/code system definition for HL7 v2 table 0520 ( Message Waiting Priority)",
  "codeSystem": {
    "extension": [
      {
        "url": "http://hl7.org/fhir/StructureDefinition/valueset-oid",
        "valueUri": "urn:oid:2.16.840.1.133883.18.340"
      }
    ],
    "system": "http://hl7.org/fhir/v2/0520",
    "caseSensitive": false,
    "concept": [
      {
        "code": "H",
        "display": "High"
      },
      {
        "code": "L",
        "display": "Low"
      },
      {
        "code": "M",
        "display": "Medium"
      }
    ]
  }
}