{
  "resourceType": "ValueSet",
  "id": "v2-0185",
  "meta": {
    "profile": [
      "http://hl7.org/fhir/StructureDefinition/valueset-shareable-definition"
    ]
  },
  "text": {
    "status": "additional",
    "div": "<div><p>Preferred Method of Contact</p>\r\n<table class=\"grid\"><tr><td><b>Code</b></td><td><b>Description</b></td><td><b>Deutsch (German)</b></td><td><b>Nederlands (Dutch)</b></td><td><b>Comment</b></td><td><b>Version</b></td></tr><tr><td>B<a name=\"B\"> </a></td><td>Beeper Number</td><td>Beeper</td><td>Beeper-nummer</td><td/><td>added v2.2</td></tr><tr><td>C<a name=\"C\"> </a></td><td>Cellular Phone Number</td><td>Handy</td><td>Mobiele telefoonummer</td><td/><td>added v2.2</td></tr><tr><td>E<a name=\"E\"> </a></td><td>E-Mail Address (for backward compatibility)</td><td>E-Mail-Adresse</td><td>E-mailadres (alleen voor backward compatibiliteit)</td><td/><td>added v2.2</td></tr><tr><td>F<a name=\"F\"> </a></td><td>FAX Number</td><td>Fax</td><td>Faxnummer</td><td/><td>added v2.2</td></tr><tr><td>H<a name=\"H\"> </a></td><td>Home Phone Number</td><td>private Telefonnummer</td><td>Privé telefoonummer</td><td/><td>added v2.2</td></tr><tr><td>O<a name=\"O\"> </a></td><td>Office Phone Number</td><td>Dienstliche Telefonnummer</td><td>Werk telefoonnummer</td><td/><td>added v2.2</td></tr></table>\r\n</div>"
  },
  "url": "http://hl7.org/fhir/ValueSet/v2-0185",
  "version": "2.8.2",
  "name": "v2 Preferred Method of Contact",
  "status": "active",
  "experimental": true,
  "publisher": "HL7, Inc",
  "contact": [
    {
      "telecom": [
        {
          "system": "other",
          "value": "http://hl7.org"
        }
      ]
    }
  ],
  "description": "FHIR Value set/code system definition for HL7 v2 table 0185 ( Preferred Method of Contact)",
  "codeSystem": {
    "extension": [
      {
        "url": "http://hl7.org/fhir/StructureDefinition/valueset-oid",
        "valueUri": "urn:oid:2.16.840.1.133883.18.98"
      }
    ],
    "system": "http://hl7.org/fhir/v2/0185",
    "caseSensitive": false,
    "concept": [
      {
        "code": "B",
        "display": "Beeper Number",
        "designation": [
          {
            "language": "de",
            "value": "Beeper"
          },
          {
            "language": "nl",
            "value": "Beeper-nummer"
          }
        ]
      },
      {
        "code": "C",
        "display": "Cellular Phone Number",
        "designation": [
          {
            "language": "de",
            "value": "Handy"
          },
          {
            "language": "nl",
            "value": "Mobiele telefoonummer"
          }
        ]
      },
      {
        "code": "E",
        "display": "E-Mail Address (for backward compatibility)",
        "designation": [
          {
            "language": "de",
            "value": "E-Mail-Adresse"
          },
          {
            "language": "nl",
            "value": "E-mailadres (alleen voor backward compatibiliteit)"
          }
        ]
      },
      {
        "code": "F",
        "display": "FAX Number",
        "designation": [
          {
            "language": "de",
            "value": "Fax"
          },
          {
            "language": "nl",
            "value": "Faxnummer"
          }
        ]
      },
      {
        "code": "H",
        "display": "Home Phone Number",
        "designation": [
          {
            "language": "de",
            "value": "private Telefonnummer"
          },
          {
            "language": "nl",
            "value": "Privé telefoonummer"
          }
        ]
      },
      {
        "code": "O",
        "display": "Office Phone Number",
        "designation": [
          {
            "language": "de",
            "value": "Dienstliche Telefonnummer"
          },
          {
            "language": "nl",
            "value": "Werk telefoonnummer"
          }
        ]
      }
    ]
  }
}