{
  "resourceType": "ValueSet",
  "id": "v2-0078",
  "meta": {
    "profile": [
      "http://hl7.org/fhir/StructureDefinition/valueset-shareable-definition"
    ]
  },
  "text": {
    "status": "additional",
    "div": "<div><p>Interpretation Codes</p>\r\n<table class=\"grid\"><tr><td><b>Code</b></td><td><b>Description</b></td><td><b>Deutsch (German)</b></td><td><b>Nederlands (Dutch)</b></td><td><b>Comment</b></td><td><b>Version</b></td></tr><tr><td>&lt;<a name=\".60\"> </a></td><td>Off scale low</td><td>Unter Meßbereich (Extremwertverletzung)</td><td>Onder absolute ondergrens instrumentschaal</td><td>The result is below the minimum detection limit (the test procedure or equipment is the limiting factor).&lt;p&gt;Synonyms: Below analytical limit, low off scale</td><td>from v2.1</td></tr><tr><td>&gt;<a name=\".62\"> </a></td><td>Off scale high</td><td>Über Meßbereich (Extremwertverletzung)</td><td>Boven absolute bovengrens instrumentschaal</td><td>The result is above the maximum quantifiable limit (the test procedure or equipment is the limiting factor).&lt;p&gt;Synonyms: Above analytical limit, high off scale</td><td>added v2.2</td></tr><tr><td>A<a name=\"A\"> </a></td><td>Abnormal</td><td>anormal (nicht numerisch)</td><td>Abnormaal</td><td>The result or observation value is outside the reference range or expected norm (as defined for the respective test procedure).&lt;p&gt;Note: Typically applies to non-numeric results.</td><td>from v2.1</td></tr><tr><td>AA<a name=\"AA\"> </a></td><td>Critically abnormal</td><td>Pathologisch (nicht numerisch)</td><td>Kritiek abnormaal</td><td>The result or observation value is outside a reference range or expected norm at a level at which immediate action should be considered for patient safety (as defined for the respective test procedure).&lt;p&gt;[Note: Typically applies to non-numeric results.  </td><td>from v2.1</td></tr><tr><td>AC<a name=\"AC\"> </a></td><td>Anti-complementary substances present</td><td></td><td>Anti-complementaire stoffen aanwezig</td><td>Deprecated</td><td>added v2.7</td></tr><tr><td>B<a name=\"B\"> </a></td><td>Better</td><td>Verbesserung</td><td>Beter</td><td>The current result or observation value has improved compared to the previous result or observation value (the change is significant as defined in the respective test procedure).&lt;p&gt;Note: This can be applied to quantitative or qualitative observations.</td><td>added v2.2</td></tr><tr><td>D<a name=\"D\"> </a></td><td>Significant change down</td><td>Deutlicher Trend nach unten</td><td>Significante wijzging omlaag</td><td>The current result has decreased from the previous result for a quantitative observation (the change is significant as defined in the respective test procedure).</td><td>from v2.1</td></tr><tr><td>DET<a name=\"DET\"> </a></td><td>Detected</td><td></td><td>Gedetecteerd</td><td>The measurement of the specified component / analyte, organism or clinical sign above the limit of detection of the performed test or procedure.</td><td>added v2.7</td></tr><tr><td>H<a name=\"H\"> </a></td><td>High</td><td>Oberhalb oberer Grenze Referenzbereich</td><td>Hoog</td><td>The result for a quantitative observation is above the upper limit of the reference range (as defined for the respective test procedure).&lt;p&gt;Synonym: Above high normal</td><td>from v2.1</td></tr><tr><td>HH<a name=\"HH\"> </a></td><td>Critically high</td><td>Oberhalb oberer pathologischer Grenze</td><td>Kritiek hoog</td><td>The result for a quantitative observation is above a reference level at which immediate action should be considered for patient safety (as defined for the respective test procedure).&lt;p&gt;Synonym: Above upper panic limits</td><td>from v2.1</td></tr><tr><td>HM<a name=\"HM\"> </a></td><td>Hold for Medical Review</td><td></td><td>Vastgehouden voor medische review</td><td>Deprecated</td><td>added v2.8</td></tr><tr><td>HU<a name=\"HU\"> </a></td><td>Very high</td><td></td><td>Zeer hoog</td><td>Significantly high: A test result that is significantly higher than the reference (normal) or therapeutic interval, butÂ&nbsp;has not reached theÂ&nbsp;criticallyÂ&nbsp;high valueÂ&nbsp;andÂ&nbsp;might need special attention, as defined by the laboratory or the clinician.&lt;p&gt;Note:</td><td>added v2.8.2</td></tr><tr><td>I<a name=\"I\"> </a></td><td>Intermediate</td><td>Intermediär</td><td>Gemiddeld</td><td>Bacterial strain inhibited in vitro by a&lt;p&gt;concentration of an antimicrobial agent that is associated with&lt;p&gt;uncertain therapeutic effect.&lt;p&gt;Reference: CLSI (http://www.clsi.org/Content/NavigationMenu/Resources/HarmonizedTerminologyDatabase/Harmonized_Ter</td><td>from v2.1</td></tr><tr><td>IE<a name=\"IE\"> </a></td><td>Insufficient evidence</td><td></td><td>Onvoldoende bewijs</td><td>There is insufficient evidence that the species in question is a good target for therapy with the drug.  A categorical interpretation is not possible.&lt;p&gt;Reference: EUCAST&lt;p&gt;Note: A MIC with &quot;IE&quot; and/or a comment may be reported (without an accompanying S,</td><td>added v2.8.2</td></tr><tr><td>IND<a name=\"IND\"> </a></td><td>Indeterminate</td><td></td><td>Onbepaald</td><td>The specified component / analyte, organism or clinical sign could neither be declared positive / negative or detected / not detected by the performed test or procedure.</td><td>added v2.7</td></tr><tr><td>L<a name=\"L\"> </a></td><td>Low</td><td>Unterhalb unterer Grenze Referenzbereich</td><td>Laag</td><td>The result for a quantitative observation is below the lower limit of the reference range (as defined for the respective test procedure).&lt;p&gt;Synonym: Below low normal</td><td>added v2.2</td></tr><tr><td>LL<a name=\"LL\"> </a></td><td>Critically low</td><td>Unterhalb unterer pathologischer Grenze</td><td>Kritiek laag</td><td>The result for a quantitative observation is below a reference level at which immediate action should be considered for patient safety (as defined for the respective test procedure).&lt;p&gt;Synonym: Below lower panic limits</td><td>from v2.1</td></tr><tr><td>LU<a name=\"LU\"> </a></td><td>Very low</td><td></td><td>Zeer laag</td><td>Significantly low: A test result that is significantly lower than the reference (normal) or therapeutic interval, butÂ&nbsp;has not reached theÂ&nbsp;criticallyÂ&nbsp;low valueÂ&nbsp;andÂ&nbsp;mightÂ&nbsp;need special attention, as defined by the laboratory or the clinician.&lt;p&gt;Note: T</td><td>added v2.8.2</td></tr><tr><td>MS<a name=\"MS\"> </a></td><td>Moderately susceptible. Indicates for microbiology susceptibilities only.</td><td>mäßig empfindlich</td><td>Gemiddeld gevoelig. Alleen voor microbiologische gevoeligheid.</td><td>Deprecated - CLSI now only supports S, I &amp; R. This information can be found in CLSI document M100-S22;  Vol. 32 No.3;  CLSI Performance&lt;p&gt;Standards for Antimicrobial Susceptibility Testing; Twenty-Second Informational Supplement.  Jan 2012.</td><td>from v2.1</td></tr><tr><td>N<a name=\"N\"> </a></td><td>Normal</td><td>Normal (nicht numerisch)</td><td>Normaal</td><td>The result or observation value is within the reference range or expected norm (as defined for the respective test procedure).&lt;p&gt;Note: Applies to numeric or non-numeric results.</td><td>added v2.2</td></tr><tr><td>ND<a name=\"ND\"> </a></td><td>Not Detected</td><td></td><td>Niet-gedetecteerd</td><td>The presence of the specified component / analyte, organism or clinical sign could not be determined  within the limit of detection of the performed test or procedure.</td><td>added v2.7</td></tr><tr><td>NEG<a name=\"NEG\"> </a></td><td>Negative</td><td></td><td>Negatief</td><td>An absence finding of the specified component / analyte, organism or clinical sign based on the established threshold of the performed test or procedure.&lt;p&gt;Note: Negative does not necessarily imply the complete absence of the specified item.</td><td>added v2.7</td></tr><tr><td>NR<a name=\"NR\"> </a></td><td>Non-reactive</td><td></td><td>Niet-reactief</td><td>An absence finding used to indicate that the specified component / analyte did not react measurably with the reagent.</td><td>added v2.7</td></tr><tr><td>NS<a name=\"NS\"> </a></td><td>Non-susceptible</td><td></td><td>Niet-gevoelig</td><td>A category used for isolates for which only a susceptible interpretive criterion has been designated because of the absence or rare occurrence of resistant strains. Isolates that have MICs above or zone diameters below the value indicated for the suscepti</td><td>added v2.8.2</td></tr><tr><td>OBX<a name=\"OBX\"> </a></td><td>Interpretation qualifiers in separate OBX segments</td><td></td><td>Interpretatie qualifiers in afzonderlijke OBX-segmenten</td><td>Deprecated</td><td>added v2.8</td></tr><tr><td>POS<a name=\"POS\"> </a></td><td>Positive</td><td></td><td>Positief</td><td>A presence finding of the specified component / analyte, organism or clinical sign based on the established threshold of the performed test or procedure.</td><td>added v2.7</td></tr><tr><td>QCF<a name=\"QCF\"> </a></td><td>Quality Control Failure</td><td></td><td>Kwaliteitscontrole fout</td><td>Deprecated</td><td>added v2.7</td></tr><tr><td>R<a name=\"R\"> </a></td><td>Resistant</td><td>Resistent</td><td>Resistent</td><td>Bacterial strain inhibited in vitro by a concentration of an antimicrobial agent that is associated with a high likelihood of therapeutic failure.&lt;p&gt;Reference: CLSI (http://www.clsi.org/Content/NavigationMenu/Resources/HarmonizedTerminologyDatabase/Harmon</td><td>from v2.1</td></tr><tr><td>RR<a name=\"RR\"> </a></td><td>Reactive</td><td></td><td>Reactief</td><td>A presence finding used to indicate that the specified component / analyte reacted with the reagent above the reliably measurable limit of the performed test.</td><td>added v2.7</td></tr><tr><td>S<a name=\"S\"> </a></td><td>Susceptible</td><td>Empfindlich</td><td>Gevoelig</td><td>Bacterial strain inhibited by in vitro concentration of an antimicrobial agent that is associated with a high likelihood of therapeutic success.&lt;p&gt;Reference: CLSI (http://www.clsi.org/Content/NavigationMenu/Resources/HarmonizedTerminologyDatabase/Harmoniz</td><td>from v2.1</td></tr><tr><td>SDD<a name=\"SDD\"> </a></td><td>Susceptible-dose dependent</td><td></td><td>Gevoelig dosis-afhankelijk</td><td>A category that includes isolates with antimicrobial agent minimum inhibitory concentrations (MICs) that approach usually attainable blood and tissue levels and for which response rates may be lower than for susceptible isolates.&lt;p&gt;Reference: CLSI documen</td><td>added v2.8.2</td></tr><tr><td>SYN-R<a name=\"SYN-R\"> </a></td><td>Synergy - resistant</td><td></td><td>Synergie - resistent</td><td>A category for isolates where the bacteria (e.g. enterococci) are not susceptible in vitro to a combination therapy (e.g. high-level aminoglycoside and cell wall active agent). This is predictive that this combination therapy will not be effective.&lt;p&gt;Usa</td><td>added v2.8.2</td></tr><tr><td>SYN-S<a name=\"SYN-S\"> </a></td><td>Synergy - susceptible</td><td></td><td>Synergie - gevoelig</td><td>A category for isolates where the bacteria (e.g. enterococci) are susceptible in vitro to a combination therapy (e.g. high-level aminoglycoside and cell wall active agent). This is predictive that this combination therapy will be effective.&lt;p&gt;Usage Note:</td><td>added v2.8.2</td></tr><tr><td>TOX<a name=\"TOX\"> </a></td><td>Cytotoxic substance present</td><td></td><td>Cytotoxische stoffen aanwezig</td><td>Deprecated</td><td>added v2.7</td></tr><tr><td>U<a name=\"U\"> </a></td><td>Significant change up</td><td>Deutlicher Trend nach oben</td><td>Significante wijzging omhoog</td><td>The current result has increased from the previous result for a quantitative observation (the change is significant as defined in the respective test procedure).</td><td>from v2.1</td></tr><tr><td>VS<a name=\"VS\"> </a></td><td>Very susceptible. Indicates for microbiology susceptibilities only.</td><td>Sehr empfindlich</td><td>Zeer gevoelig. Alleen voor microbiologische gevoeligheid.</td><td>Deprecated - CLSI now only supports S, I &amp; R. This information can be found in CLSI document M100-S22;  Vol. 32 No.3;  CLSI Performance&lt;p&gt;Standards for Antimicrobial Susceptibility Testing; Twenty-Second Informational Supplement.  Jan 2012.</td><td>from v2.1</td></tr><tr><td>W<a name=\"W\"> </a></td><td>Worse</td><td>Verschlechterung</td><td>Slechter</td><td>The current result or observation value has degraded compared to the previous result or observation value (the change is significant as defined in the respective test procedure).&lt;p&gt;Note: This can be applied to quantitative or qualitative observations.</td><td>added v2.2</td></tr><tr><td>WR<a name=\"WR\"> </a></td><td>Weakly reactive</td><td></td><td>Zwak reactief</td><td>A weighted presence finding used to indicate that the specified component / analyte reacted with the reagent, but below the reliably measurable limit of the performed test.</td><td>added v2.7</td></tr><tr><td>null<a name=\"null\"> </a></td><td>No range defined, or normal ranges don't apply</td><td>Kein Referenzbereich / Referenzbereich nicht anwendbar</td><td>Geen referentiewaarden gedefinieerd of normale waarden niet van toepassing</td><td>Deprecated</td><td>from v2.1</td></tr></table>\r\n</div>"
  },
  "url": "http://hl7.org/fhir/ValueSet/v2-0078",
  "version": "2.8.2",
  "name": "v2 Interpretation Codes",
  "status": "active",
  "experimental": true,
  "publisher": "HL7, Inc",
  "contact": [
    {
      "telecom": [
        {
          "system": "other",
          "value": "http://hl7.org"
        }
      ]
    }
  ],
  "description": "FHIR Value set/code system definition for HL7 v2 table 0078 ( Interpretation Codes)",
  "codeSystem": {
    "extension": [
      {
        "url": "http://hl7.org/fhir/StructureDefinition/valueset-oid",
        "valueUri": "urn:oid:2.16.840.1.133883.18.31"
      }
    ],
    "system": "http://hl7.org/fhir/v2/0078",
    "caseSensitive": false,
    "concept": [
      {
        "extension": [
          {
            "url": "http://hl7.org/fhir/StructureDefinition/valueset-comments",
            "valueString": "The result is below the minimum detection limit (the test procedure or equipment is the limiting factor).<p>Synonyms: Below analytical limit, low off scale"
          }
        ],
        "code": "<",
        "display": "Off scale low",
        "designation": [
          {
            "language": "de",
            "value": "Unter Meßbereich (Extremwertverletzung)"
          },
          {
            "language": "nl",
            "value": "Onder absolute ondergrens instrumentschaal"
          }
        ]
      },
      {
        "extension": [
          {
            "url": "http://hl7.org/fhir/StructureDefinition/valueset-comments",
            "valueString": "The result is above the maximum quantifiable limit (the test procedure or equipment is the limiting factor).<p>Synonyms: Above analytical limit, high off scale"
          }
        ],
        "code": ">",
        "display": "Off scale high",
        "designation": [
          {
            "language": "de",
            "value": "Über Meßbereich (Extremwertverletzung)"
          },
          {
            "language": "nl",
            "value": "Boven absolute bovengrens instrumentschaal"
          }
        ]
      },
      {
        "extension": [
          {
            "url": "http://hl7.org/fhir/StructureDefinition/valueset-comments",
            "valueString": "The result or observation value is outside the reference range or expected norm (as defined for the respective test procedure).<p>Note: Typically applies to non-numeric results."
          }
        ],
        "code": "A",
        "display": "Abnormal",
        "designation": [
          {
            "language": "de",
            "value": "anormal (nicht numerisch)"
          },
          {
            "language": "nl",
            "value": "Abnormaal"
          }
        ]
      },
      {
        "extension": [
          {
            "url": "http://hl7.org/fhir/StructureDefinition/valueset-comments",
            "valueString": "The result or observation value is outside a reference range or expected norm at a level at which immediate action should be considered for patient safety (as defined for the respective test procedure).<p>[Note: Typically applies to non-numeric results.  "
          }
        ],
        "code": "AA",
        "display": "Critically abnormal",
        "designation": [
          {
            "language": "de",
            "value": "Pathologisch (nicht numerisch)"
          },
          {
            "language": "nl",
            "value": "Kritiek abnormaal"
          }
        ]
      },
      {
        "extension": [
          {
            "url": "http://hl7.org/fhir/StructureDefinition/valueset-comments",
            "valueString": "Deprecated"
          },
          {
            "url": "http://hl7.org/fhir/StructureDefinition/valueset-deprecated",
            "valueBoolean": true
          }
        ],
        "code": "AC",
        "display": "Anti-complementary substances present",
        "designation": [
          {
            "language": "nl",
            "value": "Anti-complementaire stoffen aanwezig"
          }
        ]
      },
      {
        "extension": [
          {
            "url": "http://hl7.org/fhir/StructureDefinition/valueset-comments",
            "valueString": "The current result or observation value has improved compared to the previous result or observation value (the change is significant as defined in the respective test procedure).<p>Note: This can be applied to quantitative or qualitative observations."
          }
        ],
        "code": "B",
        "display": "Better",
        "designation": [
          {
            "language": "de",
            "value": "Verbesserung"
          },
          {
            "language": "nl",
            "value": "Beter"
          }
        ]
      },
      {
        "extension": [
          {
            "url": "http://hl7.org/fhir/StructureDefinition/valueset-comments",
            "valueString": "The current result has decreased from the previous result for a quantitative observation (the change is significant as defined in the respective test procedure)."
          }
        ],
        "code": "D",
        "display": "Significant change down",
        "designation": [
          {
            "language": "de",
            "value": "Deutlicher Trend nach unten"
          },
          {
            "language": "nl",
            "value": "Significante wijzging omlaag"
          }
        ]
      },
      {
        "extension": [
          {
            "url": "http://hl7.org/fhir/StructureDefinition/valueset-comments",
            "valueString": "The measurement of the specified component / analyte, organism or clinical sign above the limit of detection of the performed test or procedure."
          }
        ],
        "code": "DET",
        "display": "Detected",
        "designation": [
          {
            "language": "nl",
            "value": "Gedetecteerd"
          }
        ]
      },
      {
        "extension": [
          {
            "url": "http://hl7.org/fhir/StructureDefinition/valueset-comments",
            "valueString": "The result for a quantitative observation is above the upper limit of the reference range (as defined for the respective test procedure).<p>Synonym: Above high normal"
          }
        ],
        "code": "H",
        "display": "High",
        "designation": [
          {
            "language": "de",
            "value": "Oberhalb oberer Grenze Referenzbereich"
          },
          {
            "language": "nl",
            "value": "Hoog"
          }
        ]
      },
      {
        "extension": [
          {
            "url": "http://hl7.org/fhir/StructureDefinition/valueset-comments",
            "valueString": "The result for a quantitative observation is above a reference level at which immediate action should be considered for patient safety (as defined for the respective test procedure).<p>Synonym: Above upper panic limits"
          }
        ],
        "code": "HH",
        "display": "Critically high",
        "designation": [
          {
            "language": "de",
            "value": "Oberhalb oberer pathologischer Grenze"
          },
          {
            "language": "nl",
            "value": "Kritiek hoog"
          }
        ]
      },
      {
        "extension": [
          {
            "url": "http://hl7.org/fhir/StructureDefinition/valueset-comments",
            "valueString": "Deprecated"
          },
          {
            "url": "http://hl7.org/fhir/StructureDefinition/valueset-deprecated",
            "valueBoolean": true
          }
        ],
        "code": "HM",
        "display": "Hold for Medical Review",
        "designation": [
          {
            "language": "nl",
            "value": "Vastgehouden voor medische review"
          }
        ]
      },
      {
        "extension": [
          {
            "url": "http://hl7.org/fhir/StructureDefinition/valueset-comments",
            "valueString": "Significantly high: A test result that is significantly higher than the reference (normal) or therapeutic interval, butÂ has not reached theÂ criticallyÂ high valueÂ andÂ might need special attention, as defined by the laboratory or the clinician.<p>Note:"
          }
        ],
        "code": "HU",
        "display": "Very high",
        "designation": [
          {
            "language": "nl",
            "value": "Zeer hoog"
          }
        ]
      },
      {
        "extension": [
          {
            "url": "http://hl7.org/fhir/StructureDefinition/valueset-comments",
            "valueString": "Bacterial strain inhibited in vitro by a<p>concentration of an antimicrobial agent that is associated with<p>uncertain therapeutic effect.<p>Reference: CLSI (http://www.clsi.org/Content/NavigationMenu/Resources/HarmonizedTerminologyDatabase/Harmonized_Ter"
          }
        ],
        "code": "I",
        "display": "Intermediate",
        "designation": [
          {
            "language": "de",
            "value": "Intermediär"
          },
          {
            "language": "nl",
            "value": "Gemiddeld"
          }
        ]
      },
      {
        "extension": [
          {
            "url": "http://hl7.org/fhir/StructureDefinition/valueset-comments",
            "valueString": "There is insufficient evidence that the species in question is a good target for therapy with the drug.  A categorical interpretation is not possible.<p>Reference: EUCAST<p>Note: A MIC with \"IE\" and/or a comment may be reported (without an accompanying S,"
          }
        ],
        "code": "IE",
        "display": "Insufficient evidence",
        "designation": [
          {
            "language": "nl",
            "value": "Onvoldoende bewijs"
          }
        ]
      },
      {
        "extension": [
          {
            "url": "http://hl7.org/fhir/StructureDefinition/valueset-comments",
            "valueString": "The specified component / analyte, organism or clinical sign could neither be declared positive / negative or detected / not detected by the performed test or procedure."
          }
        ],
        "code": "IND",
        "display": "Indeterminate",
        "designation": [
          {
            "language": "nl",
            "value": "Onbepaald"
          }
        ]
      },
      {
        "extension": [
          {
            "url": "http://hl7.org/fhir/StructureDefinition/valueset-comments",
            "valueString": "The result for a quantitative observation is below the lower limit of the reference range (as defined for the respective test procedure).<p>Synonym: Below low normal"
          }
        ],
        "code": "L",
        "display": "Low",
        "designation": [
          {
            "language": "de",
            "value": "Unterhalb unterer Grenze Referenzbereich"
          },
          {
            "language": "nl",
            "value": "Laag"
          }
        ]
      },
      {
        "extension": [
          {
            "url": "http://hl7.org/fhir/StructureDefinition/valueset-comments",
            "valueString": "The result for a quantitative observation is below a reference level at which immediate action should be considered for patient safety (as defined for the respective test procedure).<p>Synonym: Below lower panic limits"
          }
        ],
        "code": "LL",
        "display": "Critically low",
        "designation": [
          {
            "language": "de",
            "value": "Unterhalb unterer pathologischer Grenze"
          },
          {
            "language": "nl",
            "value": "Kritiek laag"
          }
        ]
      },
      {
        "extension": [
          {
            "url": "http://hl7.org/fhir/StructureDefinition/valueset-comments",
            "valueString": "Significantly low: A test result that is significantly lower than the reference (normal) or therapeutic interval, butÂ has not reached theÂ criticallyÂ low valueÂ andÂ mightÂ need special attention, as defined by the laboratory or the clinician.<p>Note: T"
          }
        ],
        "code": "LU",
        "display": "Very low",
        "designation": [
          {
            "language": "nl",
            "value": "Zeer laag"
          }
        ]
      },
      {
        "extension": [
          {
            "url": "http://hl7.org/fhir/StructureDefinition/valueset-comments",
            "valueString": "Deprecated - CLSI now only supports S, I & R. This information can be found in CLSI document M100-S22;  Vol. 32 No.3;  CLSI Performance<p>Standards for Antimicrobial Susceptibility Testing; Twenty-Second Informational Supplement.  Jan 2012."
          }
        ],
        "code": "MS",
        "display": "Moderately susceptible. Indicates for microbiology susceptibilities only.",
        "designation": [
          {
            "language": "de",
            "value": "mäßig empfindlich"
          },
          {
            "language": "nl",
            "value": "Gemiddeld gevoelig. Alleen voor microbiologische gevoeligheid."
          }
        ]
      },
      {
        "extension": [
          {
            "url": "http://hl7.org/fhir/StructureDefinition/valueset-comments",
            "valueString": "The result or observation value is within the reference range or expected norm (as defined for the respective test procedure).<p>Note: Applies to numeric or non-numeric results."
          }
        ],
        "code": "N",
        "display": "Normal",
        "designation": [
          {
            "language": "de",
            "value": "Normal (nicht numerisch)"
          },
          {
            "language": "nl",
            "value": "Normaal"
          }
        ]
      },
      {
        "extension": [
          {
            "url": "http://hl7.org/fhir/StructureDefinition/valueset-comments",
            "valueString": "The presence of the specified component / analyte, organism or clinical sign could not be determined  within the limit of detection of the performed test or procedure."
          }
        ],
        "code": "ND",
        "display": "Not Detected",
        "designation": [
          {
            "language": "nl",
            "value": "Niet-gedetecteerd"
          }
        ]
      },
      {
        "extension": [
          {
            "url": "http://hl7.org/fhir/StructureDefinition/valueset-comments",
            "valueString": "An absence finding of the specified component / analyte, organism or clinical sign based on the established threshold of the performed test or procedure.<p>Note: Negative does not necessarily imply the complete absence of the specified item."
          }
        ],
        "code": "NEG",
        "display": "Negative",
        "designation": [
          {
            "language": "nl",
            "value": "Negatief"
          }
        ]
      },
      {
        "extension": [
          {
            "url": "http://hl7.org/fhir/StructureDefinition/valueset-comments",
            "valueString": "An absence finding used to indicate that the specified component / analyte did not react measurably with the reagent."
          }
        ],
        "code": "NR",
        "display": "Non-reactive",
        "designation": [
          {
            "language": "nl",
            "value": "Niet-reactief"
          }
        ]
      },
      {
        "extension": [
          {
            "url": "http://hl7.org/fhir/StructureDefinition/valueset-comments",
            "valueString": "A category used for isolates for which only a susceptible interpretive criterion has been designated because of the absence or rare occurrence of resistant strains. Isolates that have MICs above or zone diameters below the value indicated for the suscepti"
          }
        ],
        "code": "NS",
        "display": "Non-susceptible",
        "designation": [
          {
            "language": "nl",
            "value": "Niet-gevoelig"
          }
        ]
      },
      {
        "extension": [
          {
            "url": "http://hl7.org/fhir/StructureDefinition/valueset-comments",
            "valueString": "Deprecated"
          },
          {
            "url": "http://hl7.org/fhir/StructureDefinition/valueset-deprecated",
            "valueBoolean": true
          }
        ],
        "code": "OBX",
        "display": "Interpretation qualifiers in separate OBX segments",
        "designation": [
          {
            "language": "nl",
            "value": "Interpretatie qualifiers in afzonderlijke OBX-segmenten"
          }
        ]
      },
      {
        "extension": [
          {
            "url": "http://hl7.org/fhir/StructureDefinition/valueset-comments",
            "valueString": "A presence finding of the specified component / analyte, organism or clinical sign based on the established threshold of the performed test or procedure."
          }
        ],
        "code": "POS",
        "display": "Positive",
        "designation": [
          {
            "language": "nl",
            "value": "Positief"
          }
        ]
      },
      {
        "extension": [
          {
            "url": "http://hl7.org/fhir/StructureDefinition/valueset-comments",
            "valueString": "Deprecated"
          },
          {
            "url": "http://hl7.org/fhir/StructureDefinition/valueset-deprecated",
            "valueBoolean": true
          }
        ],
        "code": "QCF",
        "display": "Quality Control Failure",
        "designation": [
          {
            "language": "nl",
            "value": "Kwaliteitscontrole fout"
          }
        ]
      },
      {
        "extension": [
          {
            "url": "http://hl7.org/fhir/StructureDefinition/valueset-comments",
            "valueString": "Bacterial strain inhibited in vitro by a concentration of an antimicrobial agent that is associated with a high likelihood of therapeutic failure.<p>Reference: CLSI (http://www.clsi.org/Content/NavigationMenu/Resources/HarmonizedTerminologyDatabase/Harmon"
          }
        ],
        "code": "R",
        "display": "Resistant",
        "designation": [
          {
            "language": "de",
            "value": "Resistent"
          },
          {
            "language": "nl",
            "value": "Resistent"
          }
        ]
      },
      {
        "extension": [
          {
            "url": "http://hl7.org/fhir/StructureDefinition/valueset-comments",
            "valueString": "A presence finding used to indicate that the specified component / analyte reacted with the reagent above the reliably measurable limit of the performed test."
          }
        ],
        "code": "RR",
        "display": "Reactive",
        "designation": [
          {
            "language": "nl",
            "value": "Reactief"
          }
        ]
      },
      {
        "extension": [
          {
            "url": "http://hl7.org/fhir/StructureDefinition/valueset-comments",
            "valueString": "Bacterial strain inhibited by in vitro concentration of an antimicrobial agent that is associated with a high likelihood of therapeutic success.<p>Reference: CLSI (http://www.clsi.org/Content/NavigationMenu/Resources/HarmonizedTerminologyDatabase/Harmoniz"
          }
        ],
        "code": "S",
        "display": "Susceptible",
        "designation": [
          {
            "language": "de",
            "value": "Empfindlich"
          },
          {
            "language": "nl",
            "value": "Gevoelig"
          }
        ]
      },
      {
        "extension": [
          {
            "url": "http://hl7.org/fhir/StructureDefinition/valueset-comments",
            "valueString": "A category that includes isolates with antimicrobial agent minimum inhibitory concentrations (MICs) that approach usually attainable blood and tissue levels and for which response rates may be lower than for susceptible isolates.<p>Reference: CLSI documen"
          }
        ],
        "code": "SDD",
        "display": "Susceptible-dose dependent",
        "designation": [
          {
            "language": "nl",
            "value": "Gevoelig dosis-afhankelijk"
          }
        ]
      },
      {
        "extension": [
          {
            "url": "http://hl7.org/fhir/StructureDefinition/valueset-comments",
            "valueString": "A category for isolates where the bacteria (e.g. enterococci) are not susceptible in vitro to a combination therapy (e.g. high-level aminoglycoside and cell wall active agent). This is predictive that this combination therapy will not be effective.<p>Usa"
          }
        ],
        "code": "SYN-R",
        "display": "Synergy - resistant",
        "designation": [
          {
            "language": "nl",
            "value": "Synergie - resistent"
          }
        ]
      },
      {
        "extension": [
          {
            "url": "http://hl7.org/fhir/StructureDefinition/valueset-comments",
            "valueString": "A category for isolates where the bacteria (e.g. enterococci) are susceptible in vitro to a combination therapy (e.g. high-level aminoglycoside and cell wall active agent). This is predictive that this combination therapy will be effective.<p>Usage Note:"
          }
        ],
        "code": "SYN-S",
        "display": "Synergy - susceptible",
        "designation": [
          {
            "language": "nl",
            "value": "Synergie - gevoelig"
          }
        ]
      },
      {
        "extension": [
          {
            "url": "http://hl7.org/fhir/StructureDefinition/valueset-comments",
            "valueString": "Deprecated"
          },
          {
            "url": "http://hl7.org/fhir/StructureDefinition/valueset-deprecated",
            "valueBoolean": true
          }
        ],
        "code": "TOX",
        "display": "Cytotoxic substance present",
        "designation": [
          {
            "language": "nl",
            "value": "Cytotoxische stoffen aanwezig"
          }
        ]
      },
      {
        "extension": [
          {
            "url": "http://hl7.org/fhir/StructureDefinition/valueset-comments",
            "valueString": "The current result has increased from the previous result for a quantitative observation (the change is significant as defined in the respective test procedure)."
          }
        ],
        "code": "U",
        "display": "Significant change up",
        "designation": [
          {
            "language": "de",
            "value": "Deutlicher Trend nach oben"
          },
          {
            "language": "nl",
            "value": "Significante wijzging omhoog"
          }
        ]
      },
      {
        "extension": [
          {
            "url": "http://hl7.org/fhir/StructureDefinition/valueset-comments",
            "valueString": "Deprecated - CLSI now only supports S, I & R. This information can be found in CLSI document M100-S22;  Vol. 32 No.3;  CLSI Performance<p>Standards for Antimicrobial Susceptibility Testing; Twenty-Second Informational Supplement.  Jan 2012."
          }
        ],
        "code": "VS",
        "display": "Very susceptible. Indicates for microbiology susceptibilities only.",
        "designation": [
          {
            "language": "de",
            "value": "Sehr empfindlich"
          },
          {
            "language": "nl",
            "value": "Zeer gevoelig. Alleen voor microbiologische gevoeligheid."
          }
        ]
      },
      {
        "extension": [
          {
            "url": "http://hl7.org/fhir/StructureDefinition/valueset-comments",
            "valueString": "The current result or observation value has degraded compared to the previous result or observation value (the change is significant as defined in the respective test procedure).<p>Note: This can be applied to quantitative or qualitative observations."
          }
        ],
        "code": "W",
        "display": "Worse",
        "designation": [
          {
            "language": "de",
            "value": "Verschlechterung"
          },
          {
            "language": "nl",
            "value": "Slechter"
          }
        ]
      },
      {
        "extension": [
          {
            "url": "http://hl7.org/fhir/StructureDefinition/valueset-comments",
            "valueString": "A weighted presence finding used to indicate that the specified component / analyte reacted with the reagent, but below the reliably measurable limit of the performed test."
          }
        ],
        "code": "WR",
        "display": "Weakly reactive",
        "designation": [
          {
            "language": "nl",
            "value": "Zwak reactief"
          }
        ]
      },
      {
        "extension": [
          {
            "url": "http://hl7.org/fhir/StructureDefinition/valueset-comments",
            "valueString": "Deprecated"
          },
          {
            "url": "http://hl7.org/fhir/StructureDefinition/valueset-deprecated",
            "valueBoolean": true
          }
        ],
        "code": "null",
        "display": "No range defined, or normal ranges don't apply",
        "designation": [
          {
            "language": "de",
            "value": "Kein Referenzbereich / Referenzbereich nicht anwendbar"
          },
          {
            "language": "nl",
            "value": "Geen referentiewaarden gedefinieerd of normale waarden niet van toepassing"
          }
        ]
      }
    ]
  }
}