{
  "resourceType": "ValueSet",
  "id": "v2-0392",
  "meta": {
    "profile": [
      "http://hl7.org/fhir/StructureDefinition/valueset-shareable-definition"
    ]
  },
  "text": {
    "status": "additional",
    "div": "<div><p>Match Reason</p>\r\n<table class=\"grid\"><tr><td><b>Code</b></td><td><b>Description</b></td><td><b>Nederlands (Dutch)</b></td><td><b>Comment</b></td><td><b>Version</b></td></tr><tr><td>DB<a name=\"DB\"> </a></td><td>Match on Date of Birth</td><td>Match op geboortedatum</td><td/><td>added v2.4</td></tr><tr><td>NA<a name=\"NA\"> </a></td><td>Match on Name (Alpha Match)</td><td>Match op naam (alfabetisch)</td><td/><td>added v2.4</td></tr><tr><td>NP<a name=\"NP\"> </a></td><td>Match on Name (Phonetic Match)</td><td>Match op naam (fonetisch)</td><td/><td>added v2.4</td></tr><tr><td>SS<a name=\"SS\"> </a></td><td>Match on Social Security Number</td><td>Match op SOFI-nummer</td><td/><td>added v2.4</td></tr></table>\r\n</div>"
  },
  "url": "http://hl7.org/fhir/ValueSet/v2-0392",
  "version": "2.8.2",
  "name": "v2 Match Reason",
  "status": "active",
  "experimental": true,
  "publisher": "HL7, Inc",
  "contact": [
    {
      "telecom": [
        {
          "system": "other",
          "value": "http://hl7.org"
        }
      ]
    }
  ],
  "description": "FHIR Value set/code system definition for HL7 v2 table 0392 ( Match Reason)",
  "codeSystem": {
    "extension": [
      {
        "url": "http://hl7.org/fhir/StructureDefinition/valueset-oid",
        "valueUri": "urn:oid:2.16.840.1.133883.18.243"
      }
    ],
    "system": "http://hl7.org/fhir/v2/0392",
    "caseSensitive": false,
    "concept": [
      {
        "code": "DB",
        "display": "Match on Date of Birth",
        "designation": [
          {
            "language": "nl",
            "value": "Match op geboortedatum"
          }
        ]
      },
      {
        "code": "NA",
        "display": "Match on Name (Alpha Match)",
        "designation": [
          {
            "language": "nl",
            "value": "Match op naam (alfabetisch)"
          }
        ]
      },
      {
        "code": "NP",
        "display": "Match on Name (Phonetic Match)",
        "designation": [
          {
            "language": "nl",
            "value": "Match op naam (fonetisch)"
          }
        ]
      },
      {
        "code": "SS",
        "display": "Match on Social Security Number",
        "designation": [
          {
            "language": "nl",
            "value": "Match op SOFI-nummer"
          }
        ]
      }
    ]
  }
}