{"codeSystem":{"caseSensitive":false,"concept":[{"code":"APT","display":"Appointment","extension":[{"url":"http://hl7.org/fhir/StructureDefinition/valueset-comments","valueString":"Planned act for specific time and place"}]},{"code":"ARQ","display":"Appointment Request","extension":[{"url":"http://hl7.org/fhir/StructureDefinition/valueset-comments","valueString":"Request for Booking of an Appointment"}]},{"code":"E.g. Use in Care Plans,"},{"code":"EVN","display":"Event","extension":[{"url":"http://hl7.org/fhir/StructureDefinition/valueset-comments","valueString":"Service actually happens or happened or is ongoing."}]},{"code":"EVN.CRT","display":"Event Criterion","extension":[{"url":"http://hl7.org/fhir/StructureDefinition/valueset-comments","valueString":"Criterion applying to Events for another Service to be applied.<p>This is an Act Mood Predicate."}]},{"code":"EXP","display":"Expectation","extension":[{"url":"http://hl7.org/fhir/StructureDefinition/valueset-comments","valueString":"Expecting that something will occur independently of  deliberate intent; e.g. expect a patient will discard medications."}]},{"code":"INT","display":"Intent","extension":[{"url":"http://hl7.org/fhir/StructureDefinition/valueset-comments","valueString":"Plan to perform a service"}]},{"code":"PRMS","display":"Promise","extension":[{"url":"http://hl7.org/fhir/StructureDefinition/valueset-comments","valueString":"An intent to perform a service"}]},{"code":"PRP","display":"Proposal","extension":[{"url":"http://hl7.org/fhir/StructureDefinition/valueset-comments","valueString":"Non-mandated intent to perform an act"}]},{"code":"RQO","display":"Request-Order","extension":[{"url":"http://hl7.org/fhir/StructureDefinition/valueset-comments","valueString":"Request or Order for a service"}]},{"code":"Similar uses of above moods ma"}],"extension":[{"url":"http://hl7.org/fhir/StructureDefinition/valueset-oid","valueUri":"urn:oid:2.16.840.1.133883.18.390"}],"system":"http://hl7.org/fhir/v2/0725"},"contact":[{"telecom":[{"system":"other","value":"http://hl7.org"}]}],"description":"FHIR Value set/code system definition for HL7 v2 table 0725 ( Mood Codes)","experimental":true,"id":"v2-0725","meta":{"profile":["http://hl7.org/fhir/StructureDefinition/valueset-shareable-definition"]},"name":"v2 Mood Codes","publisher":"HL7, Inc","resourceType":"ValueSet","status":"active","text":{"div":"<div><p>Mood Codes</p>\r\n<table class=\"grid\"><tr><td><b>Code</b></td><td><b>Description</b></td><td><b>Comment</b></td><td><b>Version</b></td></tr><tr><td>APT<a name=\"APT\"> </a></td><td>Appointment</td><td>Planned act for specific time and place</td><td>added v2.6</td></tr><tr><td>ARQ<a name=\"ARQ\"> </a></td><td>Appointment Request</td><td>Request for Booking of an Appointment</td><td>added v2.6</td></tr><tr><td>E.g. Use in Care Plans,<a name=\"E.46g.46UseinCarePlans.44\"> </a></td><td/><td/><td>added v2.8.1</td></tr><tr><td>EVN<a name=\"EVN\"> </a></td><td>Event</td><td>Service actually happens or happened or is ongoing.</td><td>added v2.6</td></tr><tr><td>EVN.CRT<a name=\"EVN.46CRT\"> </a></td><td>Event Criterion</td><td>Criterion applying to Events for another Service to be applied.&lt;p&gt;This is an Act Mood Predicate.</td><td>added v2.6</td></tr><tr><td>EXP<a name=\"EXP\"> </a></td><td>Expectation</td><td>Expecting that something will occur independently of  deliberate intent; e.g. expect a patient will discard medications.</td><td>added v2.6</td></tr><tr><td>INT<a name=\"INT\"> </a></td><td>Intent</td><td>Plan to perform a service</td><td>added v2.6</td></tr><tr><td>PRMS<a name=\"PRMS\"> </a></td><td>Promise</td><td>An intent to perform a service</td><td>added v2.6</td></tr><tr><td>PRP<a name=\"PRP\"> </a></td><td>Proposal</td><td>Non-mandated intent to perform an act</td><td>added v2.6</td></tr><tr><td>RQO<a name=\"RQO\"> </a></td><td>Request-Order</td><td>Request or Order for a service</td><td>added v2.6</td></tr><tr><td>Similar uses of above moods ma<a name=\"Similarusesofabovemoodsma\"> </a></td><td/><td/><td>added v2.8.1</td></tr></table>\r\n</div>","status":"additional"},"url":"http://hl7.org/fhir/ValueSet/v2-0725","version":"2.8.2"}