{
  "resourceType": "ValueSet",
  "id": "v2-0166",
  "meta": {
    "profile": [
      "http://hl7.org/fhir/StructureDefinition/valueset-shareable-definition"
    ]
  },
  "text": {
    "status": "additional",
    "div": "<div><p>RX Component Type</p>\r\n<table class=\"grid\"><tr><td><b>Code</b></td><td><b>Description</b></td><td><b>Deutsch (German)</b></td><td><b>Nederlands (Dutch)</b></td><td><b>Comment</b></td><td><b>Version</b></td></tr><tr><td>A<a name=\"A\"> </a></td><td>Additive</td><td>Additiv</td><td>Additief</td><td/><td>added v2.2</td></tr><tr><td>B<a name=\"B\"> </a></td><td>Base</td><td>Basissubstanz</td><td>Basis</td><td/><td>added v2.2</td></tr></table>\r\n</div>"
  },
  "url": "http://hl7.org/fhir/ValueSet/v2-0166",
  "version": "2.8.2",
  "name": "v2 RX Component Type",
  "status": "active",
  "experimental": true,
  "publisher": "HL7, Inc",
  "contact": [
    {
      "telecom": [
        {
          "system": "other",
          "value": "http://hl7.org"
        }
      ]
    }
  ],
  "description": "FHIR Value set/code system definition for HL7 v2 table 0166 ( RX Component Type)",
  "codeSystem": {
    "extension": [
      {
        "url": "http://hl7.org/fhir/StructureDefinition/valueset-oid",
        "valueUri": "urn:oid:2.16.840.1.133883.18.84"
      }
    ],
    "system": "http://hl7.org/fhir/v2/0166",
    "caseSensitive": false,
    "concept": [
      {
        "code": "A",
        "display": "Additive",
        "designation": [
          {
            "language": "de",
            "value": "Additiv"
          },
          {
            "language": "nl",
            "value": "Additief"
          }
        ]
      },
      {
        "code": "B",
        "display": "Base",
        "designation": [
          {
            "language": "de",
            "value": "Basissubstanz"
          },
          {
            "language": "nl",
            "value": "Basis"
          }
        ]
      }
    ]
  }
}