{"codeSystem":{"caseSensitive":false,"concept":[{"code":"DI","designation":[{"language":"nl","value":"Productdosis of gebruiksfrequentie verhoogd"}],"display":"Product dose or frequency of use increased"},{"code":"DR","designation":[{"language":"nl","value":"Productdosis of gebruiksfrequentie verlaagd"}],"display":"Product dose or frequency of use reduced"},{"code":"N","designation":[{"language":"nl","value":"Geen"}],"display":"None"},{"code":"OT","designation":[{"language":"nl","value":"Anders"}],"display":"Other"},{"code":"WP","designation":[{"language":"nl","value":"Product permanent teruggetrokken"}],"display":"Product withdrawn permanently"},{"code":"WT","designation":[{"language":"nl","value":"Product tijdelijk teruggetrokken"}],"display":"Product withdrawn temporarily"}],"extension":[{"url":"http://hl7.org/fhir/StructureDefinition/valueset-oid","valueUri":"urn:oid:2.16.840.1.133883.18.146"}],"system":"http://hl7.org/fhir/v2/0251"},"contact":[{"telecom":[{"system":"other","value":"http://hl7.org"}]}],"description":"FHIR Value set/code system definition for HL7 v2 table 0251 ( Action Taken in Response to the Event)","experimental":true,"id":"v2-0251","meta":{"profile":["http://hl7.org/fhir/StructureDefinition/valueset-shareable-definition"]},"name":"v2 Action Taken in Response to the Event","publisher":"HL7, Inc","resourceType":"ValueSet","status":"active","text":{"div":"<div><p>Action Taken in Response to the Event</p>\r\n<table class=\"grid\"><tr><td><b>Code</b></td><td><b>Description</b></td><td><b>Nederlands (Dutch)</b></td><td><b>Comment</b></td><td><b>Version</b></td></tr><tr><td>DI<a name=\"DI\"> </a></td><td>Product dose or frequency of use increased</td><td>Productdosis of gebruiksfrequentie verhoogd</td><td/><td>added v2.3</td></tr><tr><td>DR<a name=\"DR\"> </a></td><td>Product dose or frequency of use reduced</td><td>Productdosis of gebruiksfrequentie verlaagd</td><td/><td>added v2.3</td></tr><tr><td>N<a name=\"N\"> </a></td><td>None</td><td>Geen</td><td/><td>added v2.3</td></tr><tr><td>OT<a name=\"OT\"> </a></td><td>Other</td><td>Anders</td><td/><td>added v2.3</td></tr><tr><td>WP<a name=\"WP\"> </a></td><td>Product withdrawn permanently</td><td>Product permanent teruggetrokken</td><td/><td>added v2.3</td></tr><tr><td>WT<a name=\"WT\"> </a></td><td>Product withdrawn temporarily</td><td>Product tijdelijk teruggetrokken</td><td/><td>added v2.3</td></tr></table>\r\n</div>","status":"additional"},"url":"http://hl7.org/fhir/ValueSet/v2-0251","version":"2.8.2"}