{"codeSystem":{"caseSensitive":false,"concept":[{"code":"GEN","designation":[{"language":"nl","value":"Geslacht van patiënt(en)"}],"display":"Gender of patient(s)"},{"code":"IMP","designation":[{"language":"nl","value":"Implantatie: geschikt voor patiënten met stralingsimplantaten"}],"display":"Implant: can be used for radiation implant patients"},{"code":"INF","designation":[{"language":"nl","value":"Infectieziekten: geschikt voor isolatie"}],"display":"Infectious disease: this location can be used for isolation"},{"code":"LCR","designation":[{"language":"nl","value":"Niveau van zorg"}],"display":"Level of care"},{"code":"LIC","designation":[{"language":"nl","value":"Gelicenseerd"}],"display":"Licensed"},{"code":"OVR","designation":[{"language":"nl","value":"Buffer"}],"display":"Overflow"},{"code":"PRL","designation":[{"language":"nl","value":"Privé niveau: niveau-indicatie van privé/eigen kamer ten opzichte van een niet-privé kamer/gedeelde kamer"}],"display":"Privacy level: indicating the level of private versus non-private room"},{"code":"SET","designation":[{"language":"nl","value":"Bed staat klaar"}],"display":"Bed is set up"},{"code":"SHA","designation":[{"language":"nl","value":"Schaduw: een tijdelijke verblijflocatie die niet feitelijk bestaat"}],"display":"Shadow: a temporary holding location that does not physically exist"},{"code":"SMK","designation":[{"language":"nl","value":"Roken"}],"display":"Smoking"},{"code":"STF","designation":[{"language":"nl","value":"Er is bedpersoneel"}],"display":"Bed is staffed"},{"code":"TEA","designation":[{"language":"nl","value":"Leslocatie"}],"display":"Teaching location"}],"extension":[{"url":"http://hl7.org/fhir/StructureDefinition/valueset-oid","valueUri":"urn:oid:2.16.840.1.133883.18.197"}],"system":"http://hl7.org/fhir/v2/0324"},"contact":[{"telecom":[{"system":"other","value":"http://hl7.org"}]}],"description":"FHIR Value set/code system definition for HL7 v2 table 0324 ( Location Characteristic ID)","experimental":true,"id":"v2-0324","meta":{"profile":["http://hl7.org/fhir/StructureDefinition/valueset-shareable-definition"]},"name":"v2 Location Characteristic ID","publisher":"HL7, Inc","resourceType":"ValueSet","status":"active","text":{"div":"<div><p>Location Characteristic ID</p>\r\n<table class=\"grid\"><tr><td><b>Code</b></td><td><b>Description</b></td><td><b>Nederlands (Dutch)</b></td><td><b>Comment</b></td><td><b>Version</b></td></tr><tr><td>GEN<a name=\"GEN\"> </a></td><td>Gender of patient(s)</td><td>Geslacht van patiënt(en)</td><td/><td>added v2.3</td></tr><tr><td>IMP<a name=\"IMP\"> </a></td><td>Implant: can be used for radiation implant patients</td><td>Implantatie: geschikt voor patiënten met stralingsimplantaten</td><td/><td>added v2.3</td></tr><tr><td>INF<a name=\"INF\"> </a></td><td>Infectious disease: this location can be used for isolation</td><td>Infectieziekten: geschikt voor isolatie</td><td/><td>added v2.3</td></tr><tr><td>LCR<a name=\"LCR\"> </a></td><td>Level of care</td><td>Niveau van zorg</td><td/><td>added v2.3</td></tr><tr><td>LIC<a name=\"LIC\"> </a></td><td>Licensed</td><td>Gelicenseerd</td><td/><td>added v2.3</td></tr><tr><td>OVR<a name=\"OVR\"> </a></td><td>Overflow</td><td>Buffer</td><td/><td>added v2.3</td></tr><tr><td>PRL<a name=\"PRL\"> </a></td><td>Privacy level: indicating the level of private versus non-private room</td><td>Privé niveau: niveau-indicatie van privé/eigen kamer ten opzichte van een niet-privé kamer/gedeelde kamer</td><td/><td>added v2.3</td></tr><tr><td>SET<a name=\"SET\"> </a></td><td>Bed is set up</td><td>Bed staat klaar</td><td/><td>added v2.3</td></tr><tr><td>SHA<a name=\"SHA\"> </a></td><td>Shadow: a temporary holding location that does not physically exist</td><td>Schaduw: een tijdelijke verblijflocatie die niet feitelijk bestaat</td><td/><td>added v2.3</td></tr><tr><td>SMK<a name=\"SMK\"> </a></td><td>Smoking</td><td>Roken</td><td/><td>added v2.3</td></tr><tr><td>STF<a name=\"STF\"> </a></td><td>Bed is staffed</td><td>Er is bedpersoneel</td><td/><td>added v2.3</td></tr><tr><td>TEA<a name=\"TEA\"> </a></td><td>Teaching location</td><td>Leslocatie</td><td/><td>added v2.3</td></tr></table>\r\n</div>","status":"additional"},"url":"http://hl7.org/fhir/ValueSet/v2-0324","version":"2.8.2"}