{"codeSystem":{"caseSensitive":false,"concept":[{"code":"A","designation":[{"language":"de","value":" Seul"},{"language":"nl","value":"Zelfstandig"}],"display":"Alone"},{"code":"F","designation":[{"language":"nl","value":"Familie"}],"display":"Family"},{"code":"I","designation":[{"language":"nl","value":"Instituut"}],"display":"Institution"},{"code":"R","designation":[{"language":"nl","value":"Familielid"}],"display":"Relative"},{"code":"S","designation":[{"language":"nl","value":"Alleen echtgenoot"}],"display":"Spouse Only"},{"code":"U","designation":[{"language":"nl","value":"Onbekend"}],"display":"Unknown"}],"extension":[{"url":"http://hl7.org/fhir/StructureDefinition/valueset-oid","valueUri":"urn:oid:2.16.840.1.133883.18.122"}],"system":"http://hl7.org/fhir/v2/0220"},"contact":[{"telecom":[{"system":"other","value":"http://hl7.org"}]}],"description":"FHIR Value set/code system definition for HL7 v2 table 0220 ( Living Arrangement)","experimental":true,"id":"v2-0220","meta":{"profile":["http://hl7.org/fhir/StructureDefinition/valueset-shareable-definition"]},"name":"v2 Living Arrangement","publisher":"HL7, Inc","resourceType":"ValueSet","status":"active","text":{"div":"<div><p>Living Arrangement</p>\r\n<table class=\"grid\"><tr><td><b>Code</b></td><td><b>Description</b></td><td><b>Deutsch (German)</b></td><td><b>Nederlands (Dutch)</b></td><td><b>Comment</b></td><td><b>Version</b></td></tr><tr><td>A<a name=\"A\"> </a></td><td>Alone</td><td>&nbsp;Seul</td><td>Zelfstandig</td><td/><td>added v2.3</td></tr><tr><td>F<a name=\"F\"> </a></td><td>Family</td><td></td><td>Familie</td><td/><td>added v2.3</td></tr><tr><td>I<a name=\"I\"> </a></td><td>Institution</td><td></td><td>Instituut</td><td/><td>added v2.3</td></tr><tr><td>R<a name=\"R\"> </a></td><td>Relative</td><td></td><td>Familielid</td><td/><td>added v2.3</td></tr><tr><td>S<a name=\"S\"> </a></td><td>Spouse Only</td><td></td><td>Alleen echtgenoot</td><td/><td>added v2.3</td></tr><tr><td>U<a name=\"U\"> </a></td><td>Unknown</td><td></td><td>Onbekend</td><td/><td>added v2.3</td></tr></table>\r\n</div>","status":"additional"},"url":"http://hl7.org/fhir/ValueSet/v2-0220","version":"2.8.2"}