{
  "resourceType": "ValueSet",
  "id": "v2-0127",
  "meta": {
    "profile": [
      "http://hl7.org/fhir/StructureDefinition/valueset-shareable-definition"
    ]
  },
  "text": {
    "status": "additional",
    "div": "<div><p>Allergen Type</p>\r\n<table class=\"grid\"><tr><td><b>Code</b></td><td><b>Description</b></td><td><b>Deutsch (German)</b></td><td><b>Nederlands (Dutch)</b></td><td><b>Comment</b></td><td><b>Version</b></td></tr><tr><td>AA<a name=\"AA\"> </a></td><td>Animal Allergy</td><td></td><td>Dierenallergie</td><td/><td>added v2.4</td></tr><tr><td>DA<a name=\"DA\"> </a></td><td>Drug allergy</td><td>Medikamentenallergie</td><td>Medicatieallergie</td><td/><td>added v2.2</td></tr><tr><td>EA<a name=\"EA\"> </a></td><td>Environmental Allergy</td><td></td><td>Omgevingsallergie</td><td/><td>added v2.4</td></tr><tr><td>FA<a name=\"FA\"> </a></td><td>Food allergy</td><td>Nahrungsmittelallergie</td><td>Voedselallergie</td><td/><td>added v2.2</td></tr><tr><td>LA<a name=\"LA\"> </a></td><td>Pollen Allergy</td><td></td><td>Pollenallergie</td><td/><td>added v2.4</td></tr><tr><td>MA<a name=\"MA\"> </a></td><td>Miscellaneous allergy</td><td>Sonstige Allergie</td><td>Overige allergie</td><td/><td>added v2.2</td></tr><tr><td>MC<a name=\"MC\"> </a></td><td>Miscellaneous contraindication</td><td>Sonstige Kontraindikation</td><td>Overige contraindicatie</td><td/><td>added v2.2</td></tr><tr><td>PA<a name=\"PA\"> </a></td><td>Plant Allergy</td><td></td><td>Plantallergie</td><td/><td>added v2.4</td></tr></table>\r\n</div>"
  },
  "url": "http://hl7.org/fhir/ValueSet/v2-0127",
  "version": "2.8.2",
  "name": "v2 Allergen Type",
  "status": "active",
  "experimental": true,
  "publisher": "HL7, Inc",
  "contact": [
    {
      "telecom": [
        {
          "system": "other",
          "value": "http://hl7.org"
        }
      ]
    }
  ],
  "description": "FHIR Value set/code system definition for HL7 v2 table 0127 ( Allergen Type)",
  "codeSystem": {
    "extension": [
      {
        "url": "http://hl7.org/fhir/StructureDefinition/valueset-oid",
        "valueUri": "urn:oid:2.16.840.1.133883.18.54"
      }
    ],
    "system": "http://hl7.org/fhir/v2/0127",
    "caseSensitive": false,
    "concept": [
      {
        "code": "AA",
        "display": "Animal Allergy",
        "designation": [
          {
            "language": "nl",
            "value": "Dierenallergie"
          }
        ]
      },
      {
        "code": "DA",
        "display": "Drug allergy",
        "designation": [
          {
            "language": "de",
            "value": "Medikamentenallergie"
          },
          {
            "language": "nl",
            "value": "Medicatieallergie"
          }
        ]
      },
      {
        "code": "EA",
        "display": "Environmental Allergy",
        "designation": [
          {
            "language": "nl",
            "value": "Omgevingsallergie"
          }
        ]
      },
      {
        "code": "FA",
        "display": "Food allergy",
        "designation": [
          {
            "language": "de",
            "value": "Nahrungsmittelallergie"
          },
          {
            "language": "nl",
            "value": "Voedselallergie"
          }
        ]
      },
      {
        "code": "LA",
        "display": "Pollen Allergy",
        "designation": [
          {
            "language": "nl",
            "value": "Pollenallergie"
          }
        ]
      },
      {
        "code": "MA",
        "display": "Miscellaneous allergy",
        "designation": [
          {
            "language": "de",
            "value": "Sonstige Allergie"
          },
          {
            "language": "nl",
            "value": "Overige allergie"
          }
        ]
      },
      {
        "code": "MC",
        "display": "Miscellaneous contraindication",
        "designation": [
          {
            "language": "de",
            "value": "Sonstige Kontraindikation"
          },
          {
            "language": "nl",
            "value": "Overige contraindicatie"
          }
        ]
      },
      {
        "code": "PA",
        "display": "Plant Allergy",
        "designation": [
          {
            "language": "nl",
            "value": "Plantallergie"
          }
        ]
      }
    ]
  }
}