{"codeSystem":{"caseSensitive":false,"concept":[{"code":"B","display":"Trial Quantity Balance"},{"code":"C","display":"Compassionate Fill"},{"code":"N","display":"New/Renew - Full Fill"},{"code":"P","display":"New/Renew - Part Fill"},{"code":"Q","display":"Refill - Part Fill"},{"code":"R","display":"Refill - Full Fill"},{"code":"S","display":"Manufacturer Sample"},{"code":"T","display":"Trial Quantity"},{"code":"Z","display":"Non-Prescription Fill"}],"extension":[{"url":"http://hl7.org/fhir/StructureDefinition/valueset-oid","valueUri":"urn:oid:2.16.840.1.133883.18.309"}],"system":"http://hl7.org/fhir/v2/0484"},"contact":[{"telecom":[{"system":"other","value":"http://hl7.org"}]}],"description":"FHIR Value set/code system definition for HL7 v2 table 0484 ( Dispense Type)","experimental":true,"id":"v2-0484","meta":{"profile":["http://hl7.org/fhir/StructureDefinition/valueset-shareable-definition"]},"name":"v2 Dispense Type","publisher":"HL7, Inc","resourceType":"ValueSet","status":"active","text":{"div":"<div><p>Dispense Type</p>\r\n<table class=\"grid\"><tr><td><b>Code</b></td><td><b>Description</b></td><td><b>Comment</b></td><td><b>Version</b></td></tr><tr><td>B<a name=\"B\"> </a></td><td>Trial Quantity Balance</td><td/><td>added v2.5</td></tr><tr><td>C<a name=\"C\"> </a></td><td>Compassionate Fill</td><td/><td>added v2.5</td></tr><tr><td>N<a name=\"N\"> </a></td><td>New/Renew - Full Fill</td><td/><td>added v2.5</td></tr><tr><td>P<a name=\"P\"> </a></td><td>New/Renew - Part Fill</td><td/><td>added v2.5</td></tr><tr><td>Q<a name=\"Q\"> </a></td><td>Refill - Part Fill</td><td/><td>added v2.5</td></tr><tr><td>R<a name=\"R\"> </a></td><td>Refill - Full Fill</td><td/><td>added v2.5</td></tr><tr><td>S<a name=\"S\"> </a></td><td>Manufacturer Sample</td><td/><td>added v2.5</td></tr><tr><td>T<a name=\"T\"> </a></td><td>Trial Quantity</td><td/><td>added v2.5</td></tr><tr><td>Z<a name=\"Z\"> </a></td><td>Non-Prescription Fill</td><td/><td>added v2.5</td></tr></table>\r\n</div>","status":"additional"},"url":"http://hl7.org/fhir/ValueSet/v2-0484","version":"2.8.2"}