{"codeSystem":{"caseSensitive":false,"concept":[{"code":"CASH","display":"Cash"},{"code":"CCCA","display":"Credit Card"},{"code":"CCHK","display":"Cashier's Check"},{"code":"CDAC","display":"Credit/Debit Account"},{"code":"CHCK","display":"Check"},{"code":"DDPO","display":"Direct Deposit","extension":[{"url":"http://hl7.org/fhir/StructureDefinition/valueset-comments","valueString":"EFT"}]},{"code":"DEBC","display":"Debit Card"},{"code":"SWFT","display":"Society for Worldwide Interbank Financial Telecommunications (S.W.I.F.T.)"},{"code":"TRAC","display":"Traveler's Check"},{"code":"VISN","display":"VISA Special Electronic Funds Transfer Network"}],"extension":[{"url":"http://hl7.org/fhir/StructureDefinition/valueset-oid","valueUri":"urn:oid:2.16.840.1.133883.18.370"}],"system":"http://hl7.org/fhir/v2/0570"},"contact":[{"telecom":[{"system":"other","value":"http://hl7.org"}]}],"description":"FHIR Value set/code system definition for HL7 v2 table 0570 ( Payment Method Code)","experimental":true,"id":"v2-0570","meta":{"profile":["http://hl7.org/fhir/StructureDefinition/valueset-shareable-definition"]},"name":"v2 Payment Method Code","publisher":"HL7, Inc","resourceType":"ValueSet","status":"active","text":{"div":"<div><p>Payment Method Code</p>\r\n<table class=\"grid\"><tr><td><b>Code</b></td><td><b>Description</b></td><td><b>Comment</b></td><td><b>Version</b></td></tr><tr><td>CASH<a name=\"CASH\"> </a></td><td>Cash</td><td/><td>added v2.6</td></tr><tr><td>CCCA<a name=\"CCCA\"> </a></td><td>Credit Card</td><td/><td>added v2.6</td></tr><tr><td>CCHK<a name=\"CCHK\"> </a></td><td>Cashier's Check</td><td/><td>added v2.6</td></tr><tr><td>CDAC<a name=\"CDAC\"> </a></td><td>Credit/Debit Account</td><td/><td>added v2.6</td></tr><tr><td>CHCK<a name=\"CHCK\"> </a></td><td>Check</td><td/><td>added v2.6</td></tr><tr><td>DDPO<a name=\"DDPO\"> </a></td><td>Direct Deposit</td><td>EFT</td><td>added v2.6</td></tr><tr><td>DEBC<a name=\"DEBC\"> </a></td><td>Debit Card</td><td/><td>added v2.6</td></tr><tr><td>SWFT<a name=\"SWFT\"> </a></td><td>Society for Worldwide Interbank Financial Telecommunications (S.W.I.F.T.)</td><td/><td>added v2.6</td></tr><tr><td>TRAC<a name=\"TRAC\"> </a></td><td>Traveler's Check</td><td/><td>added v2.6</td></tr><tr><td>VISN<a name=\"VISN\"> </a></td><td>VISA Special Electronic Funds Transfer Network</td><td/><td>added v2.6</td></tr></table>\r\n</div>","status":"additional"},"url":"http://hl7.org/fhir/ValueSet/v2-0570","version":"2.8.2"}