{
  "resourceType": "ValueSet",
  "id": "v2-0275",
  "meta": {
    "profile": [
      "http://hl7.org/fhir/StructureDefinition/valueset-shareable-definition"
    ]
  },
  "text": {
    "status": "additional",
    "div": "<div><p>Document Storage Status</p>\r\n<table class=\"grid\"><tr><td><b>Code</b></td><td><b>Description</b></td><td><b>Deutsch (German)</b></td><td><b>Nederlands (Dutch)</b></td><td><b>Comment</b></td><td><b>Version</b></td></tr><tr><td>AA<a name=\"AA\"> </a></td><td>Active and archived</td><td>Aktiv und archiviert</td><td>Actief en gearchiveerd</td><td/><td>added v2.3</td></tr><tr><td>AC<a name=\"AC\"> </a></td><td>Active</td><td>Aktiv</td><td>Actief</td><td/><td>added v2.3</td></tr><tr><td>AR<a name=\"AR\"> </a></td><td>Archived (not active)</td><td>Archiviert (inaktiv)</td><td>Gearchiveerd (niet actief)</td><td/><td>added v2.3</td></tr><tr><td>PU<a name=\"PU\"> </a></td><td>Purged</td><td>Bereinigt (gelöscht)</td><td>Verwijderd</td><td/><td>added v2.3</td></tr></table>\r\n</div>"
  },
  "url": "http://hl7.org/fhir/ValueSet/v2-0275",
  "version": "2.8.2",
  "name": "v2 Document Storage Status",
  "status": "active",
  "experimental": true,
  "publisher": "HL7, Inc",
  "contact": [
    {
      "telecom": [
        {
          "system": "other",
          "value": "http://hl7.org"
        }
      ]
    }
  ],
  "description": "FHIR Value set/code system definition for HL7 v2 table 0275 ( Document Storage Status)",
  "codeSystem": {
    "extension": [
      {
        "url": "http://hl7.org/fhir/StructureDefinition/valueset-oid",
        "valueUri": "urn:oid:2.16.840.1.133883.18.168"
      }
    ],
    "system": "http://hl7.org/fhir/v2/0275",
    "caseSensitive": false,
    "concept": [
      {
        "code": "AA",
        "display": "Active and archived",
        "designation": [
          {
            "language": "de",
            "value": "Aktiv und archiviert"
          },
          {
            "language": "nl",
            "value": "Actief en gearchiveerd"
          }
        ]
      },
      {
        "code": "AC",
        "display": "Active",
        "designation": [
          {
            "language": "de",
            "value": "Aktiv"
          },
          {
            "language": "nl",
            "value": "Actief"
          }
        ]
      },
      {
        "code": "AR",
        "display": "Archived (not active)",
        "designation": [
          {
            "language": "de",
            "value": "Archiviert (inaktiv)"
          },
          {
            "language": "nl",
            "value": "Gearchiveerd (niet actief)"
          }
        ]
      },
      {
        "code": "PU",
        "display": "Purged",
        "designation": [
          {
            "language": "de",
            "value": "Bereinigt (gelöscht)"
          },
          {
            "language": "nl",
            "value": "Verwijderd"
          }
        ]
      }
    ]
  }
}