{
  "resourceType": "ValueSet",
  "id": "v2-0330",
  "meta": {
    "profile": [
      "http://hl7.org/fhir/StructureDefinition/valueset-shareable-definition"
    ]
  },
  "text": {
    "status": "additional",
    "div": "<div><p>Marketing Basis</p>\r\n<table class=\"grid\"><tr><td><b>Code</b></td><td><b>Description</b></td><td><b>Comment</b></td><td><b>Version</b></td></tr><tr><td>510E<a name=\"510E\"> </a></td><td>510 (K) exempt</td><td/><td>added v2.3</td></tr><tr><td>510K<a name=\"510K\"> </a></td><td>510 (K)</td><td/><td>added v2.3</td></tr><tr><td>522S<a name=\"522S\"> </a></td><td>Post marketing study (522)</td><td/><td>added v2.3</td></tr><tr><td>PMA<a name=\"PMA\"> </a></td><td>Premarketing authorization</td><td/><td>added v2.3</td></tr><tr><td>PRE<a name=\"PRE\"> </a></td><td>Preamendment</td><td/><td>added v2.3</td></tr><tr><td>TXN<a name=\"TXN\"> </a></td><td>Transitional</td><td/><td>added v2.3</td></tr></table>\r\n</div>"
  },
  "url": "http://hl7.org/fhir/ValueSet/v2-0330",
  "version": "2.8.2",
  "name": "v2 Marketing Basis",
  "status": "active",
  "experimental": true,
  "publisher": "HL7, Inc",
  "contact": [
    {
      "telecom": [
        {
          "system": "other",
          "value": "http://hl7.org"
        }
      ]
    }
  ],
  "description": "FHIR Value set/code system definition for HL7 v2 table 0330 ( Marketing Basis)",
  "codeSystem": {
    "extension": [
      {
        "url": "http://hl7.org/fhir/StructureDefinition/valueset-oid",
        "valueUri": "urn:oid:2.16.840.1.133883.18.201"
      }
    ],
    "system": "http://hl7.org/fhir/v2/0330",
    "caseSensitive": false,
    "concept": [
      {
        "code": "510E",
        "display": "510 (K) exempt"
      },
      {
        "code": "510K",
        "display": "510 (K)"
      },
      {
        "code": "522S",
        "display": "Post marketing study (522)"
      },
      {
        "code": "PMA",
        "display": "Premarketing authorization"
      },
      {
        "code": "PRE",
        "display": "Preamendment"
      },
      {
        "code": "TXN",
        "display": "Transitional"
      }
    ]
  }
}