{
  "resourceType": "ValueSet",
  "id": "v2-0625",
  "meta": {
    "profile": [
      "http://hl7.org/fhir/StructureDefinition/valueset-shareable-definition"
    ]
  },
  "text": {
    "status": "additional",
    "div": "<div><p>Item Status Codes</p>\r\n<table class=\"grid\"><tr><td><b>Code</b></td><td><b>Description</b></td><td><b>Comment</b></td><td><b>Version</b></td></tr><tr><td>1<a name=\"1\"> </a></td><td>Active</td><td>Item is available to be purchased or issued.</td><td>added v2.6</td></tr><tr><td>2<a name=\"2\"> </a></td><td>Pending Inactive</td><td>Item is not available to be purchased, but is available to be issued.</td><td>added v2.6</td></tr><tr><td>3<a name=\"3\"> </a></td><td>Inactive</td><td>Item is not available to be purchased or issued.</td><td>added v2.6</td></tr></table>\r\n</div>"
  },
  "url": "http://hl7.org/fhir/ValueSet/v2-0625",
  "version": "2.8.2",
  "name": "v2 Item Status Codes",
  "status": "active",
  "experimental": true,
  "publisher": "HL7, Inc",
  "contact": [
    {
      "telecom": [
        {
          "system": "other",
          "value": "http://hl7.org"
        }
      ]
    }
  ],
  "description": "FHIR Value set/code system definition for HL7 v2 table 0625 ( Item Status Codes)",
  "codeSystem": {
    "extension": [
      {
        "url": "http://hl7.org/fhir/StructureDefinition/valueset-oid",
        "valueUri": "urn:oid:2.16.840.1.133883.18.377"
      }
    ],
    "system": "http://hl7.org/fhir/v2/0625",
    "caseSensitive": false,
    "concept": [
      {
        "extension": [
          {
            "url": "http://hl7.org/fhir/StructureDefinition/valueset-comments",
            "valueString": "Item is available to be purchased or issued."
          }
        ],
        "code": "1",
        "display": "Active"
      },
      {
        "extension": [
          {
            "url": "http://hl7.org/fhir/StructureDefinition/valueset-comments",
            "valueString": "Item is not available to be purchased, but is available to be issued."
          }
        ],
        "code": "2",
        "display": "Pending Inactive"
      },
      {
        "extension": [
          {
            "url": "http://hl7.org/fhir/StructureDefinition/valueset-comments",
            "valueString": "Item is not available to be purchased or issued."
          }
        ],
        "code": "3",
        "display": "Inactive"
      }
    ]
  }
}