{"codeSystem":{"caseSensitive":false,"concept":[{"code":"AB","designation":[{"language":"nl","value":"Abbott Laboratories"}],"display":"Abbott Laboratories","extension":[{"url":"http://hl7.org/fhir/StructureDefinition/valueset-comments","valueString":"(includes Ross Products Division)"}]},{"code":"AD","designation":[{"language":"nl","value":"Adams Laboratories, Inc."}],"display":"Adams Laboratories, Inc."},{"code":"ALP","designation":[{"language":"nl","value":"Alpha Therapeutic Corporation"}],"display":"Alpha Therapeutic Corporation"},{"code":"AR","designation":[{"language":"nl","value":"Armour"}],"display":"Armour","extension":[{"url":"http://hl7.org/fhir/StructureDefinition/valueset-comments","valueString":"[Inactive--use AVB]"}]},{"code":"AVB","designation":[{"language":"nl","value":"Aventis Behring L.L.C."}],"display":"Aventis Behring L.L.C.","extension":[{"url":"http://hl7.org/fhir/StructureDefinition/valueset-comments","valueString":"(formerly Centeon L.L.C.; includes Armour Pharmaceutical Company) [Inactive--use ZLB] CDC Changes made on: Feb. 28, 2006"}]},{"code":"AVI","designation":[{"language":"nl","value":"Aviron"}],"display":"Aviron"},{"code":"BA","designation":[{"language":"nl","value":"Baxter Healthcare Corporation"}],"display":"Baxter Healthcare Corporation","extension":[{"url":"http://hl7.org/fhir/StructureDefinition/valueset-comments","valueString":"[Inactive--use BAH]"}]},{"code":"BAH","designation":[{"language":"nl","value":"Baxter Healthcare Corporation"}],"display":"Baxter Healthcare Corporation","extension":[{"url":"http://hl7.org/fhir/StructureDefinition/valueset-comments","valueString":"(includes Hyland Immuno, Immuno International AG, and North American Vaccine, Inc.)"}]},{"code":"BAY","designation":[{"language":"nl","value":"Bayer Corporation"}],"display":"Bayer Corporation","extension":[{"url":"http://hl7.org/fhir/StructureDefinition/valueset-comments","valueString":"(includes Miles, Inc. and Cutter Laboratories)"}]},{"code":"BP","designation":[{"language":"nl","value":"Berna Products"}],"display":"Berna Products","extension":[{"url":"http://hl7.org/fhir/StructureDefinition/valueset-comments","valueString":"[Inactive--use BPC]"}]},{"code":"BPC","designation":[{"language":"nl","value":"Berna Products Corporation"}],"display":"Berna Products Corporation","extension":[{"url":"http://hl7.org/fhir/StructureDefinition/valueset-comments","valueString":"(includes Swiss Serum and Vaccine Institute Berne)"}]},{"code":"CEN","designation":[{"language":"nl","value":"Centeon L.L.C."}],"display":"Centeon L.L.C.","extension":[{"url":"http://hl7.org/fhir/StructureDefinition/valueset-comments","valueString":"[Inactive--use AVB]"}]},{"code":"CHI","designation":[{"language":"nl","value":"Chiron Corporation"}],"display":"Chiron Corporation","extension":[{"url":"http://hl7.org/fhir/StructureDefinition/valueset-comments","valueString":"[Inactive--use NOV] includes PowderJect Pharmaceuticals, Celltech Medeva Vaccines and Evans Medical Limited CDC Changes made on: July 14, 2006"}]},{"code":"CMP","designation":[{"language":"nl","value":"Celltech Medeva Pharmaceuticals"}],"display":"Celltech Medeva Pharmaceuticals","extension":[{"url":"http://hl7.org/fhir/StructureDefinition/valueset-comments","valueString":"[Inactive--use NOV] CDC Changes made on: July 14, 2006"}]},{"code":"CNJ","designation":[{"language":"nl","value":"Cangene Corporation"}],"display":"Cangene Corporation","extension":[{"url":"http://hl7.org/fhir/StructureDefinition/valueset-comments","valueString":"CDC Changes made on: Feb. 28, 2006"}]},{"code":"CON","designation":[{"language":"nl","value":"Connaught"}],"display":"Connaught","extension":[{"url":"http://hl7.org/fhir/StructureDefinition/valueset-comments","valueString":"[Inactive--use PMC]"}]},{"code":"DVC","designation":[{"language":"nl","value":"DynPort Vaccine Company, LLC"}],"display":"DynPort Vaccine Company, LLC","extension":[{"url":"http://hl7.org/fhir/StructureDefinition/valueset-comments","valueString":"CDC Changes made on: July 14, 2006"}]},{"code":"EVN","designation":[{"language":"nl","value":"Evans Medical Limited"}],"display":"Evans Medical Limited","extension":[{"url":"http://hl7.org/fhir/StructureDefinition/valueset-comments","valueString":"[Inactive--use NOV] CDC Changes made on: July 14, 2006"}]},{"code":"GEO","designation":[{"language":"nl","value":"GeoVax Labs, Inc."}],"display":"GeoVax Labs, Inc.","extension":[{"url":"http://hl7.org/fhir/StructureDefinition/valueset-comments","valueString":"CDC Changes made on: July 14, 2006"}]},{"code":"GRE","designation":[{"language":"nl","value":"Greer Laboratories, Inc."}],"display":"Greer Laboratories, Inc."},{"code":"IAG","designation":[{"language":"nl","value":"Immuno International AG"}],"display":"Immuno International AG","extension":[{"url":"http://hl7.org/fhir/StructureDefinition/valueset-comments","valueString":"[Inactive--use BAH]"}]},{"code":"IM","designation":[{"language":"nl","value":"Merieux"}],"display":"Merieux","extension":[{"url":"http://hl7.org/fhir/StructureDefinition/valueset-comments","valueString":"[Inactive--use PMC]"}]},{"code":"IUS","designation":[{"language":"nl","value":"Immuno-U.S., Inc."}],"display":"Immuno-U.S., Inc."},{"code":"JPN","designation":[{"language":"nl","value":"The Research Foundation for Microbial Diseases of Osaka University"}],"display":"The Research Foundation for Microbial Diseases of Osaka University","extension":[{"url":"http://hl7.org/fhir/StructureDefinition/valueset-comments","valueString":"(BIKEN)"}]},{"code":"KGC","designation":[{"language":"nl","value":"Korea Green Cross Corporation"}],"display":"Korea Green Cross Corporation"},{"code":"LED","designation":[{"language":"nl","value":"Lederle"}],"display":"Lederle","extension":[{"url":"http://hl7.org/fhir/StructureDefinition/valueset-comments","valueString":"[Inactive--use WAL]"}]},{"code":"MA","designation":[{"language":"nl","value":"Massachusetts Public Health Biologic Laboratories"}],"display":"Massachusetts Public Health Biologic Laboratories","extension":[{"url":"http://hl7.org/fhir/StructureDefinition/valueset-comments","valueString":"[Inactive--use MBL]"}]},{"code":"MBL","designation":[{"language":"nl","value":"Massachusetts Biologic Laboratories"}],"display":"Massachusetts Biologic Laboratories","extension":[{"url":"http://hl7.org/fhir/StructureDefinition/valueset-comments","valueString":"(formerly Massachusetts Public Health Biologic Laboratories)"}]},{"code":"MED","designation":[{"language":"nl","value":"MedImmune, Inc."}],"display":"MedImmune, Inc."},{"code":"MIL","designation":[{"language":"nl","value":"Miles"}],"display":"Miles","extension":[{"url":"http://hl7.org/fhir/StructureDefinition/valueset-comments","valueString":"[Inactive--use BAY]"}]},{"code":"MIP","designation":[{"language":"nl","value":"Bioport Corporation"}],"display":"Bioport Corporation","extension":[{"url":"http://hl7.org/fhir/StructureDefinition/valueset-comments","valueString":"(formerly Michigan Biologic Products Institute)"}]},{"code":"MSD","designation":[{"language":"nl","value":"Merck & Co., Inc."}],"display":"Merck & Co., Inc."},{"code":"NAB","designation":[{"language":"nl","value":"NABI"}],"display":"NABI","extension":[{"url":"http://hl7.org/fhir/StructureDefinition/valueset-comments","valueString":"(formerly North American Biologicals, Inc.)"}]},{"code":"NAV","designation":[{"language":"nl","value":"North American Vaccine, Inc."}],"display":"North American Vaccine, Inc.","extension":[{"url":"http://hl7.org/fhir/StructureDefinition/valueset-comments","valueString":"[Inactive--use BAH]"}]},{"code":"NOV","designation":[{"language":"nl","value":"Novartis Pharmaceutical Corporation"}],"display":"Novartis Pharmaceutical Corporation","extension":[{"url":"http://hl7.org/fhir/StructureDefinition/valueset-comments","valueString":"(includes Chiron, PowderJect Pharmaceuticals, Celltech Medeva Vaccines and Evans Limited, Ciba-Geigy Limited and Sandoz Limited)"}]},{"code":"NVX","designation":[{"language":"nl","value":"Novavax, Inc."}],"display":"Novavax, Inc.","extension":[{"url":"http://hl7.org/fhir/StructureDefinition/valueset-comments","valueString":"CDC Changes made on: July 14, 2006"}]},{"code":"NYB","designation":[{"language":"nl","value":"New York Blood Center"}],"display":"New York Blood Center"},{"code":"ORT","designation":[{"language":"nl","value":"Ortho-Clinical Diagnostics"}],"display":"Ortho-Clinical Diagnostics","extension":[{"url":"http://hl7.org/fhir/StructureDefinition/valueset-comments","valueString":"(formerly Ortho Diagnostic Systems, Inc.)"}]},{"code":"OTC","designation":[{"language":"nl","value":"Organon Teknika Corporation"}],"display":"Organon Teknika Corporation"},{"code":"OTH","designation":[{"language":"nl","value":"Andere fabrikant"}],"display":"Other manufacturer"},{"code":"PD","designation":[{"language":"nl","value":"Parkedale Pharmaceuticals"}],"display":"Parkedale Pharmaceuticals","extension":[{"url":"http://hl7.org/fhir/StructureDefinition/valueset-comments","valueString":"(formerly Parke-Davis)"}]},{"code":"PMC","designation":[{"language":"nl","value":"sanofi pasteur"}],"display":"sanofi pasteur","extension":[{"url":"http://hl7.org/fhir/StructureDefinition/valueset-comments","valueString":"(formerly Aventis Pasteur, Pasteur Merieux Connaught; includes Connaught Laboratories and Pasteur Merieux) CDC Changes made on: Feb. 28, 2006"}]},{"code":"PRX","designation":[{"language":"nl","value":"Praxis Biologics"}],"display":"Praxis Biologics","extension":[{"url":"http://hl7.org/fhir/StructureDefinition/valueset-comments","valueString":"[Inactive--use WAL]"}]},{"code":"PWJ","designation":[{"language":"nl","value":"PowderJect Pharmaceuticals"}],"display":"PowderJect Pharmaceuticals","extension":[{"url":"http://hl7.org/fhir/StructureDefinition/valueset-comments","valueString":"(includes Celltech Medeva Vaccines and Evans Medical Limited) [Inactive--use NOV] CDC Changes made on: July 14, 2006"}]},{"code":"SCL","designation":[{"language":"nl","value":"Sclavo, Inc."}],"display":"Sclavo, Inc."},{"code":"SI","designation":[{"language":"nl","value":"Swiss Serum and Vaccine Inst."}],"display":"Swiss Serum and Vaccine Inst.","extension":[{"url":"http://hl7.org/fhir/StructureDefinition/valueset-comments","valueString":"[Inactive--use BPC]"}]},{"code":"SKB","designation":[{"language":"nl","value":"GlaxoSmithKline"}],"display":"GlaxoSmithKline","extension":[{"url":"http://hl7.org/fhir/StructureDefinition/valueset-comments","valueString":"(formerly SmithKline Beecham; includes SmithKline Beecham and Glaxo Welcome)"}]},{"code":"SOL","designation":[{"language":"nl","value":"Solvay, Pharmaceuticals"}],"display":"Solvay Pharmaceuticals","extension":[{"url":"http://hl7.org/fhir/StructureDefinition/valueset-comments","valueString":"CDC Changes made on: July 14, 2006"}]},{"code":"TAL","designation":[{"language":"nl","value":"Talecris Biotherapeutics"}],"display":"Talecris Biotherapeutics","extension":[{"url":"http://hl7.org/fhir/StructureDefinition/valueset-comments","valueString":"(includes Bayer Biologicals) CDC Changes made on: Feb. 28, 2006"}]},{"code":"UNK","designation":[{"language":"nl","value":"Unknown manufacturer"}],"display":"Unknown manufacturer"},{"code":"USA","designation":[{"language":"nl","value":"United States Army Medical Research and Material Command"}],"display":"United States Army Medical Research and Material Command"},{"code":"VXG","designation":[{"language":"nl","value":"VaxGen"}],"display":"VaxGen","extension":[{"url":"http://hl7.org/fhir/StructureDefinition/valueset-comments","valueString":"CDC Changes made on: July 14, 2006"}]},{"code":"WA","designation":[{"language":"nl","value":"Wyeth-Ayerst"}],"display":"Wyeth-Ayerst","extension":[{"url":"http://hl7.org/fhir/StructureDefinition/valueset-comments","valueString":"[Inactive--use WAL]"}]},{"code":"WAL","designation":[{"language":"nl","value":"Wyeth-Ayerst"}],"display":"Wyeth-Ayerst","extension":[{"url":"http://hl7.org/fhir/StructureDefinition/valueset-comments","valueString":"(includes Wyeth-Lederle Vaccines and Pediatrics, Wyeth Laboratories, Lederle Laboratories, and Praxis Biologics)"}]},{"code":"ZLB","designation":[{"language":"nl","value":"ZLB Behring"}],"display":"ZLB Behring","extension":[{"url":"http://hl7.org/fhir/StructureDefinition/valueset-comments","valueString":"(includes Aventis Behring and Armour Pharmaceutical Company) CDC Changes made on: Feb. 28, 2006"}]}],"extension":[{"url":"http://hl7.org/fhir/StructureDefinition/valueset-oid","valueUri":"urn:oid:2.16.840.1.133883.18.127"}],"system":"http://hl7.org/fhir/v2/0227"},"contact":[{"telecom":[{"system":"other","value":"http://hl7.org"}]}],"description":"FHIR Value set/code system definition for HL7 v2 table 0227 ( Manufacturers of Vaccines (code=MVX))","experimental":true,"id":"v2-0227","meta":{"profile":["http://hl7.org/fhir/StructureDefinition/valueset-shareable-definition"]},"name":"v2 Manufacturers of Vaccines (code=MVX)","publisher":"HL7, Inc","resourceType":"ValueSet","status":"active","text":{"div":"<div><p>Manufacturers of Vaccines (code=MVX)</p>\r\n<table class=\"grid\"><tr><td><b>Code</b></td><td><b>Description</b></td><td><b>Nederlands (Dutch)</b></td><td><b>Comment</b></td><td><b>Version</b></td></tr><tr><td>AB<a name=\"AB\"> </a></td><td>Abbott Laboratories</td><td>Abbott Laboratories</td><td>(includes Ross Products Division)</td><td>added v2.3</td></tr><tr><td>AD<a name=\"AD\"> </a></td><td>Adams Laboratories, Inc.</td><td>Adams Laboratories, Inc.</td><td/><td>added v2.3</td></tr><tr><td>ALP<a name=\"ALP\"> </a></td><td>Alpha Therapeutic Corporation</td><td>Alpha Therapeutic Corporation</td><td/><td>added v2.3</td></tr><tr><td>AR<a name=\"AR\"> </a></td><td>Armour</td><td>Armour</td><td>[Inactive--use AVB]</td><td>added v2.3</td></tr><tr><td>AVB<a name=\"AVB\"> </a></td><td>Aventis Behring L.L.C.</td><td>Aventis Behring L.L.C.</td><td>(formerly Centeon L.L.C.; includes Armour Pharmaceutical Company) [Inactive--use ZLB] CDC Changes made on: Feb. 28, 2006</td><td>added v2.5</td></tr><tr><td>AVI<a name=\"AVI\"> </a></td><td>Aviron</td><td>Aviron</td><td/><td>added v2.3.1</td></tr><tr><td>BA<a name=\"BA\"> </a></td><td>Baxter Healthcare Corporation</td><td>Baxter Healthcare Corporation</td><td>[Inactive--use BAH]</td><td>added v2.3</td></tr><tr><td>BAH<a name=\"BAH\"> </a></td><td>Baxter Healthcare Corporation</td><td>Baxter Healthcare Corporation</td><td>(includes Hyland Immuno, Immuno International AG, and North American Vaccine, Inc.)</td><td>added v2.5</td></tr><tr><td>BAY<a name=\"BAY\"> </a></td><td>Bayer Corporation</td><td>Bayer Corporation</td><td>(includes Miles, Inc. and Cutter Laboratories)</td><td>added v2.3</td></tr><tr><td>BP<a name=\"BP\"> </a></td><td>Berna Products</td><td>Berna Products</td><td>[Inactive--use BPC]</td><td>added v2.3</td></tr><tr><td>BPC<a name=\"BPC\"> </a></td><td>Berna Products Corporation</td><td>Berna Products Corporation</td><td>(includes Swiss Serum and Vaccine Institute Berne)</td><td>added v2.3.1</td></tr><tr><td>CEN<a name=\"CEN\"> </a></td><td>Centeon L.L.C.</td><td>Centeon L.L.C.</td><td>[Inactive--use AVB]</td><td>added v2.3.1</td></tr><tr><td>CHI<a name=\"CHI\"> </a></td><td>Chiron Corporation</td><td>Chiron Corporation</td><td>[Inactive--use NOV] includes PowderJect Pharmaceuticals, Celltech Medeva Vaccines and Evans Medical Limited CDC Changes made on: July 14, 2006</td><td>added v2.3.1</td></tr><tr><td>CMP<a name=\"CMP\"> </a></td><td>Celltech Medeva Pharmaceuticals</td><td>Celltech Medeva Pharmaceuticals</td><td>[Inactive--use NOV] CDC Changes made on: July 14, 2006</td><td>added v2.5</td></tr><tr><td>CNJ<a name=\"CNJ\"> </a></td><td>Cangene Corporation</td><td>Cangene Corporation</td><td>CDC Changes made on: Feb. 28, 2006</td><td>added v2.6</td></tr><tr><td>CON<a name=\"CON\"> </a></td><td>Connaught</td><td>Connaught</td><td>[Inactive--use PMC]</td><td>added v2.3</td></tr><tr><td>DVC<a name=\"DVC\"> </a></td><td>DynPort Vaccine Company, LLC</td><td>DynPort Vaccine Company, LLC</td><td>CDC Changes made on: July 14, 2006</td><td>added v2.6</td></tr><tr><td>EVN<a name=\"EVN\"> </a></td><td>Evans Medical Limited</td><td>Evans Medical Limited</td><td>[Inactive--use NOV] CDC Changes made on: July 14, 2006</td><td>added v2.3</td></tr><tr><td>GEO<a name=\"GEO\"> </a></td><td>GeoVax Labs, Inc.</td><td>GeoVax Labs, Inc.</td><td>CDC Changes made on: July 14, 2006</td><td>added v2.6</td></tr><tr><td>GRE<a name=\"GRE\"> </a></td><td>Greer Laboratories, Inc.</td><td>Greer Laboratories, Inc.</td><td/><td>added v2.3</td></tr><tr><td>IAG<a name=\"IAG\"> </a></td><td>Immuno International AG</td><td>Immuno International AG</td><td>[Inactive--use BAH]</td><td>added v2.3.1</td></tr><tr><td>IM<a name=\"IM\"> </a></td><td>Merieux</td><td>Merieux</td><td>[Inactive--use PMC]</td><td>added v2.3</td></tr><tr><td>IUS<a name=\"IUS\"> </a></td><td>Immuno-U.S., Inc.</td><td>Immuno-U.S., Inc.</td><td/><td>added v2.3</td></tr><tr><td>JPN<a name=\"JPN\"> </a></td><td>The Research Foundation for Microbial Diseases of Osaka University</td><td>The Research Foundation for Microbial Diseases of Osaka University</td><td>(BIKEN)</td><td>added v2.3</td></tr><tr><td>KGC<a name=\"KGC\"> </a></td><td>Korea Green Cross Corporation</td><td>Korea Green Cross Corporation</td><td/><td>added v2.3</td></tr><tr><td>LED<a name=\"LED\"> </a></td><td>Lederle</td><td>Lederle</td><td>[Inactive--use WAL]</td><td>added v2.3</td></tr><tr><td>MA<a name=\"MA\"> </a></td><td>Massachusetts Public Health Biologic Laboratories</td><td>Massachusetts Public Health Biologic Laboratories</td><td>[Inactive--use MBL]</td><td>added v2.3</td></tr><tr><td>MBL<a name=\"MBL\"> </a></td><td>Massachusetts Biologic Laboratories</td><td>Massachusetts Biologic Laboratories</td><td>(formerly Massachusetts Public Health Biologic Laboratories)</td><td>added v2.5</td></tr><tr><td>MED<a name=\"MED\"> </a></td><td>MedImmune, Inc.</td><td>MedImmune, Inc.</td><td/><td>added v2.3.1</td></tr><tr><td>MIL<a name=\"MIL\"> </a></td><td>Miles</td><td>Miles</td><td>[Inactive--use BAY]</td><td>added v2.3</td></tr><tr><td>MIP<a name=\"MIP\"> </a></td><td>Bioport Corporation</td><td>Bioport Corporation</td><td>(formerly Michigan Biologic Products Institute)</td><td>added v2.3</td></tr><tr><td>MSD<a name=\"MSD\"> </a></td><td>Merck &amp; Co., Inc.</td><td>Merck &amp; Co., Inc.</td><td/><td>added v2.3</td></tr><tr><td>NAB<a name=\"NAB\"> </a></td><td>NABI</td><td>NABI</td><td>(formerly North American Biologicals, Inc.)</td><td>added v2.3</td></tr><tr><td>NAV<a name=\"NAV\"> </a></td><td>North American Vaccine, Inc.</td><td>North American Vaccine, Inc.</td><td>[Inactive--use BAH]</td><td>added v2.3.1</td></tr><tr><td>NOV<a name=\"NOV\"> </a></td><td>Novartis Pharmaceutical Corporation</td><td>Novartis Pharmaceutical Corporation</td><td>(includes Chiron, PowderJect Pharmaceuticals, Celltech Medeva Vaccines and Evans Limited, Ciba-Geigy Limited and Sandoz Limited)</td><td>added v2.3.1</td></tr><tr><td>NVX<a name=\"NVX\"> </a></td><td>Novavax, Inc.</td><td>Novavax, Inc.</td><td>CDC Changes made on: July 14, 2006</td><td>added v2.6</td></tr><tr><td>NYB<a name=\"NYB\"> </a></td><td>New York Blood Center</td><td>New York Blood Center</td><td/><td>added v2.3</td></tr><tr><td>ORT<a name=\"ORT\"> </a></td><td>Ortho-Clinical Diagnostics</td><td>Ortho-Clinical Diagnostics</td><td>(formerly Ortho Diagnostic Systems, Inc.)</td><td>added v2.3.1</td></tr><tr><td>OTC<a name=\"OTC\"> </a></td><td>Organon Teknika Corporation</td><td>Organon Teknika Corporation</td><td/><td>added v2.3</td></tr><tr><td>OTH<a name=\"OTH\"> </a></td><td>Other manufacturer</td><td>Andere fabrikant</td><td/><td>added v2.3</td></tr><tr><td>PD<a name=\"PD\"> </a></td><td>Parkedale Pharmaceuticals</td><td>Parkedale Pharmaceuticals</td><td>(formerly Parke-Davis)</td><td>added v2.3</td></tr><tr><td>PMC<a name=\"PMC\"> </a></td><td>sanofi pasteur</td><td>sanofi pasteur</td><td>(formerly Aventis Pasteur, Pasteur Merieux Connaught; includes Connaught Laboratories and Pasteur Merieux) CDC Changes made on: Feb. 28, 2006</td><td>added v2.3.1</td></tr><tr><td>PRX<a name=\"PRX\"> </a></td><td>Praxis Biologics</td><td>Praxis Biologics</td><td>[Inactive--use WAL]</td><td>added v2.3</td></tr><tr><td>PWJ<a name=\"PWJ\"> </a></td><td>PowderJect Pharmaceuticals</td><td>PowderJect Pharmaceuticals</td><td>(includes Celltech Medeva Vaccines and Evans Medical Limited) [Inactive--use NOV] CDC Changes made on: July 14, 2006</td><td>added v2.5</td></tr><tr><td>SCL<a name=\"SCL\"> </a></td><td>Sclavo, Inc.</td><td>Sclavo, Inc.</td><td/><td>added v2.3</td></tr><tr><td>SI<a name=\"SI\"> </a></td><td>Swiss Serum and Vaccine Inst.</td><td>Swiss Serum and Vaccine Inst.</td><td>[Inactive--use BPC]</td><td>added v2.3</td></tr><tr><td>SKB<a name=\"SKB\"> </a></td><td>GlaxoSmithKline</td><td>GlaxoSmithKline</td><td>(formerly SmithKline Beecham; includes SmithKline Beecham and Glaxo Welcome)</td><td>added v2.3</td></tr><tr><td>SOL<a name=\"SOL\"> </a></td><td>Solvay Pharmaceuticals</td><td>Solvay, Pharmaceuticals</td><td>CDC Changes made on: July 14, 2006</td><td>added v2.6</td></tr><tr><td>TAL<a name=\"TAL\"> </a></td><td>Talecris Biotherapeutics</td><td>Talecris Biotherapeutics</td><td>(includes Bayer Biologicals) CDC Changes made on: Feb. 28, 2006</td><td>added v2.6</td></tr><tr><td>UNK<a name=\"UNK\"> </a></td><td>Unknown manufacturer</td><td>Unknown manufacturer</td><td/><td>added v2.3</td></tr><tr><td>USA<a name=\"USA\"> </a></td><td>United States Army Medical Research and Material Command</td><td>United States Army Medical Research and Material Command</td><td/><td>added v2.3.1</td></tr><tr><td>VXG<a name=\"VXG\"> </a></td><td>VaxGen</td><td>VaxGen</td><td>CDC Changes made on: July 14, 2006</td><td>added v2.6</td></tr><tr><td>WA<a name=\"WA\"> </a></td><td>Wyeth-Ayerst</td><td>Wyeth-Ayerst</td><td>[Inactive--use WAL]</td><td>added v2.3</td></tr><tr><td>WAL<a name=\"WAL\"> </a></td><td>Wyeth-Ayerst</td><td>Wyeth-Ayerst</td><td>(includes Wyeth-Lederle Vaccines and Pediatrics, Wyeth Laboratories, Lederle Laboratories, and Praxis Biologics)</td><td>added v2.3.1</td></tr><tr><td>ZLB<a name=\"ZLB\"> </a></td><td>ZLB Behring</td><td>ZLB Behring</td><td>(includes Aventis Behring and Armour Pharmaceutical Company) CDC Changes made on: Feb. 28, 2006</td><td>added v2.6</td></tr></table>\r\n</div>","status":"additional"},"url":"http://hl7.org/fhir/ValueSet/v2-0227","version":"2.8.2"}