{
  "resourceType": "ValueSet",
  "id": "v2-0384",
  "meta": {
    "profile": [
      "http://hl7.org/fhir/StructureDefinition/valueset-shareable-definition"
    ]
  },
  "text": {
    "status": "additional",
    "div": "<div><p>Substance Type</p>\r\n<table class=\"grid\"><tr><td><b>Code</b></td><td><b>Description</b></td><td><b>Nederlands (Dutch)</b></td><td><b>Comment</b></td><td><b>Version</b></td></tr><tr><td>CO<a name=\"CO\"> </a></td><td>Control</td><td></td><td/><td>added v2.4</td></tr><tr><td>DI<a name=\"DI\"> </a></td><td>Diluent</td><td></td><td/><td>added v2.4</td></tr><tr><td>LI<a name=\"LI\"> </a></td><td>Measurable Liquid Item</td><td></td><td/><td>added v2.4</td></tr><tr><td>LW<a name=\"LW\"> </a></td><td>Liquid Waste</td><td></td><td/><td>added v2.4</td></tr><tr><td>MR<a name=\"MR\"> </a></td><td>Multiple Test Reagent</td><td></td><td>The consumption cannot be tied to orders for a single test</td><td>added v2.4</td></tr><tr><td>OT<a name=\"OT\"> </a></td><td>Other</td><td>Anders</td><td/><td>added v2.4</td></tr><tr><td>PT<a name=\"PT\"> </a></td><td>Pretreatment</td><td></td><td/><td>added v2.4</td></tr><tr><td>PW<a name=\"PW\"> </a></td><td>Purified Water</td><td></td><td/><td>added v2.4</td></tr><tr><td>RC<a name=\"RC\"> </a></td><td>Reagent Calibrator</td><td></td><td/><td>added v2.4</td></tr><tr><td>SC<a name=\"SC\"> </a></td><td>Countable Solid Item</td><td></td><td>E.g. Pipetting tip</td><td>added v2.4</td></tr><tr><td>SR<a name=\"SR\"> </a></td><td>Single Test Reagent</td><td></td><td/><td>added v2.4</td></tr><tr><td>SW<a name=\"SW\"> </a></td><td>Solid Waste</td><td></td><td/><td>added v2.4</td></tr></table>\r\n</div>"
  },
  "url": "http://hl7.org/fhir/ValueSet/v2-0384",
  "version": "2.8.2",
  "name": "v2 Substance Type",
  "status": "active",
  "experimental": true,
  "publisher": "HL7, Inc",
  "contact": [
    {
      "telecom": [
        {
          "system": "other",
          "value": "http://hl7.org"
        }
      ]
    }
  ],
  "description": "FHIR Value set/code system definition for HL7 v2 table 0384 ( Substance Type)",
  "codeSystem": {
    "extension": [
      {
        "url": "http://hl7.org/fhir/StructureDefinition/valueset-oid",
        "valueUri": "urn:oid:2.16.840.1.133883.18.237"
      }
    ],
    "system": "http://hl7.org/fhir/v2/0384",
    "caseSensitive": false,
    "concept": [
      {
        "code": "CO",
        "display": "Control"
      },
      {
        "code": "DI",
        "display": "Diluent"
      },
      {
        "code": "LI",
        "display": "Measurable Liquid Item"
      },
      {
        "code": "LW",
        "display": "Liquid Waste"
      },
      {
        "extension": [
          {
            "url": "http://hl7.org/fhir/StructureDefinition/valueset-comments",
            "valueString": "The consumption cannot be tied to orders for a single test"
          }
        ],
        "code": "MR",
        "display": "Multiple Test Reagent"
      },
      {
        "code": "OT",
        "display": "Other",
        "designation": [
          {
            "language": "nl",
            "value": "Anders"
          }
        ]
      },
      {
        "code": "PT",
        "display": "Pretreatment"
      },
      {
        "code": "PW",
        "display": "Purified Water"
      },
      {
        "code": "RC",
        "display": "Reagent Calibrator"
      },
      {
        "extension": [
          {
            "url": "http://hl7.org/fhir/StructureDefinition/valueset-comments",
            "valueString": "E.g. Pipetting tip"
          }
        ],
        "code": "SC",
        "display": "Countable Solid Item"
      },
      {
        "code": "SR",
        "display": "Single Test Reagent"
      },
      {
        "code": "SW",
        "display": "Solid Waste"
      }
    ]
  }
}