{
  "resourceType": "ValueSet",
  "id": "v2-0131",
  "meta": {
    "profile": [
      "http://hl7.org/fhir/StructureDefinition/valueset-shareable-definition"
    ]
  },
  "text": {
    "status": "additional",
    "div": "<div><p>Contact Role</p>\r\n<table class=\"grid\"><tr><td><b>Code</b></td><td><b>Description</b></td><td><b>Deutsch (German)</b></td><td><b>Nederlands (Dutch)</b></td><td><b>Comment</b></td><td><b>Version</b></td></tr><tr><td>BP<a name=\"BP\"> </a></td><td>Billing contact person</td><td>Kontaktperson für Abrechnung</td><td>Facturatie contactpersoon</td><td>deprecated</td><td>added v2.3, removed after v2.3</td></tr><tr><td>C<a name=\"C\"> </a></td><td>Emergency Contact</td><td>Ansprechpartner in Notfällen</td><td>Contact bij nood</td><td/><td>added v2.5</td></tr><tr><td>CP<a name=\"CP\"> </a></td><td>Contact person</td><td>Kontaktperson</td><td>Contactpersoon</td><td>deprecated</td><td>added v2.3, removed after v2.3</td></tr><tr><td>E<a name=\"E\"> </a></td><td>Employer</td><td>Arbeitgeber</td><td>Werkgever</td><td/><td>added v2.5</td></tr><tr><td>EP<a name=\"EP\"> </a></td><td>Emergency contact person</td><td>Kontaktperson für Notfälle</td><td>Contactpersoon bij nood</td><td>deprecated</td><td>added v2.3, removed after v2.3</td></tr><tr><td>F<a name=\"F\"> </a></td><td>Federal Agency</td><td>Bundesbehörde</td><td>Federale overheidsinstelling</td><td/><td>added v2.5</td></tr><tr><td>I<a name=\"I\"> </a></td><td>Insurance Company</td><td>Versicherung</td><td>Verzekeraar</td><td/><td>added v2.5</td></tr><tr><td>N<a name=\"N\"> </a></td><td>Next-of-Kin</td><td>Kontaktperson</td><td>Familielid</td><td/><td>added v2.5</td></tr><tr><td>O<a name=\"O\"> </a></td><td>Other</td><td>andere</td><td>Anders</td><td/><td>added v2.5</td></tr><tr><td>PR<a name=\"PR\"> </a></td><td>Person preparing referral</td><td>Person, die die Überweisung vorbereitet</td><td>Persoon die verwijzing voorbereidt</td><td>deprecated</td><td>added v2.3, removed after v2.3</td></tr><tr><td>S<a name=\"S\"> </a></td><td>State Agency</td><td>Landesbehörde</td><td>Staat overheidsinstelling</td><td/><td>added v2.5</td></tr><tr><td>U<a name=\"U\"> </a></td><td>Unknown</td><td>unbekannt</td><td>Onbekend</td><td/><td>added v2.5</td></tr></table>\r\n</div>"
  },
  "url": "http://hl7.org/fhir/ValueSet/v2-0131",
  "version": "2.8.2",
  "name": "v2 Contact Role",
  "status": "active",
  "experimental": true,
  "publisher": "HL7, Inc",
  "contact": [
    {
      "telecom": [
        {
          "system": "other",
          "value": "http://hl7.org"
        }
      ]
    }
  ],
  "description": "FHIR Value set/code system definition for HL7 v2 table 0131 ( Contact Role)",
  "codeSystem": {
    "extension": [
      {
        "url": "http://hl7.org/fhir/StructureDefinition/valueset-oid",
        "valueUri": "urn:oid:2.16.840.1.133883.18.58"
      }
    ],
    "system": "http://hl7.org/fhir/v2/0131",
    "caseSensitive": false,
    "concept": [
      {
        "extension": [
          {
            "url": "http://hl7.org/fhir/StructureDefinition/valueset-deprecated",
            "valueBoolean": true
          }
        ],
        "code": "BP",
        "display": "Billing contact person",
        "designation": [
          {
            "language": "de",
            "value": "Kontaktperson für Abrechnung"
          },
          {
            "language": "nl",
            "value": "Facturatie contactpersoon"
          }
        ]
      },
      {
        "code": "C",
        "display": "Emergency Contact",
        "designation": [
          {
            "language": "de",
            "value": "Ansprechpartner in Notfällen"
          },
          {
            "language": "nl",
            "value": "Contact bij nood"
          }
        ]
      },
      {
        "extension": [
          {
            "url": "http://hl7.org/fhir/StructureDefinition/valueset-deprecated",
            "valueBoolean": true
          }
        ],
        "code": "CP",
        "display": "Contact person",
        "designation": [
          {
            "language": "de",
            "value": "Kontaktperson"
          },
          {
            "language": "nl",
            "value": "Contactpersoon"
          }
        ]
      },
      {
        "code": "E",
        "display": "Employer",
        "designation": [
          {
            "language": "de",
            "value": "Arbeitgeber"
          },
          {
            "language": "nl",
            "value": "Werkgever"
          }
        ]
      },
      {
        "extension": [
          {
            "url": "http://hl7.org/fhir/StructureDefinition/valueset-deprecated",
            "valueBoolean": true
          }
        ],
        "code": "EP",
        "display": "Emergency contact person",
        "designation": [
          {
            "language": "de",
            "value": "Kontaktperson für Notfälle"
          },
          {
            "language": "nl",
            "value": "Contactpersoon bij nood"
          }
        ]
      },
      {
        "code": "F",
        "display": "Federal Agency",
        "designation": [
          {
            "language": "de",
            "value": "Bundesbehörde"
          },
          {
            "language": "nl",
            "value": "Federale overheidsinstelling"
          }
        ]
      },
      {
        "code": "I",
        "display": "Insurance Company",
        "designation": [
          {
            "language": "de",
            "value": "Versicherung"
          },
          {
            "language": "nl",
            "value": "Verzekeraar"
          }
        ]
      },
      {
        "code": "N",
        "display": "Next-of-Kin",
        "designation": [
          {
            "language": "de",
            "value": "Kontaktperson"
          },
          {
            "language": "nl",
            "value": "Familielid"
          }
        ]
      },
      {
        "code": "O",
        "display": "Other",
        "designation": [
          {
            "language": "de",
            "value": "andere"
          },
          {
            "language": "nl",
            "value": "Anders"
          }
        ]
      },
      {
        "extension": [
          {
            "url": "http://hl7.org/fhir/StructureDefinition/valueset-deprecated",
            "valueBoolean": true
          }
        ],
        "code": "PR",
        "display": "Person preparing referral",
        "designation": [
          {
            "language": "de",
            "value": "Person, die die Überweisung vorbereitet"
          },
          {
            "language": "nl",
            "value": "Persoon die verwijzing voorbereidt"
          }
        ]
      },
      {
        "code": "S",
        "display": "State Agency",
        "designation": [
          {
            "language": "de",
            "value": "Landesbehörde"
          },
          {
            "language": "nl",
            "value": "Staat overheidsinstelling"
          }
        ]
      },
      {
        "code": "U",
        "display": "Unknown",
        "designation": [
          {
            "language": "de",
            "value": "unbekannt"
          },
          {
            "language": "nl",
            "value": "Onbekend"
          }
        ]
      }
    ]
  }
}