{
  "resourceType": "ValueSet",
  "id": "v2-0445",
  "meta": {
    "profile": [
      "http://hl7.org/fhir/StructureDefinition/valueset-shareable-definition"
    ]
  },
  "text": {
    "status": "additional",
    "div": "<div><p>Identity Reliability Code</p>\r\n<table class=\"grid\"><tr><td><b>Code</b></td><td><b>Description</b></td><td><b>Comment</b></td><td><b>Version</b></td></tr><tr><td>AL<a name=\"AL\"> </a></td><td>Patient/Person Name is an Alias</td><td/><td>added v2.4</td></tr><tr><td>UA<a name=\"UA\"> </a></td><td>Unknown/Default Address</td><td/><td>added v2.4</td></tr><tr><td>UD<a name=\"UD\"> </a></td><td>Unknown/Default Date of Birth</td><td/><td>added v2.4</td></tr><tr><td>US<a name=\"US\"> </a></td><td>Unknown/Default Social Security Number</td><td/><td>added v2.4</td></tr></table>\r\n</div>"
  },
  "url": "http://hl7.org/fhir/ValueSet/v2-0445",
  "version": "2.8.2",
  "name": "v2 Identity Reliability Code",
  "status": "active",
  "experimental": true,
  "publisher": "HL7, Inc",
  "contact": [
    {
      "telecom": [
        {
          "system": "other",
          "value": "http://hl7.org"
        }
      ]
    }
  ],
  "description": "FHIR Value set/code system definition for HL7 v2 table 0445 ( Identity Reliability Code)",
  "codeSystem": {
    "extension": [
      {
        "url": "http://hl7.org/fhir/StructureDefinition/valueset-oid",
        "valueUri": "urn:oid:2.16.840.1.133883.18.285"
      }
    ],
    "system": "http://hl7.org/fhir/v2/0445",
    "caseSensitive": false,
    "concept": [
      {
        "code": "AL",
        "display": "Patient/Person Name is an Alias"
      },
      {
        "code": "UA",
        "display": "Unknown/Default Address"
      },
      {
        "code": "UD",
        "display": "Unknown/Default Date of Birth"
      },
      {
        "code": "US",
        "display": "Unknown/Default Social Security Number"
      }
    ]
  }
}