{"codeSystem":{"caseSensitive":false,"concept":[{"code":"CE","display":"Coded element","extension":[{"url":"http://hl7.org/fhir/StructureDefinition/valueset-comments","valueString":"Withdrawn as of v2.6 - CE has been replaced by CNE and CWE"}]},{"code":"CWE","display":"Coded with Exceptions"},{"code":"PL","display":"Person location"}],"extension":[{"url":"http://hl7.org/fhir/StructureDefinition/valueset-oid","valueUri":"urn:oid:2.16.840.1.133883.18.215"}],"system":"http://hl7.org/fhir/v2/0355"},"contact":[{"telecom":[{"system":"other","value":"http://hl7.org"}]}],"description":"FHIR Value set/code system definition for HL7 v2 table 0355 ( Primary Key Value Type)","experimental":true,"id":"v2-0355","meta":{"profile":["http://hl7.org/fhir/StructureDefinition/valueset-shareable-definition"]},"name":"v2 Primary Key Value Type","publisher":"HL7, Inc","resourceType":"ValueSet","status":"active","text":{"div":"<div><p>Primary Key Value Type</p>\r\n<table class=\"grid\"><tr><td><b>Code</b></td><td><b>Description</b></td><td><b>Comment</b></td><td><b>Version</b></td></tr><tr><td>CE<a name=\"CE\"> </a></td><td>Coded element</td><td>Withdrawn as of v2.6 - CE has been replaced by CNE and CWE</td><td>added v2.3.1</td></tr><tr><td>CWE<a name=\"CWE\"> </a></td><td>Coded with Exceptions</td><td/><td>added v2.6</td></tr><tr><td>PL<a name=\"PL\"> </a></td><td>Person location</td><td/><td>added v2.3.1</td></tr></table>\r\n</div>","status":"additional"},"url":"http://hl7.org/fhir/ValueSet/v2-0355","version":"2.8.2"}