{"codeSystem":{"caseSensitive":false,"concept":[{"code":"AL","designation":[{"language":"de","value":"Rückmeldung immer erforderlich"},{"language":"nl","value":"Altijd. Alle MFA-segmenten (fouten en/of succes) moeten worden geretourneerd via de applicatieniveau-bevestiging"}],"display":"Always.  All MFA segments (whether denoting errors or not) must be returned via the application-level acknowledgment message"},{"code":"ER","designation":[{"language":"de","value":"Rückmeldung bei auftretenden Fehlern"},{"language":"nl","value":"Alleen bij fout/weigering. Er mogen voor dit bericht alleen MFA-segmenten die fouten aanduiden worden geretourneerd via de applicatieniveau-bevestiging"}],"display":"Error/Reject conditions only.  Only MFA segments denoting errors must be returned via the application-level acknowledgment for this message"},{"code":"NE","designation":[{"language":"de","value":"Keine Rückmeldung erforderlich"},{"language":"nl","value":"Nooit - er is geen antwoord op applicatieniveau nodig"}],"display":"Never.  No application-level response needed"},{"code":"SU","designation":[{"language":"de","value":"Rückmeldung bei erfolgreicher Verarbeitung"},{"language":"nl","value":"Alleen bij succes. Er mogen voor dit bericht alleen MFA-segmenten die succes aanduiden worden geretourneerd via de applicatieniveau-bevestiging"}],"display":"Success.  Only MFA segments denoting success must be returned via the application-level acknowledgment for this message"}],"extension":[{"url":"http://hl7.org/fhir/StructureDefinition/valueset-oid","valueUri":"urn:oid:2.16.840.1.133883.18.94"}],"system":"http://hl7.org/fhir/v2/0179"},"contact":[{"telecom":[{"system":"other","value":"http://hl7.org"}]}],"description":"FHIR Value set/code system definition for HL7 v2 table 0179 ( Response Level)","experimental":true,"id":"v2-0179","meta":{"profile":["http://hl7.org/fhir/StructureDefinition/valueset-shareable-definition"]},"name":"v2 Response Level","publisher":"HL7, Inc","resourceType":"ValueSet","status":"active","text":{"div":"<div><p>Response Level</p>\r\n<table class=\"grid\"><tr><td><b>Code</b></td><td><b>Description</b></td><td><b>Deutsch (German)</b></td><td><b>Nederlands (Dutch)</b></td><td><b>Comment</b></td><td><b>Version</b></td></tr><tr><td>AL<a name=\"AL\"> </a></td><td>Always.  All MFA segments (whether denoting errors or not) must be returned via the application-level acknowledgment message</td><td>Rückmeldung immer erforderlich</td><td>Altijd. Alle MFA-segmenten (fouten en/of succes) moeten worden geretourneerd via de applicatieniveau-bevestiging</td><td/><td>added v2.2</td></tr><tr><td>ER<a name=\"ER\"> </a></td><td>Error/Reject conditions only.  Only MFA segments denoting errors must be returned via the application-level acknowledgment for this message</td><td>Rückmeldung bei auftretenden Fehlern</td><td>Alleen bij fout/weigering. Er mogen voor dit bericht alleen MFA-segmenten die fouten aanduiden worden geretourneerd via de applicatieniveau-bevestiging</td><td/><td>added v2.2</td></tr><tr><td>NE<a name=\"NE\"> </a></td><td>Never.  No application-level response needed</td><td>Keine Rückmeldung erforderlich</td><td>Nooit - er is geen antwoord op applicatieniveau nodig</td><td/><td>added v2.2</td></tr><tr><td>SU<a name=\"SU\"> </a></td><td>Success.  Only MFA segments denoting success must be returned via the application-level acknowledgment for this message</td><td>Rückmeldung bei erfolgreicher Verarbeitung</td><td>Alleen bij succes. Er mogen voor dit bericht alleen MFA-segmenten die succes aanduiden worden geretourneerd via de applicatieniveau-bevestiging</td><td/><td>added v2.2</td></tr></table>\r\n</div>","status":"additional"},"url":"http://hl7.org/fhir/ValueSet/v2-0179","version":"2.8.2"}