{"codeSystem":{"caseSensitive":false,"concept":[{"code":"C","designation":[{"language":"de","value":"Behandlung"},{"language":"nl","value":"Consult"}],"display":"Consultation"},{"code":"D","designation":[{"language":"de","value":"Diagnose"},{"language":"nl","value":"Diagnose"}],"display":"Diagnosis"},{"code":"I","designation":[{"language":"de","value":"Maßnahme"},{"language":"nl","value":"Invasieve procedure niet anders geclassificeerd (infuus, catether, etc.)"}],"display":"Invasive procedure not classified elsewhere (I.V., catheter, etc.)"},{"code":"M","designation":[{"language":"de","value":"Medikation"},{"language":"nl","value":"Medicatie (antibioticum)"}],"display":"Medication (antibiotic)"},{"code":"O","designation":[{"language":"de","value":"andere"},{"language":"nl","value":"Anders"}],"display":"Other"},{"code":"R","designation":[{"language":"de","value":"Planung von radiologischen Untersuchungen"},{"language":"nl","value":"Radiologische planning (zonder gebruik te maken van ICDA codes)"}],"display":"Radiological scheduling (not using ICDA codes)"},{"code":"S","designation":[{"language":"de","value":"Symptome"},{"language":"nl","value":"Teken en symptoom"}],"display":"Sign and symptom"},{"code":"T","designation":[{"language":"de","value":"Gewebebestimmung"},{"language":"nl","value":"Weefseldiagnose"}],"display":"Tissue diagnosis"}],"extension":[{"url":"http://hl7.org/fhir/StructureDefinition/valueset-oid","valueUri":"urn:oid:2.16.840.1.133883.18.128"}],"system":"http://hl7.org/fhir/v2/0228"},"contact":[{"telecom":[{"system":"other","value":"http://hl7.org"}]}],"description":"FHIR Value set/code system definition for HL7 v2 table 0228 ( Diagnosis Classification)","experimental":true,"id":"v2-0228","meta":{"profile":["http://hl7.org/fhir/StructureDefinition/valueset-shareable-definition"]},"name":"v2 Diagnosis Classification","publisher":"HL7, Inc","resourceType":"ValueSet","status":"active","text":{"div":"<div><p>Diagnosis Classification</p>\r\n<table class=\"grid\"><tr><td><b>Code</b></td><td><b>Description</b></td><td><b>Deutsch (German)</b></td><td><b>Nederlands (Dutch)</b></td><td><b>Comment</b></td><td><b>Version</b></td></tr><tr><td>C<a name=\"C\"> </a></td><td>Consultation</td><td>Behandlung</td><td>Consult</td><td/><td>added v2.3</td></tr><tr><td>D<a name=\"D\"> </a></td><td>Diagnosis</td><td>Diagnose</td><td>Diagnose</td><td/><td>added v2.3</td></tr><tr><td>I<a name=\"I\"> </a></td><td>Invasive procedure not classified elsewhere (I.V., catheter, etc.)</td><td>Maßnahme</td><td>Invasieve procedure niet anders geclassificeerd (infuus, catether, etc.)</td><td/><td>added v2.3</td></tr><tr><td>M<a name=\"M\"> </a></td><td>Medication (antibiotic)</td><td>Medikation</td><td>Medicatie (antibioticum)</td><td/><td>added v2.3</td></tr><tr><td>O<a name=\"O\"> </a></td><td>Other</td><td>andere</td><td>Anders</td><td/><td>added v2.3</td></tr><tr><td>R<a name=\"R\"> </a></td><td>Radiological scheduling (not using ICDA codes)</td><td>Planung von radiologischen Untersuchungen</td><td>Radiologische planning (zonder gebruik te maken van ICDA codes)</td><td/><td>added v2.3</td></tr><tr><td>S<a name=\"S\"> </a></td><td>Sign and symptom</td><td>Symptome</td><td>Teken en symptoom</td><td/><td>added v2.3</td></tr><tr><td>T<a name=\"T\"> </a></td><td>Tissue diagnosis</td><td>Gewebebestimmung</td><td>Weefseldiagnose</td><td/><td>added v2.3</td></tr></table>\r\n</div>","status":"additional"},"url":"http://hl7.org/fhir/ValueSet/v2-0228","version":"2.8.2"}