{"codeSystem":{"caseSensitive":false,"concept":[{"code":"D","designation":[{"language":"de","value":"Bei Entlassung"},{"language":"nl","value":"Bij ontslag"}],"display":"On discharge"},{"code":"O","designation":[{"language":"de","value":"Bei Auftragseingang"},{"language":"nl","value":"Bij ontvangst van aanvraag"}],"display":"On receipt of order"},{"code":"R","designation":[{"language":"de","value":"Mit Ende der Leistungserbringung"},{"language":"nl","value":"Bij voltooiing service"}],"display":"At time service is completed"},{"code":"S","designation":[{"language":"de","value":"Am Beginn der Leistungserbringung"},{"language":"nl","value":"Bij aanvang service"}],"display":"At time service is started"},{"code":"T","designation":[{"language":"de","value":"Zum angegebenen Zeitpunkt"},{"language":"nl","value":"Op opgegeven moment"}],"display":"At a designated date/time"}],"extension":[{"url":"http://hl7.org/fhir/StructureDefinition/valueset-oid","valueUri":"urn:oid:2.16.840.1.133883.18.38"}],"system":"http://hl7.org/fhir/v2/0100"},"contact":[{"telecom":[{"system":"other","value":"http://hl7.org"}]}],"description":"FHIR Value set/code system definition for HL7 v2 table 0100 ( Invocation event)","experimental":true,"id":"v2-0100","meta":{"profile":["http://hl7.org/fhir/StructureDefinition/valueset-shareable-definition"]},"name":"v2 Invocation event","publisher":"HL7, Inc","resourceType":"ValueSet","status":"active","text":{"div":"<div><p>Invocation event</p>\r\n<table class=\"grid\"><tr><td><b>Code</b></td><td><b>Description</b></td><td><b>Deutsch (German)</b></td><td><b>Nederlands (Dutch)</b></td><td><b>Comment</b></td><td><b>Version</b></td></tr><tr><td>D<a name=\"D\"> </a></td><td>On discharge</td><td>Bei Entlassung</td><td>Bij ontslag</td><td/><td>from v2.1</td></tr><tr><td>O<a name=\"O\"> </a></td><td>On receipt of order</td><td>Bei Auftragseingang</td><td>Bij ontvangst van aanvraag</td><td/><td>from v2.1</td></tr><tr><td>R<a name=\"R\"> </a></td><td>At time service is completed</td><td>Mit Ende der Leistungserbringung</td><td>Bij voltooiing service</td><td/><td>from v2.1</td></tr><tr><td>S<a name=\"S\"> </a></td><td>At time service is started</td><td>Am Beginn der Leistungserbringung</td><td>Bij aanvang service</td><td/><td>from v2.1</td></tr><tr><td>T<a name=\"T\"> </a></td><td>At a designated date/time</td><td>Zum angegebenen Zeitpunkt</td><td>Op opgegeven moment</td><td/><td>from v2.1</td></tr></table>\r\n</div>","status":"additional"},"url":"http://hl7.org/fhir/ValueSet/v2-0100","version":"2.8.2"}