{
  "resourceType": "ValueSet",
  "id": "v2-0561",
  "meta": {
    "profile": [
      "http://hl7.org/fhir/StructureDefinition/valueset-shareable-definition"
    ]
  },
  "text": {
    "status": "additional",
    "div": "<div><p>Product/Services Clarification Codes</p>\r\n<table class=\"grid\"><tr><td><b>Code</b></td><td><b>Description</b></td><td><b>Comment</b></td><td><b>Version</b></td></tr><tr><td>CLCTR<a name=\"CLCTR\"> </a></td><td>Claim Center</td><td/><td>added v2.6</td></tr><tr><td>DGAPP<a name=\"DGAPP\"> </a></td><td>Diagnostic Approval Number</td><td>MSP: assigned by MSP</td><td>added v2.6</td></tr><tr><td>DTCTR<a name=\"DTCTR\"> </a></td><td>Data Center Number</td><td>MSP: Data Center Number associated with the Provider's Network Application ID</td><td>added v2.6</td></tr><tr><td>ENC<a name=\"ENC\"> </a></td><td>Encounter Number</td><td/><td>added v2.6</td></tr><tr><td>GFTH<a name=\"GFTH\"> </a></td><td>Good Faith Indicator</td><td/><td>added v2.6</td></tr><tr><td>OOP<a name=\"OOP\"> </a></td><td>Out of Province Indicator</td><td/><td>added v2.6</td></tr><tr><td>SEQ<a name=\"SEQ\"> </a></td><td>Sequence Number</td><td>MSP: Must be sequential by Data Center Number</td><td>added v2.6</td></tr></table>\r\n</div>"
  },
  "url": "http://hl7.org/fhir/ValueSet/v2-0561",
  "version": "2.8.2",
  "name": "v2 Product/Services Clarification Codes",
  "status": "active",
  "experimental": true,
  "publisher": "HL7, Inc",
  "contact": [
    {
      "telecom": [
        {
          "system": "other",
          "value": "http://hl7.org"
        }
      ]
    }
  ],
  "description": "FHIR Value set/code system definition for HL7 v2 table 0561 ( Product/Services Clarification Codes)",
  "codeSystem": {
    "extension": [
      {
        "url": "http://hl7.org/fhir/StructureDefinition/valueset-oid",
        "valueUri": "urn:oid:2.16.840.1.133883.18.364"
      }
    ],
    "system": "http://hl7.org/fhir/v2/0561",
    "caseSensitive": false,
    "concept": [
      {
        "code": "CLCTR",
        "display": "Claim Center"
      },
      {
        "extension": [
          {
            "url": "http://hl7.org/fhir/StructureDefinition/valueset-comments",
            "valueString": "MSP: assigned by MSP"
          }
        ],
        "code": "DGAPP",
        "display": "Diagnostic Approval Number"
      },
      {
        "extension": [
          {
            "url": "http://hl7.org/fhir/StructureDefinition/valueset-comments",
            "valueString": "MSP: Data Center Number associated with the Provider's Network Application ID"
          }
        ],
        "code": "DTCTR",
        "display": "Data Center Number"
      },
      {
        "code": "ENC",
        "display": "Encounter Number"
      },
      {
        "code": "GFTH",
        "display": "Good Faith Indicator"
      },
      {
        "code": "OOP",
        "display": "Out of Province Indicator"
      },
      {
        "extension": [
          {
            "url": "http://hl7.org/fhir/StructureDefinition/valueset-comments",
            "valueString": "MSP: Must be sequential by Data Center Number"
          }
        ],
        "code": "SEQ",
        "display": "Sequence Number"
      }
    ]
  }
}