{
  "resourceType": "ValueSet",
  "id": "v2-0371",
  "meta": {
    "profile": [
      "http://hl7.org/fhir/StructureDefinition/valueset-shareable-definition"
    ]
  },
  "text": {
    "status": "additional",
    "div": "<div><p>Additive/Preservative</p>\r\n<table class=\"grid\"><tr><td><b>Code</b></td><td><b>Description</b></td><td><b>Comment</b></td><td><b>Version</b></td></tr><tr><td>ACDA<a name=\"ACDA\"> </a></td><td>ACD Solution A</td><td>Yellow top tube</td><td>added v2.5</td></tr><tr><td>ACDB<a name=\"ACDB\"> </a></td><td>ACD Solution B</td><td>Yellow top tube</td><td>added v2.5</td></tr><tr><td>ACET<a name=\"ACET\"> </a></td><td>Acetic Acid</td><td>Urine preservative</td><td>added v2.5</td></tr><tr><td>AMIES<a name=\"AMIES\"> </a></td><td>Amies transport medium</td><td>Protozoa</td><td>added v2.5</td></tr><tr><td>BACTM<a name=\"BACTM\"> </a></td><td>Bacterial Transport medium</td><td>Microbiological culture</td><td>added v2.5</td></tr><tr><td>BF10<a name=\"BF10\"> </a></td><td>Buffered 10% formalin</td><td>Tissue</td><td>added v2.5</td></tr><tr><td>BOR<a name=\"BOR\"> </a></td><td>Borate Boric Acid</td><td>24HR Urine Additive</td><td>added v2.4</td></tr><tr><td>BOUIN<a name=\"BOUIN\"> </a></td><td>Bouin's solution</td><td>Tissue</td><td>added v2.5</td></tr><tr><td>BSKM<a name=\"BSKM\"> </a></td><td>Buffered skim milk</td><td>Viral isolation</td><td>added v2.5</td></tr><tr><td>C32<a name=\"C32\"> </a></td><td>3.2%  Citrate</td><td>Blue top tube</td><td>added v2.4</td></tr><tr><td>C38<a name=\"C38\"> </a></td><td>3.8% Citrate</td><td>Blue top tube</td><td>added v2.4</td></tr><tr><td>CARS<a name=\"CARS\"> </a></td><td>Carson's Modified 10% formalin</td><td>Tissue</td><td>added v2.5</td></tr><tr><td>CARY<a name=\"CARY\"> </a></td><td>Cary Blair Medium</td><td>Stool Cultures</td><td>added v2.5</td></tr><tr><td>CHLTM<a name=\"CHLTM\"> </a></td><td>Chlamydia transport medium</td><td>Chlamydia culture</td><td>added v2.5</td></tr><tr><td>CTAD<a name=\"CTAD\"> </a></td><td>CTAD (this should be spelled out if not universally understood)</td><td>Blue top tube</td><td>added v2.5</td></tr><tr><td>EDTK<a name=\"EDTK\"> </a></td><td>Potassium/K EDTA</td><td>Deprecated. Replaced by EDTK15 and EDTK75</td><td>added v2.4</td></tr><tr><td>EDTK15<a name=\"EDTK15\"> </a></td><td>Potassium/K EDTA 15%</td><td>Purple top tube</td><td>added v2.5</td></tr><tr><td>EDTK75<a name=\"EDTK75\"> </a></td><td>Potassium/K EDTA 7.5%</td><td>Purple top tube</td><td>added v2.5</td></tr><tr><td>EDTN<a name=\"EDTN\"> </a></td><td>Sodium/Na EDTA</td><td>Dark Blue top tube</td><td>added v2.4</td></tr><tr><td>ENT<a name=\"ENT\"> </a></td><td>Enteric bacteria transport medium</td><td>Bacterial culture</td><td>added v2.5</td></tr><tr><td>ENT+<a name=\"ENT.43\"> </a></td><td>Enteric plus</td><td>Stool Cultures</td><td>added v2.5</td></tr><tr><td>F10<a name=\"F10\"> </a></td><td>10% Formalin</td><td>Tissue preservative</td><td>added v2.5</td></tr><tr><td>FDP<a name=\"FDP\"> </a></td><td>Thrombin NIH; soybean trypsin inhibitor (Fibrin Degradation Products)</td><td>Dark Blue top tube</td><td>added v2.5</td></tr><tr><td>FL10<a name=\"FL10\"> </a></td><td>Sodium Fluoride, 10mg</td><td>Urine</td><td>added v2.5</td></tr><tr><td>FL100<a name=\"FL100\"> </a></td><td>Sodium Fluoride, 100mg</td><td>Urine</td><td>added v2.5</td></tr><tr><td>HCL6<a name=\"HCL6\"> </a></td><td>6N HCL</td><td>24 HR Urine Additive</td><td>added v2.4</td></tr><tr><td>HEPA<a name=\"HEPA\"> </a></td><td>Ammonium heparin</td><td>Green top tube</td><td>added v2.5</td></tr><tr><td>HEPL<a name=\"HEPL\"> </a></td><td>Lithium/Li  Heparin</td><td>Green top tube</td><td>added v2.4</td></tr><tr><td>HEPN<a name=\"HEPN\"> </a></td><td>Sodium/Na  Heparin</td><td>Green top tube</td><td>added v2.4</td></tr><tr><td>HNO3<a name=\"HNO3\"> </a></td><td>Nitric Acid</td><td>Urine</td><td>added v2.5</td></tr><tr><td>JKM<a name=\"JKM\"> </a></td><td>Jones Kendrick Medium</td><td>Bordetella pertussis</td><td>added v2.5</td></tr><tr><td>KARN<a name=\"KARN\"> </a></td><td>Karnovsky's fixative</td><td>Tissue</td><td>added v2.5</td></tr><tr><td>KOX<a name=\"KOX\"> </a></td><td>Potassium Oxalate</td><td>Gray top tube</td><td>added v2.5</td></tr><tr><td>LIA<a name=\"LIA\"> </a></td><td>Lithium iodoacetate</td><td>Gray top tube</td><td>added v2.5</td></tr><tr><td>M4<a name=\"M4\"> </a></td><td>M4</td><td>Microbiological culture</td><td>added v2.5</td></tr><tr><td>M4RT<a name=\"M4RT\"> </a></td><td>M4-RT</td><td>Microbiological culture</td><td>added v2.5</td></tr><tr><td>M5<a name=\"M5\"> </a></td><td>M5</td><td>Microbiological culture</td><td>added v2.5</td></tr><tr><td>MICHTM<a name=\"MICHTM\"> </a></td><td>Michel's transport medium</td><td>IF tests</td><td>added v2.5</td></tr><tr><td>MMDTM<a name=\"MMDTM\"> </a></td><td>MMD transport medium</td><td>Immunofluorescence</td><td>added v2.5</td></tr><tr><td>NAF<a name=\"NAF\"> </a></td><td>Sodium Fluoride</td><td>Gray top tube</td><td>added v2.5</td></tr><tr><td>NAPS<a name=\"NAPS\"> </a></td><td>Sodium polyanethol sulfonate 0.35% in 0.85% sodium chloride</td><td>Yellow (Blood Culture)</td><td>added v2.5</td></tr><tr><td>NONE<a name=\"NONE\"> </a></td><td>None</td><td>Red or Pink top tube</td><td>added v2.5</td></tr><tr><td>PAGE<a name=\"PAGE\"> </a></td><td>Pages's Saline</td><td>Acanthaoemba</td><td>added v2.5</td></tr><tr><td>PHENOL<a name=\"PHENOL\"> </a></td><td>Phenol</td><td>24 Hr Urine Additive</td><td>added v2.5</td></tr><tr><td>PVA<a name=\"PVA\"> </a></td><td>PVA (polyvinylalcohol)</td><td>O&amp;P</td><td>added v2.5</td></tr><tr><td>RLM<a name=\"RLM\"> </a></td><td>Reagan Lowe Medium</td><td>Bordetella pertussis cultures</td><td>added v2.5</td></tr><tr><td>SILICA<a name=\"SILICA\"> </a></td><td>Siliceous earth, 12 mg</td><td>Gray top tube</td><td>added v2.5</td></tr><tr><td>SPS<a name=\"SPS\"> </a></td><td>SPS(this should be spelled out if not universally understood)</td><td>Anticoagulant w/o bacteriocidal properties</td><td>added v2.5</td></tr><tr><td>SST<a name=\"SST\"> </a></td><td>Serum Separator Tube (Polymer Gel)</td><td>'Tiger' Top tube</td><td>added v2.5</td></tr><tr><td>STUTM<a name=\"STUTM\"> </a></td><td>Stuart transport medium</td><td>Bacterial culture</td><td>added v2.5</td></tr><tr><td>THROM<a name=\"THROM\"> </a></td><td>Thrombin</td><td>Orange or Grey/Yellow (STAT Chem)</td><td>added v2.5</td></tr><tr><td>THYMOL<a name=\"THYMOL\"> </a></td><td>Thymol</td><td>24 Hr Urine Additive</td><td>added v2.5</td></tr><tr><td>THYO<a name=\"THYO\"> </a></td><td>Thyoglycollate broth</td><td>Bacterial Isolation</td><td>added v2.5</td></tr><tr><td>TOLU<a name=\"TOLU\"> </a></td><td>Toluene</td><td>24 Hr Urine Additive</td><td>added v2.5</td></tr><tr><td>URETM<a name=\"URETM\"> </a></td><td>Ureaplasma transport medium</td><td>Ureaplasma culture</td><td>added v2.5</td></tr><tr><td>VIRTM<a name=\"VIRTM\"> </a></td><td>Viral Transport medium</td><td>Virus cultures</td><td>added v2.5</td></tr><tr><td>WEST<a name=\"WEST\"> </a></td><td>Buffered Citrate (Westergren Sedimentation Rate)</td><td>Black top tube</td><td>added v2.5</td></tr></table>\r\n</div>"
  },
  "url": "http://hl7.org/fhir/ValueSet/v2-0371",
  "version": "2.8.2",
  "name": "v2 Additive/Preservative",
  "status": "active",
  "experimental": true,
  "publisher": "HL7, Inc",
  "contact": [
    {
      "telecom": [
        {
          "system": "other",
          "value": "http://hl7.org"
        }
      ]
    }
  ],
  "description": "FHIR Value set/code system definition for HL7 v2 table 0371 ( Additive/Preservative)",
  "codeSystem": {
    "extension": [
      {
        "url": "http://hl7.org/fhir/StructureDefinition/valueset-oid",
        "valueUri": "urn:oid:2.16.840.1.133883.18.229"
      }
    ],
    "system": "http://hl7.org/fhir/v2/0371",
    "caseSensitive": false,
    "concept": [
      {
        "extension": [
          {
            "url": "http://hl7.org/fhir/StructureDefinition/valueset-comments",
            "valueString": "Yellow top tube"
          }
        ],
        "code": "ACDA",
        "display": "ACD Solution A"
      },
      {
        "extension": [
          {
            "url": "http://hl7.org/fhir/StructureDefinition/valueset-comments",
            "valueString": "Yellow top tube"
          }
        ],
        "code": "ACDB",
        "display": "ACD Solution B"
      },
      {
        "extension": [
          {
            "url": "http://hl7.org/fhir/StructureDefinition/valueset-comments",
            "valueString": "Urine preservative"
          }
        ],
        "code": "ACET",
        "display": "Acetic Acid"
      },
      {
        "extension": [
          {
            "url": "http://hl7.org/fhir/StructureDefinition/valueset-comments",
            "valueString": "Protozoa"
          }
        ],
        "code": "AMIES",
        "display": "Amies transport medium"
      },
      {
        "extension": [
          {
            "url": "http://hl7.org/fhir/StructureDefinition/valueset-comments",
            "valueString": "Microbiological culture"
          }
        ],
        "code": "BACTM",
        "display": "Bacterial Transport medium"
      },
      {
        "extension": [
          {
            "url": "http://hl7.org/fhir/StructureDefinition/valueset-comments",
            "valueString": "Tissue"
          }
        ],
        "code": "BF10",
        "display": "Buffered 10% formalin"
      },
      {
        "extension": [
          {
            "url": "http://hl7.org/fhir/StructureDefinition/valueset-comments",
            "valueString": "24HR Urine Additive"
          }
        ],
        "code": "BOR",
        "display": "Borate Boric Acid"
      },
      {
        "extension": [
          {
            "url": "http://hl7.org/fhir/StructureDefinition/valueset-comments",
            "valueString": "Tissue"
          }
        ],
        "code": "BOUIN",
        "display": "Bouin's solution"
      },
      {
        "extension": [
          {
            "url": "http://hl7.org/fhir/StructureDefinition/valueset-comments",
            "valueString": "Viral isolation"
          }
        ],
        "code": "BSKM",
        "display": "Buffered skim milk"
      },
      {
        "extension": [
          {
            "url": "http://hl7.org/fhir/StructureDefinition/valueset-comments",
            "valueString": "Blue top tube"
          }
        ],
        "code": "C32",
        "display": "3.2%  Citrate"
      },
      {
        "extension": [
          {
            "url": "http://hl7.org/fhir/StructureDefinition/valueset-comments",
            "valueString": "Blue top tube"
          }
        ],
        "code": "C38",
        "display": "3.8% Citrate"
      },
      {
        "extension": [
          {
            "url": "http://hl7.org/fhir/StructureDefinition/valueset-comments",
            "valueString": "Tissue"
          }
        ],
        "code": "CARS",
        "display": "Carson's Modified 10% formalin"
      },
      {
        "extension": [
          {
            "url": "http://hl7.org/fhir/StructureDefinition/valueset-comments",
            "valueString": "Stool Cultures"
          }
        ],
        "code": "CARY",
        "display": "Cary Blair Medium"
      },
      {
        "extension": [
          {
            "url": "http://hl7.org/fhir/StructureDefinition/valueset-comments",
            "valueString": "Chlamydia culture"
          }
        ],
        "code": "CHLTM",
        "display": "Chlamydia transport medium"
      },
      {
        "extension": [
          {
            "url": "http://hl7.org/fhir/StructureDefinition/valueset-comments",
            "valueString": "Blue top tube"
          }
        ],
        "code": "CTAD",
        "display": "CTAD (this should be spelled out if not universally understood)"
      },
      {
        "extension": [
          {
            "url": "http://hl7.org/fhir/StructureDefinition/valueset-comments",
            "valueString": "Deprecated. Replaced by EDTK15 and EDTK75"
          }
        ],
        "code": "EDTK",
        "display": "Potassium/K EDTA"
      },
      {
        "extension": [
          {
            "url": "http://hl7.org/fhir/StructureDefinition/valueset-comments",
            "valueString": "Purple top tube"
          }
        ],
        "code": "EDTK15",
        "display": "Potassium/K EDTA 15%"
      },
      {
        "extension": [
          {
            "url": "http://hl7.org/fhir/StructureDefinition/valueset-comments",
            "valueString": "Purple top tube"
          }
        ],
        "code": "EDTK75",
        "display": "Potassium/K EDTA 7.5%"
      },
      {
        "extension": [
          {
            "url": "http://hl7.org/fhir/StructureDefinition/valueset-comments",
            "valueString": "Dark Blue top tube"
          }
        ],
        "code": "EDTN",
        "display": "Sodium/Na EDTA"
      },
      {
        "extension": [
          {
            "url": "http://hl7.org/fhir/StructureDefinition/valueset-comments",
            "valueString": "Bacterial culture"
          }
        ],
        "code": "ENT",
        "display": "Enteric bacteria transport medium"
      },
      {
        "extension": [
          {
            "url": "http://hl7.org/fhir/StructureDefinition/valueset-comments",
            "valueString": "Stool Cultures"
          }
        ],
        "code": "ENT+",
        "display": "Enteric plus"
      },
      {
        "extension": [
          {
            "url": "http://hl7.org/fhir/StructureDefinition/valueset-comments",
            "valueString": "Tissue preservative"
          }
        ],
        "code": "F10",
        "display": "10% Formalin"
      },
      {
        "extension": [
          {
            "url": "http://hl7.org/fhir/StructureDefinition/valueset-comments",
            "valueString": "Dark Blue top tube"
          }
        ],
        "code": "FDP",
        "display": "Thrombin NIH; soybean trypsin inhibitor (Fibrin Degradation Products)"
      },
      {
        "extension": [
          {
            "url": "http://hl7.org/fhir/StructureDefinition/valueset-comments",
            "valueString": "Urine"
          }
        ],
        "code": "FL10",
        "display": "Sodium Fluoride, 10mg"
      },
      {
        "extension": [
          {
            "url": "http://hl7.org/fhir/StructureDefinition/valueset-comments",
            "valueString": "Urine"
          }
        ],
        "code": "FL100",
        "display": "Sodium Fluoride, 100mg"
      },
      {
        "extension": [
          {
            "url": "http://hl7.org/fhir/StructureDefinition/valueset-comments",
            "valueString": "24 HR Urine Additive"
          }
        ],
        "code": "HCL6",
        "display": "6N HCL"
      },
      {
        "extension": [
          {
            "url": "http://hl7.org/fhir/StructureDefinition/valueset-comments",
            "valueString": "Green top tube"
          }
        ],
        "code": "HEPA",
        "display": "Ammonium heparin"
      },
      {
        "extension": [
          {
            "url": "http://hl7.org/fhir/StructureDefinition/valueset-comments",
            "valueString": "Green top tube"
          }
        ],
        "code": "HEPL",
        "display": "Lithium/Li  Heparin"
      },
      {
        "extension": [
          {
            "url": "http://hl7.org/fhir/StructureDefinition/valueset-comments",
            "valueString": "Green top tube"
          }
        ],
        "code": "HEPN",
        "display": "Sodium/Na  Heparin"
      },
      {
        "extension": [
          {
            "url": "http://hl7.org/fhir/StructureDefinition/valueset-comments",
            "valueString": "Urine"
          }
        ],
        "code": "HNO3",
        "display": "Nitric Acid"
      },
      {
        "extension": [
          {
            "url": "http://hl7.org/fhir/StructureDefinition/valueset-comments",
            "valueString": "Bordetella pertussis"
          }
        ],
        "code": "JKM",
        "display": "Jones Kendrick Medium"
      },
      {
        "extension": [
          {
            "url": "http://hl7.org/fhir/StructureDefinition/valueset-comments",
            "valueString": "Tissue"
          }
        ],
        "code": "KARN",
        "display": "Karnovsky's fixative"
      },
      {
        "extension": [
          {
            "url": "http://hl7.org/fhir/StructureDefinition/valueset-comments",
            "valueString": "Gray top tube"
          }
        ],
        "code": "KOX",
        "display": "Potassium Oxalate"
      },
      {
        "extension": [
          {
            "url": "http://hl7.org/fhir/StructureDefinition/valueset-comments",
            "valueString": "Gray top tube"
          }
        ],
        "code": "LIA",
        "display": "Lithium iodoacetate"
      },
      {
        "extension": [
          {
            "url": "http://hl7.org/fhir/StructureDefinition/valueset-comments",
            "valueString": "Microbiological culture"
          }
        ],
        "code": "M4",
        "display": "M4"
      },
      {
        "extension": [
          {
            "url": "http://hl7.org/fhir/StructureDefinition/valueset-comments",
            "valueString": "Microbiological culture"
          }
        ],
        "code": "M4RT",
        "display": "M4-RT"
      },
      {
        "extension": [
          {
            "url": "http://hl7.org/fhir/StructureDefinition/valueset-comments",
            "valueString": "Microbiological culture"
          }
        ],
        "code": "M5",
        "display": "M5"
      },
      {
        "extension": [
          {
            "url": "http://hl7.org/fhir/StructureDefinition/valueset-comments",
            "valueString": "IF tests"
          }
        ],
        "code": "MICHTM",
        "display": "Michel's transport medium"
      },
      {
        "extension": [
          {
            "url": "http://hl7.org/fhir/StructureDefinition/valueset-comments",
            "valueString": "Immunofluorescence"
          }
        ],
        "code": "MMDTM",
        "display": "MMD transport medium"
      },
      {
        "extension": [
          {
            "url": "http://hl7.org/fhir/StructureDefinition/valueset-comments",
            "valueString": "Gray top tube"
          }
        ],
        "code": "NAF",
        "display": "Sodium Fluoride"
      },
      {
        "extension": [
          {
            "url": "http://hl7.org/fhir/StructureDefinition/valueset-comments",
            "valueString": "Yellow (Blood Culture)"
          }
        ],
        "code": "NAPS",
        "display": "Sodium polyanethol sulfonate 0.35% in 0.85% sodium chloride"
      },
      {
        "extension": [
          {
            "url": "http://hl7.org/fhir/StructureDefinition/valueset-comments",
            "valueString": "Red or Pink top tube"
          }
        ],
        "code": "NONE",
        "display": "None"
      },
      {
        "extension": [
          {
            "url": "http://hl7.org/fhir/StructureDefinition/valueset-comments",
            "valueString": "Acanthaoemba"
          }
        ],
        "code": "PAGE",
        "display": "Pages's Saline"
      },
      {
        "extension": [
          {
            "url": "http://hl7.org/fhir/StructureDefinition/valueset-comments",
            "valueString": "24 Hr Urine Additive"
          }
        ],
        "code": "PHENOL",
        "display": "Phenol"
      },
      {
        "extension": [
          {
            "url": "http://hl7.org/fhir/StructureDefinition/valueset-comments",
            "valueString": "O&P"
          }
        ],
        "code": "PVA",
        "display": "PVA (polyvinylalcohol)"
      },
      {
        "extension": [
          {
            "url": "http://hl7.org/fhir/StructureDefinition/valueset-comments",
            "valueString": "Bordetella pertussis cultures"
          }
        ],
        "code": "RLM",
        "display": "Reagan Lowe Medium"
      },
      {
        "extension": [
          {
            "url": "http://hl7.org/fhir/StructureDefinition/valueset-comments",
            "valueString": "Gray top tube"
          }
        ],
        "code": "SILICA",
        "display": "Siliceous earth, 12 mg"
      },
      {
        "extension": [
          {
            "url": "http://hl7.org/fhir/StructureDefinition/valueset-comments",
            "valueString": "Anticoagulant w/o bacteriocidal properties"
          }
        ],
        "code": "SPS",
        "display": "SPS(this should be spelled out if not universally understood)"
      },
      {
        "extension": [
          {
            "url": "http://hl7.org/fhir/StructureDefinition/valueset-comments",
            "valueString": "'Tiger' Top tube"
          }
        ],
        "code": "SST",
        "display": "Serum Separator Tube (Polymer Gel)"
      },
      {
        "extension": [
          {
            "url": "http://hl7.org/fhir/StructureDefinition/valueset-comments",
            "valueString": "Bacterial culture"
          }
        ],
        "code": "STUTM",
        "display": "Stuart transport medium"
      },
      {
        "extension": [
          {
            "url": "http://hl7.org/fhir/StructureDefinition/valueset-comments",
            "valueString": "Orange or Grey/Yellow (STAT Chem)"
          }
        ],
        "code": "THROM",
        "display": "Thrombin"
      },
      {
        "extension": [
          {
            "url": "http://hl7.org/fhir/StructureDefinition/valueset-comments",
            "valueString": "24 Hr Urine Additive"
          }
        ],
        "code": "THYMOL",
        "display": "Thymol"
      },
      {
        "extension": [
          {
            "url": "http://hl7.org/fhir/StructureDefinition/valueset-comments",
            "valueString": "Bacterial Isolation"
          }
        ],
        "code": "THYO",
        "display": "Thyoglycollate broth"
      },
      {
        "extension": [
          {
            "url": "http://hl7.org/fhir/StructureDefinition/valueset-comments",
            "valueString": "24 Hr Urine Additive"
          }
        ],
        "code": "TOLU",
        "display": "Toluene"
      },
      {
        "extension": [
          {
            "url": "http://hl7.org/fhir/StructureDefinition/valueset-comments",
            "valueString": "Ureaplasma culture"
          }
        ],
        "code": "URETM",
        "display": "Ureaplasma transport medium"
      },
      {
        "extension": [
          {
            "url": "http://hl7.org/fhir/StructureDefinition/valueset-comments",
            "valueString": "Virus cultures"
          }
        ],
        "code": "VIRTM",
        "display": "Viral Transport medium"
      },
      {
        "extension": [
          {
            "url": "http://hl7.org/fhir/StructureDefinition/valueset-comments",
            "valueString": "Black top tube"
          }
        ],
        "code": "WEST",
        "display": "Buffered Citrate (Westergren Sedimentation Rate)"
      }
    ]
  }
}