{
  "resourceType": "ValueSet",
  "id": "v2-0428",
  "meta": {
    "profile": [
      "http://hl7.org/fhir/StructureDefinition/valueset-shareable-definition"
    ]
  },
  "text": {
    "status": "additional",
    "div": "<div><p>Incident Type Code</p>\r\n<table class=\"grid\"><tr><td><b>Code</b></td><td><b>Description</b></td><td><b>Nederlands (Dutch)</b></td><td><b>Comment</b></td><td><b>Version</b></td></tr><tr><td>O<a name=\"O\"> </a></td><td>Other</td><td>Anders</td><td/><td>added v2.4</td></tr><tr><td>P<a name=\"P\"> </a></td><td>Preventable</td><td>Vermijdbaar</td><td/><td>added v2.4</td></tr><tr><td>U<a name=\"U\"> </a></td><td>User Error</td><td>Gebruikersfout</td><td/><td>added v2.4</td></tr></table>\r\n</div>"
  },
  "url": "http://hl7.org/fhir/ValueSet/v2-0428",
  "version": "2.8.2",
  "name": "v2 Incident Type Code",
  "status": "active",
  "experimental": true,
  "publisher": "HL7, Inc",
  "contact": [
    {
      "telecom": [
        {
          "system": "other",
          "value": "http://hl7.org"
        }
      ]
    }
  ],
  "description": "FHIR Value set/code system definition for HL7 v2 table 0428 ( Incident Type Code)",
  "codeSystem": {
    "extension": [
      {
        "url": "http://hl7.org/fhir/StructureDefinition/valueset-oid",
        "valueUri": "urn:oid:2.16.840.1.133883.18.269"
      }
    ],
    "system": "http://hl7.org/fhir/v2/0428",
    "caseSensitive": false,
    "concept": [
      {
        "code": "O",
        "display": "Other",
        "designation": [
          {
            "language": "nl",
            "value": "Anders"
          }
        ]
      },
      {
        "code": "P",
        "display": "Preventable",
        "designation": [
          {
            "language": "nl",
            "value": "Vermijdbaar"
          }
        ]
      },
      {
        "code": "U",
        "display": "User Error",
        "designation": [
          {
            "language": "nl",
            "value": "Gebruikersfout"
          }
        ]
      }
    ]
  }
}