{"codeSystem":{"caseSensitive":false,"concept":[{"code":"M","designation":[{"language":"nl","value":"Moederschap"}],"display":"Maternity"},{"code":"S","designation":[{"language":"nl","value":"Standaard"}],"display":"Standard"},{"code":"U","designation":[{"language":"nl","value":"Geünificeerd"}],"display":"Unified"}],"extension":[{"url":"http://hl7.org/fhir/StructureDefinition/valueset-oid","valueUri":"urn:oid:2.16.840.1.133883.18.37"}],"system":"http://hl7.org/fhir/v2/0098"},"contact":[{"telecom":[{"system":"other","value":"http://hl7.org"}]}],"description":"FHIR Value set/code system definition for HL7 v2 table 0098 ( Type of Agreement)","experimental":true,"id":"v2-0098","meta":{"profile":["http://hl7.org/fhir/StructureDefinition/valueset-shareable-definition"]},"name":"v2 Type of Agreement","publisher":"HL7, Inc","resourceType":"ValueSet","status":"active","text":{"div":"<div><p>Type of Agreement</p>\r\n<table class=\"grid\"><tr><td><b>Code</b></td><td><b>Description</b></td><td><b>Nederlands (Dutch)</b></td><td><b>Comment</b></td><td><b>Version</b></td></tr><tr><td>M<a name=\"M\"> </a></td><td>Maternity</td><td>Moederschap</td><td/><td>added v2.3</td></tr><tr><td>S<a name=\"S\"> </a></td><td>Standard</td><td>Standaard</td><td/><td>added v2.3</td></tr><tr><td>U<a name=\"U\"> </a></td><td>Unified</td><td>Geünificeerd</td><td/><td>added v2.3</td></tr></table>\r\n</div>","status":"additional"},"url":"http://hl7.org/fhir/ValueSet/v2-0098","version":"2.8.2"}