{
  "resourceType": "ValueSet",
  "id": "v2-0259",
  "meta": {
    "profile": [
      "http://hl7.org/fhir/StructureDefinition/valueset-shareable-definition"
    ]
  },
  "text": {
    "status": "additional",
    "div": "<div><p>Modality</p>\r\n<table class=\"grid\"><tr><td><b>Code</b></td><td><b>Description</b></td><td><b>Nederlands (Dutch)</b></td><td><b>Comment</b></td><td><b>Version</b></td></tr><tr><td>AS<a name=\"AS\"> </a></td><td>Angioscopy</td><td>Angioscopie</td><td/><td>added v2.3</td></tr><tr><td>BS<a name=\"BS\"> </a></td><td>Biomagnetic imaging</td><td>Biomagnetische beeldvorming</td><td/><td>added v2.3</td></tr><tr><td>CD<a name=\"CD\"> </a></td><td>Color flow Doppler</td><td>Kleurverloop Doppler</td><td/><td>added v2.3</td></tr><tr><td>CP<a name=\"CP\"> </a></td><td>Colposcopy</td><td>Colposcopie</td><td/><td>added v2.3</td></tr><tr><td>CR<a name=\"CR\"> </a></td><td>Computed radiography</td><td>Computed Radiography</td><td/><td>added v2.3</td></tr><tr><td>CS<a name=\"CS\"> </a></td><td>Cystoscopy</td><td>Cystoscopie</td><td/><td>added v2.3</td></tr><tr><td>CT<a name=\"CT\"> </a></td><td>Computed tomography</td><td>Computed Tomography</td><td/><td>added v2.3</td></tr><tr><td>DD<a name=\"DD\"> </a></td><td>Duplex Doppler</td><td>Duplex Doppler</td><td/><td>added v2.3</td></tr><tr><td>DG<a name=\"DG\"> </a></td><td>Diapanography</td><td>Mammografie</td><td/><td>added v2.3</td></tr><tr><td>DM<a name=\"DM\"> </a></td><td>Digital microscopy</td><td>Digitale microscopie</td><td/><td>added v2.3</td></tr><tr><td>EC<a name=\"EC\"> </a></td><td>Echocardiography</td><td>Echocardiografie</td><td/><td>added v2.3</td></tr><tr><td>ES<a name=\"ES\"> </a></td><td>Endoscopy</td><td>Endoscopie</td><td/><td>added v2.3</td></tr><tr><td>FA<a name=\"FA\"> </a></td><td>Fluorescein angiography</td><td>Fluoresceïne angiografie</td><td/><td>added v2.3</td></tr><tr><td>FS<a name=\"FS\"> </a></td><td>Fundoscopy</td><td>Fundoscopie</td><td/><td>added v2.3</td></tr><tr><td>LP<a name=\"LP\"> </a></td><td>Laparoscopy</td><td>Laparoscopie</td><td/><td>added v2.3</td></tr><tr><td>LS<a name=\"LS\"> </a></td><td>Laser surface scan</td><td>Laser oppervlakte scan</td><td/><td>added v2.3</td></tr><tr><td>MA<a name=\"MA\"> </a></td><td>Magnetic resonance angiography</td><td>Magnetische resonantie angiografie</td><td/><td>added v2.3</td></tr><tr><td>MS<a name=\"MS\"> </a></td><td>Magnetic resonance spectroscopy</td><td>Magnetische resonantie spectrografie</td><td/><td>added v2.3</td></tr><tr><td>NM<a name=\"NM\"> </a></td><td>Nuclear Medicine (radioisotope study)</td><td>Nucleaire geneeskunde (radio-isotopisch onderzoek)</td><td/><td>added v2.3</td></tr><tr><td>OT<a name=\"OT\"> </a></td><td>Other</td><td>Anders</td><td/><td>added v2.3</td></tr><tr><td>PT<a name=\"PT\"> </a></td><td>Positron emission tomography (PET)</td><td>Positron Emissie Tomografie (PET)</td><td/><td>added v2.3</td></tr><tr><td>RF<a name=\"RF\"> </a></td><td>Radio fluoroscopy</td><td>Radiofluoroscopie</td><td/><td>added v2.3</td></tr><tr><td>ST<a name=\"ST\"> </a></td><td>Single photon emission computed tomography (SPECT)</td><td>Single Photon Emission Tomography Computed Tomography (SPECT)</td><td/><td>added v2.3</td></tr><tr><td>TG<a name=\"TG\"> </a></td><td>Thermography</td><td>Thermografie</td><td/><td>added v2.3</td></tr><tr><td>US<a name=\"US\"> </a></td><td>Ultrasound</td><td>Ultrasound</td><td/><td>added v2.3</td></tr><tr><td>XA<a name=\"XA\"> </a></td><td>X-ray Angiography</td><td>Röntgen angiografie</td><td/><td>added v2.3</td></tr></table>\r\n</div>"
  },
  "url": "http://hl7.org/fhir/ValueSet/v2-0259",
  "version": "2.8.2",
  "name": "v2 Modality",
  "status": "active",
  "experimental": true,
  "publisher": "HL7, Inc",
  "contact": [
    {
      "telecom": [
        {
          "system": "other",
          "value": "http://hl7.org"
        }
      ]
    }
  ],
  "description": "FHIR Value set/code system definition for HL7 v2 table 0259 ( Modality)",
  "codeSystem": {
    "extension": [
      {
        "url": "http://hl7.org/fhir/StructureDefinition/valueset-oid",
        "valueUri": "urn:oid:2.16.840.1.133883.18.154"
      }
    ],
    "system": "http://hl7.org/fhir/v2/0259",
    "caseSensitive": false,
    "concept": [
      {
        "code": "AS",
        "display": "Angioscopy",
        "designation": [
          {
            "language": "nl",
            "value": "Angioscopie"
          }
        ]
      },
      {
        "code": "BS",
        "display": "Biomagnetic imaging",
        "designation": [
          {
            "language": "nl",
            "value": "Biomagnetische beeldvorming"
          }
        ]
      },
      {
        "code": "CD",
        "display": "Color flow Doppler",
        "designation": [
          {
            "language": "nl",
            "value": "Kleurverloop Doppler"
          }
        ]
      },
      {
        "code": "CP",
        "display": "Colposcopy",
        "designation": [
          {
            "language": "nl",
            "value": "Colposcopie"
          }
        ]
      },
      {
        "code": "CR",
        "display": "Computed radiography",
        "designation": [
          {
            "language": "nl",
            "value": "Computed Radiography"
          }
        ]
      },
      {
        "code": "CS",
        "display": "Cystoscopy",
        "designation": [
          {
            "language": "nl",
            "value": "Cystoscopie"
          }
        ]
      },
      {
        "code": "CT",
        "display": "Computed tomography",
        "designation": [
          {
            "language": "nl",
            "value": "Computed Tomography"
          }
        ]
      },
      {
        "code": "DD",
        "display": "Duplex Doppler",
        "designation": [
          {
            "language": "nl",
            "value": "Duplex Doppler"
          }
        ]
      },
      {
        "code": "DG",
        "display": "Diapanography",
        "designation": [
          {
            "language": "nl",
            "value": "Mammografie"
          }
        ]
      },
      {
        "code": "DM",
        "display": "Digital microscopy",
        "designation": [
          {
            "language": "nl",
            "value": "Digitale microscopie"
          }
        ]
      },
      {
        "code": "EC",
        "display": "Echocardiography",
        "designation": [
          {
            "language": "nl",
            "value": "Echocardiografie"
          }
        ]
      },
      {
        "code": "ES",
        "display": "Endoscopy",
        "designation": [
          {
            "language": "nl",
            "value": "Endoscopie"
          }
        ]
      },
      {
        "code": "FA",
        "display": "Fluorescein angiography",
        "designation": [
          {
            "language": "nl",
            "value": "Fluoresceïne angiografie"
          }
        ]
      },
      {
        "code": "FS",
        "display": "Fundoscopy",
        "designation": [
          {
            "language": "nl",
            "value": "Fundoscopie"
          }
        ]
      },
      {
        "code": "LP",
        "display": "Laparoscopy",
        "designation": [
          {
            "language": "nl",
            "value": "Laparoscopie"
          }
        ]
      },
      {
        "code": "LS",
        "display": "Laser surface scan",
        "designation": [
          {
            "language": "nl",
            "value": "Laser oppervlakte scan"
          }
        ]
      },
      {
        "code": "MA",
        "display": "Magnetic resonance angiography",
        "designation": [
          {
            "language": "nl",
            "value": "Magnetische resonantie angiografie"
          }
        ]
      },
      {
        "code": "MS",
        "display": "Magnetic resonance spectroscopy",
        "designation": [
          {
            "language": "nl",
            "value": "Magnetische resonantie spectrografie"
          }
        ]
      },
      {
        "code": "NM",
        "display": "Nuclear Medicine (radioisotope study)",
        "designation": [
          {
            "language": "nl",
            "value": "Nucleaire geneeskunde (radio-isotopisch onderzoek)"
          }
        ]
      },
      {
        "code": "OT",
        "display": "Other",
        "designation": [
          {
            "language": "nl",
            "value": "Anders"
          }
        ]
      },
      {
        "code": "PT",
        "display": "Positron emission tomography (PET)",
        "designation": [
          {
            "language": "nl",
            "value": "Positron Emissie Tomografie (PET)"
          }
        ]
      },
      {
        "code": "RF",
        "display": "Radio fluoroscopy",
        "designation": [
          {
            "language": "nl",
            "value": "Radiofluoroscopie"
          }
        ]
      },
      {
        "code": "ST",
        "display": "Single photon emission computed tomography (SPECT)",
        "designation": [
          {
            "language": "nl",
            "value": "Single Photon Emission Tomography Computed Tomography (SPECT)"
          }
        ]
      },
      {
        "code": "TG",
        "display": "Thermography",
        "designation": [
          {
            "language": "nl",
            "value": "Thermografie"
          }
        ]
      },
      {
        "code": "US",
        "display": "Ultrasound",
        "designation": [
          {
            "language": "nl",
            "value": "Ultrasound"
          }
        ]
      },
      {
        "code": "XA",
        "display": "X-ray Angiography",
        "designation": [
          {
            "language": "nl",
            "value": "Röntgen angiografie"
          }
        ]
      }
    ]
  }
}