{
  "resourceType": "ValueSet",
  "id": "v2-0388",
  "meta": {
    "profile": [
      "http://hl7.org/fhir/StructureDefinition/valueset-shareable-definition"
    ]
  },
  "text": {
    "status": "additional",
    "div": "<div><p>Processing Type</p>\r\n<table class=\"grid\"><tr><td><b>Code</b></td><td><b>Description</b></td><td><b>Nederlands (Dutch)</b></td><td><b>Comment</b></td><td><b>Version</b></td></tr><tr><td>E<a name=\"E\"> </a></td><td>Evaluation</td><td>Evaluatie</td><td/><td>added v2.4</td></tr><tr><td>P<a name=\"P\"> </a></td><td>Regular Production</td><td>Reguliere productie</td><td/><td>added v2.4</td></tr></table>\r\n</div>"
  },
  "url": "http://hl7.org/fhir/ValueSet/v2-0388",
  "version": "2.8.2",
  "name": "v2 Processing Type",
  "status": "active",
  "experimental": true,
  "publisher": "HL7, Inc",
  "contact": [
    {
      "telecom": [
        {
          "system": "other",
          "value": "http://hl7.org"
        }
      ]
    }
  ],
  "description": "FHIR Value set/code system definition for HL7 v2 table 0388 ( Processing Type)",
  "codeSystem": {
    "extension": [
      {
        "url": "http://hl7.org/fhir/StructureDefinition/valueset-oid",
        "valueUri": "urn:oid:2.16.840.1.133883.18.239"
      }
    ],
    "system": "http://hl7.org/fhir/v2/0388",
    "caseSensitive": false,
    "concept": [
      {
        "code": "E",
        "display": "Evaluation",
        "designation": [
          {
            "language": "nl",
            "value": "Evaluatie"
          }
        ]
      },
      {
        "code": "P",
        "display": "Regular Production",
        "designation": [
          {
            "language": "nl",
            "value": "Reguliere productie"
          }
        ]
      }
    ]
  }
}