{"codeSystem":{"caseSensitive":false,"concept":[{"code":"O","designation":[{"language":"nl","value":"Verzoek zorgverlener"}],"display":"Provider Ordered"},{"code":"P","designation":[{"language":"nl","value":"Verzoek patiënt"}],"display":"Patient Preference"},{"code":"S","designation":[{"language":"nl","value":"Second opinion"}],"display":"Second Opinion"},{"code":"W","designation":[{"language":"nl","value":"Werkdruk"}],"display":"Work Load"}],"extension":[{"url":"http://hl7.org/fhir/StructureDefinition/valueset-oid","valueUri":"urn:oid:2.16.840.1.133883.18.206"}],"system":"http://hl7.org/fhir/v2/0336"},"contact":[{"telecom":[{"system":"other","value":"http://hl7.org"}]}],"description":"FHIR Value set/code system definition for HL7 v2 table 0336 ( Referral Reason)","experimental":true,"id":"v2-0336","meta":{"profile":["http://hl7.org/fhir/StructureDefinition/valueset-shareable-definition"]},"name":"v2 Referral Reason","publisher":"HL7, Inc","resourceType":"ValueSet","status":"active","text":{"div":"<div><p>Referral Reason</p>\r\n<table class=\"grid\"><tr><td><b>Code</b></td><td><b>Description</b></td><td><b>Nederlands (Dutch)</b></td><td><b>Comment</b></td><td><b>Version</b></td></tr><tr><td>O<a name=\"O\"> </a></td><td>Provider Ordered</td><td>Verzoek zorgverlener</td><td/><td>added v2.3</td></tr><tr><td>P<a name=\"P\"> </a></td><td>Patient Preference</td><td>Verzoek patiënt</td><td/><td>added v2.3</td></tr><tr><td>S<a name=\"S\"> </a></td><td>Second Opinion</td><td>Second opinion</td><td/><td>added v2.3</td></tr><tr><td>W<a name=\"W\"> </a></td><td>Work Load</td><td>Werkdruk</td><td/><td>added v2.3</td></tr></table>\r\n</div>","status":"additional"},"url":"http://hl7.org/fhir/ValueSet/v2-0336","version":"2.8.2"}