{"codeSystem":{"caseSensitive":false,"concept":[{"code":"10D","designation":[{"language":"nl","value":"10 dagen"}],"display":"10 days"},{"code":"10M","designation":[{"language":"nl","value":"10 minuten post uitdaging"}],"display":"10 minutes post challenge"},{"code":"12H","designation":[{"language":"nl","value":"12 uur post uitdaging"}],"display":"12 hours post challenge"},{"code":"15M","designation":[{"language":"nl","value":"15 minuten post uitdaging"}],"display":"15 minutes post challenge"},{"code":"1H","designation":[{"language":"nl","value":"1 uur post uitdaging"}],"display":"1 hour post challenge"},{"code":"1L","designation":[{"language":"nl","value":"1 maand (30 dagen) post uitdaging"}],"display":"1 month (30 days) post challenge"},{"code":"1M","designation":[{"language":"nl","value":"1 minuut post uitdaging"}],"display":"1 minute post challenge"},{"code":"1W","designation":[{"language":"nl","value":"1 week"}],"display":"1 week"},{"code":"2.5H","designation":[{"language":"nl","value":"2 1/2 uur post uitdaging"}],"display":"2 Â½ hours post challenge"},{"code":"20M","designation":[{"language":"nl","value":"20 minuten post uitdaging"}],"display":"20 minutes post challenge"},{"code":"24H","designation":[{"language":"nl","value":"24 uur post uitdaging"}],"display":"24 hours post challenge"},{"code":"25M","designation":[{"language":"nl","value":"25 minuten post uitdaging"}],"display":"25 minutes post challenge"},{"code":"2D","designation":[{"language":"nl","value":"2 dagen"}],"display":"2 days"},{"code":"2H","designation":[{"language":"nl","value":"2 uur post uitdaging"}],"display":"2 hours post challenge"},{"code":"2L","designation":[{"language":"nl","value":"2 maanden (60 dagen) post uitdaging"}],"display":"2 months (60 days) post challenge"},{"code":"2M","designation":[{"language":"nl","value":"2 minuten post uitdaging"}],"display":"2 minutes post challenge"},{"code":"2W","designation":[{"language":"nl","value":"2 weken"}],"display":"2 weeks"},{"code":"30M","designation":[{"language":"nl","value":"30 minuten post uitdaging"}],"display":"30 minutes post challenge"},{"code":"3D","designation":[{"language":"nl","value":"3 dagen"}],"display":"3 days"},{"code":"3H","designation":[{"language":"nl","value":"3 uur post uitdaging"}],"display":"3 hours post challenge"},{"code":"3L","designation":[{"language":"nl","value":"3 maanden (90 dagen) post uitdaging"}],"display":"3 months (90 days) post challenge"},{"code":"3M","designation":[{"language":"nl","value":"3 minuten post uitdaging"}],"display":"3 minutes post challenge"},{"code":"3W","designation":[{"language":"nl","value":"3 weken"}],"display":"3 weeks"},{"code":"4D","designation":[{"language":"nl","value":"4 dagen"}],"display":"4 days"},{"code":"4H","designation":[{"language":"nl","value":"4 uur post uitdaging"}],"display":"4 hours post challenge"},{"code":"4M","designation":[{"language":"nl","value":"4 minuten post uitdaging"}],"display":"4 minutes post challenge"},{"code":"4W","designation":[{"language":"nl","value":"4 weken"}],"display":"4 weeks"},{"code":"5D","designation":[{"language":"nl","value":"5 dagen"}],"display":"5 days"},{"code":"5H","designation":[{"language":"nl","value":"5 uur post uitdaging"}],"display":"5  hours post challenge"},{"code":"5M","designation":[{"language":"nl","value":"5 minuten post uitdaging"}],"display":"5 minutes post challenge"},{"code":"6D","designation":[{"language":"nl","value":"7 dagen"}],"display":"6 days"},{"code":"6H","designation":[{"language":"nl","value":"6 uur post uitdaging"}],"display":"6 hours post challenge"},{"code":"6M","designation":[{"language":"nl","value":"6 minuten post uitdaging"}],"display":"6 minutes post challenge"},{"code":"7D","designation":[{"language":"nl","value":"7 dagen"}],"display":"7 days"},{"code":"7H","designation":[{"language":"nl","value":"7 uur post uitdaging"}],"display":"7 hours post challenge"},{"code":"7M","designation":[{"language":"nl","value":"7 minuten post uitdaging"}],"display":"7 minutes post challenge"},{"code":"8H","designation":[{"language":"nl","value":"8 uur post uitdaging"}],"display":"8 hours post challenge"},{"code":"8H SHIFT","designation":[{"language":"nl","value":"8 uur volgens verleegdiensten"}],"display":"8 hours aligned on nursing shifts"},{"code":"8M","designation":[{"language":"nl","value":"8 minuten post uitdaging"}],"display":"8 minutes post challenge"},{"code":"9M","designation":[{"language":"nl","value":"9 minuten post uitdaging"}],"display":"9 minutes post challenge"},{"code":"BS","designation":[{"language":"nl","value":"Nulmeting (tijd net voor de uitdaging)"}],"display":"Baseline (time just before the challenge)"},{"code":"PEAK","designation":[{"language":"nl","value":"De tijd na medicatiedosis waarop het hoogste medicatieniveau is bereikt (verschilt per medicament)"}],"display":"The time post drug dose at which the highest drug level is reached (differs by drug)"},{"code":"RANDOM","designation":[{"language":"nl","value":"Tijd vanaf uitdaging of dosis niet gespecificeerd. (willekeurig)"}],"display":"Time from the challenge, or dose not specified. (random)"},{"code":"TROUGH","designation":[{"language":"nl","value":"De tijd na medicatiedosis waarop het laagste medicatieniveau is bereikt (verschilt per medicament)"}],"display":"The time post drug dose at which the lowest drug level is reached (varies with drug)"}],"extension":[{"url":"http://hl7.org/fhir/StructureDefinition/valueset-oid","valueUri":"urn:oid:2.16.840.1.133883.18.151"}],"system":"http://hl7.org/fhir/v2/0256"},"contact":[{"telecom":[{"system":"other","value":"http://hl7.org"}]}],"description":"FHIR Value set/code system definition for HL7 v2 table 0256 ( Time Delay Post Challenge)","experimental":true,"id":"v2-0256","meta":{"profile":["http://hl7.org/fhir/StructureDefinition/valueset-shareable-definition"]},"name":"v2 Time Delay Post Challenge","publisher":"HL7, Inc","resourceType":"ValueSet","status":"active","text":{"div":"<div><p>Time Delay Post Challenge</p>\r\n<table class=\"grid\"><tr><td><b>Code</b></td><td><b>Description</b></td><td><b>Nederlands (Dutch)</b></td><td><b>Comment</b></td><td><b>Version</b></td></tr><tr><td>10D<a name=\"10D\"> </a></td><td>10 days</td><td>10 dagen</td><td/><td>added v2.3</td></tr><tr><td>10M<a name=\"10M\"> </a></td><td>10 minutes post challenge</td><td>10 minuten post uitdaging</td><td/><td>added v2.3</td></tr><tr><td>12H<a name=\"12H\"> </a></td><td>12 hours post challenge</td><td>12 uur post uitdaging</td><td/><td>added v2.3</td></tr><tr><td>15M<a name=\"15M\"> </a></td><td>15 minutes post challenge</td><td>15 minuten post uitdaging</td><td/><td>added v2.3</td></tr><tr><td>1H<a name=\"1H\"> </a></td><td>1 hour post challenge</td><td>1 uur post uitdaging</td><td/><td>added v2.3</td></tr><tr><td>1L<a name=\"1L\"> </a></td><td>1 month (30 days) post challenge</td><td>1 maand (30 dagen) post uitdaging</td><td/><td>added v2.3</td></tr><tr><td>1M<a name=\"1M\"> </a></td><td>1 minute post challenge</td><td>1 minuut post uitdaging</td><td/><td>added v2.3</td></tr><tr><td>1W<a name=\"1W\"> </a></td><td>1 week</td><td>1 week</td><td/><td>added v2.3</td></tr><tr><td>2.5H<a name=\"2.465H\"> </a></td><td>2 Â½ hours post challenge</td><td>2 1/2 uur post uitdaging</td><td/><td>added v2.3</td></tr><tr><td>20M<a name=\"20M\"> </a></td><td>20 minutes post challenge</td><td>20 minuten post uitdaging</td><td/><td>added v2.3</td></tr><tr><td>24H<a name=\"24H\"> </a></td><td>24 hours post challenge</td><td>24 uur post uitdaging</td><td/><td>added v2.3</td></tr><tr><td>25M<a name=\"25M\"> </a></td><td>25 minutes post challenge</td><td>25 minuten post uitdaging</td><td/><td>added v2.3</td></tr><tr><td>2D<a name=\"2D\"> </a></td><td>2 days</td><td>2 dagen</td><td/><td>added v2.3</td></tr><tr><td>2H<a name=\"2H\"> </a></td><td>2 hours post challenge</td><td>2 uur post uitdaging</td><td/><td>added v2.3</td></tr><tr><td>2L<a name=\"2L\"> </a></td><td>2 months (60 days) post challenge</td><td>2 maanden (60 dagen) post uitdaging</td><td/><td>added v2.3</td></tr><tr><td>2M<a name=\"2M\"> </a></td><td>2 minutes post challenge</td><td>2 minuten post uitdaging</td><td/><td>added v2.3</td></tr><tr><td>2W<a name=\"2W\"> </a></td><td>2 weeks</td><td>2 weken</td><td/><td>added v2.3</td></tr><tr><td>30M<a name=\"30M\"> </a></td><td>30 minutes post challenge</td><td>30 minuten post uitdaging</td><td/><td>added v2.3</td></tr><tr><td>3D<a name=\"3D\"> </a></td><td>3 days</td><td>3 dagen</td><td/><td>added v2.3</td></tr><tr><td>3H<a name=\"3H\"> </a></td><td>3 hours post challenge</td><td>3 uur post uitdaging</td><td/><td>added v2.3</td></tr><tr><td>3L<a name=\"3L\"> </a></td><td>3 months (90 days) post challenge</td><td>3 maanden (90 dagen) post uitdaging</td><td/><td>added v2.3</td></tr><tr><td>3M<a name=\"3M\"> </a></td><td>3 minutes post challenge</td><td>3 minuten post uitdaging</td><td/><td>added v2.3</td></tr><tr><td>3W<a name=\"3W\"> </a></td><td>3 weeks</td><td>3 weken</td><td/><td>added v2.3</td></tr><tr><td>4D<a name=\"4D\"> </a></td><td>4 days</td><td>4 dagen</td><td/><td>added v2.3</td></tr><tr><td>4H<a name=\"4H\"> </a></td><td>4 hours post challenge</td><td>4 uur post uitdaging</td><td/><td>added v2.3</td></tr><tr><td>4M<a name=\"4M\"> </a></td><td>4 minutes post challenge</td><td>4 minuten post uitdaging</td><td/><td>added v2.3</td></tr><tr><td>4W<a name=\"4W\"> </a></td><td>4 weeks</td><td>4 weken</td><td/><td>added v2.3</td></tr><tr><td>5D<a name=\"5D\"> </a></td><td>5 days</td><td>5 dagen</td><td/><td>added v2.3</td></tr><tr><td>5H<a name=\"5H\"> </a></td><td>5  hours post challenge</td><td>5 uur post uitdaging</td><td/><td>added v2.3</td></tr><tr><td>5M<a name=\"5M\"> </a></td><td>5 minutes post challenge</td><td>5 minuten post uitdaging</td><td/><td>added v2.3</td></tr><tr><td>6D<a name=\"6D\"> </a></td><td>6 days</td><td>7 dagen</td><td/><td>added v2.3</td></tr><tr><td>6H<a name=\"6H\"> </a></td><td>6 hours post challenge</td><td>6 uur post uitdaging</td><td/><td>added v2.3</td></tr><tr><td>6M<a name=\"6M\"> </a></td><td>6 minutes post challenge</td><td>6 minuten post uitdaging</td><td/><td>added v2.3</td></tr><tr><td>7D<a name=\"7D\"> </a></td><td>7 days</td><td>7 dagen</td><td/><td>added v2.3</td></tr><tr><td>7H<a name=\"7H\"> </a></td><td>7 hours post challenge</td><td>7 uur post uitdaging</td><td/><td>added v2.3</td></tr><tr><td>7M<a name=\"7M\"> </a></td><td>7 minutes post challenge</td><td>7 minuten post uitdaging</td><td/><td>added v2.3</td></tr><tr><td>8H<a name=\"8H\"> </a></td><td>8 hours post challenge</td><td>8 uur post uitdaging</td><td/><td>added v2.3</td></tr><tr><td>8H SHIFT<a name=\"8HSHIFT\"> </a></td><td>8 hours aligned on nursing shifts</td><td>8 uur volgens verleegdiensten</td><td/><td>added v2.3</td></tr><tr><td>8M<a name=\"8M\"> </a></td><td>8 minutes post challenge</td><td>8 minuten post uitdaging</td><td/><td>added v2.3</td></tr><tr><td>9M<a name=\"9M\"> </a></td><td>9 minutes post challenge</td><td>9 minuten post uitdaging</td><td/><td>added v2.3</td></tr><tr><td>BS<a name=\"BS\"> </a></td><td>Baseline (time just before the challenge)</td><td>Nulmeting (tijd net voor de uitdaging)</td><td/><td>added v2.3</td></tr><tr><td>PEAK<a name=\"PEAK\"> </a></td><td>The time post drug dose at which the highest drug level is reached (differs by drug)</td><td>De tijd na medicatiedosis waarop het hoogste medicatieniveau is bereikt (verschilt per medicament)</td><td/><td>added v2.3</td></tr><tr><td>RANDOM<a name=\"RANDOM\"> </a></td><td>Time from the challenge, or dose not specified. (random)</td><td>Tijd vanaf uitdaging of dosis niet gespecificeerd. (willekeurig)</td><td/><td>added v2.3</td></tr><tr><td>TROUGH<a name=\"TROUGH\"> </a></td><td>The time post drug dose at which the lowest drug level is reached (varies with drug)</td><td>De tijd na medicatiedosis waarop het laagste medicatieniveau is bereikt (verschilt per medicament)</td><td/><td>added v2.3</td></tr></table>\r\n</div>","status":"additional"},"url":"http://hl7.org/fhir/ValueSet/v2-0256","version":"2.8.2"}