{
  "resourceType": "ValueSet",
  "id": "v2-0404",
  "meta": {
    "profile": [
      "http://hl7.org/fhir/StructureDefinition/valueset-shareable-definition"
    ]
  },
  "text": {
    "status": "additional",
    "div": "<div><p>Language Proficiency</p>\r\n<table class=\"grid\"><tr><td><b>Code</b></td><td><b>Description</b></td><td><b>Nederlands (Dutch)</b></td><td><b>Comment</b></td><td><b>Version</b></td></tr><tr><td>1<a name=\"1\"> </a></td><td>Excellent</td><td>Excellent</td><td/><td>added v2.4</td></tr><tr><td>2<a name=\"2\"> </a></td><td>Good</td><td>Goed</td><td/><td>added v2.4</td></tr><tr><td>3<a name=\"3\"> </a></td><td>Fair</td><td>Redelijk</td><td/><td>added v2.4</td></tr><tr><td>4<a name=\"4\"> </a></td><td>Poor</td><td>Matig</td><td/><td>added v2.4</td></tr><tr><td>5<a name=\"5\"> </a></td><td>Some (level unknown)</td><td>Enige (niveau onbekend)</td><td/><td>added v2.4</td></tr><tr><td>6<a name=\"6\"> </a></td><td>None</td><td>Geen</td><td/><td>added v2.4</td></tr></table>\r\n</div>"
  },
  "url": "http://hl7.org/fhir/ValueSet/v2-0404",
  "version": "2.8.2",
  "name": "v2 Language Proficiency",
  "status": "active",
  "experimental": true,
  "publisher": "HL7, Inc",
  "contact": [
    {
      "telecom": [
        {
          "system": "other",
          "value": "http://hl7.org"
        }
      ]
    }
  ],
  "description": "FHIR Value set/code system definition for HL7 v2 table 0404 ( Language Proficiency)",
  "codeSystem": {
    "extension": [
      {
        "url": "http://hl7.org/fhir/StructureDefinition/valueset-oid",
        "valueUri": "urn:oid:2.16.840.1.133883.18.253"
      }
    ],
    "system": "http://hl7.org/fhir/v2/0404",
    "caseSensitive": false,
    "concept": [
      {
        "code": "1",
        "display": "Excellent",
        "designation": [
          {
            "language": "nl",
            "value": "Excellent"
          }
        ]
      },
      {
        "code": "2",
        "display": "Good",
        "designation": [
          {
            "language": "nl",
            "value": "Goed"
          }
        ]
      },
      {
        "code": "3",
        "display": "Fair",
        "designation": [
          {
            "language": "nl",
            "value": "Redelijk"
          }
        ]
      },
      {
        "code": "4",
        "display": "Poor",
        "designation": [
          {
            "language": "nl",
            "value": "Matig"
          }
        ]
      },
      {
        "code": "5",
        "display": "Some (level unknown)",
        "designation": [
          {
            "language": "nl",
            "value": "Enige (niveau onbekend)"
          }
        ]
      },
      {
        "code": "6",
        "display": "None",
        "designation": [
          {
            "language": "nl",
            "value": "Geen"
          }
        ]
      }
    ]
  }
}