{"codeSystem":{"caseSensitive":false,"concept":[{"code":"DFADJ","display":"Deferred Adjudication Processing","extension":[{"url":"http://hl7.org/fhir/StructureDefinition/valueset-comments","valueString":"If permitted by Payer"}]},{"code":"EFORM","display":"Electronic form to follow","extension":[{"url":"http://hl7.org/fhir/StructureDefinition/valueset-comments","valueString":"E30 transaction to follow"}]},{"code":"FAX","display":"Fax to follow"},{"code":"PAPER","display":"Paper documentation to follow"},{"code":"PYRDELAY","display":"Delayed by a Previous Payer","extension":[{"url":"http://hl7.org/fhir/StructureDefinition/valueset-comments","valueString":"Allows Provider to explain lateness of Invoice to a subsequent Payer"}]},{"code":"RTADJ","display":"Real Time Adjudication Processing","extension":[{"url":"http://hl7.org/fhir/StructureDefinition/valueset-comments","valueString":"If permitted by Payer"}]}],"extension":[{"url":"http://hl7.org/fhir/StructureDefinition/valueset-oid","valueUri":"urn:oid:2.16.840.1.133883.18.365"}],"system":"http://hl7.org/fhir/v2/0562"},"contact":[{"telecom":[{"system":"other","value":"http://hl7.org"}]}],"description":"FHIR Value set/code system definition for HL7 v2 table 0562 ( Processing Consideration Codes)","experimental":true,"id":"v2-0562","meta":{"profile":["http://hl7.org/fhir/StructureDefinition/valueset-shareable-definition"]},"name":"v2 Processing Consideration Codes","publisher":"HL7, Inc","resourceType":"ValueSet","status":"active","text":{"div":"<div><p>Processing Consideration Codes</p>\r\n<table class=\"grid\"><tr><td><b>Code</b></td><td><b>Description</b></td><td><b>Comment</b></td><td><b>Version</b></td></tr><tr><td>DFADJ<a name=\"DFADJ\"> </a></td><td>Deferred Adjudication Processing</td><td>If permitted by Payer</td><td>added v2.6</td></tr><tr><td>EFORM<a name=\"EFORM\"> </a></td><td>Electronic form to follow</td><td>E30 transaction to follow</td><td>added v2.6</td></tr><tr><td>FAX<a name=\"FAX\"> </a></td><td>Fax to follow</td><td/><td>added v2.6</td></tr><tr><td>PAPER<a name=\"PAPER\"> </a></td><td>Paper documentation to follow</td><td/><td>added v2.6</td></tr><tr><td>PYRDELAY<a name=\"PYRDELAY\"> </a></td><td>Delayed by a Previous Payer</td><td>Allows Provider to explain lateness of Invoice to a subsequent Payer</td><td>added v2.6</td></tr><tr><td>RTADJ<a name=\"RTADJ\"> </a></td><td>Real Time Adjudication Processing</td><td>If permitted by Payer</td><td>added v2.6</td></tr></table>\r\n</div>","status":"additional"},"url":"http://hl7.org/fhir/ValueSet/v2-0562","version":"2.8.2"}