{"codeSystem":{"caseSensitive":false,"concept":[{"code":"A","designation":[{"language":"nl","value":"Aangevuld op basis van aanpassingen van de Placer (Arts) met betrekking tot patiënt demografie (zoals leeftijd en/of geslacht of andere patiënt-specifieke informatie"}],"display":"Amended based on adjustments provided by the Placer (Physician) regarding patient demographics (such as age and/or gender or other patient specific information"},{"code":"B","designation":[{"language":"nl","value":"Aangevuld verslag - Definitieve resultaten en verdere informatie gegeven voor duidelijkheid zonder dat de oorspronkelijke resultaatwaarden wijzigen"}],"display":"Appended Report - Final results reviewed and further information provided for clarity without change to the original result values."},{"code":"C","designation":[{"language":"de","value":"Korrektur bereits gemeldeter Ergebnisse"},{"language":"nl","value":"Dit record is een correctie en vervangt het definitief resultaat"}],"display":"Record coming over is a correction and thus replaces a final result"},{"code":"D","designation":[{"language":"de","value":"Gemeldete Ergebnisse löschen"},{"language":"nl","value":"Verwijdert het OBX record"}],"display":"Deletes the OBX record"},{"code":"F","designation":[{"language":"de","value":"Endergebnis"},{"language":"nl","value":"Definitieve resultaten"}],"display":"Final results"},{"code":"I","designation":[{"language":"de","value":"Probe im Labor - Ergebnisse stehen an"},{"language":"nl","value":"Monster in lab; resultaten volgen"}],"display":"Specimen in lab; results pending"},{"code":"N","designation":[{"language":"de","value":"ungefragte Übertragung"},{"language":"nl","value":"Niet gevraagd; gebruikt om op schrift te stellen dat de observatie geïdentificeerd in de OBX niet werd gevraagd toen de universal section ID in OBR-4 implicileerde dat deze wel werd gezocht."}],"display":"Not asked; used to affirmatively document that the observation identified in the OBX was not sought when the universal service ID in OBR-4 implies that it would be sought."},{"code":"O","designation":[{"language":"de","value":"Anforderungsbeschreibung (ohne Ergebnisse)"},{"language":"nl","value":"Alleen aanvraag detail (geen resultaat)"}],"display":"Order detail description only (no result)"},{"code":"P","designation":[{"language":"de","value":"Vorläufige Ergebnisse"},{"language":"nl","value":"Voorlopige resultaten"}],"display":"Preliminary results"},{"code":"R","designation":[{"language":"de","value":"Nicht validierte Ergebnisse"},{"language":"nl","value":"Resultaten ingevoerd -- niet geverifieerd"}],"display":"Results entered -- not verified"},{"code":"S","designation":[{"language":"de","value":"Teilergebnisse"},{"language":"nl","value":"Gedeeltelijke resultaten. Deprecated. Alleen voor backward compatibiliteit sinds V2.6"}],"display":"Partial results.   Deprecated. Retained only for backward compatibility as of V2.6.","extension":[{"url":"http://hl7.org/fhir/StructureDefinition/valueset-comments","valueString":"Deprecated."}]},{"code":"U","designation":[{"language":"de","value":"Vorläufiges Ergebnis wird Endergebnis, da keine Änderung"},{"language":"nl","value":"Result statuswijziging naar Definitief zonder de voorlopige resultaten opnieuw te sturen. Bijv. radiologie wijzigt status van voorlopig naar definitief"}],"display":"Results status change to final without retransmitting results already sent as 'preliminary.'  E.g. radiology changes status from preliminary to final"},{"code":"V","designation":[{"language":"nl","value":"Geverifieerd - Definitieve resultaten gereviewd en correct bevonden, geen wijziging aan resultaatwaarde, normaalwaarde of abnormaal indicatie"}],"display":"Verified - Final results reviewed and confirmed to be correct, no change to result value, normal range or abnormal flag"},{"code":"W","designation":[{"language":"de","value":"fehlerhafte Übertragung"},{"language":"nl","value":"Oorspronkelijke resultaten verkeerd verstuurd, bijv. voor verkeerde patiënt"}],"display":"Post original as wrong, e.g. transmitted for wrong patient"},{"code":"X","designation":[{"language":"de","value":"Untersuchung führt zu keinem Ergebnis"},{"language":"nl","value":"Resultaten kunnen niet worden opgehaald voor deze observatie"}],"display":"Results cannot be obtained for this observation"}],"extension":[{"url":"http://hl7.org/fhir/StructureDefinition/valueset-oid","valueUri":"urn:oid:2.16.840.1.133883.18.34"}],"system":"http://hl7.org/fhir/v2/0085"},"contact":[{"telecom":[{"system":"other","value":"http://hl7.org"}]}],"description":"FHIR Value set/code system definition for HL7 v2 table 0085 ( Observation Result Status Codes Interpretation)","experimental":true,"id":"v2-0085","meta":{"profile":["http://hl7.org/fhir/StructureDefinition/valueset-shareable-definition"]},"name":"v2 Observation Result Status Codes Interpretation","publisher":"HL7, Inc","resourceType":"ValueSet","status":"active","text":{"div":"<div><p>Observation Result Status Codes Interpretation</p>\r\n<table class=\"grid\"><tr><td><b>Code</b></td><td><b>Description</b></td><td><b>Deutsch (German)</b></td><td><b>Nederlands (Dutch)</b></td><td><b>Comment</b></td><td><b>Version</b></td></tr><tr><td>A<a name=\"A\"> </a></td><td>Amended based on adjustments provided by the Placer (Physician) regarding patient demographics (such as age and/or gender or other patient specific information</td><td></td><td>Aangevuld op basis van aanpassingen van de Placer (Arts) met betrekking tot patiënt demografie (zoals leeftijd en/of geslacht of andere patiënt-specifieke informatie</td><td/><td>added v2.8</td></tr><tr><td>B<a name=\"B\"> </a></td><td>Appended Report - Final results reviewed and further information provided for clarity without change to the original result values.</td><td></td><td>Aangevuld verslag - Definitieve resultaten en verdere informatie gegeven voor duidelijkheid zonder dat de oorspronkelijke resultaatwaarden wijzigen</td><td/><td>added v2.8</td></tr><tr><td>C<a name=\"C\"> </a></td><td>Record coming over is a correction and thus replaces a final result</td><td>Korrektur bereits gemeldeter Ergebnisse</td><td>Dit record is een correctie en vervangt het definitief resultaat</td><td/><td>added v2.2</td></tr><tr><td>D<a name=\"D\"> </a></td><td>Deletes the OBX record</td><td>Gemeldete Ergebnisse löschen</td><td>Verwijdert het OBX record</td><td/><td>from v2.1</td></tr><tr><td>F<a name=\"F\"> </a></td><td>Final results</td><td>Endergebnis</td><td>Definitieve resultaten</td><td/><td>from v2.1</td></tr><tr><td>I<a name=\"I\"> </a></td><td>Specimen in lab; results pending</td><td>Probe im Labor - Ergebnisse stehen an</td><td>Monster in lab; resultaten volgen</td><td/><td>from v2.1</td></tr><tr><td>N<a name=\"N\"> </a></td><td>Not asked; used to affirmatively document that the observation identified in the OBX was not sought when the universal service ID in OBR-4 implies that it would be sought.</td><td>ungefragte Übertragung</td><td>Niet gevraagd; gebruikt om op schrift te stellen dat de observatie geïdentificeerd in de OBX niet werd gevraagd toen de universal section ID in OBR-4 implicileerde dat deze wel werd gezocht.</td><td/><td>added v2.3.1</td></tr><tr><td>O<a name=\"O\"> </a></td><td>Order detail description only (no result)</td><td>Anforderungsbeschreibung (ohne Ergebnisse)</td><td>Alleen aanvraag detail (geen resultaat)</td><td/><td>added v2.3.1</td></tr><tr><td>P<a name=\"P\"> </a></td><td>Preliminary results</td><td>Vorläufige Ergebnisse</td><td>Voorlopige resultaten</td><td/><td>added v2.2</td></tr><tr><td>R<a name=\"R\"> </a></td><td>Results entered -- not verified</td><td>Nicht validierte Ergebnisse</td><td>Resultaten ingevoerd -- niet geverifieerd</td><td/><td>from v2.1</td></tr><tr><td>S<a name=\"S\"> </a></td><td>Partial results.   Deprecated. Retained only for backward compatibility as of V2.6.</td><td>Teilergebnisse</td><td>Gedeeltelijke resultaten. Deprecated. Alleen voor backward compatibiliteit sinds V2.6</td><td>Deprecated.</td><td>from v2.1</td></tr><tr><td>U<a name=\"U\"> </a></td><td>Results status change to final without retransmitting results already sent as 'preliminary.'  E.g. radiology changes status from preliminary to final</td><td>Vorläufiges Ergebnis wird Endergebnis, da keine Änderung</td><td>Result statuswijziging naar Definitief zonder de voorlopige resultaten opnieuw te sturen. Bijv. radiologie wijzigt status van voorlopig naar definitief</td><td/><td>added v2.2</td></tr><tr><td>V<a name=\"V\"> </a></td><td>Verified - Final results reviewed and confirmed to be correct, no change to result value, normal range or abnormal flag</td><td></td><td>Geverifieerd - Definitieve resultaten gereviewd en correct bevonden, geen wijziging aan resultaatwaarde, normaalwaarde of abnormaal indicatie</td><td/><td>added v2.8</td></tr><tr><td>W<a name=\"W\"> </a></td><td>Post original as wrong, e.g. transmitted for wrong patient</td><td>fehlerhafte Übertragung</td><td>Oorspronkelijke resultaten verkeerd verstuurd, bijv. voor verkeerde patiënt</td><td/><td>added v2.3.1</td></tr><tr><td>X<a name=\"X\"> </a></td><td>Results cannot be obtained for this observation</td><td>Untersuchung führt zu keinem Ergebnis</td><td>Resultaten kunnen niet worden opgehaald voor deze observatie</td><td/><td>added v2.2</td></tr></table>\r\n</div>","status":"additional"},"url":"http://hl7.org/fhir/ValueSet/v2-0085","version":"2.8.2"}