{"codeSystem":{"caseSensitive":false,"concept":[{"code":"1","display":"EO Gas Sterilizer"},{"code":"2","display":"Steam Sterilizer"},{"code":"3","display":"Peracetic Acid"}],"extension":[{"url":"http://hl7.org/fhir/StructureDefinition/valueset-oid","valueUri":"urn:oid:2.16.840.1.133883.18.382"}],"system":"http://hl7.org/fhir/v2/0657"},"contact":[{"telecom":[{"system":"other","value":"http://hl7.org"}]}],"description":"FHIR Value set/code system definition for HL7 v2 table 0657 ( Device Type)","experimental":true,"id":"v2-0657","meta":{"profile":["http://hl7.org/fhir/StructureDefinition/valueset-shareable-definition"]},"name":"v2 Device Type","publisher":"HL7, Inc","resourceType":"ValueSet","status":"active","text":{"div":"<div><p>Device Type</p>\r\n<table class=\"grid\"><tr><td><b>Code</b></td><td><b>Description</b></td><td><b>Comment</b></td><td><b>Version</b></td></tr><tr><td>1<a name=\"1\"> </a></td><td>EO Gas Sterilizer</td><td/><td>added v2.6</td></tr><tr><td>2<a name=\"2\"> </a></td><td>Steam Sterilizer</td><td/><td>added v2.6</td></tr><tr><td>3<a name=\"3\"> </a></td><td>Peracetic Acid</td><td/><td>added v2.6</td></tr></table>\r\n</div>","status":"additional"},"url":"http://hl7.org/fhir/ValueSet/v2-0657","version":"2.8.2"}