{
  "resourceType": "ValueSet",
  "id": "v2-0263",
  "meta": {
    "profile": [
      "http://hl7.org/fhir/StructureDefinition/valueset-shareable-definition"
    ]
  },
  "text": {
    "status": "additional",
    "div": "<div><p>Level of Care</p>\r\n<table class=\"grid\"><tr><td><b>Code</b></td><td><b>Description</b></td><td><b>Nederlands (Dutch)</b></td><td><b>Comment</b></td><td><b>Version</b></td></tr><tr><td>A<a name=\"A\"> </a></td><td>Ambulatory</td><td>Dagbehandeling</td><td/><td>added v2.3</td></tr><tr><td>C<a name=\"C\"> </a></td><td>Critical care</td><td>Kritieke zorg</td><td/><td>added v2.3</td></tr><tr><td>E<a name=\"E\"> </a></td><td>Emergency</td><td>Spoed</td><td/><td>added v2.3</td></tr><tr><td>F<a name=\"F\"> </a></td><td>Isolation</td><td>Isolatie</td><td/><td>added v2.3</td></tr><tr><td>N<a name=\"N\"> </a></td><td>Intensive care</td><td>Intensive care</td><td/><td>added v2.3</td></tr><tr><td>R<a name=\"R\"> </a></td><td>Routine</td><td>Routine</td><td/><td>added v2.3</td></tr><tr><td>S<a name=\"S\"> </a></td><td>Surgery</td><td>Chirurgie</td><td/><td>added v2.3</td></tr></table>\r\n</div>"
  },
  "url": "http://hl7.org/fhir/ValueSet/v2-0263",
  "version": "2.8.2",
  "name": "v2 Level of Care",
  "status": "active",
  "experimental": true,
  "publisher": "HL7, Inc",
  "contact": [
    {
      "telecom": [
        {
          "system": "other",
          "value": "http://hl7.org"
        }
      ]
    }
  ],
  "description": "FHIR Value set/code system definition for HL7 v2 table 0263 ( Level of Care)",
  "codeSystem": {
    "extension": [
      {
        "url": "http://hl7.org/fhir/StructureDefinition/valueset-oid",
        "valueUri": "urn:oid:2.16.840.1.133883.18.158"
      }
    ],
    "system": "http://hl7.org/fhir/v2/0263",
    "caseSensitive": false,
    "concept": [
      {
        "code": "A",
        "display": "Ambulatory",
        "designation": [
          {
            "language": "nl",
            "value": "Dagbehandeling"
          }
        ]
      },
      {
        "code": "C",
        "display": "Critical care",
        "designation": [
          {
            "language": "nl",
            "value": "Kritieke zorg"
          }
        ]
      },
      {
        "code": "E",
        "display": "Emergency",
        "designation": [
          {
            "language": "nl",
            "value": "Spoed"
          }
        ]
      },
      {
        "code": "F",
        "display": "Isolation",
        "designation": [
          {
            "language": "nl",
            "value": "Isolatie"
          }
        ]
      },
      {
        "code": "N",
        "display": "Intensive care",
        "designation": [
          {
            "language": "nl",
            "value": "Intensive care"
          }
        ]
      },
      {
        "code": "R",
        "display": "Routine",
        "designation": [
          {
            "language": "nl",
            "value": "Routine"
          }
        ]
      },
      {
        "code": "S",
        "display": "Surgery",
        "designation": [
          {
            "language": "nl",
            "value": "Chirurgie"
          }
        ]
      }
    ]
  }
}