{"codeSystem":{"caseSensitive":false,"concept":[{"code":"0","display":"Valid code; not used for grouping"},{"code":"1","display":"Valid code; used for grouping"},{"code":"2","display":"Invalid code; not used for grouping"},{"code":"3","display":"Invalid code; code is relevant for grouping"}],"extension":[{"url":"http://hl7.org/fhir/StructureDefinition/valueset-oid","valueUri":"urn:oid:2.16.840.1.133883.18.396"}],"system":"http://hl7.org/fhir/v2/0749"},"contact":[{"telecom":[{"system":"other","value":"http://hl7.org"}]}],"description":"FHIR Value set/code system definition for HL7 v2 table 0749 ( DRG Grouping Status)","experimental":true,"id":"v2-0749","meta":{"profile":["http://hl7.org/fhir/StructureDefinition/valueset-shareable-definition"]},"name":"v2 DRG Grouping Status","publisher":"HL7, Inc","resourceType":"ValueSet","status":"active","text":{"div":"<div><p>DRG Grouping Status</p>\r\n<table class=\"grid\"><tr><td><b>Code</b></td><td><b>Description</b></td><td><b>Comment</b></td><td><b>Version</b></td></tr><tr><td>0<a name=\"0\"> </a></td><td>Valid code; not used for grouping</td><td/><td>added v2.6</td></tr><tr><td>1<a name=\"1\"> </a></td><td>Valid code; used for grouping</td><td/><td>added v2.6</td></tr><tr><td>2<a name=\"2\"> </a></td><td>Invalid code; not used for grouping</td><td/><td>added v2.6</td></tr><tr><td>3<a name=\"3\"> </a></td><td>Invalid code; code is relevant for grouping</td><td/><td>added v2.6</td></tr></table>\r\n</div>","status":"additional"},"url":"http://hl7.org/fhir/ValueSet/v2-0749","version":"2.8.2"}