{
  "resourceType": "ValueSet",
  "id": "v3-AcknowledgementDetailCode",
  "meta": {
    "lastUpdated": "2015-07-31T00:00:00.000+10:00",
    "profile": [
      "http://hl7.org/fhir/StructureDefinition/valueset-shareable-definition"
    ]
  },
  "text": {
    "status": "generated",
    "div": "<div><p>Release Date: 2015-07-31</p>\r\n<p>OID for code system: 2.16.840.1.113883.5.1100</p>\r\n<h2>Description</h2>\r\n<p>\n                  \n                     OpenIssue:Missing description.<br/>\r\n\n               </p>\r\n<hr/>\r\n<table class=\"grid\">\r\n <tr><td><b>Level</b></td><td><b>Code</b></td><td><b>Display</b></td><td><b>Definition</b></td></tr>\r\n <tr><td>1</td><td><span style=\"color: grey\"><i>(_AcknowledgementDetailNotSupportedCode)</i></span></td><td><a name=\"_AcknowledgementDetailNotSupportedCode\">&nbsp;</a></td><td>\n                        Refelects rejections because elements of the communication are not supported in the current context.<br/>\r\n\n                     </td></tr>\r\n <tr><td>2</td><td>&nbsp;&nbsp;NS200<a name=\"NS200\"> </a></td><td>Unsupported interaction</td><td>\n                        The interaction (or: this version of the interaction) is not supported.<br/>\r\n\n                     </td></tr>\r\n <tr><td>2</td><td>&nbsp;&nbsp;NS202<a name=\"NS202\"> </a></td><td>Unsupported processing id</td><td>\n                        The Processing ID is not supported.<br/>\r\n\n                     </td></tr>\r\n <tr><td>2</td><td>&nbsp;&nbsp;NS203<a name=\"NS203\"> </a></td><td>Unsupported version id</td><td>\n                        The Version ID is not supported.<br/>\r\n\n                     </td></tr>\r\n <tr><td>2</td><td>&nbsp;&nbsp;NS250<a name=\"NS250\"> </a></td><td>Unsupported processing Mode</td><td>\n                        The processing mode is not supported.<br/>\r\n\n                     </td></tr>\r\n <tr><td>2</td><td>&nbsp;&nbsp;NS260<a name=\"NS260\"> </a></td><td>Unknown sender</td><td>\n                        The Device.id of the sender is unknown.<br/>\r\n\n                     </td></tr>\r\n <tr><td>2</td><td>&nbsp;&nbsp;NS261<a name=\"NS261\"> </a></td><td>Unrecognized attentionline</td><td>\n                        The receiver requires information in the attentionLine classes for routing purposes.<br/>\r\n\n                     </td></tr>\r\n <tr><td>1</td><td>INTERR<a name=\"INTERR\"> </a></td><td>Internal system error</td><td>\n                        An internal software component (database, application, queue mechanism, etc.) has failed, leading to inability to process the message.<br/>\r\n\n                     </td></tr>\r\n <tr><td>1</td><td>NOSTORE<a name=\"NOSTORE\"> </a></td><td>No storage space for message.</td><td>\n                        \n                           Rejection: The message can't be stored by the receiver due to an unspecified internal application issue. The message was neither processed nor stored by the receiving application.<br/>\r\n\n                     </td></tr>\r\n <tr><td>1</td><td>RTEDEST<a name=\"RTEDEST\"> </a></td><td>Message routing error, destination unreachable.</td><td>\n                        \n                           Error: The destination of this message is known to the receiving application. Messages have been successfully routed to that destination in the past. The link to the destination application or an intermediate application is unavailable.<br/>\r\n\n                     </td></tr>\r\n <tr><td>1</td><td>RTUDEST<a name=\"RTUDEST\"> </a></td><td>Error: Message routing error, unknown destination.</td><td>\n                        The destination of this message is unknown to the receiving application. The receiving application in the message does not match the application which received the message. The message was neither routed, processed nor stored by the receiving application.<br/>\r\n\n                     </td></tr>\r\n <tr><td>1</td><td>RTWDEST<a name=\"RTWDEST\"> </a></td><td>Message routing warning, destination unreachable.</td><td>\n                        \n                           Warning: The destination of this message is known to the receiving application. Messages have been successfully routed to that destination in the past. The link to the destination application or an intermediate application is (temporarily) unavailable. The receiving application will forward the message as soon as the destination can be reached again.<br/>\r\n\n                     </td></tr>\r\n <tr><td>1</td><td>SYN<a name=\"SYN\"> </a></td><td>Syntax error</td><td>\n                        Reflects errors in the syntax or structure of the communication.<br/>\r\n\n                     </td></tr>\r\n <tr><td>2</td><td>&nbsp;&nbsp;SYN102<a name=\"SYN102\"> </a></td><td>Data type error</td><td>\n                        The attribute contained data of the wrong data type, e.g. a numeric attribute contained &quot;FOO&quot;.<br/>\r\n\n                     </td></tr>\r\n <tr><td>2</td><td>&nbsp;&nbsp;SYN105<a name=\"SYN105\"> </a></td><td>Required element missing</td><td>\n                        \n                           Description: Required association or attribute missing in message; or the sequence of the classes is different than required by the standard or one of the conformance profiles identified in the message.<br/>\r\n\n                     </td></tr>\r\n <tr><td>3</td><td>&nbsp;&nbsp;&nbsp;&nbsp;SYN100<a name=\"SYN100\"> </a></td><td>Required association missing</td><td>\n                        Required association missing in message; or the sequence of the classes is different than required by the standard or one of the conformance profiles identified in the message.<br/>\r\n\n                     </td></tr>\r\n <tr><td>3</td><td>&nbsp;&nbsp;&nbsp;&nbsp;SYN101<a name=\"SYN101\"> </a></td><td>Required attribute missing</td><td>\n                        A required attribute is missing in a class.<br/>\r\n\n                     </td></tr>\r\n <tr><td>3</td><td>&nbsp;&nbsp;&nbsp;&nbsp;SYN114<a name=\"SYN114\"> </a></td><td>Insufficient repetitions</td><td>\n                        \n                           Description: The number of repetitions of a group of association or attributes is less than the required minimum for the standard or of one of the conformance profiles or templates identified in the message.<br/>\r\n\n                     </td></tr>\r\n <tr><td>2</td><td>&nbsp;&nbsp;SYN106<a name=\"SYN106\"> </a></td><td>Terminology error</td><td>\n                        \n                           Description: A coded attribute or datatype property violates one of the terminology constraints specified in the standard or one of the conformance profiles or templates declared by the instance.<br/>\r\n\n                     </td></tr>\r\n <tr><td>3</td><td>&nbsp;&nbsp;&nbsp;&nbsp;SYN103<a name=\"SYN103\"> </a></td><td>Value not found in code system</td><td>\n                        An attribute value was compared against the corresponding code system, and no match was found.<br/>\r\n\n                     </td></tr>\r\n <tr><td>3</td><td>&nbsp;&nbsp;&nbsp;&nbsp;SYN104<a name=\"SYN104\"> </a></td><td>Invalid code system in CNE</td><td>\n                        An attribute value referenced a code system that is not valid for an attribute constrained to CNE.<br/>\r\n\n                     </td></tr>\r\n <tr><td>3</td><td>&nbsp;&nbsp;&nbsp;&nbsp;SYN107<a name=\"SYN107\"> </a></td><td>Deprecated code</td><td>\n                        \n                           Description: A coded attribute is referencing a code that has been deprecated by the owning code system.<br/>\r\n\n                     </td></tr>\r\n <tr><td>2</td><td>&nbsp;&nbsp;SYN108<a name=\"SYN108\"> </a></td><td>Number of repetitions exceeds limit</td><td>\n                        \n                           Description: The number of repetitions of a (group of) association(s) or attribute(s) exceeds the limits of the standard or of one of the conformance profiles or templates identified in the message.<br/>\r\n\n                     </td></tr>\r\n <tr><td>3</td><td>&nbsp;&nbsp;&nbsp;&nbsp;SYN110<a name=\"SYN110\"> </a></td><td>Number of association repetitions exceeds limit</td><td>\n                        The number of repetitions of a (group of) association(s) exceeds the limits of the standard or of one of the conformance profiles identified in the message.<br/>\r\n\n                     </td></tr>\r\n <tr><td>3</td><td>&nbsp;&nbsp;&nbsp;&nbsp;SYN112<a name=\"SYN112\"> </a></td><td>Number of attribute repetitions exceeds limit</td><td>\n                        The number of repetitions of an attribute exceeds the limits of the standard or of one of the conformance profiles identified in the message.<br/>\r\n\n                     </td></tr>\r\n <tr><td>2</td><td>&nbsp;&nbsp;SYN109<a name=\"SYN109\"> </a></td><td>Mandatory element with null value</td><td>\n                        \n                           Description: An attribute or association identified as mandatory in a specification or declared conformance profile or template has been specified with a null flavor.<br/>\r\n\n                     </td></tr>\r\n <tr><td>2</td><td>&nbsp;&nbsp;SYN111<a name=\"SYN111\"> </a></td><td>Value does not match fixed value</td><td>\n                        \n                           Description: The value of an attribute or property differs from the fixed value asserted in the standard or one of the conformance profiles or templates declared in the message.<br/>\r\n\n                     </td></tr>\r\n <tr><td>2</td><td>&nbsp;&nbsp;SYN113<a name=\"SYN113\"> </a></td><td>Formal constraint violation</td><td>\n                        \n                           Description: A formal constraint asserted in the standard or one of the conformance profiles or templates declared in the message has been violated.<br/>\r\n\n                     </td></tr>\r\n</table>\r\n</div>"
  },
  "url": "http://hl7.org/fhir/ValueSet/v3-AcknowledgementDetailCode",
  "version": "2015-07-31",
  "name": "v3 Code System AcknowledgementDetailCode",
  "status": "active",
  "experimental": false,
  "publisher": "HL7, Inc",
  "contact": [
    {
      "telecom": [
        {
          "system": "other",
          "value": "http://hl7.org"
        }
      ]
    }
  ],
  "date": "2015-07-31",
  "description": "  OpenIssue:\r\nMissing description.",
  "codeSystem": {
    "extension": [
      {
        "url": "http://hl7.org/fhir/StructureDefinition/valueset-oid",
        "valueUri": "urn:oid:2.16.840.1.113883.5.1100"
      }
    ],
    "system": "http://hl7.org/fhir/v3/AcknowledgementDetailCode",
    "caseSensitive": true,
    "concept": [
      {
        "code": "_AcknowledgementDetailNotSupportedCode",
        "abstract": true,
        "display": "AcknowledgementDetailNotSupportedCode",
        "definition": "Refelects rejections because elements of the communication are not supported in the current context.",
        "concept": [
          {
            "code": "NS200",
            "abstract": false,
            "display": "Unsupported interaction",
            "definition": "The interaction (or: this version of the interaction) is not supported."
          },
          {
            "code": "NS202",
            "abstract": false,
            "display": "Unsupported processing id",
            "definition": "The Processing ID is not supported."
          },
          {
            "code": "NS203",
            "abstract": false,
            "display": "Unsupported version id",
            "definition": "The Version ID is not supported."
          },
          {
            "code": "NS250",
            "abstract": false,
            "display": "Unsupported processing Mode",
            "definition": "The processing mode is not supported."
          },
          {
            "code": "NS260",
            "abstract": false,
            "display": "Unknown sender",
            "definition": "The Device.id of the sender is unknown."
          },
          {
            "code": "NS261",
            "abstract": false,
            "display": "Unrecognized attentionline",
            "definition": "The receiver requires information in the attentionLine classes for routing purposes."
          }
        ]
      },
      {
        "code": "INTERR",
        "abstract": false,
        "display": "Internal system error",
        "definition": "An internal software component (database, application, queue mechanism, etc.) has failed, leading to inability to process the message."
      },
      {
        "code": "NOSTORE",
        "abstract": false,
        "display": "No storage space for message.",
        "definition": "Rejection: The message can't be stored by the receiver due to an unspecified internal application issue. The message was neither processed nor stored by the receiving application."
      },
      {
        "code": "RTEDEST",
        "abstract": false,
        "display": "Message routing error, destination unreachable.",
        "definition": "Error: The destination of this message is known to the receiving application. Messages have been successfully routed to that destination in the past. The link to the destination application or an intermediate application is unavailable."
      },
      {
        "code": "RTUDEST",
        "abstract": false,
        "display": "Error: Message routing error, unknown destination.",
        "definition": "The destination of this message is unknown to the receiving application. The receiving application in the message does not match the application which received the message. The message was neither routed, processed nor stored by the receiving application."
      },
      {
        "code": "RTWDEST",
        "abstract": false,
        "display": "Message routing warning, destination unreachable.",
        "definition": "Warning: The destination of this message is known to the receiving application. Messages have been successfully routed to that destination in the past. The link to the destination application or an intermediate application is (temporarily) unavailable. The receiving application will forward the message as soon as the destination can be reached again."
      },
      {
        "code": "SYN",
        "abstract": false,
        "display": "Syntax error",
        "definition": "Reflects errors in the syntax or structure of the communication.",
        "concept": [
          {
            "code": "SYN102",
            "abstract": false,
            "display": "Data type error",
            "definition": "The attribute contained data of the wrong data type, e.g. a numeric attribute contained \"FOO\"."
          },
          {
            "code": "SYN105",
            "abstract": false,
            "display": "Required element missing",
            "definition": "Description: Required association or attribute missing in message; or the sequence of the classes is different than required by the standard or one of the conformance profiles identified in the message.",
            "concept": [
              {
                "code": "SYN100",
                "abstract": false,
                "display": "Required association missing",
                "definition": "Required association missing in message; or the sequence of the classes is different than required by the standard or one of the conformance profiles identified in the message."
              },
              {
                "code": "SYN101",
                "abstract": false,
                "display": "Required attribute missing",
                "definition": "A required attribute is missing in a class."
              },
              {
                "code": "SYN114",
                "abstract": false,
                "display": "Insufficient repetitions",
                "definition": "Description: The number of repetitions of a group of association or attributes is less than the required minimum for the standard or of one of the conformance profiles or templates identified in the message."
              }
            ]
          },
          {
            "code": "SYN106",
            "abstract": false,
            "display": "Terminology error",
            "definition": "Description: A coded attribute or datatype property violates one of the terminology constraints specified in the standard or one of the conformance profiles or templates declared by the instance.",
            "concept": [
              {
                "code": "SYN103",
                "abstract": false,
                "display": "Value not found in code system",
                "definition": "An attribute value was compared against the corresponding code system, and no match was found."
              },
              {
                "code": "SYN104",
                "abstract": false,
                "display": "Invalid code system in CNE",
                "definition": "An attribute value referenced a code system that is not valid for an attribute constrained to CNE."
              },
              {
                "code": "SYN107",
                "abstract": false,
                "display": "Deprecated code",
                "definition": "Description: A coded attribute is referencing a code that has been deprecated by the owning code system."
              }
            ]
          },
          {
            "code": "SYN108",
            "abstract": false,
            "display": "Number of repetitions exceeds limit",
            "definition": "Description: The number of repetitions of a (group of) association(s) or attribute(s) exceeds the limits of the standard or of one of the conformance profiles or templates identified in the message.",
            "concept": [
              {
                "code": "SYN110",
                "abstract": false,
                "display": "Number of association repetitions exceeds limit",
                "definition": "The number of repetitions of a (group of) association(s) exceeds the limits of the standard or of one of the conformance profiles identified in the message."
              },
              {
                "code": "SYN112",
                "abstract": false,
                "display": "Number of attribute repetitions exceeds limit",
                "definition": "The number of repetitions of an attribute exceeds the limits of the standard or of one of the conformance profiles identified in the message."
              }
            ]
          },
          {
            "code": "SYN109",
            "abstract": false,
            "display": "Mandatory element with null value",
            "definition": "Description: An attribute or association identified as mandatory in a specification or declared conformance profile or template has been specified with a null flavor."
          },
          {
            "code": "SYN111",
            "abstract": false,
            "display": "Value does not match fixed value",
            "definition": "Description: The value of an attribute or property differs from the fixed value asserted in the standard or one of the conformance profiles or templates declared in the message."
          },
          {
            "code": "SYN113",
            "abstract": false,
            "display": "Formal constraint violation",
            "definition": "Description: A formal constraint asserted in the standard or one of the conformance profiles or templates declared in the message has been violated."
          }
        ]
      }
    ]
  }
}