{"codeSystem":{"caseSensitive":true,"concept":[{"abstract":false,"code":"E1","definition":"The pre-condition associated with the branch is evaluated once and if true the branch may be entered. All other exclusive branches compete with each other and only one will be selected. This implements a COND, IF and CASE conditionals, or \"XOR-split.\" The order in which the branches are considered may be specified in the priorityNumber attribute.","display":"exclusive try once"},{"abstract":false,"code":"EW","definition":"A branch is selected as soon as the pre-condition associated with the branch evaluates to true.  If the condition is false, the branch may be entered later, when the condition turns true.  All other exclusive branches compete with each other and only one will be selected.  Each waiting branch executes in parallel with the default join code wait  (see below). The order in which the branches are considered may be specified in the Service_relationship.priority_nmb.","display":"exclusive wait"},{"abstract":false,"code":"I1","definition":"A branch is executed if its associated preconditions permit. If associated preconditions do not permit, the branch is dropped.  Inclusive branches are not suppressed and do not suppress other branches.","display":"inclusive try once"},{"abstract":false,"code":"IW","definition":"A branch is executed as soon as its associated conditions permit.  If the condition is false, the branch may be entered later, when the condition turns true.  Inclusive branches are not suppressed and do not suppress other branches.  Each waiting branch executes in parallel with the default join code wait  (see below).","display":"inclusive wait"}],"extension":[{"url":"http://hl7.org/fhir/StructureDefinition/valueset-oid","valueUri":"urn:oid:2.16.840.1.113883.5.13"}],"system":"http://hl7.org/fhir/v3/ActRelationshipSplit"},"contact":[{"telecom":[{"system":"other","value":"http://hl7.org"}]}],"date":"2015-07-31","description":"**** MISSING DEFINITIONS ****","experimental":false,"extension":[{"url":"http://hl7.org/fhir/StructureDefinition/valueset-oid","valueUri":"urn:oid:2.16.840.1.113883.1.11.10355"}],"id":"v3-ActRelationshipSplit","meta":{"lastUpdated":"2015-07-31T00:00:00.000+10:00","profile":["http://hl7.org/fhir/StructureDefinition/valueset-shareable-definition"]},"name":"v3 Code System ActRelationshipSplit","publisher":"HL7, Inc","resourceType":"ValueSet","status":"active","text":{"div":"<div><p>Release Date: 2015-07-31</p>\r\n<p>OID for code system: 2.16.840.1.113883.5.13</p>\r\n<p>OID for value set: 2.16.840.1.113883.1.11.10355 (this is the value set that includes the entire code system)</p>\r\n<table class=\"grid\">\r\n <tr><td><b>Level</b></td><td><b>Code</b></td><td><b>Display</b></td><td><b>Definition</b></td></tr>\r\n <tr><td>1</td><td>E1<a name=\"E1\"> </a></td><td>exclusive try once</td><td>\n                        The pre-condition associated with the branch is evaluated once and if true the branch may be entered. All other exclusive branches compete with each other and only one will be selected. This implements a COND, IF and CASE conditionals, or &quot;XOR-split.&quot; The order in which the branches are considered may be specified in the priorityNumber attribute.<br/>\r\n\n                     </td></tr>\r\n <tr><td>1</td><td>EW<a name=\"EW\"> </a></td><td>exclusive wait</td><td>\n                        A branch is selected as soon as the pre-condition associated with the branch evaluates to true.  If the condition is false, the branch may be entered later, when the condition turns true.  All other exclusive branches compete with each other and only one will be selected.  Each waiting branch executes in parallel with the default join code wait  (see below). The order in which the branches are considered may be specified in the Service_relationship.priority_nmb.<br/>\r\n\n                     </td></tr>\r\n <tr><td>1</td><td>I1<a name=\"I1\"> </a></td><td>inclusive try once</td><td>\n                        A branch is executed if its associated preconditions permit. If associated preconditions do not permit, the branch is dropped.  Inclusive branches are not suppressed and do not suppress other branches.<br/>\r\n\n                     </td></tr>\r\n <tr><td>1</td><td>IW<a name=\"IW\"> </a></td><td>inclusive wait</td><td>\n                        A branch is executed as soon as its associated conditions permit.  If the condition is false, the branch may be entered later, when the condition turns true.  Inclusive branches are not suppressed and do not suppress other branches.  Each waiting branch executes in parallel with the default join code wait  (see below).<br/>\r\n\n                     </td></tr>\r\n</table>\r\n</div>","status":"generated"},"url":"http://hl7.org/fhir/ValueSet/v3-ActRelationshipSplit","version":"2015-07-31"}