{
  "resourceType": "ValueSet",
  "id": "v3-ContentProcessingMode",
  "meta": {
    "lastUpdated": "2015-07-31T00:00:00.000+10:00",
    "profile": [
      "http://hl7.org/fhir/StructureDefinition/valueset-shareable-definition"
    ]
  },
  "text": {
    "status": "generated",
    "div": "<div><p>Release Date: 2015-07-31</p>\r\n<p>OID for code system: 2.16.840.1.113883.5.1110</p>\r\n<p>OID for value set: 2.16.840.1.113883.1.11.19823 (this is the value set that includes the entire code system)</p>\r\n<h2>Description</h2>\r\n<p>\n                  \n                     Description:Identifies the order in which content should be processed.<br/>\r\n\n               </p>\r\n<hr/>\r\n<table class=\"grid\">\r\n <tr><td><b>Level</b></td><td><b>Code</b></td><td><b>Display</b></td><td><b>Definition</b></td></tr>\r\n <tr><td>1</td><td>SEQL<a name=\"SEQL\"> </a></td><td>Sequential</td><td>\n                        \n                           Description:The content should be processed in a sequential fashion.<br/>\r\n\n                     </td></tr>\r\n <tr><td>1</td><td>UNOR<a name=\"UNOR\"> </a></td><td>Unordered</td><td>\n                        \n                           Description:The content may be processed in any order.<br/>\r\n\n                     </td></tr>\r\n</table>\r\n</div>"
  },
  "extension": [
    {
      "url": "http://hl7.org/fhir/StructureDefinition/valueset-oid",
      "valueUri": "urn:oid:2.16.840.1.113883.1.11.19823"
    }
  ],
  "url": "http://hl7.org/fhir/ValueSet/v3-ContentProcessingMode",
  "version": "2015-07-31",
  "name": "v3 Code System ContentProcessingMode",
  "status": "active",
  "experimental": false,
  "publisher": "HL7, Inc",
  "contact": [
    {
      "telecom": [
        {
          "system": "other",
          "value": "http://hl7.org"
        }
      ]
    }
  ],
  "date": "2015-07-31",
  "description": "  Description:\r\nIdentifies the order in which content should be processed.",
  "codeSystem": {
    "extension": [
      {
        "url": "http://hl7.org/fhir/StructureDefinition/valueset-oid",
        "valueUri": "urn:oid:2.16.840.1.113883.5.1110"
      }
    ],
    "system": "http://hl7.org/fhir/v3/ContentProcessingMode",
    "caseSensitive": true,
    "concept": [
      {
        "code": "SEQL",
        "abstract": false,
        "display": "Sequential",
        "definition": "Description:The content should be processed in a sequential fashion."
      },
      {
        "code": "UNOR",
        "abstract": false,
        "display": "Unordered",
        "definition": "Description:The content may be processed in any order."
      }
    ]
  }
}