{"codeSystem":{"caseSensitive":true,"concept":[{"abstract":false,"code":"O","definition":"Description: Originally produced code.","display":"originally produced code"},{"abstract":false,"code":"OR","definition":"Originally produced code, required by the specification describing the use of the coded concept.","display":"original and required"},{"abstract":false,"code":"P","definition":"Description: Post-coded from free text source</description>","display":"post-coded"},{"abstract":false,"code":"PR","definition":"Post-coded from free text source, required by the specification describing the use of the coded concept.","display":"post-coded and required"},{"abstract":false,"code":"R","definition":"Description: Required standard code for HL7.","display":"required"},{"abstract":false,"code":"HL7","definition":"HL7 Specified or Mandated","display":"HL7 Specified or Mandated","extension":[{"url":"http://hl7.org/fhir/StructureDefinition/valueset-deprecated","valueBoolean":true}]},{"abstract":false,"code":"SH","definition":"Both HL7 mandated and the original code (precoordination)","display":"Both HL7 mandated and the original code","extension":[{"url":"http://hl7.org/fhir/StructureDefinition/valueset-deprecated","valueBoolean":true}]},{"abstract":false,"code":"SRC","definition":"Source (or original) code","display":"Source (or original) code","extension":[{"url":"http://hl7.org/fhir/StructureDefinition/valueset-deprecated","valueBoolean":true}]}],"extension":[{"url":"http://hl7.org/fhir/StructureDefinition/valueset-oid","valueUri":"urn:oid:2.16.840.1.113883.5.1074"}],"system":"http://hl7.org/fhir/v3/CodingRationale"},"contact":[{"telecom":[{"system":"other","value":"http://hl7.org"}]}],"date":"2015-07-31","description":" Identifies how to interpret the instance of the code, codeSystem value in a set of translations.  Since HL7 (or a government body) may mandate that codes from certain code systems be sent in conformant messages, other synonyms that are sent in the translation set need to be distinguished among the originally captured source, the HL7 specified code, or some future role.  When this code is NULL, it indicates that the translation is an undefined type.  When valued, this property must contain one of the following values: SRC - Source (or original) code HL7 - HL7 Specified or Mandated SH - both HL7 mandated and the original code (precoordination) There may be additional values added to this value set as we work through the use of codes in messages and determine other Use Cases requiring special interpretation of the translations.","experimental":false,"extension":[{"url":"http://hl7.org/fhir/StructureDefinition/valueset-oid","valueUri":"urn:oid:2.16.840.1.113883.1.11.19250"}],"id":"v3-CodingRationale","meta":{"lastUpdated":"2015-07-31T00:00:00.000+10:00","profile":["http://hl7.org/fhir/StructureDefinition/valueset-shareable-definition"]},"name":"v3 Code System CodingRationale","publisher":"HL7, Inc","resourceType":"ValueSet","status":"active","text":{"div":"<div><p>Release Date: 2015-07-31</p>\r\n<p>OID for code system: 2.16.840.1.113883.5.1074</p>\r\n<p>OID for value set: 2.16.840.1.113883.1.11.19250 (this is the value set that includes the entire code system)</p>\r\n<h2>Description</h2>\r\n<p>\n                  Identifies how to interpret the instance of the code, codeSystem value in a set of translations.  Since HL7 (or a government body) may mandate that codes from certain code systems be sent in conformant messages, other synonyms that are sent in the translation set need to be distinguished among the originally captured source, the HL7 specified code, or some future role.  When this code is NULL, it indicates that the translation is an undefined type.  When valued, this property must contain one of the following values:<br/>\r\n\n                  SRC - Source (or original) code HL7 - HL7 Specified or Mandated SH - both HL7 mandated and the original code (precoordination)<br/>\r\n\n                  There may be additional values added to this value set as we work through the use of codes in messages and determine other Use Cases requiring special interpretation of the translations.<br/>\r\n\n               </p>\r\n<hr/>\r\n<table class=\"grid\">\r\n <tr><td><b>Level</b></td><td><b>Code</b></td><td><b>Display</b></td><td><b>Definition</b></td></tr>\r\n <tr><td>1</td><td>O<a name=\"O\"> </a></td><td>originally produced code</td><td>\n                        \n                           Description: Originally produced code.<br/>\r\n\n                     </td></tr>\r\n <tr><td>1</td><td>OR<a name=\"OR\"> </a></td><td>original and required</td><td>\n                        Originally produced code, required by the specification describing the use of the coded concept.<br/>\r\n\n                     </td></tr>\r\n <tr><td>1</td><td>P<a name=\"P\"> </a></td><td>post-coded</td><td>\n                        \n                           Description: Post-coded from free text source&lt;/description&gt;<br/>\r\n\n                     </td></tr>\r\n <tr><td>1</td><td>PR<a name=\"PR\"> </a></td><td>post-coded and required</td><td>\n                        Post-coded from free text source, required by the specification describing the use of the coded concept.<br/>\r\n\n                     </td></tr>\r\n <tr><td>1</td><td>R<a name=\"R\"> </a></td><td>required</td><td>\n                        \n                           Description: Required standard code for HL7.<br/>\r\n\n                     </td></tr>\r\n <tr style=\"background: #EFEFEF\"><td>1</td><td>HL7<a name=\"HL7\"> </a> <b><i>Deprecated</i></b></td><td>HL7 Specified or Mandated</td><td>\n                        HL7 Specified or Mandated<br/>\r\n\n                     </td></tr>\r\n <tr style=\"background: #EFEFEF\"><td>1</td><td>SH<a name=\"SH\"> </a> <b><i>Deprecated</i></b></td><td>Both HL7 mandated and the original code</td><td>\n                        Both HL7 mandated and the original code (precoordination)<br/>\r\n\n                     </td></tr>\r\n <tr style=\"background: #EFEFEF\"><td>1</td><td>SRC<a name=\"SRC\"> </a> <b><i>Deprecated</i></b></td><td>Source (or original) code</td><td>\n                        Source (or original) code<br/>\r\n\n                     </td></tr>\r\n</table>\r\n</div>","status":"generated"},"url":"http://hl7.org/fhir/ValueSet/v3-CodingRationale","version":"2015-07-31"}