{"codeSystem":{"caseSensitive":true,"concept":[{"abstract":true,"code":"_ContextControlAdditive","concept":[{"abstract":false,"code":"AN","definition":"The association adds to the existing context associated with the Act, but will not propagate to any descendant Acts reached by conducting ActRelationships (see contextControlCode). Examples: If an 'Author' Participation were marked as \"Additive, Non-Propagating\" it means that the author will be added to the set of author participations that have propagated from ancestor Acts for the purpose of this Act. However only the previously propagated authors will propagate to any child Acts that allow context to be propagated.","display":"additive, non-propagating"},{"abstract":false,"code":"AP","definition":"The association adds to the existing context associated with the Act, and will propagate to any descendant Acts reached by conducting ActRelationships (see contextControlCode). Examples: If an 'Author' Participation were marked as \"Additive, Propagating\" it means that the author will be added to the set of author participations that have propagated from ancestor Acts, and will itself propagate with the other authors to any child Acts that allow context to be propagated.","display":"additive, propagating"}],"definition":"The association adds to the existing context associated with the Act.  Both this association and any associations propagated from ancestor Acts are interpreted as being related to this Act.","display":"ContextControlAdditive"},{"abstract":true,"code":"_ContextControlNonPropagating","concept":[{"abstract":false,"code":"ON","definition":"The association is added to the existing context associated with the Act, but overrides an association with the same typeCode. However, this overriding association will not propagate to any descendant Acts reached by conducting ActRelationships (see contextControlCode). Examples: If an 'Author' Participation were marked as \"Overriding, Non-Propagating\" it means that the author will replace the set of author participations that have propagated from ancestor Acts. Furthermore, no author participations whatsoever will propagate to any child Acts that allow context to be propagated.","display":"overriding, non-propagating"}],"definition":"The association applies only to the current Act and will not propagate to any child Acts that are related via a conducting ActRelationship (refer to contextConductionInd).","display":"ContextControlNonPropagating","modifierExtension":[{"url":"http://hl7.org/fhir/StructureDefinition/valueset-subsumes","valueCode":"AN"}]},{"abstract":true,"code":"_ContextControlOverriding","concept":[{"abstract":false,"code":"OP","definition":"The association is added to the existing context associated with the Act, but overrides an association with the same typeCode. This overriding association will propagate to any descendant Acts reached by conducting ActRelationships (see contextControlCode). Examples: If an 'Author' Participation were marked as \"Overriding, Propagating\" it means that the author will replace the set of author participations that have propagated from ancestor Acts, and will itself be the only author to propagate to any child Acts that allow context to be propagated.","display":"overriding, propagating"}],"definition":"The association adds to the existing context associated with the Act, but replaces associations propagated from ancestor Acts whose typeCodes are the same or more specific.","display":"ContextControlOverriding","modifierExtension":[{"url":"http://hl7.org/fhir/StructureDefinition/valueset-subsumes","valueCode":"ON"}]},{"abstract":true,"code":"_ContextControlPropagating","definition":"The association propagates to any child Acts that are related via a conducting ActRelationship (refer to contextConductionInd).","display":"ContextControlPropagating","modifierExtension":[{"url":"http://hl7.org/fhir/StructureDefinition/valueset-subsumes","valueCode":"AP"},{"url":"http://hl7.org/fhir/StructureDefinition/valueset-subsumes","valueCode":"OP"}]}],"extension":[{"url":"http://hl7.org/fhir/StructureDefinition/valueset-oid","valueUri":"urn:oid:2.16.840.1.113883.5.1057"}],"system":"http://hl7.org/fhir/v3/ContextControl"},"contact":[{"telecom":[{"system":"other","value":"http://hl7.org"}]}],"date":"2015-07-31","description":" A code that specifies how an ActRelationship or Participation contributes to the context of an Act, and whether it may be propagated to descendent Acts whose association allows such propagation (see also attributes Participation.contextControlCode, ActRelationship.contextControlCode, ActRelationship.contextConductionInd).","experimental":false,"extension":[{"url":"http://hl7.org/fhir/StructureDefinition/valueset-oid","valueUri":"urn:oid:2.16.840.1.113883.1.11.16478"}],"id":"v3-ContextControl","meta":{"lastUpdated":"2015-07-31T00:00:00.000+10:00","profile":["http://hl7.org/fhir/StructureDefinition/valueset-shareable-definition"]},"name":"v3 Code System ContextControl","publisher":"HL7, Inc","resourceType":"ValueSet","status":"active","text":{"div":"<div><p>Release Date: 2015-07-31</p>\r\n<p>OID for code system: 2.16.840.1.113883.5.1057</p>\r\n<p>OID for value set: 2.16.840.1.113883.1.11.16478 (this is the value set that includes the entire code system)</p>\r\n<h2>Description</h2>\r\n<p>\n                  A code that specifies how an ActRelationship or Participation contributes to the context of an Act, and whether it may be propagated to descendent Acts whose association allows such propagation (see also attributes Participation.contextControlCode, ActRelationship.contextControlCode, ActRelationship.contextConductionInd).<br/>\r\n\n               </p>\r\n<hr/>\r\n<table class=\"grid\">\r\n <tr><td><b>Level</b></td><td><b>Code</b></td><td><b>Display</b></td><td><b>Definition</b></td></tr>\r\n <tr><td>1</td><td><span style=\"color: grey\"><i>(_ContextControlAdditive)</i></span></td><td><a name=\"_ContextControlAdditive\">&nbsp;</a></td><td>\n                        The association adds to the existing context associated with the Act.  Both this association and any associations propagated from ancestor Acts are interpreted as being related to this Act.<br/>\r\n\n                     </td></tr>\r\n <tr><td>2</td><td>&nbsp;&nbsp;AN<a name=\"AN\"> </a></td><td>additive, non-propagating</td><td>\n                        The association adds to the existing context associated with the Act, but will not propagate to any descendant Acts reached by conducting ActRelationships (see contextControlCode). Examples: If an 'Author' Participation were marked as &quot;Additive, Non-Propagating&quot; it means that the author will be added to the set of author participations that have propagated from ancestor Acts for the purpose of this Act. However only the previously propagated authors will propagate to any child Acts that allow context to be propagated.<br/>\r\n\n                     </td></tr>\r\n <tr><td>2</td><td>&nbsp;&nbsp;AP<a name=\"AP\"> </a></td><td>additive, propagating</td><td>\n                        The association adds to the existing context associated with the Act, and will propagate to any descendant Acts reached by conducting ActRelationships (see contextControlCode). Examples: If an 'Author' Participation were marked as &quot;Additive, Propagating&quot; it means that the author will be added to the set of author participations that have propagated from ancestor Acts, and will itself propagate with the other authors to any child Acts that allow context to be propagated.<br/>\r\n\n                     </td></tr>\r\n <tr><td>1</td><td><span style=\"color: grey\"><i>(_ContextControlNonPropagating)</i></span></td><td><a name=\"_ContextControlNonPropagating\">&nbsp;</a></td><td>\n                        The association applies only to the current Act and will not propagate to any child Acts that are related via a conducting ActRelationship (refer to contextConductionInd).<br/>\r\n\n                     </td></tr>\r\n <tr><td>2</td><td>&nbsp;&nbsp;<a href=\"#AN\">AN</a></td><td/><td/></tr>\r\n <tr><td>2</td><td>&nbsp;&nbsp;ON<a name=\"ON\"> </a></td><td>overriding, non-propagating</td><td>\n                        The association is added to the existing context associated with the Act, but overrides an association with the same typeCode. However, this overriding association will not propagate to any descendant Acts reached by conducting ActRelationships (see contextControlCode). Examples: If an 'Author' Participation were marked as &quot;Overriding, Non-Propagating&quot; it means that the author will replace the set of author participations that have propagated from ancestor Acts. Furthermore, no author participations whatsoever will propagate to any child Acts that allow context to be propagated.<br/>\r\n\n                     </td></tr>\r\n <tr><td>1</td><td><span style=\"color: grey\"><i>(_ContextControlOverriding)</i></span></td><td><a name=\"_ContextControlOverriding\">&nbsp;</a></td><td>\n                        The association adds to the existing context associated with the Act, but replaces associations propagated from ancestor Acts whose typeCodes are the same or more specific.<br/>\r\n\n                     </td></tr>\r\n <tr><td>2</td><td>&nbsp;&nbsp;<a href=\"#ON\">ON</a></td><td/><td/></tr>\r\n <tr><td>2</td><td>&nbsp;&nbsp;OP<a name=\"OP\"> </a></td><td>overriding, propagating</td><td>\n                        The association is added to the existing context associated with the Act, but overrides an association with the same typeCode. This overriding association will propagate to any descendant Acts reached by conducting ActRelationships (see contextControlCode). Examples: If an 'Author' Participation were marked as &quot;Overriding, Propagating&quot; it means that the author will replace the set of author participations that have propagated from ancestor Acts, and will itself be the only author to propagate to any child Acts that allow context to be propagated.<br/>\r\n\n                     </td></tr>\r\n <tr><td>1</td><td><span style=\"color: grey\"><i>(_ContextControlPropagating)</i></span></td><td><a name=\"_ContextControlPropagating\">&nbsp;</a></td><td>\n                        The association propagates to any child Acts that are related via a conducting ActRelationship (refer to contextConductionInd).<br/>\r\n\n                     </td></tr>\r\n <tr><td>2</td><td>&nbsp;&nbsp;<a href=\"#AP\">AP</a></td><td/><td/></tr>\r\n <tr><td>2</td><td>&nbsp;&nbsp;<a href=\"#OP\">OP</a></td><td/><td/></tr>\r\n</table>\r\n</div>","status":"generated"},"url":"http://hl7.org/fhir/ValueSet/v3-ContextControl","version":"2015-07-31"}