{
  "resourceType": "ValueSet",
  "id": "v3-CalendarCycle",
  "meta": {
    "lastUpdated": "2015-07-31T00:00:00.000+10:00",
    "profile": [
      "http://hl7.org/fhir/StructureDefinition/valueset-shareable-definition"
    ]
  },
  "text": {
    "status": "generated",
    "div": "<div><p>Release Date: 2015-07-31</p>\r\n<p>OID for code system: 2.16.840.1.113883.5.9</p>\r\n<h2>Description</h2>\r\n<p>\n                  Calendar cycle identifiers<br/>\r\n\n               </p>\r\n<hr/>\r\n<table class=\"grid\">\r\n <tr><td><b>Level</b></td><td><b>Code</b></td><td><b>Display</b></td><td><b>Definition</b></td></tr>\r\n <tr style=\"background: #EFEFEF\"><td>1</td><td><span style=\"color: grey\"><i>(_CalendarCycleOneLetter)</i></span> <b><i>Deprecated</i></b></td><td><a name=\"_CalendarCycleOneLetter\">&nbsp;</a></td><td/></tr>\r\n <tr><td>2</td><td>&nbsp;&nbsp;CW<a name=\"CW\"> </a></td><td>week (continuous)</td><td/></tr>\r\n <tr><td>2</td><td>&nbsp;&nbsp;CY<a name=\"CY\"> </a></td><td>year</td><td/></tr>\r\n <tr><td>2</td><td>&nbsp;&nbsp;D<a name=\"D\"> </a></td><td>day of the month</td><td/></tr>\r\n <tr><td>2</td><td>&nbsp;&nbsp;DW<a name=\"DW\"> </a></td><td>day of the week (begins with Monday)</td><td/></tr>\r\n <tr><td>2</td><td>&nbsp;&nbsp;H<a name=\"H\"> </a></td><td>hour of the day</td><td/></tr>\r\n <tr><td>2</td><td>&nbsp;&nbsp;M<a name=\"M\"> </a></td><td>month of the year</td><td/></tr>\r\n <tr><td>2</td><td>&nbsp;&nbsp;N<a name=\"N\"> </a></td><td>minute of the hour</td><td/></tr>\r\n <tr><td>2</td><td>&nbsp;&nbsp;S<a name=\"S\"> </a></td><td>second of the minute</td><td/></tr>\r\n <tr style=\"background: #EFEFEF\"><td>1</td><td><span style=\"color: grey\"><i>(_CalendarCycleTwoLetter)</i></span> <b><i>Deprecated</i></b></td><td><a name=\"_CalendarCycleTwoLetter\">&nbsp;</a></td><td/></tr>\r\n <tr><td>2</td><td>&nbsp;&nbsp;<a href=\"#CW\">CW</a></td><td/><td/></tr>\r\n <tr><td>2</td><td>&nbsp;&nbsp;<a href=\"#CY\">CY</a></td><td/><td/></tr>\r\n <tr><td>2</td><td>&nbsp;&nbsp;<a href=\"#D\">D</a></td><td/><td/></tr>\r\n <tr><td>2</td><td>&nbsp;&nbsp;<a href=\"#DW\">DW</a></td><td/><td/></tr>\r\n <tr><td>2</td><td>&nbsp;&nbsp;<a href=\"#H\">H</a></td><td/><td/></tr>\r\n <tr><td>2</td><td>&nbsp;&nbsp;<a href=\"#M\">M</a></td><td/><td/></tr>\r\n <tr><td>2</td><td>&nbsp;&nbsp;<a href=\"#N\">N</a></td><td/><td/></tr>\r\n <tr><td>2</td><td>&nbsp;&nbsp;<a href=\"#S\">S</a></td><td/><td/></tr>\r\n <tr><td>2</td><td>&nbsp;&nbsp;CD<a name=\"CD\"> </a></td><td>day (continuous)</td><td/></tr>\r\n <tr><td>2</td><td>&nbsp;&nbsp;CH<a name=\"CH\"> </a></td><td>hour (continuous)</td><td/></tr>\r\n <tr><td>2</td><td>&nbsp;&nbsp;CM<a name=\"CM\"> </a></td><td>month (continuous)</td><td/></tr>\r\n <tr><td>2</td><td>&nbsp;&nbsp;CN<a name=\"CN\"> </a></td><td>minute (continuous)</td><td/></tr>\r\n <tr><td>2</td><td>&nbsp;&nbsp;CS<a name=\"CS\"> </a></td><td>second (continuous)</td><td/></tr>\r\n <tr><td>2</td><td>&nbsp;&nbsp;DY<a name=\"DY\"> </a></td><td>day of the year</td><td/></tr>\r\n <tr><td>2</td><td>&nbsp;&nbsp;WY<a name=\"WY\"> </a></td><td>week of the year</td><td/></tr>\r\n <tr><td>1</td><td>WM<a name=\"WM\"> </a></td><td>week of the month</td><td>\n                        The week with the month's first Thursday in it (analagous to the ISO 8601 definition for week of the year).<br/>\r\n\n                     </td></tr>\r\n</table>\r\n</div>"
  },
  "url": "http://hl7.org/fhir/ValueSet/v3-CalendarCycle",
  "version": "2015-07-31",
  "name": "v3 Code System CalendarCycle",
  "status": "active",
  "experimental": false,
  "publisher": "HL7, Inc",
  "contact": [
    {
      "telecom": [
        {
          "system": "other",
          "value": "http://hl7.org"
        }
      ]
    }
  ],
  "date": "2015-07-31",
  "description": " Calendar cycle identifiers",
  "codeSystem": {
    "extension": [
      {
        "url": "http://hl7.org/fhir/StructureDefinition/valueset-oid",
        "valueUri": "urn:oid:2.16.840.1.113883.5.9"
      }
    ],
    "system": "http://hl7.org/fhir/v3/CalendarCycle",
    "caseSensitive": true,
    "concept": [
      {
        "extension": [
          {
            "url": "http://hl7.org/fhir/StructureDefinition/valueset-deprecated",
            "valueBoolean": true
          }
        ],
        "code": "_CalendarCycleOneLetter",
        "abstract": true,
        "display": "CalendarCycleOneLetter",
        "definition": "CalendarCycleOneLetter",
        "concept": [
          {
            "code": "CW",
            "abstract": false,
            "display": "week (continuous)",
            "definition": "week (continuous)"
          },
          {
            "code": "CY",
            "abstract": false,
            "display": "year",
            "definition": "year"
          },
          {
            "code": "D",
            "abstract": false,
            "display": "day of the month",
            "definition": "day of the month"
          },
          {
            "code": "DW",
            "abstract": false,
            "display": "day of the week (begins with Monday)",
            "definition": "day of the week (begins with Monday)"
          },
          {
            "code": "H",
            "abstract": false,
            "display": "hour of the day",
            "definition": "hour of the day"
          },
          {
            "code": "M",
            "abstract": false,
            "display": "month of the year",
            "definition": "month of the year"
          },
          {
            "code": "N",
            "abstract": false,
            "display": "minute of the hour",
            "definition": "minute of the hour"
          },
          {
            "code": "S",
            "abstract": false,
            "display": "second of the minute",
            "definition": "second of the minute"
          }
        ]
      },
      {
        "extension": [
          {
            "url": "http://hl7.org/fhir/StructureDefinition/valueset-deprecated",
            "valueBoolean": true
          }
        ],
        "modifierExtension": [
          {
            "url": "http://hl7.org/fhir/StructureDefinition/valueset-subsumes",
            "valueCode": "CW"
          },
          {
            "url": "http://hl7.org/fhir/StructureDefinition/valueset-subsumes",
            "valueCode": "CY"
          },
          {
            "url": "http://hl7.org/fhir/StructureDefinition/valueset-subsumes",
            "valueCode": "D"
          },
          {
            "url": "http://hl7.org/fhir/StructureDefinition/valueset-subsumes",
            "valueCode": "DW"
          },
          {
            "url": "http://hl7.org/fhir/StructureDefinition/valueset-subsumes",
            "valueCode": "H"
          },
          {
            "url": "http://hl7.org/fhir/StructureDefinition/valueset-subsumes",
            "valueCode": "M"
          },
          {
            "url": "http://hl7.org/fhir/StructureDefinition/valueset-subsumes",
            "valueCode": "N"
          },
          {
            "url": "http://hl7.org/fhir/StructureDefinition/valueset-subsumes",
            "valueCode": "S"
          }
        ],
        "code": "_CalendarCycleTwoLetter",
        "abstract": true,
        "display": "CalendarCycleTwoLetter",
        "definition": "CalendarCycleTwoLetter",
        "concept": [
          {
            "code": "CD",
            "abstract": false,
            "display": "day (continuous)",
            "definition": "day (continuous)"
          },
          {
            "code": "CH",
            "abstract": false,
            "display": "hour (continuous)",
            "definition": "hour (continuous)"
          },
          {
            "code": "CM",
            "abstract": false,
            "display": "month (continuous)",
            "definition": "month (continuous)"
          },
          {
            "code": "CN",
            "abstract": false,
            "display": "minute (continuous)",
            "definition": "minute (continuous)"
          },
          {
            "code": "CS",
            "abstract": false,
            "display": "second (continuous)",
            "definition": "second (continuous)"
          },
          {
            "code": "DY",
            "abstract": false,
            "display": "day of the year",
            "definition": "day of the year"
          },
          {
            "code": "WY",
            "abstract": false,
            "display": "week of the year",
            "definition": "week of the year"
          }
        ]
      },
      {
        "code": "WM",
        "abstract": false,
        "display": "week of the month",
        "definition": "The week with the month's first Thursday in it (analagous to the ISO 8601 definition for week of the year)."
      }
    ]
  }
}