{
  "resourceType": "ValueSet",
  "id": "v3-Ethnicity",
  "meta": {
    "lastUpdated": "2015-07-31T00:00:00.000+10:00",
    "profile": [
      "http://hl7.org/fhir/StructureDefinition/valueset-shareable-definition"
    ]
  },
  "text": {
    "status": "generated",
    "div": "<div><p>Release Date: 2015-07-31</p>\r\n<p>OID for code system: 2.16.840.1.113883.5.50</p>\r\n<h2>Description</h2>\r\n<p>\n                  In the United States, federal standards for classifying data on ethnicity determine the categories used by federal agencies and exert a strong influence on categorization by state and local agencies and private sector organizations. The federal standards do not conceptually define ethnicity, and they recognize the absence of an anthropological or scientific basis for ethnicity classification.  Instead, the federal standards acknowledge that ethnicity is a social-political construct in which an individual's own identification with a particular ethnicity is preferred to observer identification.  The standards specify two minimum ethnicity categories: Hispanic or Latino, and Not Hispanic or Latino.  The standards define a Hispanic or Latino as a person of &quot;Mexican, Puerto Rican, Cuban, South or Central America, or other Spanish culture or origin, regardless of race.&quot; The standards stipulate that ethnicity data need not be limited to the two minimum categories, but any expansion must be collapsible to those categories.  In addition, the standards stipulate that an individual can be Hispanic or Latino or can be Not Hispanic or Latino, but cannot be both.<br/>\r\n\n               </p>\r\n<hr/>\r\n<table class=\"grid\">\r\n <tr><td><b>Level</b></td><td><b>Code</b></td><td><b>Display</b></td><td><b>Definition</b></td></tr>\r\n <tr><td>1</td><td>2135-2<a name=\"2135-2\"> </a></td><td>Hispanic or Latino</td><td/></tr>\r\n <tr><td>2</td><td>&nbsp;&nbsp;2137-8<a name=\"2137-8\"> </a></td><td>Spaniard</td><td/></tr>\r\n <tr><td>3</td><td>&nbsp;&nbsp;&nbsp;&nbsp;2138-6<a name=\"2138-6\"> </a></td><td>Andalusian</td><td/></tr>\r\n <tr><td>3</td><td>&nbsp;&nbsp;&nbsp;&nbsp;2139-4<a name=\"2139-4\"> </a></td><td>Asturian</td><td/></tr>\r\n <tr><td>3</td><td>&nbsp;&nbsp;&nbsp;&nbsp;2140-2<a name=\"2140-2\"> </a></td><td>Castillian</td><td/></tr>\r\n <tr><td>3</td><td>&nbsp;&nbsp;&nbsp;&nbsp;2141-0<a name=\"2141-0\"> </a></td><td>Catalonian</td><td/></tr>\r\n <tr><td>3</td><td>&nbsp;&nbsp;&nbsp;&nbsp;2142-8<a name=\"2142-8\"> </a></td><td>Belearic Islander</td><td/></tr>\r\n <tr><td>3</td><td>&nbsp;&nbsp;&nbsp;&nbsp;2143-6<a name=\"2143-6\"> </a></td><td>Gallego</td><td/></tr>\r\n <tr><td>3</td><td>&nbsp;&nbsp;&nbsp;&nbsp;2144-4<a name=\"2144-4\"> </a></td><td>Valencian</td><td/></tr>\r\n <tr><td>3</td><td>&nbsp;&nbsp;&nbsp;&nbsp;2145-1<a name=\"2145-1\"> </a></td><td>Canarian</td><td/></tr>\r\n <tr><td>3</td><td>&nbsp;&nbsp;&nbsp;&nbsp;2146-9<a name=\"2146-9\"> </a></td><td>Spanish Basque</td><td/></tr>\r\n <tr><td>2</td><td>&nbsp;&nbsp;2148-5<a name=\"2148-5\"> </a></td><td>Mexican</td><td/></tr>\r\n <tr><td>3</td><td>&nbsp;&nbsp;&nbsp;&nbsp;2149-3<a name=\"2149-3\"> </a></td><td>Mexican American</td><td/></tr>\r\n <tr><td>3</td><td>&nbsp;&nbsp;&nbsp;&nbsp;2150-1<a name=\"2150-1\"> </a></td><td>Mexicano</td><td/></tr>\r\n <tr><td>3</td><td>&nbsp;&nbsp;&nbsp;&nbsp;2151-9<a name=\"2151-9\"> </a></td><td>Chicano</td><td/></tr>\r\n <tr><td>3</td><td>&nbsp;&nbsp;&nbsp;&nbsp;2152-7<a name=\"2152-7\"> </a></td><td>La Raza</td><td/></tr>\r\n <tr><td>3</td><td>&nbsp;&nbsp;&nbsp;&nbsp;2153-5<a name=\"2153-5\"> </a></td><td>Mexican American Indian</td><td/></tr>\r\n <tr><td>2</td><td>&nbsp;&nbsp;2155-0<a name=\"2155-0\"> </a></td><td>Central American</td><td/></tr>\r\n <tr><td>3</td><td>&nbsp;&nbsp;&nbsp;&nbsp;2156-8<a name=\"2156-8\"> </a></td><td>Costa Rican</td><td/></tr>\r\n <tr><td>3</td><td>&nbsp;&nbsp;&nbsp;&nbsp;2157-6<a name=\"2157-6\"> </a></td><td>Guatemalan</td><td/></tr>\r\n <tr><td>3</td><td>&nbsp;&nbsp;&nbsp;&nbsp;2158-4<a name=\"2158-4\"> </a></td><td>Honduran</td><td/></tr>\r\n <tr><td>3</td><td>&nbsp;&nbsp;&nbsp;&nbsp;2159-2<a name=\"2159-2\"> </a></td><td>Nicaraguan</td><td/></tr>\r\n <tr><td>3</td><td>&nbsp;&nbsp;&nbsp;&nbsp;2160-0<a name=\"2160-0\"> </a></td><td>Panamanian</td><td/></tr>\r\n <tr><td>3</td><td>&nbsp;&nbsp;&nbsp;&nbsp;2161-8<a name=\"2161-8\"> </a></td><td>Salvadoran</td><td/></tr>\r\n <tr><td>3</td><td>&nbsp;&nbsp;&nbsp;&nbsp;2162-6<a name=\"2162-6\"> </a></td><td>Central American Indian</td><td/></tr>\r\n <tr><td>3</td><td>&nbsp;&nbsp;&nbsp;&nbsp;2163-4<a name=\"2163-4\"> </a></td><td>Canal Zone</td><td/></tr>\r\n <tr><td>2</td><td>&nbsp;&nbsp;2165-9<a name=\"2165-9\"> </a></td><td>South American</td><td/></tr>\r\n <tr><td>3</td><td>&nbsp;&nbsp;&nbsp;&nbsp;2166-7<a name=\"2166-7\"> </a></td><td>Argentinean</td><td/></tr>\r\n <tr><td>3</td><td>&nbsp;&nbsp;&nbsp;&nbsp;2167-5<a name=\"2167-5\"> </a></td><td>Bolivian</td><td/></tr>\r\n <tr><td>3</td><td>&nbsp;&nbsp;&nbsp;&nbsp;2168-3<a name=\"2168-3\"> </a></td><td>Chilean</td><td/></tr>\r\n <tr><td>3</td><td>&nbsp;&nbsp;&nbsp;&nbsp;2169-1<a name=\"2169-1\"> </a></td><td>Colombian</td><td/></tr>\r\n <tr><td>3</td><td>&nbsp;&nbsp;&nbsp;&nbsp;2170-9<a name=\"2170-9\"> </a></td><td>Ecuadorian</td><td/></tr>\r\n <tr><td>3</td><td>&nbsp;&nbsp;&nbsp;&nbsp;2171-7<a name=\"2171-7\"> </a></td><td>Paraguayan</td><td/></tr>\r\n <tr><td>3</td><td>&nbsp;&nbsp;&nbsp;&nbsp;2172-5<a name=\"2172-5\"> </a></td><td>Peruvian</td><td/></tr>\r\n <tr><td>3</td><td>&nbsp;&nbsp;&nbsp;&nbsp;2173-3<a name=\"2173-3\"> </a></td><td>Uruguayan</td><td/></tr>\r\n <tr><td>3</td><td>&nbsp;&nbsp;&nbsp;&nbsp;2174-1<a name=\"2174-1\"> </a></td><td>Venezuelan</td><td/></tr>\r\n <tr><td>3</td><td>&nbsp;&nbsp;&nbsp;&nbsp;2175-8<a name=\"2175-8\"> </a></td><td>South American Indian</td><td/></tr>\r\n <tr><td>3</td><td>&nbsp;&nbsp;&nbsp;&nbsp;2176-6<a name=\"2176-6\"> </a></td><td>Criollo</td><td/></tr>\r\n <tr><td>2</td><td>&nbsp;&nbsp;2178-2<a name=\"2178-2\"> </a></td><td>Latin American</td><td/></tr>\r\n <tr><td>2</td><td>&nbsp;&nbsp;2180-8<a name=\"2180-8\"> </a></td><td>Puerto Rican</td><td/></tr>\r\n <tr><td>2</td><td>&nbsp;&nbsp;2182-4<a name=\"2182-4\"> </a></td><td>Cuban</td><td/></tr>\r\n <tr><td>2</td><td>&nbsp;&nbsp;2184-0<a name=\"2184-0\"> </a></td><td>Dominican</td><td/></tr>\r\n <tr><td>1</td><td>2186-5<a name=\"2186-5\"> </a></td><td>Not Hispanic or Latino</td><td>\n                        Note that this term remains in the table for completeness, even though within HL7, the notion of &quot;not otherwise coded&quot; term is deprecated.<br/>\r\n\n                     </td></tr>\r\n</table>\r\n</div>"
  },
  "url": "http://hl7.org/fhir/ValueSet/v3-Ethnicity",
  "version": "2015-07-31",
  "name": "v3 Code System Ethnicity",
  "status": "active",
  "experimental": false,
  "publisher": "HL7, Inc",
  "contact": [
    {
      "telecom": [
        {
          "system": "other",
          "value": "http://hl7.org"
        }
      ]
    }
  ],
  "date": "2015-07-31",
  "description": " In the United States, federal standards for classifying data on ethnicity determine the categories used by federal agencies and exert a strong influence on categorization by state and local agencies and private sector organizations. The federal standards do not conceptually define ethnicity, and they recognize the absence of an anthropological or scientific basis for ethnicity classification.  Instead, the federal standards acknowledge that ethnicity is a social-political construct in which an individual's own identification with a particular ethnicity is preferred to observer identification.  The standards specify two minimum ethnicity categories: Hispanic or Latino, and Not Hispanic or Latino.  The standards define a Hispanic or Latino as a person of \"Mexican, Puerto Rican, Cuban, South or Central America, or other Spanish culture or origin, regardless of race.\" The standards stipulate that ethnicity data need not be limited to the two minimum categories, but any expansion must be collapsible to those categories.  In addition, the standards stipulate that an individual can be Hispanic or Latino or can be Not Hispanic or Latino, but cannot be both.",
  "codeSystem": {
    "extension": [
      {
        "url": "http://hl7.org/fhir/StructureDefinition/valueset-oid",
        "valueUri": "urn:oid:2.16.840.1.113883.5.50"
      }
    ],
    "system": "http://hl7.org/fhir/v3/Ethnicity",
    "caseSensitive": true,
    "concept": [
      {
        "code": "2135-2",
        "abstract": false,
        "display": "Hispanic or Latino",
        "definition": "Hispanic or Latino",
        "concept": [
          {
            "code": "2137-8",
            "abstract": false,
            "display": "Spaniard",
            "definition": "Spaniard",
            "concept": [
              {
                "code": "2138-6",
                "abstract": false,
                "display": "Andalusian",
                "definition": "Andalusian"
              },
              {
                "code": "2139-4",
                "abstract": false,
                "display": "Asturian",
                "definition": "Asturian"
              },
              {
                "code": "2140-2",
                "abstract": false,
                "display": "Castillian",
                "definition": "Castillian"
              },
              {
                "code": "2141-0",
                "abstract": false,
                "display": "Catalonian",
                "definition": "Catalonian"
              },
              {
                "code": "2142-8",
                "abstract": false,
                "display": "Belearic Islander",
                "definition": "Belearic Islander"
              },
              {
                "code": "2143-6",
                "abstract": false,
                "display": "Gallego",
                "definition": "Gallego"
              },
              {
                "code": "2144-4",
                "abstract": false,
                "display": "Valencian",
                "definition": "Valencian"
              },
              {
                "code": "2145-1",
                "abstract": false,
                "display": "Canarian",
                "definition": "Canarian"
              },
              {
                "code": "2146-9",
                "abstract": false,
                "display": "Spanish Basque",
                "definition": "Spanish Basque"
              }
            ]
          },
          {
            "code": "2148-5",
            "abstract": false,
            "display": "Mexican",
            "definition": "Mexican",
            "concept": [
              {
                "code": "2149-3",
                "abstract": false,
                "display": "Mexican American",
                "definition": "Mexican American"
              },
              {
                "code": "2150-1",
                "abstract": false,
                "display": "Mexicano",
                "definition": "Mexicano"
              },
              {
                "code": "2151-9",
                "abstract": false,
                "display": "Chicano",
                "definition": "Chicano"
              },
              {
                "code": "2152-7",
                "abstract": false,
                "display": "La Raza",
                "definition": "La Raza"
              },
              {
                "code": "2153-5",
                "abstract": false,
                "display": "Mexican American Indian",
                "definition": "Mexican American Indian"
              }
            ]
          },
          {
            "code": "2155-0",
            "abstract": false,
            "display": "Central American",
            "definition": "Central American",
            "concept": [
              {
                "code": "2156-8",
                "abstract": false,
                "display": "Costa Rican",
                "definition": "Costa Rican"
              },
              {
                "code": "2157-6",
                "abstract": false,
                "display": "Guatemalan",
                "definition": "Guatemalan"
              },
              {
                "code": "2158-4",
                "abstract": false,
                "display": "Honduran",
                "definition": "Honduran"
              },
              {
                "code": "2159-2",
                "abstract": false,
                "display": "Nicaraguan",
                "definition": "Nicaraguan"
              },
              {
                "code": "2160-0",
                "abstract": false,
                "display": "Panamanian",
                "definition": "Panamanian"
              },
              {
                "code": "2161-8",
                "abstract": false,
                "display": "Salvadoran",
                "definition": "Salvadoran"
              },
              {
                "code": "2162-6",
                "abstract": false,
                "display": "Central American Indian",
                "definition": "Central American Indian"
              },
              {
                "code": "2163-4",
                "abstract": false,
                "display": "Canal Zone",
                "definition": "Canal Zone"
              }
            ]
          },
          {
            "code": "2165-9",
            "abstract": false,
            "display": "South American",
            "definition": "South American",
            "concept": [
              {
                "code": "2166-7",
                "abstract": false,
                "display": "Argentinean",
                "definition": "Argentinean"
              },
              {
                "code": "2167-5",
                "abstract": false,
                "display": "Bolivian",
                "definition": "Bolivian"
              },
              {
                "code": "2168-3",
                "abstract": false,
                "display": "Chilean",
                "definition": "Chilean"
              },
              {
                "code": "2169-1",
                "abstract": false,
                "display": "Colombian",
                "definition": "Colombian"
              },
              {
                "code": "2170-9",
                "abstract": false,
                "display": "Ecuadorian",
                "definition": "Ecuadorian"
              },
              {
                "code": "2171-7",
                "abstract": false,
                "display": "Paraguayan",
                "definition": "Paraguayan"
              },
              {
                "code": "2172-5",
                "abstract": false,
                "display": "Peruvian",
                "definition": "Peruvian"
              },
              {
                "code": "2173-3",
                "abstract": false,
                "display": "Uruguayan",
                "definition": "Uruguayan"
              },
              {
                "code": "2174-1",
                "abstract": false,
                "display": "Venezuelan",
                "definition": "Venezuelan"
              },
              {
                "code": "2175-8",
                "abstract": false,
                "display": "South American Indian",
                "definition": "South American Indian"
              },
              {
                "code": "2176-6",
                "abstract": false,
                "display": "Criollo",
                "definition": "Criollo"
              }
            ]
          },
          {
            "code": "2178-2",
            "abstract": false,
            "display": "Latin American",
            "definition": "Latin American"
          },
          {
            "code": "2180-8",
            "abstract": false,
            "display": "Puerto Rican",
            "definition": "Puerto Rican"
          },
          {
            "code": "2182-4",
            "abstract": false,
            "display": "Cuban",
            "definition": "Cuban"
          },
          {
            "code": "2184-0",
            "abstract": false,
            "display": "Dominican",
            "definition": "Dominican"
          }
        ]
      },
      {
        "code": "2186-5",
        "abstract": false,
        "display": "Not Hispanic or Latino",
        "definition": "Note that this term remains in the table for completeness, even though within HL7, the notion of \"not otherwise coded\" term is deprecated."
      }
    ]
  }
}