{
  "resourceType": "ValueSet",
  "id": "v3-EntityNamePartTypeR2",
  "meta": {
    "lastUpdated": "2015-07-31T00:00:00.000+10:00",
    "profile": [
      "http://hl7.org/fhir/StructureDefinition/valueset-shareable-definition"
    ]
  },
  "text": {
    "status": "generated",
    "div": "<div><p>Release Date: 2015-07-31</p>\r\n<p>OID for code system: 2.16.840.1.113883.5.1121</p>\r\n<p>OID for value set: 2.16.840.1.113883.1.11.20322 (this is the value set that includes the entire code system)</p>\r\n<h2>Description</h2>\r\n<p>\n                  \n                     Description:Indicates whether the name part is a given name, family name, prefix, suffix, etc.<br/>\r\n\n               </p>\r\n<hr/>\r\n<table class=\"grid\">\r\n <tr><td><b>Level</b></td><td><b>Code</b></td><td><b>Display</b></td><td><b>Definition</b></td></tr>\r\n <tr><td>1</td><td>DEL<a name=\"DEL\"> </a></td><td>delimiter</td><td>\n                        \n                           Description:A delimiter has no meaning other than being literally printed in this name representation. A delimiter has no implicit leading and trailing white space.<br/>\r\n\n                     </td></tr>\r\n <tr><td>1</td><td>FAM<a name=\"FAM\"> </a></td><td>family</td><td>\n                        \n                           Description:Family name, this is the name that links to the genealogy. In some cultures (e.g. Eritrea) the family name of a son is the first name of his father.<br/>\r\n\n                     </td></tr>\r\n <tr><td>1</td><td>GIV<a name=\"GIV\"> </a></td><td>given</td><td>\n                        \n                           Description:Given name. Note: don't call it &quot;first name&quot; since the given names do not always come first.<br/>\r\n\n                     </td></tr>\r\n <tr><td>1</td><td>TITLE<a name=\"TITLE\"> </a></td><td>title</td><td>\n                        \n                           Description:Part of the name that is acquired as a title due to academic, legal, employment or nobility status etc.<br/>\r\n\n                        \n                           Note:Title name parts include name parts that come after the name such as qualifications, even if they are not always considered to be titles.<br/>\r\n\n                     </td></tr>\r\n</table>\r\n</div>"
  },
  "extension": [
    {
      "url": "http://hl7.org/fhir/StructureDefinition/valueset-oid",
      "valueUri": "urn:oid:2.16.840.1.113883.1.11.20322"
    }
  ],
  "url": "http://hl7.org/fhir/ValueSet/v3-EntityNamePartTypeR2",
  "version": "2015-07-31",
  "name": "v3 Code System EntityNamePartTypeR2",
  "status": "active",
  "experimental": false,
  "publisher": "HL7, Inc",
  "contact": [
    {
      "telecom": [
        {
          "system": "other",
          "value": "http://hl7.org"
        }
      ]
    }
  ],
  "date": "2015-07-31",
  "description": "  Description:\r\nIndicates whether the name part is a given name, family name, prefix, suffix, etc.",
  "codeSystem": {
    "extension": [
      {
        "url": "http://hl7.org/fhir/StructureDefinition/valueset-oid",
        "valueUri": "urn:oid:2.16.840.1.113883.5.1121"
      }
    ],
    "system": "http://hl7.org/fhir/v3/EntityNamePartTypeR2",
    "caseSensitive": true,
    "concept": [
      {
        "code": "DEL",
        "abstract": false,
        "display": "delimiter",
        "definition": "Description:A delimiter has no meaning other than being literally printed in this name representation. A delimiter has no implicit leading and trailing white space."
      },
      {
        "code": "FAM",
        "abstract": false,
        "display": "family",
        "definition": "Description:Family name, this is the name that links to the genealogy. In some cultures (e.g. Eritrea) the family name of a son is the first name of his father."
      },
      {
        "code": "GIV",
        "abstract": false,
        "display": "given",
        "definition": "Description:Given name. Note: don't call it \"first name\" since the given names do not always come first."
      },
      {
        "code": "TITLE",
        "abstract": false,
        "display": "title",
        "definition": "Description:Part of the name that is acquired as a title due to academic, legal, employment or nobility status etc.\r\n\n                        \n                           Note:Title name parts include name parts that come after the name such as qualifications, even if they are not always considered to be titles."
      }
    ]
  }
}