{
  "resourceType": "ValueSet",
  "id": "v3-FamilyMember",
  "meta": {
    "lastUpdated": "2015-10-24T07:41:03.495+11:00",
    "profile": [
      "http://hl7.org/fhir/StructureDefinition/valueset-shareable-definition"
    ]
  },
  "text": {
    "status": "generated",
    "div": "<div><h2>FamilyMember</h2><p> A relationship between two people characterizing their &quot;familial&quot; relationship</p><p>This value set includes codes from the following code systems:</p><ul><li>Include codes from <a href=\"../../v3/RoleCode/index.html\">http://hl7.org/fhir/v3/RoleCode</a> where concept  is-a  <a href=\"../../v3/RoleCode/index.html#FAMMEMB\">FAMMEMB</a></li></ul></div>"
  },
  "extension": [
    {
      "url": "http://hl7.org/fhir/StructureDefinition/valueset-oid",
      "valueUri": "urn:oid:2.16.840.1.113883.1.11.19579"
    }
  ],
  "url": "http://hl7.org/fhir/ValueSet/v3-FamilyMember",
  "version": "2014-03-26",
  "name": "FamilyMember",
  "status": "active",
  "experimental": false,
  "publisher": "HL7 v3",
  "contact": [
    {
      "telecom": [
        {
          "system": "other",
          "value": "http://www.hl7.org"
        }
      ]
    }
  ],
  "description": " A relationship between two people characterizing their \"familial\" relationship",
  "compose": {
    "include": [
      {
        "system": "http://hl7.org/fhir/v3/RoleCode",
        "filter": [
          {
            "property": "concept",
            "op": "is-a",
            "value": "FAMMEMB"
          }
        ]
      }
    ]
  }
}