{"compose":{"include":[{"filter":[{"op":"is-a","property":"concept","value":"FAMMEMB"}],"system":"http://hl7.org/fhir/v3/RoleCode"}]},"contact":[{"telecom":[{"system":"other","value":"http://www.hl7.org"}]}],"description":" A relationship between two people characterizing their \"familial\" relationship","experimental":false,"extension":[{"url":"http://hl7.org/fhir/StructureDefinition/valueset-oid","valueUri":"urn:oid:2.16.840.1.113883.1.11.19579"}],"id":"v3-FamilyMember","meta":{"lastUpdated":"2015-10-24T07:41:03.495+11:00","profile":["http://hl7.org/fhir/StructureDefinition/valueset-shareable-definition"]},"name":"FamilyMember","publisher":"HL7 v3","resourceType":"ValueSet","status":"active","text":{"div":"<div><h2>FamilyMember</h2><p> A relationship between two people characterizing their &quot;familial&quot; relationship</p><p>This value set includes codes from the following code systems:</p><ul><li>Include codes from <a href=\"../../v3/RoleCode/index.html\">http://hl7.org/fhir/v3/RoleCode</a> where concept  is-a  <a href=\"../../v3/RoleCode/index.html#FAMMEMB\">FAMMEMB</a></li></ul></div>","status":"generated"},"url":"http://hl7.org/fhir/ValueSet/v3-FamilyMember","version":"2014-03-26"}