{
  "resourceType": "ValueSet",
  "id": "v3-hl7Realm",
  "meta": {
    "lastUpdated": "2015-07-31T00:00:00.000+10:00",
    "profile": [
      "http://hl7.org/fhir/StructureDefinition/valueset-shareable-definition"
    ]
  },
  "text": {
    "status": "generated",
    "div": "<div><p>Release Date: 2015-07-31</p>\r\n<p>OID for code system: 2.16.840.1.113883.5.1124</p>\r\n<p>OID for value set: 2.16.840.1.113883.1.11.20355 (this is the value set that includes the entire code system)</p>\r\n<h2>Description</h2>\r\n<p>\n                  \n                     Description: Coded concepts representing Binding Realms (used for Context Binding of terminology in HL7 models)  and/or Namespace Realms (used to help ensure unique identification of HL7 artifacts). This code system is partitioned into three sections: Affiliate realms, Binding realms and Namespace realms.  All affiliate realm codes may automatically be used as both binding realms and namespace realms.  Furthermore, affiliate realms are the only realms that have authority over the creation of binding realms.  (Note that 'affiliate' includes the idea of both international affiliates and the HL7 International organization.)  All other codes must be associated with an owning affiliate realm and must appear as a specialization of _BindingRealm or _NamespaceRealm.  For affiliates whose concepts align with nations, the country codes from ISO 3166-1 2-character alpha are used for the code when possible so these codes should not be used for other realm types.  It is recommended that binding realm and namespace codes submitted by affiliates use the realm code as a prefix to avoid possible collisions with ISO codes.  However, tooling does not currently support namepace realm codes greater than 2 characters.<br/>\r\n\n                  \n                     Open Issue: The name of the concept property &quot;owningAffiliate&quot; should be changed to better reflect that the property value is the human readable name of the organizational entity that manages the Realm identified by the Realm Code.<br/>\r\n\n                  \n                     Open Issue: In spite of the inability of tooling to process codes longer than 2 characters, there is at least one realm codes ('SOA') that was added that is 3 characters in length.<br/>\r\n\n               </p>\r\n<hr/>\r\n<table class=\"grid\">\r\n <tr><td><b>Level</b></td><td><b>Code</b></td><td><b>Display</b></td><td><b>Definition</b></td></tr>\r\n <tr><td>1</td><td><span style=\"color: grey\"><i>(BindingRealms)</i></span></td><td><a name=\"BindingRealms\">&nbsp;</a></td><td>\n                        \n                           Description: Concepts that can be used as Binding Realms when creating Binding Statements.  These codes are permitted to appear in the InfrastructureRoot.realmCode attribute.<br/>\r\n\n                     </td></tr>\r\n <tr><td>2</td><td>&nbsp;&nbsp;<span style=\"color: grey\"><i>(AffiliateRealms)</i></span></td><td><a name=\"AffiliateRealms\">&nbsp;</a></td><td>\n                        \n                           Description: Realm codes for official HL7 organizational bodies.  This includes both the HL7 International organization as well as all recognized international affiliates (past and present).  These groups have the ability to bind vocabulary and develop artifacts.  As well, they have the ability to have &quot;ownership&quot; over other binding realms and namespace realms via the owningAffiliate property of those other realm codes.<br/>\r\n\n                     </td></tr>\r\n <tr><td>3</td><td>&nbsp;&nbsp;&nbsp;&nbsp;AR<a name=\"AR\"> </a></td><td>Argentina</td><td>\n                        \n                           Description: Realm code for use of Argentina<br/>\r\n\n                     </td></tr>\r\n <tr><td>3</td><td>&nbsp;&nbsp;&nbsp;&nbsp;AT<a name=\"AT\"> </a></td><td>Austria</td><td>\n                        \n                           Description: Realm code for use of Austria<br/>\r\n\n                     </td></tr>\r\n <tr><td>3</td><td>&nbsp;&nbsp;&nbsp;&nbsp;AU<a name=\"AU\"> </a></td><td>Australia</td><td>\n                        \n                           Description: Realm code for use of Australia<br/>\r\n\n                     </td></tr>\r\n <tr><td>3</td><td>&nbsp;&nbsp;&nbsp;&nbsp;BR<a name=\"BR\"> </a></td><td>Brazil</td><td>\n                        \n                           Description: Realm code for use of Brazil<br/>\r\n\n                     </td></tr>\r\n <tr><td>3</td><td>&nbsp;&nbsp;&nbsp;&nbsp;CA<a name=\"CA\"> </a></td><td>Canada</td><td>\n                        \n                           Description: Realm code for use of Canada<br/>\r\n\n                     </td></tr>\r\n <tr><td>3</td><td>&nbsp;&nbsp;&nbsp;&nbsp;CH<a name=\"CH\"> </a></td><td>Switzerland</td><td>\n                        \n                           Description: Realm code for use of Switzerland<br/>\r\n\n                     </td></tr>\r\n <tr><td>3</td><td>&nbsp;&nbsp;&nbsp;&nbsp;CL<a name=\"CL\"> </a></td><td>Chile</td><td>\n                        \n                           Description: Realm code for use of Chile<br/>\r\n\n                     </td></tr>\r\n <tr><td>3</td><td>&nbsp;&nbsp;&nbsp;&nbsp;CN<a name=\"CN\"> </a></td><td>China</td><td>\n                        \n                           Description: Realm code for use of China<br/>\r\n\n                     </td></tr>\r\n <tr><td>3</td><td>&nbsp;&nbsp;&nbsp;&nbsp;CO<a name=\"CO\"> </a></td><td>Columbia</td><td>\n                        \n                           Description: Realm code for use of Localized Version<br/>\r\n\n                     </td></tr>\r\n <tr><td>3</td><td>&nbsp;&nbsp;&nbsp;&nbsp;CZ<a name=\"CZ\"> </a></td><td>Czech Republic</td><td>\n                        \n                           Description: Realm code for use of Czech Republic<br/>\r\n\n                     </td></tr>\r\n <tr><td>3</td><td>&nbsp;&nbsp;&nbsp;&nbsp;DE<a name=\"DE\"> </a></td><td>Germany</td><td>\n                        \n                           Description: Realm code for use of Germany<br/>\r\n\n                     </td></tr>\r\n <tr><td>3</td><td>&nbsp;&nbsp;&nbsp;&nbsp;DK<a name=\"DK\"> </a></td><td>Denmark</td><td>\n                        \n                           Description: Realm code for use of Denmark<br/>\r\n\n                     </td></tr>\r\n <tr><td>3</td><td>&nbsp;&nbsp;&nbsp;&nbsp;ES<a name=\"ES\"> </a></td><td>Spain</td><td>\n                        \n                           Description: Realm code for use of Spain<br/>\r\n\n                     </td></tr>\r\n <tr><td>3</td><td>&nbsp;&nbsp;&nbsp;&nbsp;FI<a name=\"FI\"> </a></td><td>Finland</td><td>\n                        \n                           Description: Realm code for use of Finland<br/>\r\n\n                     </td></tr>\r\n <tr><td>3</td><td>&nbsp;&nbsp;&nbsp;&nbsp;FR<a name=\"FR\"> </a></td><td>France</td><td>\n                        \n                           Description: Realm code for use of France<br/>\r\n\n                     </td></tr>\r\n <tr><td>3</td><td>&nbsp;&nbsp;&nbsp;&nbsp;GR<a name=\"GR\"> </a></td><td>Greece</td><td>\n                        \n                           Description: Realm code for use of Greece<br/>\r\n\n                     </td></tr>\r\n <tr><td>3</td><td>&nbsp;&nbsp;&nbsp;&nbsp;HR<a name=\"HR\"> </a></td><td>Croatia</td><td>\n                        \n                           Description: Realm code for use of Croatia<br/>\r\n\n                     </td></tr>\r\n <tr><td>3</td><td>&nbsp;&nbsp;&nbsp;&nbsp;IE<a name=\"IE\"> </a></td><td>Ireland</td><td>\n                        \n                           Description: Realm code for use of Ireland<br/>\r\n\n                     </td></tr>\r\n <tr><td>3</td><td>&nbsp;&nbsp;&nbsp;&nbsp;IN<a name=\"IN\"> </a></td><td>India</td><td>\n                        \n                           Description: Realm code for use of India<br/>\r\n\n                     </td></tr>\r\n <tr><td>3</td><td>&nbsp;&nbsp;&nbsp;&nbsp;IT<a name=\"IT\"> </a></td><td>Italy</td><td>\n                        \n                           Description: Realm code for use of Italy<br/>\r\n\n                     </td></tr>\r\n <tr><td>3</td><td>&nbsp;&nbsp;&nbsp;&nbsp;JP<a name=\"JP\"> </a></td><td>Japan</td><td>\n                        \n                           Description: Realm code for use of Japan<br/>\r\n\n                     </td></tr>\r\n <tr><td>3</td><td>&nbsp;&nbsp;&nbsp;&nbsp;KR<a name=\"KR\"> </a></td><td>Korea</td><td>\n                        \n                           Description: Realm code for use of Korea<br/>\r\n\n                     </td></tr>\r\n <tr><td>3</td><td>&nbsp;&nbsp;&nbsp;&nbsp;LT<a name=\"LT\"> </a></td><td>Lithuania</td><td>\n                        \n                           Description: Realm code for use of Lithuania<br/>\r\n\n                     </td></tr>\r\n <tr><td>3</td><td>&nbsp;&nbsp;&nbsp;&nbsp;MX<a name=\"MX\"> </a></td><td>Mexico</td><td>\n                        \n                           Description: Realm code for use of Mexico<br/>\r\n\n                     </td></tr>\r\n <tr><td>3</td><td>&nbsp;&nbsp;&nbsp;&nbsp;NL<a name=\"NL\"> </a></td><td>The Netherlands</td><td>\n                        \n                           Description: Realm code for use of The Netherlands<br/>\r\n\n                     </td></tr>\r\n <tr><td>3</td><td>&nbsp;&nbsp;&nbsp;&nbsp;NZ<a name=\"NZ\"> </a></td><td>New Zealand</td><td>\n                        \n                           Description: Realm code for use of New Zealand<br/>\r\n\n                     </td></tr>\r\n <tr><td>3</td><td>&nbsp;&nbsp;&nbsp;&nbsp;RO<a name=\"RO\"> </a></td><td>Romania</td><td>\n                        \n                           Description: Realm code for use of Romania<br/>\r\n\n                     </td></tr>\r\n <tr><td>3</td><td>&nbsp;&nbsp;&nbsp;&nbsp;RU<a name=\"RU\"> </a></td><td>Russian Federation</td><td>\n                        \n                           Description: Realm code for use of Russian Federation<br/>\r\n\n                     </td></tr>\r\n <tr><td>3</td><td>&nbsp;&nbsp;&nbsp;&nbsp;SE<a name=\"SE\"> </a></td><td>Sweden</td><td>\n                        \n                           Description: Realm code for use of Sweden<br/>\r\n\n                     </td></tr>\r\n <tr><td>3</td><td>&nbsp;&nbsp;&nbsp;&nbsp;SG<a name=\"SG\"> </a></td><td>Singapore</td><td>\n                        \n                           Description: Realm code for use of Localized Version<br/>\r\n\n                     </td></tr>\r\n <tr><td>3</td><td>&nbsp;&nbsp;&nbsp;&nbsp;SOA<a name=\"SOA\"> </a></td><td>Southern Africa</td><td>\n                        \n                           Description: Realm code for use of Southern Africa<br/>\r\n\n                     </td></tr>\r\n <tr><td>3</td><td>&nbsp;&nbsp;&nbsp;&nbsp;TR<a name=\"TR\"> </a></td><td>Turkey</td><td>\n                        \n                           Description: Realm code for use of Turkey<br/>\r\n\n                     </td></tr>\r\n <tr><td>3</td><td>&nbsp;&nbsp;&nbsp;&nbsp;TW<a name=\"TW\"> </a></td><td>Taiwan</td><td>\n                        \n                           Description: Realm code for use of Taiwan<br/>\r\n\n                     </td></tr>\r\n <tr><td>3</td><td>&nbsp;&nbsp;&nbsp;&nbsp;UK<a name=\"UK\"> </a></td><td>United Kingdom</td><td>\n                        \n                           Description: Realm code for use of United Kingdom<br/>\r\n\n                     </td></tr>\r\n <tr><td>3</td><td>&nbsp;&nbsp;&nbsp;&nbsp;US<a name=\"US\"> </a></td><td>United States of America</td><td>\n                        \n                           Description: Realm code for use of United States of America<br/>\r\n\n                     </td></tr>\r\n <tr><td>3</td><td>&nbsp;&nbsp;&nbsp;&nbsp;UV<a name=\"UV\"> </a></td><td>Universal</td><td>\n                        \n                           Description: Realm code for use of Universal realm or context, used in every instance<br/>\r\n\n                     </td></tr>\r\n <tr><td>3</td><td>&nbsp;&nbsp;&nbsp;&nbsp;UY<a name=\"UY\"> </a></td><td>Uruguay</td><td>\n                        \n                           Description: Realm code for use of Uruguay<br/>\r\n\n                     </td></tr>\r\n <tr><td>2</td><td>&nbsp;&nbsp;C1<a name=\"C1\"> </a></td><td>Unclassified Realm</td><td>\n                        \n                           Description: Realm code for use of Unclassified Realm<br/>\r\n\n                     </td></tr>\r\n <tr><td>2</td><td>&nbsp;&nbsp;GB<a name=\"GB\"> </a></td><td>Great Britain</td><td>\n                        \n                           Description: Realm code for use of Great Britain<br/>\r\n\n                     </td></tr>\r\n <tr><td>2</td><td>&nbsp;&nbsp;R1<a name=\"R1\"> </a></td><td>Representative Realm</td><td>\n                        \n                           Description: Realm code for use of Representative Realm<br/>\r\n\n                     </td></tr>\r\n <tr><td>2</td><td>&nbsp;&nbsp;X1<a name=\"X1\"> </a></td><td>Example Realm</td><td>\n                        \n                           Description: Realm code for use of Example Realm<br/>\r\n\n                     </td></tr>\r\n <tr><td>1</td><td><span style=\"color: grey\"><i>(NamespaceRealms)</i></span></td><td><a name=\"NamespaceRealms\">&nbsp;</a></td><td>\n                        \n                           Description: Codes that can be used in the &quot;realm&quot; portion of HL7 v3 artifact identifiers.<br/>\r\n\n                     </td></tr>\r\n <tr><td>2</td><td>&nbsp;&nbsp;<a href=\"#AffiliateRealms\">AffiliateRealms</a></td><td/><td/></tr>\r\n <tr><td>2</td><td>&nbsp;&nbsp;<a href=\"#GB\">GB</a></td><td/><td/></tr>\r\n <tr><td>2</td><td>&nbsp;&nbsp;ZZ<a name=\"ZZ\"> </a></td><td>Localized Version</td><td>\n                        \n                           Description: An artifact created for local use only.  This realm namespace has no owning affiliate.  Its use is uncontrolled, i.e. anyone can create artifacts using this realm namespace.  Because of this, there is a significant likelihood of artifact identifier collisions.  Implementers are encouraged to register their artifacts under an affiliate owned and controlled namespace to avoid such collision problems where possible.<br/>\r\n\n                     </td></tr>\r\n</table>\r\n</div>"
  },
  "extension": [
    {
      "url": "http://hl7.org/fhir/StructureDefinition/valueset-oid",
      "valueUri": "urn:oid:2.16.840.1.113883.1.11.20355"
    }
  ],
  "url": "http://hl7.org/fhir/ValueSet/v3-hl7Realm",
  "version": "2015-07-31",
  "name": "v3 Code System hl7Realm",
  "status": "active",
  "experimental": false,
  "publisher": "HL7, Inc",
  "contact": [
    {
      "telecom": [
        {
          "system": "other",
          "value": "http://hl7.org"
        }
      ]
    }
  ],
  "date": "2015-07-31",
  "description": "  Description:\r\nCoded concepts representing Binding Realms (used for Context Binding of terminology in HL7 models)  and/or Namespace Realms (used to help ensure unique identification of HL7 artifacts). This code system is partitioned into three sections: Affiliate realms, Binding realms and Namespace realms.  All affiliate realm codes may automatically be used as both binding realms and namespace realms.  Furthermore, affiliate realms are the only realms that have authority over the creation of binding realms.  (Note that 'affiliate' includes the idea of both international affiliates and the HL7 International organization.)  All other codes must be associated with an owning affiliate realm and must appear as a specialization of _BindingRealm or _NamespaceRealm.  For affiliates whose concepts align with nations, the country codes from ISO 3166-1 2-character alpha are used for the code when possible so these codes should not be used for other realm types.  It is recommended that binding realm and namespace codes submitted by affiliates use the realm code as a prefix to avoid possible collisions with ISO codes.  However, tooling does not currently support namepace realm codes greater than 2 characters.  Open Issue:\r\nThe name of the concept property \"owningAffiliate\" should be changed to better reflect that the property value is the human readable name of the organizational entity that manages the Realm identified by the Realm Code.  Open Issue:\r\nIn spite of the inability of tooling to process codes longer than 2 characters, there is at least one realm codes ('SOA') that was added that is 3 characters in length.",
  "codeSystem": {
    "extension": [
      {
        "url": "http://hl7.org/fhir/StructureDefinition/valueset-oid",
        "valueUri": "urn:oid:2.16.840.1.113883.5.1124"
      }
    ],
    "system": "http://hl7.org/fhir/v3/hl7Realm",
    "caseSensitive": true,
    "concept": [
      {
        "code": "BindingRealms",
        "abstract": true,
        "display": "binding realms",
        "definition": "Description: Concepts that can be used as Binding Realms when creating Binding Statements.  These codes are permitted to appear in the InfrastructureRoot.realmCode attribute.",
        "concept": [
          {
            "code": "AffiliateRealms",
            "abstract": true,
            "display": "Affiliate Realms",
            "definition": "Description: Realm codes for official HL7 organizational bodies.  This includes both the HL7 International organization as well as all recognized international affiliates (past and present).  These groups have the ability to bind vocabulary and develop artifacts.  As well, they have the ability to have \"ownership\" over other binding realms and namespace realms via the owningAffiliate property of those other realm codes.",
            "concept": [
              {
                "code": "AR",
                "abstract": false,
                "display": "Argentina",
                "definition": "Description: Realm code for use of Argentina"
              },
              {
                "code": "AT",
                "abstract": false,
                "display": "Austria",
                "definition": "Description: Realm code for use of Austria"
              },
              {
                "code": "AU",
                "abstract": false,
                "display": "Australia",
                "definition": "Description: Realm code for use of Australia"
              },
              {
                "code": "BR",
                "abstract": false,
                "display": "Brazil",
                "definition": "Description: Realm code for use of Brazil"
              },
              {
                "code": "CA",
                "abstract": false,
                "display": "Canada",
                "definition": "Description: Realm code for use of Canada"
              },
              {
                "code": "CH",
                "abstract": false,
                "display": "Switzerland",
                "definition": "Description: Realm code for use of Switzerland"
              },
              {
                "code": "CL",
                "abstract": false,
                "display": "Chile",
                "definition": "Description: Realm code for use of Chile"
              },
              {
                "code": "CN",
                "abstract": false,
                "display": "China",
                "definition": "Description: Realm code for use of China"
              },
              {
                "code": "CO",
                "abstract": false,
                "display": "Columbia",
                "definition": "Description: Realm code for use of Localized Version"
              },
              {
                "code": "CZ",
                "abstract": false,
                "display": "Czech Republic",
                "definition": "Description: Realm code for use of Czech Republic"
              },
              {
                "code": "DE",
                "abstract": false,
                "display": "Germany",
                "definition": "Description: Realm code for use of Germany"
              },
              {
                "code": "DK",
                "abstract": false,
                "display": "Denmark",
                "definition": "Description: Realm code for use of Denmark"
              },
              {
                "code": "ES",
                "abstract": false,
                "display": "Spain",
                "definition": "Description: Realm code for use of Spain"
              },
              {
                "code": "FI",
                "abstract": false,
                "display": "Finland",
                "definition": "Description: Realm code for use of Finland"
              },
              {
                "code": "FR",
                "abstract": false,
                "display": "France",
                "definition": "Description: Realm code for use of France"
              },
              {
                "code": "GR",
                "abstract": false,
                "display": "Greece",
                "definition": "Description: Realm code for use of Greece"
              },
              {
                "code": "HR",
                "abstract": false,
                "display": "Croatia",
                "definition": "Description: Realm code for use of Croatia"
              },
              {
                "code": "IE",
                "abstract": false,
                "display": "Ireland",
                "definition": "Description: Realm code for use of Ireland"
              },
              {
                "code": "IN",
                "abstract": false,
                "display": "India",
                "definition": "Description: Realm code for use of India"
              },
              {
                "code": "IT",
                "abstract": false,
                "display": "Italy",
                "definition": "Description: Realm code for use of Italy"
              },
              {
                "code": "JP",
                "abstract": false,
                "display": "Japan",
                "definition": "Description: Realm code for use of Japan"
              },
              {
                "code": "KR",
                "abstract": false,
                "display": "Korea",
                "definition": "Description: Realm code for use of Korea"
              },
              {
                "code": "LT",
                "abstract": false,
                "display": "Lithuania",
                "definition": "Description: Realm code for use of Lithuania"
              },
              {
                "code": "MX",
                "abstract": false,
                "display": "Mexico",
                "definition": "Description: Realm code for use of Mexico"
              },
              {
                "code": "NL",
                "abstract": false,
                "display": "The Netherlands",
                "definition": "Description: Realm code for use of The Netherlands"
              },
              {
                "code": "NZ",
                "abstract": false,
                "display": "New Zealand",
                "definition": "Description: Realm code for use of New Zealand"
              },
              {
                "code": "RO",
                "abstract": false,
                "display": "Romania",
                "definition": "Description: Realm code for use of Romania"
              },
              {
                "code": "RU",
                "abstract": false,
                "display": "Russian Federation",
                "definition": "Description: Realm code for use of Russian Federation"
              },
              {
                "code": "SE",
                "abstract": false,
                "display": "Sweden",
                "definition": "Description: Realm code for use of Sweden"
              },
              {
                "code": "SG",
                "abstract": false,
                "display": "Singapore",
                "definition": "Description: Realm code for use of Localized Version"
              },
              {
                "code": "SOA",
                "abstract": false,
                "display": "Southern Africa",
                "definition": "Description: Realm code for use of Southern Africa"
              },
              {
                "code": "TR",
                "abstract": false,
                "display": "Turkey",
                "definition": "Description: Realm code for use of Turkey"
              },
              {
                "code": "TW",
                "abstract": false,
                "display": "Taiwan",
                "definition": "Description: Realm code for use of Taiwan"
              },
              {
                "code": "UK",
                "abstract": false,
                "display": "United Kingdom",
                "definition": "Description: Realm code for use of United Kingdom"
              },
              {
                "code": "US",
                "abstract": false,
                "display": "United States of America",
                "definition": "Description: Realm code for use of United States of America"
              },
              {
                "code": "UV",
                "abstract": false,
                "display": "Universal",
                "definition": "Description: Realm code for use of Universal realm or context, used in every instance"
              },
              {
                "code": "UY",
                "abstract": false,
                "display": "Uruguay",
                "definition": "Description: Realm code for use of Uruguay"
              }
            ]
          },
          {
            "code": "C1",
            "abstract": false,
            "display": "Unclassified Realm",
            "definition": "Description: Realm code for use of Unclassified Realm"
          },
          {
            "code": "GB",
            "abstract": false,
            "display": "Great Britain",
            "definition": "Description: Realm code for use of Great Britain"
          },
          {
            "code": "R1",
            "abstract": false,
            "display": "Representative Realm",
            "definition": "Description: Realm code for use of Representative Realm"
          },
          {
            "code": "X1",
            "abstract": false,
            "display": "Example Realm",
            "definition": "Description: Realm code for use of Example Realm"
          }
        ]
      },
      {
        "modifierExtension": [
          {
            "url": "http://hl7.org/fhir/StructureDefinition/valueset-subsumes",
            "valueCode": "AffiliateRealms"
          },
          {
            "url": "http://hl7.org/fhir/StructureDefinition/valueset-subsumes",
            "valueCode": "GB"
          }
        ],
        "code": "NamespaceRealms",
        "abstract": true,
        "display": "namespace realms",
        "definition": "Description: Codes that can be used in the \"realm\" portion of HL7 v3 artifact identifiers.",
        "concept": [
          {
            "code": "ZZ",
            "abstract": false,
            "display": "Localized Version",
            "definition": "Description: An artifact created for local use only.  This realm namespace has no owning affiliate.  Its use is uncontrolled, i.e. anyone can create artifacts using this realm namespace.  Because of this, there is a significant likelihood of artifact identifier collisions.  Implementers are encouraged to register their artifacts under an affiliate owned and controlled namespace to avoid such collision problems where possible."
          }
        ]
      }
    ]
  }
}