{
  "resourceType": "ValueSet",
  "id": "v3-LivingArrangement",
  "meta": {
    "lastUpdated": "2015-07-31T00:00:00.000+10:00",
    "profile": [
      "http://hl7.org/fhir/StructureDefinition/valueset-shareable-definition"
    ]
  },
  "text": {
    "status": "generated",
    "div": "<div><p>Release Date: 2015-07-31</p>\r\n<p>OID for code system: 2.16.840.1.113883.5.63</p>\r\n<h2>Description</h2>\r\n<p>\n                  A code depicting the living arrangements of a person<br/>\r\n\n               </p>\r\n<hr/>\r\n<table class=\"grid\">\r\n <tr><td><b>Level</b></td><td><b>Code</b></td><td><b>Display</b></td><td><b>Definition</b></td></tr>\r\n <tr><td>1</td><td>HL<a name=\"HL\"> </a></td><td>homeless</td><td>\n                        \n                           Definition: Living arrangements lacking a permanent residence.<br/>\r\n\n                     </td></tr>\r\n <tr><td>2</td><td>&nbsp;&nbsp;M<a name=\"M\"> </a></td><td>Nomadic</td><td>\n                        Nomadic<br/>\r\n\n                     </td></tr>\r\n <tr><td>2</td><td>&nbsp;&nbsp;T<a name=\"T\"> </a></td><td>Transient</td><td>\n                        Transient<br/>\r\n\n                     </td></tr>\r\n <tr><td>1</td><td>I<a name=\"I\"> </a></td><td>Institution</td><td>\n                        Institution<br/>\r\n\n                     </td></tr>\r\n <tr><td>2</td><td>&nbsp;&nbsp;CS<a name=\"CS\"> </a></td><td>community shelter</td><td>\n                        \n                           Definition: A group living arrangement specifically for the care of those in need of temporary and crisis housing assistance.  Examples include domestic violence shelters, shelters for displaced or homeless individuals, Salvation Army, Jesus House, etc.  Community based services may be provided.<br/>\r\n\n                     </td></tr>\r\n <tr><td>2</td><td>&nbsp;&nbsp;G<a name=\"G\"> </a></td><td>Group Home</td><td>\n                        Group Home<br/>\r\n\n                     </td></tr>\r\n <tr><td>2</td><td>&nbsp;&nbsp;N<a name=\"N\"> </a></td><td>Nursing Home</td><td>\n                        Nursing Home<br/>\r\n\n                     </td></tr>\r\n <tr><td>2</td><td>&nbsp;&nbsp;X<a name=\"X\"> </a></td><td>Extended care facility</td><td>\n                        Extended care facility<br/>\r\n\n                     </td></tr>\r\n <tr><td>1</td><td>PR<a name=\"PR\"> </a></td><td>private residence</td><td>\n                        \n                           Definition:  A living arrangement within a private residence for single family.<br/>\r\n\n                     </td></tr>\r\n <tr><td>2</td><td>&nbsp;&nbsp;H<a name=\"H\"> </a></td><td>Independent Household</td><td>\n                        Independent Household<br/>\r\n\n                     </td></tr>\r\n <tr><td>2</td><td>&nbsp;&nbsp;R<a name=\"R\"> </a></td><td>Retirement Community</td><td>\n                        Retirement Community<br/>\r\n\n                     </td></tr>\r\n <tr><td>2</td><td>&nbsp;&nbsp;SL<a name=\"SL\"> </a></td><td>supported living</td><td>\n                        \n                           Definition: Assisted living in a single family residence for persons with physical, behavioral, or functional health, or socio-economic challenges.  There may or may not be on-site supervision but the housing is designed to assist the client with developing independent living skills. Community based services may be provided.<br/>\r\n\n                     </td></tr>\r\n</table>\r\n</div>"
  },
  "url": "http://hl7.org/fhir/ValueSet/v3-LivingArrangement",
  "version": "2015-07-31",
  "name": "v3 Code System LivingArrangement",
  "status": "active",
  "experimental": false,
  "publisher": "HL7, Inc",
  "contact": [
    {
      "telecom": [
        {
          "system": "other",
          "value": "http://hl7.org"
        }
      ]
    }
  ],
  "date": "2015-07-31",
  "description": " A code depicting the living arrangements of a person",
  "codeSystem": {
    "extension": [
      {
        "url": "http://hl7.org/fhir/StructureDefinition/valueset-oid",
        "valueUri": "urn:oid:2.16.840.1.113883.5.63"
      }
    ],
    "system": "http://hl7.org/fhir/v3/LivingArrangement",
    "caseSensitive": true,
    "concept": [
      {
        "code": "HL",
        "abstract": false,
        "display": "homeless",
        "definition": "Definition: Living arrangements lacking a permanent residence.",
        "concept": [
          {
            "code": "M",
            "abstract": false,
            "display": "Nomadic",
            "definition": "Nomadic"
          },
          {
            "code": "T",
            "abstract": false,
            "display": "Transient",
            "definition": "Transient"
          }
        ]
      },
      {
        "code": "I",
        "abstract": false,
        "display": "Institution",
        "definition": "Institution",
        "concept": [
          {
            "code": "CS",
            "abstract": false,
            "display": "community shelter",
            "definition": "Definition: A group living arrangement specifically for the care of those in need of temporary and crisis housing assistance.  Examples include domestic violence shelters, shelters for displaced or homeless individuals, Salvation Army, Jesus House, etc.  Community based services may be provided."
          },
          {
            "code": "G",
            "abstract": false,
            "display": "Group Home",
            "definition": "Group Home"
          },
          {
            "code": "N",
            "abstract": false,
            "display": "Nursing Home",
            "definition": "Nursing Home"
          },
          {
            "code": "X",
            "abstract": false,
            "display": "Extended care facility",
            "definition": "Extended care facility"
          }
        ]
      },
      {
        "code": "PR",
        "abstract": false,
        "display": "private residence",
        "definition": "Definition:  A living arrangement within a private residence for single family.",
        "concept": [
          {
            "code": "H",
            "abstract": false,
            "display": "Independent Household",
            "definition": "Independent Household"
          },
          {
            "code": "R",
            "abstract": false,
            "display": "Retirement Community",
            "definition": "Retirement Community"
          },
          {
            "code": "SL",
            "abstract": false,
            "display": "supported living",
            "definition": "Definition: Assisted living in a single family residence for persons with physical, behavioral, or functional health, or socio-economic challenges.  There may or may not be on-site supervision but the housing is designed to assist the client with developing independent living skills. Community based services may be provided."
          }
        ]
      }
    ]
  }
}