{"codeSystem":{"caseSensitive":true,"concept":[{"abstract":false,"code":"H","definition":"High priority messages are available","display":"High"},{"abstract":false,"code":"L","definition":"Low priority messages are available","display":"Low"},{"abstract":false,"code":"M","definition":"Medium priority messages are available","display":"Medium"}],"extension":[{"url":"http://hl7.org/fhir/StructureDefinition/valueset-oid","valueUri":"urn:oid:2.16.840.1.113883.5.1083"}],"system":"http://hl7.org/fhir/v3/MessageWaitingPriority"},"contact":[{"telecom":[{"system":"other","value":"http://hl7.org"}]}],"date":"2015-07-31","description":" Indicates that the receiver has messages for the sender  OpenIssue:\r\nDescription does not make sense relative to name of coding system.  Must be reviewed and improved.","experimental":false,"id":"v3-MessageWaitingPriority","meta":{"lastUpdated":"2015-07-31T00:00:00.000+10:00","profile":["http://hl7.org/fhir/StructureDefinition/valueset-shareable-definition"]},"name":"v3 Code System MessageWaitingPriority","publisher":"HL7, Inc","resourceType":"ValueSet","status":"active","text":{"div":"<div><p>Release Date: 2015-07-31</p>\r\n<p>OID for code system: 2.16.840.1.113883.5.1083</p>\r\n<h2>Description</h2>\r\n<p>\n                  Indicates that the receiver has messages for the sender<br/>\r\n\n                  \n                     OpenIssue: Description does not make sense relative to name of coding system.  Must be reviewed and improved.<br/>\r\n\n               </p>\r\n<hr/>\r\n<table class=\"grid\">\r\n <tr><td><b>Level</b></td><td><b>Code</b></td><td><b>Display</b></td><td><b>Definition</b></td></tr>\r\n <tr><td>1</td><td>H<a name=\"H\"> </a></td><td>High</td><td>\n                        High priority messages are available<br/>\r\n\n                     </td></tr>\r\n <tr><td>1</td><td>L<a name=\"L\"> </a></td><td>Low</td><td>\n                        Low priority messages are available<br/>\r\n\n                     </td></tr>\r\n <tr><td>1</td><td>M<a name=\"M\"> </a></td><td>Medium</td><td>\n                        Medium priority messages are available<br/>\r\n\n                     </td></tr>\r\n</table>\r\n</div>","status":"generated"},"url":"http://hl7.org/fhir/ValueSet/v3-MessageWaitingPriority","version":"2015-07-31"}