{
  "resourceType": "ValueSet",
  "id": "v3-ParticipationSignature",
  "meta": {
    "lastUpdated": "2015-07-31T00:00:00.000+10:00",
    "profile": [
      "http://hl7.org/fhir/StructureDefinition/valueset-shareable-definition"
    ]
  },
  "text": {
    "status": "generated",
    "div": "<div><p>Release Date: 2015-07-31</p>\r\n<p>OID for code system: 2.16.840.1.113883.5.89</p>\r\n<p>OID for value set: 2.16.840.1.113883.1.11.10282 (this is the value set that includes the entire code system)</p>\r\n<h2>Description</h2>\r\n<p>\n                  A set of codes specifying whether and how the participant has attested his participation through a signature and or whether such a signature is needed.<br/>\r\n\n                  \n                     Examples: A surgical Procedure act object (representing a procedure report) requires a signature of the performing and responsible surgeon, and possibly other participants. (See also: Participation.signatureText.)<br/>\r\n\n               </p>\r\n<hr/>\r\n<table class=\"grid\">\r\n <tr><td><b>Level</b></td><td><b>Code</b></td><td><b>Display</b></td><td><b>Definition</b></td></tr>\r\n <tr><td>1</td><td>I<a name=\"I\"> </a></td><td>intended</td><td>\n                        The particpant intends to provide a signature.<br/>\r\n\n                     </td></tr>\r\n <tr><td>1</td><td>S<a name=\"S\"> </a></td><td>signed</td><td>\n                        Signature has been affixed, either written on file, or electronic (incl. digital) signature in Participation.signatureText.<br/>\r\n\n                     </td></tr>\r\n <tr><td>1</td><td>X<a name=\"X\"> </a></td><td>required</td><td>\n                        A signature for the service is required of this actor.<br/>\r\n\n                     </td></tr>\r\n</table>\r\n</div>"
  },
  "extension": [
    {
      "url": "http://hl7.org/fhir/StructureDefinition/valueset-oid",
      "valueUri": "urn:oid:2.16.840.1.113883.1.11.10282"
    }
  ],
  "url": "http://hl7.org/fhir/ValueSet/v3-ParticipationSignature",
  "version": "2015-07-31",
  "name": "v3 Code System ParticipationSignature",
  "status": "active",
  "experimental": false,
  "publisher": "HL7, Inc",
  "contact": [
    {
      "telecom": [
        {
          "system": "other",
          "value": "http://hl7.org"
        }
      ]
    }
  ],
  "date": "2015-07-31",
  "description": " A set of codes specifying whether and how the participant has attested his participation through a signature and or whether such a signature is needed.  Examples:\r\nA surgical Procedure act object (representing a procedure report) requires a signature of the performing and responsible surgeon, and possibly other participants. (See also: Participation.signatureText.)",
  "codeSystem": {
    "extension": [
      {
        "url": "http://hl7.org/fhir/StructureDefinition/valueset-oid",
        "valueUri": "urn:oid:2.16.840.1.113883.5.89"
      }
    ],
    "system": "http://hl7.org/fhir/v3/ParticipationSignature",
    "caseSensitive": true,
    "concept": [
      {
        "code": "I",
        "abstract": false,
        "display": "intended",
        "definition": "The particpant intends to provide a signature."
      },
      {
        "code": "S",
        "abstract": false,
        "display": "signed",
        "definition": "Signature has been affixed, either written on file, or electronic (incl. digital) signature in Participation.signatureText."
      },
      {
        "code": "X",
        "abstract": false,
        "display": "required",
        "definition": "A signature for the service is required of this actor."
      }
    ]
  }
}