{"codeSystem":{"caseSensitive":true,"concept":[{"abstract":false,"code":"D","definition":"Identifies debugging type of processing.","display":"Debugging"},{"abstract":false,"code":"P","definition":"Identifies production type of processing.","display":"Production"},{"abstract":false,"code":"T","definition":"Identifies training type of processing.","display":"Training"}],"extension":[{"url":"http://hl7.org/fhir/StructureDefinition/valueset-oid","valueUri":"urn:oid:2.16.840.1.113883.5.100"}],"system":"http://hl7.org/fhir/v3/ProcessingID"},"contact":[{"telecom":[{"system":"other","value":"http://hl7.org"}]}],"date":"2015-07-31","description":" Codes used to specify whether a message is part of a production, training, or debugging system.","experimental":false,"extension":[{"url":"http://hl7.org/fhir/StructureDefinition/valueset-oid","valueUri":"urn:oid:2.16.840.1.113883.1.11.103"}],"id":"v3-ProcessingID","meta":{"lastUpdated":"2015-07-31T00:00:00.000+10:00","profile":["http://hl7.org/fhir/StructureDefinition/valueset-shareable-definition"]},"name":"v3 Code System ProcessingID","publisher":"HL7, Inc","resourceType":"ValueSet","status":"active","text":{"div":"<div><p>Release Date: 2015-07-31</p>\r\n<p>OID for code system: 2.16.840.1.113883.5.100</p>\r\n<p>OID for value set: 2.16.840.1.113883.1.11.103 (this is the value set that includes the entire code system)</p>\r\n<h2>Description</h2>\r\n<p>\n                  Codes used to specify whether a message is part of a production, training, or debugging system.<br/>\r\n\n               </p>\r\n<hr/>\r\n<table class=\"grid\">\r\n <tr><td><b>Level</b></td><td><b>Code</b></td><td><b>Display</b></td><td><b>Definition</b></td></tr>\r\n <tr><td>1</td><td>D<a name=\"D\"> </a></td><td>Debugging</td><td>\n                        Identifies debugging type of processing.<br/>\r\n\n                     </td></tr>\r\n <tr><td>1</td><td>P<a name=\"P\"> </a></td><td>Production</td><td>\n                        Identifies production type of processing.<br/>\r\n\n                     </td></tr>\r\n <tr><td>1</td><td>T<a name=\"T\"> </a></td><td>Training</td><td>\n                        Identifies training type of processing.<br/>\r\n\n                     </td></tr>\r\n</table>\r\n</div>","status":"generated"},"url":"http://hl7.org/fhir/ValueSet/v3-ProcessingID","version":"2015-07-31"}