{"codeSystem":{"caseSensitive":true,"concept":[{"abstract":true,"code":"_AuthorizedParticipationFunction","concept":[{"abstract":true,"code":"_AuthorizedReceiverParticipationFunction","concept":[{"abstract":false,"code":"AUCG","definition":"Description:Caregiver authorized to receive patient health information.","display":"caregiver information receiver"},{"abstract":false,"code":"AULR","definition":"Description:Provider with legitimate relationship authorized to receive patient health information.","display":"legitimate relationship information receiver"},{"abstract":false,"code":"AUTM","definition":"Description:Member of care team authorized to receive patient health information.","display":"care team information receiver"},{"abstract":false,"code":"AUWA","definition":"Description:Entities within specified work area authorized to receive patient health information.","display":"work area information receiver"}],"definition":"This code is used to specify the exact function an actor is authorized to have as a receiver of information that is the subject of a consent directive or consent override.","display":"AuthorizedReceiverParticipationFunction"},{"abstract":true,"code":"_ConsenterParticipationFunction","concept":[{"abstract":false,"code":"GRDCON","definition":"Description:Legal guardian of the subject of consent authorized to author a consent directive for the subject of consent.","display":"legal guardian consent author"},{"abstract":false,"code":"POACON","definition":"Description:Person authorized with healthcare power of attorney to author a  consent directive for the subject of consent.","display":"healthcare power of attorney consent author"},{"abstract":false,"code":"PRCON","definition":"Description:Personal representative of the subject of consent authorized to author a consent directive for the subject of consent.","display":"personal representative consent author"},{"abstract":false,"code":"PROMSK","definition":"Definition:Provider authorized to mask information to protect the patient, a third party, or to ensure that the provider has consulted with the patient prior to release of this information.","display":"authorized provider masking author"},{"abstract":false,"code":"SUBCON","definition":"Description:Subject of consent authorized to author a consent directive.","display":"subject of consent author"}],"definition":"This code is used to specify the exact function an actor is authorized to have in authoring a consent directive.","display":"ConsenterParticipationFunction"},{"abstract":true,"code":"_OverriderParticipationFunction","concept":[{"abstract":false,"code":"AUCOV","definition":"Description:Entity authorized to override a consent directive.","display":"consent overrider"},{"abstract":false,"code":"AUEMROV","definition":"Description:Entity  authorized to override a consent directive or privacy policy in an emergency.","display":"emergency overrider"}],"definition":"This code is used to specify the exact function an actor is authorized to have in authoring a consent override.","display":"OverriderParticipationFunction"}],"definition":"This code is used to specify the exact function an actor is authorized to have in a service in all necessary detail.","display":"AuthorizedParticipationFunction"},{"abstract":true,"code":"_CoverageParticipationFunction","concept":[{"abstract":true,"code":"_PayorParticipationFunction","concept":[{"abstract":false,"code":"CLMADJ","definition":"Definition: Manages all operations required to adjudicate fee for service claims or managed care encounter reports.","display":"claims adjudication"},{"abstract":false,"code":"ENROLL","definition":"Definition: Managing the enrollment of covered parties.","display":"enrollment broker"},{"abstract":false,"code":"FFSMGT","definition":"Definition: Managing all operations required to administer a fee for service or indemnity health plan including enrolling covered parties and providing customer service, provider contracting, claims payment, care management and utilization review.","display":"ffs management"},{"abstract":false,"code":"MCMGT","definition":"Definition: Managing all operations required to administer a managed care plan including enrolling covered parties and providing customer service,, provider contracting, claims payment, care management and utilization review.","display":"managed care management"},{"abstract":false,"code":"PROVMGT","definition":"Definition: Managing provider contracting, provider services, credentialing, profiling, performance measures, and ensuring network adequacy.","display":"provider management"},{"abstract":false,"code":"UMGT","definition":"Definition: Managing utilization of services by ensuring that providers adhere to, e.g. payeraTMs clinical protocols for medical appropriateness and standards of medical necessity.  May include management of authorizations for services and referrals.","display":"utilization management"}],"definition":"Definition: Set of codes indicating the manner in which payors participate in a policy or program.</","display":"PayorParticipationFunction"},{"abstract":true,"code":"_SponsorParticipationFunction","concept":[{"abstract":false,"code":"FULINRD","definition":"Definition: Responsibility taken by a sponsor to contract with one or more underwriters for the assumption of full responsibility for the risk and administration of a policy or program.","display":"fully insured"},{"abstract":false,"code":"SELFINRD","definition":"Definition: Responsibility taken by a sponsor to organize the underwriting of risk and administration of a policy or program.","display":"self insured"}],"definition":"Definition: Set of codes indicating the manner in which sponsors participate in a policy or program. NOTE: use only when the Sponsor is not further specified with a SponsorRoleType as being either a fully insured sponsor or a self insured sponsor.","display":"SponsorParticipationFunction"},{"abstract":true,"code":"_UnderwriterParticipationFunction","concept":[{"abstract":false,"code":"PAYORCNTR","definition":"Definition: Contracting for the provision and administration of health services to payors while retaining the risk for coverage.  Contracting may be for all provision and administration; or for provision of certain types of services; for provision of services by region; and by types of administration, e.g. claims adjudication, enrollment, provider management, and utilization management.  Typically done by underwriters for sponsors who need coverage provided to covered parties in multiple regions.  The underwriter may act as the payor in some, but not all of the regions in which coverage is provided.","display":"payor contracting"},{"abstract":false,"code":"REINS","definition":"Definition: Underwriting reinsurance for another underwriter for the policy or program.","display":"reinsures"},{"abstract":false,"code":"RETROCES","definition":"Definition: Underwriting reinsurance for another reinsurer.","display":"retrocessionaires"},{"abstract":false,"code":"SUBCTRT","definition":"Definition: Delegating risk for a policy or program to one or more subcontracting underwriters, e.g. a major health insurer may delegate risk for provision of coverage under a national health plan to other underwriters by region .","display":"subcontracting risk"},{"abstract":false,"code":"UNDERWRTNG","definition":"Definition: Provision of underwriting analysis for another underwriter without assumption of risk.","display":"underwriting"}],"definition":"Definition: Set of codes indicating the manner in which underwriters participate in a policy or program.","display":"UnderwriterParticipationFunction"}],"definition":"Definition: Set of codes indicating the manner in which sponsors, underwriters, and payers participate in a policy or program.","display":"CoverageParticipationFunction"},{"abstract":false,"code":"ADMPHYS","definition":"A physician who admitted a patient to a hospital or other care unit that is the context of this service.","display":"admitting physician"},{"abstract":false,"code":"ANEST","definition":"In a typical anesthesia setting an anesthesiologist or anesthesia resident in charge of the anesthesia and life support, but only a witness to the surgical procedure itself.  To clarify responsibilities anesthesia should always be represented as a separate service related to the surgery.","display":"anesthesist"},{"abstract":false,"code":"ANRS","definition":"In a typical anesthesia setting the nurse principally assisting the anesthesiologist during the critical periods.","display":"anesthesia nurse"},{"abstract":false,"code":"ASSEMBLER","definition":"A device that operates independently of an author on custodian's algorithms for data extraction of existing information for purpose of generating a new artifact.\n                           UsageConstraint: ASSEMBLER ParticipationFunction should be used with DEV (device) ParticipationType.","display":"assembly software"},{"abstract":false,"code":"ATTPHYS","definition":"A physician who is primarily responsible for a patient during the hospitalization, which is the context of the service.","display":"attending physician"},{"abstract":false,"code":"COMPOSER","definition":"A device used by an author to record new information, which may also be used by the author to select existing information for aggregation with newly recorded information for the purpose of generating a new artifact.\n                           UsageConstraint: COMPOSER ParticipationFunction should be used with DEV (device) ParticipationType.\r\n\n                        \n                           Usage Note: This code will enable implementers to more specifically represent the manner in which a Device participated in and facilitated the generation of a CDA Clinical Document or a CDA Entry by the responsible Author, which is comprised of the Author's newly entered content, and may include the pre-existing content selected by the Author, for the purpose of establishing the provenance and accountability for these acts.","display":"composer software"},{"abstract":false,"code":"DISPHYS","definition":"A physician who discharged a patient from a hospital or other care unit that is the context of this service.","display":"discharging physician"},{"abstract":false,"code":"FASST","definition":"In a typical surgery setting the assistant facing the primary surgeon.  The first assistant performs parts of the operation and assists in others (e.g. incision, approach, electrocoutering, ligatures, sutures).","display":"first assistant surgeon"},{"abstract":false,"code":"MDWF","definition":"A person (usually female) helping a woman deliver a baby. Responsibilities vary locally, ranging from a mere optional assistant to a full required participant, responsible for (normal) births and pre- and post-natal care for both mother and baby.","display":"midwife"},{"abstract":false,"code":"NASST","definition":"In a typical surgery setting the non-sterile nurse handles material supply from the stock, forwards specimen to pathology, and helps with other non-sterile tasks (e.g. phone calls, etc.).","display":"nurse assistant"},{"abstract":false,"code":"PCP","definition":"The healthcare provider that holds primary responsibility for the overall care of a patient.","display":"primary care physician"},{"abstract":false,"code":"PRISURG","definition":"In a typical surgery setting the primary performing surgeon.","display":"primary surgeon"},{"abstract":false,"code":"REVIEWER","definition":"A verifier who is accountable for reviewing and asserting that the verification of an Act complies with jurisdictional or organizational policy.\r\n\n                        \n                           UsageConstraint: UsageConstraint:  Specifies the exact function that an actor is authorized to have as a verifier of an Act.  Connotes that a specialized verifier asserts compliance for veracity of the review per jurisdictional or organizational policy; e.g. The Provider who takes responsibility for authenticity of a record submitted to a payer.\r\n\n                        REVIEW ParticipationFunction should be used with VFR (verifier)","display":"reviewer"},{"abstract":false,"code":"RNDPHYS","definition":"A physician who made rounds on a patient in a hospital or other care center.","display":"rounding physician"},{"abstract":false,"code":"SASST","definition":"In a typical surgery setting the assistant who primarily holds the hooks.","display":"second assistant surgeon"},{"abstract":false,"code":"SNRS","definition":"In a typical surgery setting the nurse in charge of the instrumentation.","display":"scrub nurse"},{"abstract":false,"code":"TASST","definition":"In a typical surgery setting there is rarely a third assistant (e.g. in some Hip operations the third assistant postures the affected leg).","display":"third assistant"}],"extension":[{"url":"http://hl7.org/fhir/StructureDefinition/valueset-oid","valueUri":"urn:oid:2.16.840.1.113883.5.88"}],"system":"http://hl7.org/fhir/v3/ParticipationFunction"},"contact":[{"telecom":[{"system":"other","value":"http://hl7.org"}]}],"date":"2015-07-31","description":" This code is used to specify the exact function an actor had in a service in all necessary detail. This domain may include local extensions (CWE).","experimental":false,"extension":[{"url":"http://hl7.org/fhir/StructureDefinition/valueset-oid","valueUri":"urn:oid:2.16.840.1.113883.1.11.10267"}],"id":"v3-ParticipationFunction","meta":{"lastUpdated":"2015-07-31T00:00:00.000+10:00","profile":["http://hl7.org/fhir/StructureDefinition/valueset-shareable-definition"]},"name":"v3 Code System ParticipationFunction","publisher":"HL7, Inc","resourceType":"ValueSet","status":"active","text":{"div":"<div><p>Release Date: 2015-07-31</p>\r\n<p>OID for code system: 2.16.840.1.113883.5.88</p>\r\n<p>OID for value set: 2.16.840.1.113883.1.11.10267 (this is the value set that includes the entire code system)</p>\r\n<h2>Description</h2>\r\n<p>\n                  This code is used to specify the exact function an actor had in a service in all necessary detail. This domain may include local extensions (CWE).<br/>\r\n\n               </p>\r\n<hr/>\r\n<table class=\"grid\">\r\n <tr><td><b>Level</b></td><td><b>Code</b></td><td><b>Display</b></td><td><b>Definition</b></td></tr>\r\n <tr><td>1</td><td><span style=\"color: grey\"><i>(_AuthorizedParticipationFunction)</i></span></td><td><a name=\"_AuthorizedParticipationFunction\">&nbsp;</a></td><td>\n                        This code is used to specify the exact function an actor is authorized to have in a service in all necessary detail.<br/>\r\n\n                     </td></tr>\r\n <tr><td>2</td><td>&nbsp;&nbsp;<span style=\"color: grey\"><i>(_AuthorizedReceiverParticipationFunction)</i></span></td><td><a name=\"_AuthorizedReceiverParticipationFunction\">&nbsp;</a></td><td>\n                        This code is used to specify the exact function an actor is authorized to have as a receiver of information that is the subject of a consent directive or consent override.<br/>\r\n\n                     </td></tr>\r\n <tr><td>3</td><td>&nbsp;&nbsp;&nbsp;&nbsp;AUCG<a name=\"AUCG\"> </a></td><td>caregiver information receiver</td><td>\n                        \n                           Description:Caregiver authorized to receive patient health information.<br/>\r\n\n                     </td></tr>\r\n <tr><td>3</td><td>&nbsp;&nbsp;&nbsp;&nbsp;AULR<a name=\"AULR\"> </a></td><td>legitimate relationship information receiver</td><td>\n                        \n                           Description:Provider with legitimate relationship authorized to receive patient health information.<br/>\r\n\n                     </td></tr>\r\n <tr><td>3</td><td>&nbsp;&nbsp;&nbsp;&nbsp;AUTM<a name=\"AUTM\"> </a></td><td>care team information receiver</td><td>\n                        \n                           Description:Member of care team authorized to receive patient health information.<br/>\r\n\n                     </td></tr>\r\n <tr><td>3</td><td>&nbsp;&nbsp;&nbsp;&nbsp;AUWA<a name=\"AUWA\"> </a></td><td>work area information receiver</td><td>\n                        \n                           Description:Entities within specified work area authorized to receive patient health information.<br/>\r\n\n                     </td></tr>\r\n <tr><td>2</td><td>&nbsp;&nbsp;<span style=\"color: grey\"><i>(_ConsenterParticipationFunction)</i></span></td><td><a name=\"_ConsenterParticipationFunction\">&nbsp;</a></td><td>\n                        This code is used to specify the exact function an actor is authorized to have in authoring a consent directive.<br/>\r\n\n                     </td></tr>\r\n <tr><td>3</td><td>&nbsp;&nbsp;&nbsp;&nbsp;GRDCON<a name=\"GRDCON\"> </a></td><td>legal guardian consent author</td><td>\n                        \n                           Description:Legal guardian of the subject of consent authorized to author a consent directive for the subject of consent.<br/>\r\n\n                     </td></tr>\r\n <tr><td>3</td><td>&nbsp;&nbsp;&nbsp;&nbsp;POACON<a name=\"POACON\"> </a></td><td>healthcare power of attorney consent author</td><td>\n                        \n                           Description:Person authorized with healthcare power of attorney to author a  consent directive for the subject of consent.<br/>\r\n\n                     </td></tr>\r\n <tr><td>3</td><td>&nbsp;&nbsp;&nbsp;&nbsp;PRCON<a name=\"PRCON\"> </a></td><td>personal representative consent author</td><td>\n                        \n                           Description:Personal representative of the subject of consent authorized to author a consent directive for the subject of consent.<br/>\r\n\n                     </td></tr>\r\n <tr><td>3</td><td>&nbsp;&nbsp;&nbsp;&nbsp;PROMSK<a name=\"PROMSK\"> </a></td><td>authorized provider masking author</td><td>\n                        \n                           Definition:Provider authorized to mask information to protect the patient, a third party, or to ensure that the provider has consulted with the patient prior to release of this information.<br/>\r\n\n                     </td></tr>\r\n <tr><td>3</td><td>&nbsp;&nbsp;&nbsp;&nbsp;SUBCON<a name=\"SUBCON\"> </a></td><td>subject of consent author</td><td>\n                        \n                           Description:Subject of consent authorized to author a consent directive.<br/>\r\n\n                     </td></tr>\r\n <tr><td>2</td><td>&nbsp;&nbsp;<span style=\"color: grey\"><i>(_OverriderParticipationFunction)</i></span></td><td><a name=\"_OverriderParticipationFunction\">&nbsp;</a></td><td>\n                        This code is used to specify the exact function an actor is authorized to have in authoring a consent override.<br/>\r\n\n                     </td></tr>\r\n <tr><td>3</td><td>&nbsp;&nbsp;&nbsp;&nbsp;AUCOV<a name=\"AUCOV\"> </a></td><td>consent overrider</td><td>\n                        \n                           Description:Entity authorized to override a consent directive.<br/>\r\n\n                     </td></tr>\r\n <tr><td>3</td><td>&nbsp;&nbsp;&nbsp;&nbsp;AUEMROV<a name=\"AUEMROV\"> </a></td><td>emergency overrider</td><td>\n                        \n                           Description:Entity  authorized to override a consent directive or privacy policy in an emergency.<br/>\r\n\n                     </td></tr>\r\n <tr><td>1</td><td><span style=\"color: grey\"><i>(_CoverageParticipationFunction)</i></span></td><td><a name=\"_CoverageParticipationFunction\">&nbsp;</a></td><td>\n                        \n                           Definition: Set of codes indicating the manner in which sponsors, underwriters, and payers participate in a policy or program.<br/>\r\n\n                     </td></tr>\r\n <tr><td>2</td><td>&nbsp;&nbsp;<span style=\"color: grey\"><i>(_PayorParticipationFunction)</i></span></td><td><a name=\"_PayorParticipationFunction\">&nbsp;</a></td><td>\n                        \n                           Definition: Set of codes indicating the manner in which payors participate in a policy or program.&lt;/<br/>\r\n\n                     </td></tr>\r\n <tr><td>3</td><td>&nbsp;&nbsp;&nbsp;&nbsp;CLMADJ<a name=\"CLMADJ\"> </a></td><td>claims adjudication</td><td>\n                        \n                           Definition: Manages all operations required to adjudicate fee for service claims or managed care encounter reports.<br/>\r\n\n                     </td></tr>\r\n <tr><td>3</td><td>&nbsp;&nbsp;&nbsp;&nbsp;ENROLL<a name=\"ENROLL\"> </a></td><td>enrollment broker</td><td>\n                        \n                           Definition: Managing the enrollment of covered parties.<br/>\r\n\n                     </td></tr>\r\n <tr><td>3</td><td>&nbsp;&nbsp;&nbsp;&nbsp;FFSMGT<a name=\"FFSMGT\"> </a></td><td>ffs management</td><td>\n                        \n                           Definition: Managing all operations required to administer a fee for service or indemnity health plan including enrolling covered parties and providing customer service, provider contracting, claims payment, care management and utilization review.<br/>\r\n\n                     </td></tr>\r\n <tr><td>3</td><td>&nbsp;&nbsp;&nbsp;&nbsp;MCMGT<a name=\"MCMGT\"> </a></td><td>managed care management</td><td>\n                        \n                           Definition: Managing all operations required to administer a managed care plan including enrolling covered parties and providing customer service,, provider contracting, claims payment, care management and utilization review.<br/>\r\n\n                     </td></tr>\r\n <tr><td>3</td><td>&nbsp;&nbsp;&nbsp;&nbsp;PROVMGT<a name=\"PROVMGT\"> </a></td><td>provider management</td><td>\n                        \n                           Definition: Managing provider contracting, provider services, credentialing, profiling, performance measures, and ensuring network adequacy.<br/>\r\n\n                     </td></tr>\r\n <tr><td>3</td><td>&nbsp;&nbsp;&nbsp;&nbsp;UMGT<a name=\"UMGT\"> </a></td><td>utilization management</td><td>\n                        \n                           Definition: Managing utilization of services by ensuring that providers adhere to, e.g. payeraTMs clinical protocols for medical appropriateness and standards of medical necessity.  May include management of authorizations for services and referrals.<br/>\r\n\n                     </td></tr>\r\n <tr><td>2</td><td>&nbsp;&nbsp;<span style=\"color: grey\"><i>(_SponsorParticipationFunction)</i></span></td><td><a name=\"_SponsorParticipationFunction\">&nbsp;</a></td><td>\n                        \n                           Definition: Set of codes indicating the manner in which sponsors participate in a policy or program. NOTE: use only when the Sponsor is not further specified with a SponsorRoleType as being either a fully insured sponsor or a self insured sponsor. <br/>\r\n\n                     </td></tr>\r\n <tr><td>3</td><td>&nbsp;&nbsp;&nbsp;&nbsp;FULINRD<a name=\"FULINRD\"> </a></td><td>fully insured</td><td>\n                        \n                           Definition: Responsibility taken by a sponsor to contract with one or more underwriters for the assumption of full responsibility for the risk and administration of a policy or program.<br/>\r\n\n                     </td></tr>\r\n <tr><td>3</td><td>&nbsp;&nbsp;&nbsp;&nbsp;SELFINRD<a name=\"SELFINRD\"> </a></td><td>self insured</td><td>\n                        \n                           Definition: Responsibility taken by a sponsor to organize the underwriting of risk and administration of a policy or program.<br/>\r\n\n                     </td></tr>\r\n <tr><td>2</td><td>&nbsp;&nbsp;<span style=\"color: grey\"><i>(_UnderwriterParticipationFunction)</i></span></td><td><a name=\"_UnderwriterParticipationFunction\">&nbsp;</a></td><td>\n                        \n                           Definition: Set of codes indicating the manner in which underwriters participate in a policy or program.<br/>\r\n\n                     </td></tr>\r\n <tr><td>3</td><td>&nbsp;&nbsp;&nbsp;&nbsp;PAYORCNTR<a name=\"PAYORCNTR\"> </a></td><td>payor contracting</td><td>\n                        \n                           Definition: Contracting for the provision and administration of health services to payors while retaining the risk for coverage.  Contracting may be for all provision and administration; or for provision of certain types of services; for provision of services by region; and by types of administration, e.g. claims adjudication, enrollment, provider management, and utilization management.  Typically done by underwriters for sponsors who need coverage provided to covered parties in multiple regions.  The underwriter may act as the payor in some, but not all of the regions in which coverage is provided. <br/>\r\n\n                     </td></tr>\r\n <tr><td>3</td><td>&nbsp;&nbsp;&nbsp;&nbsp;REINS<a name=\"REINS\"> </a></td><td>reinsures</td><td>\n                        \n                           Definition: Underwriting reinsurance for another underwriter for the policy or program.<br/>\r\n\n                     </td></tr>\r\n <tr><td>3</td><td>&nbsp;&nbsp;&nbsp;&nbsp;RETROCES<a name=\"RETROCES\"> </a></td><td>retrocessionaires</td><td>\n                        \n                           Definition: Underwriting reinsurance for another reinsurer.<br/>\r\n\n                     </td></tr>\r\n <tr><td>3</td><td>&nbsp;&nbsp;&nbsp;&nbsp;SUBCTRT<a name=\"SUBCTRT\"> </a></td><td>subcontracting risk</td><td>\n                        \n                           Definition: Delegating risk for a policy or program to one or more subcontracting underwriters, e.g. a major health insurer may delegate risk for provision of coverage under a national health plan to other underwriters by region .<br/>\r\n\n                     </td></tr>\r\n <tr><td>3</td><td>&nbsp;&nbsp;&nbsp;&nbsp;UNDERWRTNG<a name=\"UNDERWRTNG\"> </a></td><td>underwriting</td><td>\n                        \n                           Definition: Provision of underwriting analysis for another underwriter without assumption of risk.<br/>\r\n\n                     </td></tr>\r\n <tr><td>1</td><td>ADMPHYS<a name=\"ADMPHYS\"> </a></td><td>admitting physician</td><td>\n                        A physician who admitted a patient to a hospital or other care unit that is the context of this service.<br/>\r\n\n                     </td></tr>\r\n <tr><td>1</td><td>ANEST<a name=\"ANEST\"> </a></td><td>anesthesist</td><td>\n                        In a typical anesthesia setting an anesthesiologist or anesthesia resident in charge of the anesthesia and life support, but only a witness to the surgical procedure itself.  To clarify responsibilities anesthesia should always be represented as a separate service related to the surgery.<br/>\r\n\n                     </td></tr>\r\n <tr><td>1</td><td>ANRS<a name=\"ANRS\"> </a></td><td>anesthesia nurse</td><td>\n                        In a typical anesthesia setting the nurse principally assisting the anesthesiologist during the critical periods.<br/>\r\n\n                     </td></tr>\r\n <tr><td>1</td><td>ASSEMBLER<a name=\"ASSEMBLER\"> </a></td><td>assembly software</td><td>A device that operates independently of an author on custodian's algorithms for data extraction of existing information for purpose of generating a new artifact.\n                           UsageConstraint: ASSEMBLER ParticipationFunction should be used with DEV (device) ParticipationType.<br/>\r\n\n                     </td></tr>\r\n <tr><td>1</td><td>ATTPHYS<a name=\"ATTPHYS\"> </a></td><td>attending physician</td><td>\n                        A physician who is primarily responsible for a patient during the hospitalization, which is the context of the service.<br/>\r\n\n                     </td></tr>\r\n <tr><td>1</td><td>COMPOSER<a name=\"COMPOSER\"> </a></td><td>composer software</td><td>A device used by an author to record new information, which may also be used by the author to select existing information for aggregation with newly recorded information for the purpose of generating a new artifact.\n                           UsageConstraint: COMPOSER ParticipationFunction should be used with DEV (device) ParticipationType.<br/>\r\n\n                        \n                           Usage Note: This code will enable implementers to more specifically represent the manner in which a Device participated in and facilitated the generation of a CDA Clinical Document or a CDA Entry by the responsible Author, which is comprised of the Author's newly entered content, and may include the pre-existing content selected by the Author, for the purpose of establishing the provenance and accountability for these acts. <br/>\r\n\n                     </td></tr>\r\n <tr><td>1</td><td>DISPHYS<a name=\"DISPHYS\"> </a></td><td>discharging physician</td><td>\n                        A physician who discharged a patient from a hospital or other care unit that is the context of this service.<br/>\r\n\n                     </td></tr>\r\n <tr><td>1</td><td>FASST<a name=\"FASST\"> </a></td><td>first assistant surgeon</td><td>\n                        In a typical surgery setting the assistant facing the primary surgeon.  The first assistant performs parts of the operation and assists in others (e.g. incision, approach, electrocoutering, ligatures, sutures).<br/>\r\n\n                     </td></tr>\r\n <tr><td>1</td><td>MDWF<a name=\"MDWF\"> </a></td><td>midwife</td><td>\n                        A person (usually female) helping a woman deliver a baby. Responsibilities vary locally, ranging from a mere optional assistant to a full required participant, responsible for (normal) births and pre- and post-natal care for both mother and baby.<br/>\r\n\n                     </td></tr>\r\n <tr><td>1</td><td>NASST<a name=\"NASST\"> </a></td><td>nurse assistant</td><td>\n                        In a typical surgery setting the non-sterile nurse handles material supply from the stock, forwards specimen to pathology, and helps with other non-sterile tasks (e.g. phone calls, etc.).<br/>\r\n\n                     </td></tr>\r\n <tr><td>1</td><td>PCP<a name=\"PCP\"> </a></td><td>primary care physician</td><td>\n                        The healthcare provider that holds primary responsibility for the overall care of a patient.<br/>\r\n\n                     </td></tr>\r\n <tr><td>1</td><td>PRISURG<a name=\"PRISURG\"> </a></td><td>primary surgeon</td><td>\n                        In a typical surgery setting the primary performing surgeon.<br/>\r\n\n                     </td></tr>\r\n <tr><td>1</td><td>REVIEWER<a name=\"REVIEWER\"> </a></td><td>reviewer</td><td>\n                        A verifier who is accountable for reviewing and asserting that the verification of an Act complies with jurisdictional or organizational policy.<br/>\r\n\n                        \n                           UsageConstraint: UsageConstraint:  Specifies the exact function that an actor is authorized to have as a verifier of an Act.  Connotes that a specialized verifier asserts compliance for veracity of the review per jurisdictional or organizational policy; e.g. The Provider who takes responsibility for authenticity of a record submitted to a payer.<br/>\r\n\n                        REVIEW ParticipationFunction should be used with VFR (verifier)<br/>\r\n\n                     </td></tr>\r\n <tr><td>1</td><td>RNDPHYS<a name=\"RNDPHYS\"> </a></td><td>rounding physician</td><td>\n                        A physician who made rounds on a patient in a hospital or other care center.<br/>\r\n\n                     </td></tr>\r\n <tr><td>1</td><td>SASST<a name=\"SASST\"> </a></td><td>second assistant surgeon</td><td>\n                        In a typical surgery setting the assistant who primarily holds the hooks.<br/>\r\n\n                     </td></tr>\r\n <tr><td>1</td><td>SNRS<a name=\"SNRS\"> </a></td><td>scrub nurse</td><td>\n                        In a typical surgery setting the nurse in charge of the instrumentation.<br/>\r\n\n                     </td></tr>\r\n <tr><td>1</td><td>TASST<a name=\"TASST\"> </a></td><td>third assistant</td><td>\n                        In a typical surgery setting there is rarely a third assistant (e.g. in some Hip operations the third assistant postures the affected leg).<br/>\r\n\n                     </td></tr>\r\n</table>\r\n</div>","status":"generated"},"url":"http://hl7.org/fhir/ValueSet/v3-ParticipationFunction","version":"2015-07-31"}