{
  "resourceType": "ValueSet",
  "id": "v3-ParticipationMode",
  "meta": {
    "lastUpdated": "2015-07-31T00:00:00.000+10:00",
    "profile": [
      "http://hl7.org/fhir/StructureDefinition/valueset-shareable-definition"
    ]
  },
  "text": {
    "status": "generated",
    "div": "<div><p>Release Date: 2015-07-31</p>\r\n<p>OID for code system: 2.16.840.1.113883.5.1064</p>\r\n<h2>Description</h2>\r\n<p>\n                  A set of codes specifying the modality by which the Entity playing the Role is participating in the Act.<br/>\r\n\n                  \n                     Examples: Physically present, over the telephone, written communication. <br/>\r\n\n                  \n                     Rationale: Particularly for author (originator) participants this is used to specify whether the information represented by the act was initially provided verbally, (hand-)written, or electronically.<br/>\r\n\n                  \n                     Open Issue: There needs to be a reexamination of the hierarchies as there seems to be some muddling between ELECTRONIC and other concepts that involve electronic communication that are in other hierarchies.<br/>\r\n\n               </p>\r\n<hr/>\r\n<table class=\"grid\">\r\n <tr><td><b>Level</b></td><td><b>Code</b></td><td><b>Display</b></td><td><b>Definition</b></td></tr>\r\n <tr><td>1</td><td>ELECTRONIC<a name=\"ELECTRONIC\"> </a></td><td>electronic data</td><td>\n                        Participation by non-human-languaged based electronic signal<br/>\r\n\n                     </td></tr>\r\n <tr><td>1</td><td>PHYSICAL<a name=\"PHYSICAL\"> </a></td><td>physical presence</td><td>\n                        Participation by direct action where subject and actor are in the same location. (The participation involves more than communication.)<br/>\r\n\n                     </td></tr>\r\n <tr><td>1</td><td>REMOTE<a name=\"REMOTE\"> </a></td><td>remote presence</td><td>\n                        Participation by direct action where subject and actor are in separate locations, and the actions of the actor are transmitted by electronic or mechanical means. (The participation involves more than communication.)<br/>\r\n\n                     </td></tr>\r\n <tr><td>1</td><td>VERBAL<a name=\"VERBAL\"> </a></td><td>verbal</td><td>\n                        Participation by voice communication<br/>\r\n\n                     </td></tr>\r\n <tr><td>2</td><td>&nbsp;&nbsp;DICTATE<a name=\"DICTATE\"> </a></td><td>dictated</td><td>\n                        Participation by pre-recorded voice.  Communication is limited to one direction (from the recorder to recipient).<br/>\r\n\n                     </td></tr>\r\n <tr><td>2</td><td>&nbsp;&nbsp;FACE<a name=\"FACE\"> </a></td><td>face-to-face</td><td>\n                        Participation by voice communication where parties speak to each other directly.<br/>\r\n\n                     </td></tr>\r\n <tr><td>2</td><td>&nbsp;&nbsp;PHONE<a name=\"PHONE\"> </a></td><td>telephone</td><td>\n                        Participation by voice communication where the voices of the communicating parties are transported over an electronic medium<br/>\r\n\n                     </td></tr>\r\n <tr><td>2</td><td>&nbsp;&nbsp;VIDEOCONF<a name=\"VIDEOCONF\"> </a></td><td>videoconferencing</td><td>\n                        Participation by voice and visual communication where the voices and images of the communicating parties are transported over an electronic medium<br/>\r\n\n                     </td></tr>\r\n <tr><td>1</td><td>WRITTEN<a name=\"WRITTEN\"> </a></td><td>written</td><td>\n                        Participation by human language recorded on a physical material<br/>\r\n\n                     </td></tr>\r\n <tr><td>2</td><td>&nbsp;&nbsp;FAXWRIT<a name=\"FAXWRIT\"> </a></td><td>telefax</td><td>\n                        Participation by text or diagrams printed on paper that have been transmitted over a fax device<br/>\r\n\n                     </td></tr>\r\n <tr><td>2</td><td>&nbsp;&nbsp;HANDWRIT<a name=\"HANDWRIT\"> </a></td><td>handwritten</td><td>\n                        Participation by text or diagrams printed on paper or other recording medium<br/>\r\n\n                     </td></tr>\r\n <tr><td>2</td><td>&nbsp;&nbsp;MAILWRIT<a name=\"MAILWRIT\"> </a></td><td>mail</td><td>\n                        Participation by text or diagrams printed on paper transmitted physically (e.g. by courier service, postal service).<br/>\r\n\n                     </td></tr>\r\n <tr><td>2</td><td>&nbsp;&nbsp;ONLINEWRIT<a name=\"ONLINEWRIT\"> </a></td><td>online written</td><td>\n                        Participation by text or diagrams submitted by computer network, e.g. online survey.<br/>\r\n\n                     </td></tr>\r\n <tr><td>3</td><td>&nbsp;&nbsp;&nbsp;&nbsp;EMAILWRIT<a name=\"EMAILWRIT\"> </a></td><td>email</td><td>\n                        Participation by text or diagrams transmitted over an electronic mail system.<br/>\r\n\n                     </td></tr>\r\n <tr><td>2</td><td>&nbsp;&nbsp;TYPEWRIT<a name=\"TYPEWRIT\"> </a></td><td>typewritten</td><td>\n                        Participation by text or diagrams printed on paper or other recording medium where the recording was performed using a typewriter, typesetter, computer or similar mechanism.<br/>\r\n\n                     </td></tr>\r\n</table>\r\n</div>"
  },
  "url": "http://hl7.org/fhir/ValueSet/v3-ParticipationMode",
  "version": "2015-07-31",
  "name": "v3 Code System ParticipationMode",
  "status": "active",
  "experimental": false,
  "publisher": "HL7, Inc",
  "contact": [
    {
      "telecom": [
        {
          "system": "other",
          "value": "http://hl7.org"
        }
      ]
    }
  ],
  "date": "2015-07-31",
  "description": " A set of codes specifying the modality by which the Entity playing the Role is participating in the Act.  Examples:\r\nPhysically present, over the telephone, written communication.  Rationale:\r\nParticularly for author (originator) participants this is used to specify whether the information represented by the act was initially provided verbally, (hand-)written, or electronically.  Open Issue:\r\nThere needs to be a reexamination of the hierarchies as there seems to be some muddling between ELECTRONIC and other concepts that involve electronic communication that are in other hierarchies.",
  "codeSystem": {
    "extension": [
      {
        "url": "http://hl7.org/fhir/StructureDefinition/valueset-oid",
        "valueUri": "urn:oid:2.16.840.1.113883.5.1064"
      }
    ],
    "system": "http://hl7.org/fhir/v3/ParticipationMode",
    "caseSensitive": true,
    "concept": [
      {
        "code": "ELECTRONIC",
        "abstract": false,
        "display": "electronic data",
        "definition": "Participation by non-human-languaged based electronic signal"
      },
      {
        "code": "PHYSICAL",
        "abstract": false,
        "display": "physical presence",
        "definition": "Participation by direct action where subject and actor are in the same location. (The participation involves more than communication.)"
      },
      {
        "code": "REMOTE",
        "abstract": false,
        "display": "remote presence",
        "definition": "Participation by direct action where subject and actor are in separate locations, and the actions of the actor are transmitted by electronic or mechanical means. (The participation involves more than communication.)"
      },
      {
        "code": "VERBAL",
        "abstract": false,
        "display": "verbal",
        "definition": "Participation by voice communication",
        "concept": [
          {
            "code": "DICTATE",
            "abstract": false,
            "display": "dictated",
            "definition": "Participation by pre-recorded voice.  Communication is limited to one direction (from the recorder to recipient)."
          },
          {
            "code": "FACE",
            "abstract": false,
            "display": "face-to-face",
            "definition": "Participation by voice communication where parties speak to each other directly."
          },
          {
            "code": "PHONE",
            "abstract": false,
            "display": "telephone",
            "definition": "Participation by voice communication where the voices of the communicating parties are transported over an electronic medium"
          },
          {
            "code": "VIDEOCONF",
            "abstract": false,
            "display": "videoconferencing",
            "definition": "Participation by voice and visual communication where the voices and images of the communicating parties are transported over an electronic medium"
          }
        ]
      },
      {
        "code": "WRITTEN",
        "abstract": false,
        "display": "written",
        "definition": "Participation by human language recorded on a physical material",
        "concept": [
          {
            "code": "FAXWRIT",
            "abstract": false,
            "display": "telefax",
            "definition": "Participation by text or diagrams printed on paper that have been transmitted over a fax device"
          },
          {
            "code": "HANDWRIT",
            "abstract": false,
            "display": "handwritten",
            "definition": "Participation by text or diagrams printed on paper or other recording medium"
          },
          {
            "code": "MAILWRIT",
            "abstract": false,
            "display": "mail",
            "definition": "Participation by text or diagrams printed on paper transmitted physically (e.g. by courier service, postal service)."
          },
          {
            "code": "ONLINEWRIT",
            "abstract": false,
            "display": "online written",
            "definition": "Participation by text or diagrams submitted by computer network, e.g. online survey.",
            "concept": [
              {
                "code": "EMAILWRIT",
                "abstract": false,
                "display": "email",
                "definition": "Participation by text or diagrams transmitted over an electronic mail system."
              }
            ]
          },
          {
            "code": "TYPEWRIT",
            "abstract": false,
            "display": "typewritten",
            "definition": "Participation by text or diagrams printed on paper or other recording medium where the recording was performed using a typewriter, typesetter, computer or similar mechanism."
          }
        ]
      }
    ]
  }
}