{
  "resourceType": "ValueSet",
  "id": "v3-PaymentTerms",
  "meta": {
    "lastUpdated": "2015-07-31T00:00:00.000+10:00",
    "profile": [
      "http://hl7.org/fhir/StructureDefinition/valueset-shareable-definition"
    ]
  },
  "text": {
    "status": "generated",
    "div": "<div><p>Release Date: 2015-07-31</p>\r\n<p>OID for code system: 2.16.840.1.113883.5.91</p>\r\n<p>OID for value set: 2.16.840.1.113883.1.11.14908 (this is the value set that includes the entire code system)</p>\r\n<h2>Description</h2>\r\n<p>\n                  Describes payment terms for a financial transaction, used in an invoice.<br/>\r\n\n                  This is typically expressed as a responsibility of the acceptor or payor of an invoice.<br/>\r\n\n               </p>\r\n<hr/>\r\n<table class=\"grid\">\r\n <tr><td><b>Level</b></td><td><b>Code</b></td><td><b>Display</b></td><td><b>Definition</b></td></tr>\r\n <tr><td>1</td><td>COD<a name=\"COD\"> </a></td><td>Cash on Delivery</td><td>\n                        Payment in full for products and/or services is required as soon as the service is performed or goods delivered.<br/>\r\n\n                     </td></tr>\r\n <tr><td>1</td><td>N30<a name=\"N30\"> </a></td><td>Net 30 days</td><td>\n                        Payment in full for products and/or services is required 30 days from the time the service is performed or goods delivered.<br/>\r\n\n                     </td></tr>\r\n <tr><td>1</td><td>N60<a name=\"N60\"> </a></td><td>Net 60 days</td><td>\n                        Payment in full for products and/or services is required 60 days from the time the service is performed or goods delivered.<br/>\r\n\n                     </td></tr>\r\n <tr><td>1</td><td>N90<a name=\"N90\"> </a></td><td>Net 90 days</td><td>\n                        Payment in full for products and/or services is required 90 days from the time the service is performed or goods delivered.<br/>\r\n\n                     </td></tr>\r\n</table>\r\n</div>"
  },
  "extension": [
    {
      "url": "http://hl7.org/fhir/StructureDefinition/valueset-oid",
      "valueUri": "urn:oid:2.16.840.1.113883.1.11.14908"
    }
  ],
  "url": "http://hl7.org/fhir/ValueSet/v3-PaymentTerms",
  "version": "2015-07-31",
  "name": "v3 Code System PaymentTerms",
  "status": "active",
  "experimental": false,
  "publisher": "HL7, Inc",
  "contact": [
    {
      "telecom": [
        {
          "system": "other",
          "value": "http://hl7.org"
        }
      ]
    }
  ],
  "date": "2015-07-31",
  "description": " Describes payment terms for a financial transaction, used in an invoice. This is typically expressed as a responsibility of the acceptor or payor of an invoice.",
  "codeSystem": {
    "extension": [
      {
        "url": "http://hl7.org/fhir/StructureDefinition/valueset-oid",
        "valueUri": "urn:oid:2.16.840.1.113883.5.91"
      }
    ],
    "system": "http://hl7.org/fhir/v3/PaymentTerms",
    "caseSensitive": true,
    "concept": [
      {
        "code": "COD",
        "abstract": false,
        "display": "Cash on Delivery",
        "definition": "Payment in full for products and/or services is required as soon as the service is performed or goods delivered."
      },
      {
        "code": "N30",
        "abstract": false,
        "display": "Net 30 days",
        "definition": "Payment in full for products and/or services is required 30 days from the time the service is performed or goods delivered."
      },
      {
        "code": "N60",
        "abstract": false,
        "display": "Net 60 days",
        "definition": "Payment in full for products and/or services is required 60 days from the time the service is performed or goods delivered."
      },
      {
        "code": "N90",
        "abstract": false,
        "display": "Net 90 days",
        "definition": "Payment in full for products and/or services is required 90 days from the time the service is performed or goods delivered."
      }
    ]
  }
}