{"codeSystem":{"caseSensitive":true,"concept":[{"abstract":true,"code":"_QueryRequestLimit","concept":[{"abstract":false,"code":"RD","definition":"Definition: The number of matching instances (number of focal classes). The document header class is the focal class of a document, a record would therefore be equal to a document.","display":"record"}],"definition":"Definition: The number of matching instances (number of focal classes). The document header class is the focal class of a document, a record would therefore be equal to a document.","display":"QueryRequestLimit"}],"extension":[{"url":"http://hl7.org/fhir/StructureDefinition/valueset-oid","valueUri":"urn:oid:2.16.840.1.113883.5.1112"}],"system":"http://hl7.org/fhir/v3/QueryRequestLimit"},"contact":[{"telecom":[{"system":"other","value":"http://hl7.org"}]}],"date":"2015-07-31","description":"  Definition:\r\nDefines the units associated with the magnitude of the maximum size limit of a query response that can be accepted by the requesting application.","experimental":false,"id":"v3-QueryRequestLimit","meta":{"lastUpdated":"2015-07-31T00:00:00.000+10:00","profile":["http://hl7.org/fhir/StructureDefinition/valueset-shareable-definition"]},"name":"v3 Code System QueryRequestLimit","publisher":"HL7, Inc","resourceType":"ValueSet","status":"active","text":{"div":"<div><p>Release Date: 2015-07-31</p>\r\n<p>OID for code system: 2.16.840.1.113883.5.1112</p>\r\n<h2>Description</h2>\r\n<p>\n                  \n                     Definition: Defines the units associated with the magnitude of the maximum size limit of a query response that can be accepted by the requesting application.<br/>\r\n\n               </p>\r\n<hr/>\r\n<table class=\"grid\">\r\n <tr><td><b>Level</b></td><td><b>Code</b></td><td><b>Display</b></td><td><b>Definition</b></td></tr>\r\n <tr><td>1</td><td><span style=\"color: grey\"><i>(_QueryRequestLimit)</i></span></td><td><a name=\"_QueryRequestLimit\">&nbsp;</a></td><td>\n                        \n                           Definition: The number of matching instances (number of focal classes). The document header class is the focal class of a document, a record would therefore be equal to a document.<br/>\r\n\n                     </td></tr>\r\n <tr><td>2</td><td>&nbsp;&nbsp;RD<a name=\"RD\"> </a></td><td>record</td><td>\n                        \n                           Definition: The number of matching instances (number of focal classes). The document header class is the focal class of a document, a record would therefore be equal to a document.<br/>\r\n\n                     </td></tr>\r\n</table>\r\n</div>","status":"generated"},"url":"http://hl7.org/fhir/ValueSet/v3-QueryRequestLimit","version":"2015-07-31"}