{"codeSystem":{"caseSensitive":true,"concept":[{"abstract":false,"code":"aborted","definition":"Query status aborted","display":"aborted"},{"abstract":false,"code":"deliveredResponse","definition":"Query Status delivered response","display":"deliveredResponse"},{"abstract":false,"code":"executing","definition":"Query Status executing","display":"executing"},{"abstract":false,"code":"new","definition":"Query Status new","display":"new"},{"abstract":false,"code":"waitContinuedQueryResponse","definition":"Query Status wait continued","display":"waitContinuedQueryResponse"}],"extension":[{"url":"http://hl7.org/fhir/StructureDefinition/valueset-oid","valueUri":"urn:oid:2.16.840.1.113883.5.103"}],"system":"http://hl7.org/fhir/v3/QueryStatusCode"},"contact":[{"telecom":[{"system":"other","value":"http://hl7.org"}]}],"date":"2015-07-31","description":" A code specifying the state of the Query.","experimental":false,"extension":[{"url":"http://hl7.org/fhir/StructureDefinition/valueset-oid","valueUri":"urn:oid:2.16.840.1.113883.1.11.18899"}],"id":"v3-QueryStatusCode","meta":{"lastUpdated":"2015-07-31T00:00:00.000+10:00","profile":["http://hl7.org/fhir/StructureDefinition/valueset-shareable-definition"]},"name":"v3 Code System QueryStatusCode","publisher":"HL7, Inc","resourceType":"ValueSet","status":"active","text":{"div":"<div><p>Release Date: 2015-07-31</p>\r\n<p>OID for code system: 2.16.840.1.113883.5.103</p>\r\n<p>OID for value set: 2.16.840.1.113883.1.11.18899 (this is the value set that includes the entire code system)</p>\r\n<h2>Description</h2>\r\n<p>\n                  A code specifying the state of the Query.<br/>\r\n\n               </p>\r\n<hr/>\r\n<table class=\"grid\">\r\n <tr><td><b>Level</b></td><td><b>Code</b></td><td><b>Display</b></td><td><b>Definition</b></td></tr>\r\n <tr><td>1</td><td>aborted<a name=\"aborted\"> </a></td><td>aborted</td><td>\n                        Query status aborted<br/>\r\n\n                     </td></tr>\r\n <tr><td>1</td><td>deliveredResponse<a name=\"deliveredResponse\"> </a></td><td>deliveredResponse</td><td>\n                        Query Status delivered response<br/>\r\n\n                     </td></tr>\r\n <tr><td>1</td><td>executing<a name=\"executing\"> </a></td><td>executing</td><td>\n                        Query Status executing<br/>\r\n\n                     </td></tr>\r\n <tr><td>1</td><td>new<a name=\"new\"> </a></td><td>new</td><td>\n                        Query Status new<br/>\r\n\n                     </td></tr>\r\n <tr><td>1</td><td>waitContinuedQueryResponse<a name=\"waitContinuedQueryResponse\"> </a></td><td>waitContinuedQueryResponse</td><td>\n                        Query Status wait continued<br/>\r\n\n                     </td></tr>\r\n</table>\r\n</div>","status":"generated"},"url":"http://hl7.org/fhir/ValueSet/v3-QueryStatusCode","version":"2015-07-31"}