{
  "resourceType": "ValueSet",
  "id": "v3-QueryPriority",
  "meta": {
    "lastUpdated": "2015-07-31T00:00:00.000+10:00",
    "profile": [
      "http://hl7.org/fhir/StructureDefinition/valueset-shareable-definition"
    ]
  },
  "text": {
    "status": "generated",
    "div": "<div><p>Release Date: 2015-07-31</p>\r\n<p>OID for code system: 2.16.840.1.113883.5.102</p>\r\n<p>OID for value set: 2.16.840.1.113883.1.11.91 (this is the value set that includes the entire code system)</p>\r\n<table class=\"grid\">\r\n <tr><td><b>Level</b></td><td><b>Code</b></td><td><b>Display</b></td><td><b>Definition</b></td></tr>\r\n <tr><td>1</td><td>D<a name=\"D\"> </a></td><td>Deferred</td><td>\n                        Query response is deferred.<br/>\r\n\n                     </td></tr>\r\n <tr><td>1</td><td>I<a name=\"I\"> </a></td><td>Immediate</td><td>\n                        Query response is immediate.<br/>\r\n\n                     </td></tr>\r\n</table>\r\n</div>"
  },
  "extension": [
    {
      "url": "http://hl7.org/fhir/StructureDefinition/valueset-oid",
      "valueUri": "urn:oid:2.16.840.1.113883.1.11.91"
    }
  ],
  "url": "http://hl7.org/fhir/ValueSet/v3-QueryPriority",
  "version": "2015-07-31",
  "name": "v3 Code System QueryPriority",
  "status": "active",
  "experimental": false,
  "publisher": "HL7, Inc",
  "contact": [
    {
      "telecom": [
        {
          "system": "other",
          "value": "http://hl7.org"
        }
      ]
    }
  ],
  "date": "2015-07-31",
  "description": "**** MISSING DEFINITIONS ****",
  "codeSystem": {
    "extension": [
      {
        "url": "http://hl7.org/fhir/StructureDefinition/valueset-oid",
        "valueUri": "urn:oid:2.16.840.1.113883.5.102"
      }
    ],
    "system": "http://hl7.org/fhir/v3/QueryPriority",
    "caseSensitive": true,
    "concept": [
      {
        "code": "D",
        "abstract": false,
        "display": "Deferred",
        "definition": "Query response is deferred."
      },
      {
        "code": "I",
        "abstract": false,
        "display": "Immediate",
        "definition": "Query response is immediate."
      }
    ]
  }
}