{"compose":{"exclude":[{"concept":[{"code":"_SeverityObservation"}],"system":"http://hl7.org/fhir/v3/ObservationValue"}],"include":[{"filter":[{"op":"is-a","property":"concept","value":"_SeverityObservation"}],"system":"http://hl7.org/fhir/v3/ObservationValue"}]},"contact":[{"telecom":[{"system":"other","value":"http://www.hl7.org"}]}],"description":" Potential values for observations of severity.","experimental":false,"extension":[{"url":"http://hl7.org/fhir/StructureDefinition/valueset-oid","valueUri":"urn:oid:2.16.840.1.113883.1.11.16643"}],"id":"v3-SeverityObservation","meta":{"lastUpdated":"2015-10-24T07:41:03.495+11:00","profile":["http://hl7.org/fhir/StructureDefinition/valueset-shareable-definition"]},"name":"SeverityObservation","publisher":"HL7 v3","resourceType":"ValueSet","status":"active","text":{"div":"<div><h2>SeverityObservation</h2><p> Potential values for observations of severity.</p><p>This value set includes codes from the following code systems:</p><ul><li>Include codes from <a href=\"../../v3/ObservationValue/index.html\">http://hl7.org/fhir/v3/ObservationValue</a> where concept  is-a  <a href=\"../../v3/ObservationValue/index.html#_SeverityObservation\">_SeverityObservation</a></li><li>Exclude these codes as defined in <a href=\"../../v3/ObservationValue/index.html\">http://hl7.org/fhir/v3/ObservationValue</a><table><tr><td><b>Code</b></td><td><b>Display</b></td></tr><tr><td>_SeverityObservation</td><td>SeverityObservation</td><td>Potential values for observations of severity.</td></tr></table></li></ul></div>","status":"generated"},"url":"http://hl7.org/fhir/ValueSet/v3-SeverityObservation","version":"2014-03-26"}