{"compose":{"exclude":[{"concept":[{"code":"_ServiceDeliveryLocationRoleType"}],"system":"http://hl7.org/fhir/v3/RoleCode"}],"include":[{"filter":[{"op":"is-a","property":"concept","value":"_ServiceDeliveryLocationRoleType"}],"system":"http://hl7.org/fhir/v3/RoleCode"}]},"contact":[{"telecom":[{"system":"other","value":"http://www.hl7.org"}]}],"description":" A role of a place that further classifies the setting (e.g. accident site, road side, work site, community location) in which services are delivered.","experimental":false,"extension":[{"url":"http://hl7.org/fhir/StructureDefinition/valueset-oid","valueUri":"urn:oid:2.16.840.1.113883.1.11.17660"}],"id":"v3-ServiceDeliveryLocationRoleType","meta":{"lastUpdated":"2015-10-24T07:41:03.495+11:00","profile":["http://hl7.org/fhir/StructureDefinition/valueset-shareable-definition"]},"name":"ServiceDeliveryLocationRoleType","publisher":"HL7 v3","resourceType":"ValueSet","status":"active","text":{"div":"<div><h2>ServiceDeliveryLocationRoleType</h2><p> A role of a place that further classifies the setting (e.g. accident site, road side, work site, community location) in which services are delivered.</p><p>This value set includes codes from the following code systems:</p><ul><li>Include codes from <a href=\"../../v3/RoleCode/index.html\">http://hl7.org/fhir/v3/RoleCode</a> where concept  is-a  <a href=\"../../v3/RoleCode/index.html#_ServiceDeliveryLocationRoleType\">_ServiceDeliveryLocationRoleType</a></li><li>Exclude these codes as defined in <a href=\"../../v3/RoleCode/index.html\">http://hl7.org/fhir/v3/RoleCode</a><table><tr><td><b>Code</b></td><td><b>Display</b></td></tr><tr><td>_ServiceDeliveryLocationRoleType</td><td>ServiceDeliveryLocationRoleType</td><td>A role of a place that further classifies the setting (e.g. accident site, road side, work site, community location) in which services are delivered.</td></tr></table></li></ul></div>","status":"generated"},"url":"http://hl7.org/fhir/ValueSet/v3-ServiceDeliveryLocationRoleType","version":"2014-03-26"}