{"codeSystem":{"caseSensitive":true,"concept":[{"abstract":false,"code":"center","definition":"center","display":"center"},{"abstract":false,"code":"char","definition":"char","display":"char"},{"abstract":false,"code":"justify","definition":"justify","display":"justify"},{"abstract":false,"code":"left","definition":"left","display":"left"},{"abstract":false,"code":"right","definition":"right","display":"right"}],"extension":[{"url":"http://hl7.org/fhir/StructureDefinition/valueset-oid","valueUri":"urn:oid:2.16.840.1.113883.5.131"}],"system":"http://hl7.org/fhir/v3/TableCellHorizontalAlign"},"contact":[{"telecom":[{"system":"other","value":"http://hl7.org"}]}],"date":"2015-07-31","description":" These values are defined within the XHTML 4.0 Table Model","experimental":false,"extension":[{"url":"http://hl7.org/fhir/StructureDefinition/valueset-oid","valueUri":"urn:oid:2.16.840.1.113883.1.11.10981"}],"id":"v3-TableCellHorizontalAlign","meta":{"lastUpdated":"2015-07-31T00:00:00.000+10:00","profile":["http://hl7.org/fhir/StructureDefinition/valueset-shareable-definition"]},"name":"v3 Code System TableCellHorizontalAlign","publisher":"HL7, Inc","resourceType":"ValueSet","status":"active","text":{"div":"<div><p>Release Date: 2015-07-31</p>\r\n<p>OID for code system: 2.16.840.1.113883.5.131</p>\r\n<p>OID for value set: 2.16.840.1.113883.1.11.10981 (this is the value set that includes the entire code system)</p>\r\n<h2>Description</h2>\r\n<p>\n                  These values are defined within the XHTML 4.0 Table Model<br/>\r\n\n               </p>\r\n<hr/>\r\n<table class=\"grid\">\r\n <tr><td><b>Level</b></td><td><b>Code</b></td><td><b>Display</b></td><td><b>Definition</b></td></tr>\r\n <tr><td>1</td><td>center<a name=\"center\"> </a></td><td>center</td><td/></tr>\r\n <tr><td>1</td><td>char<a name=\"char\"> </a></td><td>char</td><td/></tr>\r\n <tr><td>1</td><td>justify<a name=\"justify\"> </a></td><td>justify</td><td/></tr>\r\n <tr><td>1</td><td>left<a name=\"left\"> </a></td><td>left</td><td/></tr>\r\n <tr><td>1</td><td>right<a name=\"right\"> </a></td><td>right</td><td/></tr>\r\n</table>\r\n</div>","status":"generated"},"url":"http://hl7.org/fhir/ValueSet/v3-TableCellHorizontalAlign","version":"2015-07-31"}