{
  "resourceType": "ValueSet",
  "id": "metric-calibration-type",
  "meta": {
    "lastUpdated": "2015-10-24T07:41:03.495+11:00",
    "profile": [
      "http://hl7.org/fhir/StructureDefinition/valueset-shareable-definition"
    ]
  },
  "text": {
    "status": "generated",
    "div": "<div><h2>DeviceMetricCalibrationType</h2><p>Describes the type of a metric calibration.</p><p>This value set has an inline code system http://hl7.org/fhir/metric-calibration-type, which defines the following codes:</p><table class=\"codes\"><tr><td><b>Code</b></td><td><b>Display</b></td><td><b>Definition</b></td></tr><tr><td>unspecified<a name=\"unspecified\"> </a></td><td>Unspecified</td><td>TODO</td></tr><tr><td>offset<a name=\"offset\"> </a></td><td>Offset</td><td>TODO</td></tr><tr><td>gain<a name=\"gain\"> </a></td><td>Gain</td><td>TODO</td></tr><tr><td>two-point<a name=\"two-point\"> </a></td><td>Two Point</td><td>TODO</td></tr></table></div>"
  },
  "extension": [
    {
      "url": "http://hl7.org/fhir/StructureDefinition/valueset-oid",
      "valueUri": "urn:oid:2.16.840.1.113883.4.642.2.339"
    }
  ],
  "url": "http://hl7.org/fhir/ValueSet/metric-calibration-type",
  "version": "1.0.2",
  "name": "DeviceMetricCalibrationType",
  "status": "draft",
  "experimental": false,
  "publisher": "HL7 (FHIR Project)",
  "contact": [
    {
      "telecom": [
        {
          "system": "other",
          "value": "http://hl7.org/fhir"
        },
        {
          "system": "email",
          "value": "fhir@lists.hl7.org"
        }
      ]
    }
  ],
  "date": "2015-10-24T07:41:03+11:00",
  "description": "Describes the type of a metric calibration.",
  "codeSystem": {
    "extension": [
      {
        "url": "http://hl7.org/fhir/StructureDefinition/valueset-oid",
        "valueUri": "urn:oid:2.16.840.1.113883.4.642.1.339"
      }
    ],
    "system": "http://hl7.org/fhir/metric-calibration-type",
    "version": "1.0.2",
    "caseSensitive": true,
    "concept": [
      {
        "code": "unspecified",
        "display": "Unspecified",
        "definition": "TODO"
      },
      {
        "code": "offset",
        "display": "Offset",
        "definition": "TODO"
      },
      {
        "code": "gain",
        "display": "Gain",
        "definition": "TODO"
      },
      {
        "code": "two-point",
        "display": "Two Point",
        "definition": "TODO"
      }
    ]
  }
}