{"codeSystem":{"caseSensitive":true,"concept":[{"code":"PN","definition":"No alarm.","display":"No alarm"},{"code":"PL","definition":"Low priority.","display":"Low priority"},{"code":"PM","definition":"Medium priority.","display":"Medium priority"},{"code":"PH","definition":"High priority.","display":"High priority"}],"extension":[{"url":"http://hl7.org/fhir/StructureDefinition/valueset-oid","valueUri":"urn:oid:2.16.840.1.113883.4.642.1.433"}],"system":"http://hl7.org/fhir/flag-priority-code"},"contact":[{"telecom":[{"system":"other","value":"http://hl7.org/fhir"}]}],"date":"2015-10-24T07:41:03+11:00","description":"This value set is provided as an exemplar. The value set is driven by IHE Table B.8-4: Abnormal Flags, Alert Priority.","experimental":true,"extension":[{"url":"http://hl7.org/fhir/StructureDefinition/valueset-oid","valueUri":"urn:oid:2.16.840.1.113883.4.642.2.433"}],"id":"flag-priority","meta":{"lastUpdated":"2015-10-24T07:41:03.495+11:00","profile":["http://hl7.org/fhir/StructureDefinition/valueset-shareable-definition"]},"name":"Flag Priority Codes","publisher":"FHIR Project team","resourceType":"ValueSet","status":"draft","text":{"div":"<div><h2>Flag Priority Codes</h2><p>This value set is provided as an exemplar. The value set is driven by IHE Table B.8-4: Abnormal Flags, Alert Priority.</p><p>This value set has an inline code system http://hl7.org/fhir/flag-priority-code, which defines the following codes:</p><table class=\"codes\"><tr><td><b>Code</b></td><td><b>Display</b></td><td><b>Definition</b></td></tr><tr><td>PN<a name=\"PN\"> </a></td><td>No alarm</td><td>No alarm.</td></tr><tr><td>PL<a name=\"PL\"> </a></td><td>Low priority</td><td>Low priority.</td></tr><tr><td>PM<a name=\"PM\"> </a></td><td>Medium priority</td><td>Medium priority.</td></tr><tr><td>PH<a name=\"PH\"> </a></td><td>High priority</td><td>High priority.</td></tr></table></div>","status":"generated"},"url":"http://hl7.org/fhir/ValueSet/flag-priority","version":"1.0.2"}