{"compose":{"include":[{"concept":[{"code":"33463005","display":"Fluid"},{"code":"39972003","display":"Sodium"},{"code":"88480006","display":"Potassium"}],"system":"http://snomed.info/sct"},{"filter":[{"op":"is-a","property":"concept","value":"226355009"}],"system":"http://snomed.info/sct"}]},"contact":[{"telecom":[{"system":"other","value":"http://hl7.org/fhir"}]}],"copyright":"This value set includes content from SNOMED CT, which is copyright © 2002+ International Health Terminology Standards Development Organisation (IHTSDO), and distributed by agreement between IHTSDO and HL7. Implementer use of SNOMED CT is not covered by this agreement.","date":"2015-10-24T07:41:03+11:00","description":"NutrientModifier :  Codes for types of nutrient that is being modified such as carbohydrate or sodium.  This value set includes all the children of SNOMED CT Concepts from SCTID 226355009 Nutrients (substance), Sodium, Potassium and Fluid and is provided as a suggestive example.","experimental":true,"extension":[{"url":"http://hl7.org/fhir/StructureDefinition/valueset-oid","valueUri":"urn:oid:2.16.840.1.113883.4.642.2.207"}],"id":"nutrient-code","meta":{"lastUpdated":"2015-10-24T07:41:03.495+11:00","profile":["http://hl7.org/fhir/StructureDefinition/valueset-shareable-definition"]},"name":"Nutrient Modifier Codes","publisher":"FHIR NutritionOrder team","resourceType":"ValueSet","status":"draft","text":{"div":"<div><h2>Nutrient Modifier Codes</h2><p>NutrientModifier :  Codes for types of nutrient that is being modified such as carbohydrate or sodium.  This value set includes all the children of SNOMED CT Concepts from SCTID 226355009 Nutrients (substance), Sodium, Potassium and Fluid and is provided as a suggestive example.</p><p><b>Copyright Statement:</b> This value set includes content from SNOMED CT, which is copyright &copy; 2002+ International Health Terminology Standards Development Organisation (IHTSDO), and distributed by agreement between IHTSDO and HL7. Implementer use of SNOMED CT is not covered by this agreement.</p><p>This value set includes codes from the following code systems:</p><ul><li>Include these codes as defined in http://snomed.info/sct<table><tr><td><b>Code</b></td><td><b>Display</b></td></tr><tr><td>33463005</td><td>Fluid</td><td/></tr><tr><td>39972003</td><td>Sodium</td><td/></tr><tr><td>88480006</td><td>Potassium</td><td/></tr></table></li><li>Include codes from http://snomed.info/sct where concept  is-a  226355009</li></ul></div>","status":"generated"},"url":"http://hl7.org/fhir/ValueSet/nutrient-code","version":"1.0.2"}