{"codeSystem":{"caseSensitive":true,"concept":[{"code":"person","definition":"Group contains \"person\" Patient resources","display":"Person"},{"code":"animal","definition":"Group contains \"animal\" Patient resources","display":"Animal"},{"code":"practitioner","definition":"Group contains healthcare practitioner resources","display":"Practitioner"},{"code":"device","definition":"Group contains Device resources","display":"Device"},{"code":"medication","definition":"Group contains Medication resources","display":"Medication"},{"code":"substance","definition":"Group contains Substance resources","display":"Substance"}],"extension":[{"url":"http://hl7.org/fhir/StructureDefinition/valueset-oid","valueUri":"urn:oid:2.16.840.1.113883.4.642.1.156"}],"system":"http://hl7.org/fhir/group-type","version":"1.0.2"},"contact":[{"telecom":[{"system":"other","value":"http://hl7.org/fhir"},{"system":"email","value":"fhir@lists.hl7.org"}]}],"date":"2015-10-24T07:41:03+11:00","description":"Types of resources that are part of group","experimental":false,"extension":[{"url":"http://hl7.org/fhir/StructureDefinition/valueset-oid","valueUri":"urn:oid:2.16.840.1.113883.4.642.2.156"}],"id":"group-type","meta":{"lastUpdated":"2015-10-24T07:41:03.495+11:00","profile":["http://hl7.org/fhir/StructureDefinition/valueset-shareable-definition"]},"name":"GroupType","publisher":"HL7 (FHIR Project)","resourceType":"ValueSet","status":"draft","text":{"div":"<div><h2>GroupType</h2><p>Types of resources that are part of group</p><p>This value set has an inline code system http://hl7.org/fhir/group-type, which defines the following codes:</p><table class=\"codes\"><tr><td><b>Code</b></td><td><b>Display</b></td><td><b>Definition</b></td></tr><tr><td>person<a name=\"person\"> </a></td><td>Person</td><td>Group contains &quot;person&quot; Patient resources</td></tr><tr><td>animal<a name=\"animal\"> </a></td><td>Animal</td><td>Group contains &quot;animal&quot; Patient resources</td></tr><tr><td>practitioner<a name=\"practitioner\"> </a></td><td>Practitioner</td><td>Group contains healthcare practitioner resources</td></tr><tr><td>device<a name=\"device\"> </a></td><td>Device</td><td>Group contains Device resources</td></tr><tr><td>medication<a name=\"medication\"> </a></td><td>Medication</td><td>Group contains Medication resources</td></tr><tr><td>substance<a name=\"substance\"> </a></td><td>Substance</td><td>Group contains Substance resources</td></tr></table></div>","status":"generated"},"url":"http://hl7.org/fhir/ValueSet/group-type","version":"1.0.2"}