{"compose":{"include":[{"concept":[{"code":"1","display":"STAT"},{"code":"2","display":"ASAP"},{"code":"3","display":"ASAP-ED"},{"code":"4","display":"AM"},{"code":"5","display":"ROUTINE"},{"code":"6","display":"NURSE COLLECT"},{"code":"7","display":"CALL OR FAX"}],"system":"http://example.com"}]},"contact":[{"telecom":[{"system":"other","value":"http://hl7.org/fhir"}]}],"copyright":"TBD","date":"2015-10-24T07:41:03+11:00","description":" This example value set defines a set of codes that can be used to indicate the priority of collection of a specimen.","experimental":true,"extension":[{"url":"http://hl7.org/fhir/StructureDefinition/valueset-oid","valueUri":"urn:oid:2.16.840.1.113883.4.642.2.402"}],"id":"specimen-collection-priority","meta":{"lastUpdated":"2015-10-24T07:41:03.495+11:00","profile":["http://hl7.org/fhir/StructureDefinition/valueset-shareable-definition"]},"name":"SpecimenCollectionPriority","publisher":"FHIR Project team","resourceType":"ValueSet","status":"draft","text":{"div":"<div><h2>SpecimenCollectionPriority</h2><p> This example value set defines a set of codes that can be used to indicate the priority of collection of a specimen.</p><p><b>Copyright Statement:</b> TBD</p><p>This value set includes codes from the following code systems:</p><ul><li>Include these codes as defined in http://example.com<table><tr><td><b>Code</b></td><td><b>Display</b></td></tr><tr><td>1</td><td>STAT</td><td/></tr><tr><td>2</td><td>ASAP</td><td/></tr><tr><td>3</td><td>ASAP-ED</td><td/></tr><tr><td>4</td><td>AM</td><td/></tr><tr><td>5</td><td>ROUTINE</td><td/></tr><tr><td>6</td><td>NURSE COLLECT</td><td/></tr><tr><td>7</td><td>CALL OR FAX</td><td/></tr></table></li></ul></div>","status":"generated"},"url":"http://hl7.org/fhir/ValueSet/specimen-collection-priority","version":"1.0.2"}