{
  "resourceType": "ValueSet",
  "id": "qicore-encounter-canceled-reason",
  "meta": {
    "lastUpdated": "2015-10-24T07:41:03.495+11:00",
    "profile": [
      "http://hl7.org/fhir/StructureDefinition/valueset-shareable-definition"
    ]
  },
  "text": {
    "status": "generated",
    "div": "<div><h2>Reasons for canceled or refused encounter codes</h2><p>The value set to instantiate this attribute should be drawn from a terminologically robust code system that consists of or contains concepts to support the encounter process, in particular the process and reasons for canceling or refusing an encounter. This value set is provided as a suggestive example</p><p><b>Copyright Statement:</b> This value set includes content from SNOMED CT, which is copyright &copy; 2002+ International Health Terminology Standards Development Organisation (IHTSDO), and distributed by agreement between IHTSDO and HL7. Implementer use of SNOMED CT is not covered by this agreement</p><p>This value set includes codes from the following code systems:</p><ul><li>Include these codes as defined in <a href=\"../v3/ActReason/index.html\">http://hl7.org/fhir/v3/ActReason</a><table><tr><td><b>Code</b></td><td><b>Display</b></td></tr><tr><td>BLK</td><td>Unexpected Block (of Schedule)</td><td>The time slots previously allocated are now blocked and no longer available for booking Appointments</td></tr><tr><td>DEC</td><td>Patient Deceased</td><td>The Patient is deceased</td></tr><tr><td>FIN</td><td>No Financial Backing</td><td>Patient unable to pay and not covered by insurance</td></tr><tr><td>MED</td><td>Medical Status Altered</td><td>The medical condition of the Patient has changed</td></tr><tr><td>ALTD</td><td>altered decision</td><td>Description:The decision on which the recorded information was based was changed before the decision had an effect.<br/>\n                        \n                           Example:Aborted prescription before patient left office, released prescription before suspend took effect.</td></tr></table></li><li>Include codes from http://snomed.info/sct where concept  is-a  410521004</li></ul></div>"
  },
  "extension": [
    {
      "url": "http://hl7.org/fhir/StructureDefinition/valueset-oid",
      "valueUri": "urn:oid:2.16.840.1.113883.4.642.2.0"
    }
  ],
  "url": "http://hl7.org/fhir/ValueSet/qicore-encounter-canceled-reason",
  "version": "1.0.2",
  "name": "Reasons for canceled or refused encounter codes",
  "status": "draft",
  "experimental": true,
  "publisher": "HL7 Clinical Quality Information (CQI) Work Group",
  "contact": [
    {
      "telecom": [
        {
          "system": "other",
          "value": "http://www.hl7.org/Special/committees/cqi"
        }
      ]
    }
  ],
  "date": "2015-10-24T07:41:03+11:00",
  "description": "The value set to instantiate this attribute should be drawn from a terminologically robust code system that consists of or contains concepts to support the encounter process, in particular the process and reasons for canceling or refusing an encounter. This value set is provided as a suggestive example",
  "copyright": "This value set includes content from SNOMED CT, which is copyright © 2002+ International Health Terminology Standards Development Organisation (IHTSDO), and distributed by agreement between IHTSDO and HL7. Implementer use of SNOMED CT is not covered by this agreement",
  "compose": {
    "include": [
      {
        "system": "http://hl7.org/fhir/v3/ActReason",
        "concept": [
          {
            "fhir_comments": [
              "    todo: this is a starting list. needs more reason codes ",
              " _SchedulingActReason ",
              " Unexpected Block (of Schedule) "
            ],
            "code": "BLK"
          },
          {
            "fhir_comments": [
              " Patient Deceased "
            ],
            "code": "DEC"
          },
          {
            "fhir_comments": [
              " No Financial Backing "
            ],
            "code": "FIN"
          },
          {
            "fhir_comments": [
              " Medical Status Altered "
            ],
            "code": "MED"
          },
          {
            "fhir_comments": [
              " _ControlActNullificationReasonCode ",
              " altered decision "
            ],
            "code": "ALTD"
          }
        ]
      },
      {
        "system": "http://snomed.info/sct",
        "filter": [
          {
            "property": "concept",
            "op": "is-a",
            "value": "410521004",
            "_value": {
              "fhir_comments": [
                " Pre-starting action status / Not to be done codes "
              ]
            }
          }
        ]
      }
    ]
  }
}