{
  "resourceType": "ValueSet",
  "id": "namingsystem-type",
  "meta": {
    "lastUpdated": "2015-10-24T07:41:03.495+11:00",
    "profile": [
      "http://hl7.org/fhir/StructureDefinition/valueset-shareable-definition"
    ]
  },
  "text": {
    "status": "generated",
    "div": "<div><h2>NamingSystemType</h2><p>Identifies the purpose of the naming system.</p><p>This value set has an inline code system http://hl7.org/fhir/namingsystem-type, which defines the following codes:</p><table class=\"codes\"><tr><td><b>Code</b></td><td><b>Display</b></td><td><b>Definition</b></td></tr><tr><td>codesystem<a name=\"codesystem\"> </a></td><td>Code System</td><td>The naming system is used to define concepts and symbols to represent those concepts; e.g. UCUM, LOINC, NDC code, local lab codes, etc.</td></tr><tr><td>identifier<a name=\"identifier\"> </a></td><td>Identifier</td><td>The naming system is used to manage identifiers (e.g. license numbers, order numbers, etc.).</td></tr><tr><td>root<a name=\"root\"> </a></td><td>Root</td><td>The naming system is used as the root for other identifiers and naming systems.</td></tr></table></div>"
  },
  "extension": [
    {
      "url": "http://hl7.org/fhir/StructureDefinition/valueset-oid",
      "valueUri": "urn:oid:2.16.840.1.113883.4.642.2.290"
    }
  ],
  "url": "http://hl7.org/fhir/ValueSet/namingsystem-type",
  "version": "1.0.2",
  "name": "NamingSystemType",
  "status": "draft",
  "experimental": false,
  "publisher": "HL7 (FHIR Project)",
  "contact": [
    {
      "telecom": [
        {
          "system": "other",
          "value": "http://hl7.org/fhir"
        },
        {
          "system": "email",
          "value": "fhir@lists.hl7.org"
        }
      ]
    }
  ],
  "date": "2015-10-24T07:41:03+11:00",
  "description": "Identifies the purpose of the naming system.",
  "codeSystem": {
    "extension": [
      {
        "url": "http://hl7.org/fhir/StructureDefinition/valueset-oid",
        "valueUri": "urn:oid:2.16.840.1.113883.4.642.1.290"
      }
    ],
    "system": "http://hl7.org/fhir/namingsystem-type",
    "version": "1.0.2",
    "caseSensitive": true,
    "concept": [
      {
        "code": "codesystem",
        "display": "Code System",
        "definition": "The naming system is used to define concepts and symbols to represent those concepts; e.g. UCUM, LOINC, NDC code, local lab codes, etc."
      },
      {
        "code": "identifier",
        "display": "Identifier",
        "definition": "The naming system is used to manage identifiers (e.g. license numbers, order numbers, etc.)."
      },
      {
        "code": "root",
        "display": "Root",
        "definition": "The naming system is used as the root for other identifiers and naming systems."
      }
    ]
  }
}