{"codeSystem":{"caseSensitive":true,"concept":[{"code":"0"},{"code":"1","definition":"Permanent teeth Maxillary right.","display":"1"},{"code":"2","definition":"Permanent teeth Maxillary left.","display":"2"},{"code":"3","definition":"Permanent teeth Mandibular right.","display":"3"},{"code":"4","definition":"Permanent teeth Mandibular left.","display":"4"},{"code":"5","definition":"Deciduous teeth Maxillary right.","display":"5"},{"code":"6","definition":"Deciduous teeth Maxillary left.","display":"6"},{"code":"7","definition":"Deciduous teeth Mandibular right.","display":"7"},{"code":"8","definition":"Deciduous teeth Mandibular left.","display":"8"},{"code":"11","definition":"Upper Right Tooth 1 from the central axis, permanent dentition.","display":"11"},{"code":"12","definition":"Upper Right Tooth 2 from the central axis, permanent dentition.","display":"12"},{"code":"13","definition":"Upper Right Tooth 3 from the central axis, permanent dentition.","display":"13"},{"code":"14","definition":"Upper Right Tooth 4 from the central axis, permanent dentition.","display":"14"},{"code":"15","definition":"Upper Right Tooth 5 from the central axis, permanent dentition.","display":"15"},{"code":"16","definition":"Upper Right Tooth 6 from the central axis, permanent dentition.","display":"16"},{"code":"17","definition":"Upper Right Tooth 7 from the central axis, permanent dentition.","display":"17"},{"code":"18","definition":"Upper Right Tooth 1 from the central axis, permanent dentition.","display":"18"},{"code":"21","definition":"Upper Left Tooth 1 from the central axis, permanent dentition.","display":"21"},{"code":"22","definition":"Upper Left Tooth 2 from the central axis, permanent dentition.","display":"22"},{"code":"23","definition":"Upper Left Tooth 3 from the central axis, permanent dentition.","display":"23"},{"code":"24","definition":"Upper Left Tooth 4 from the central axis, permanent dentition.","display":"24"},{"code":"25","definition":"Upper Left Tooth 5 from the central axis, permanent dentition.","display":"25"},{"code":"26","definition":"Upper Left Tooth 6 from the central axis, permanent dentition.","display":"26"},{"code":"27","definition":"Upper Left Tooth 7 from the central axis, permanent dentition.","display":"27"},{"code":"28","definition":"Upper Left Tooth 8 from the central axis, permanent dentition.","display":"28"},{"code":"31","definition":"Lower Left Tooth 1 from the central axis, permanent dentition.","display":"31"},{"code":"32","definition":"Lower Left Tooth 2 from the central axis, permanent dentition.","display":"32"},{"code":"33","definition":"Lower Left Tooth 3 from the central axis, permanent dentition.","display":"33"},{"code":"34","definition":"Lower Left Tooth 4 from the central axis, permanent dentition.","display":"34"},{"code":"35","definition":"Lower Left Tooth 5 from the central axis, permanent dentition.","display":"35"},{"code":"36","definition":"Lower Left Tooth 6 from the central axis, permanent dentition.","display":"36"},{"code":"37","definition":"Lower Left Tooth 7 from the central axis, permanent dentition.","display":"37"},{"code":"38","definition":"Lower Left Tooth 8 from the central axis, permanent dentition.","display":"38"},{"code":"41","definition":"Lower Right Tooth 1 from the central axis, permanent dentition.","display":"41"},{"code":"42","definition":"Lower Right Tooth 2 from the central axis, permanent dentition.","display":"42"},{"code":"43","definition":"Lower Right Tooth 3 from the central axis, permanent dentition.","display":"43"},{"code":"44","definition":"Lower Right Tooth 4 from the central axis, permanent dentition.","display":"44"},{"code":"45","definition":"Lower Right Tooth 5 from the central axis, permanent dentition.","display":"45"},{"code":"46","definition":"Lower Right Tooth 6 from the central axis, permanent dentition.","display":"46"},{"code":"47","definition":"Lower Right Tooth 7 from the central axis, permanent dentition.","display":"47"},{"code":"48","definition":"Lower Right Tooth 8 from the central axis, permanent dentition.","display":"48"}],"extension":[{"url":"http://hl7.org/fhir/StructureDefinition/valueset-oid","valueUri":"urn:oid:2.16.840.1.113883.4.642.1.313"}],"system":"http://hl7.org/fhir/ex-surface"},"contact":[{"telecom":[{"system":"other","value":"http://hl7.org/fhir"}]}],"copyright":"This is an example set.","date":"2015-10-24T07:41:03+11:00","description":"This value set includes a smattering of FDI tooth surface codes.","experimental":true,"extension":[{"url":"http://hl7.org/fhir/StructureDefinition/valueset-oid","valueUri":"urn:oid:2.16.840.1.113883.4.642.2.313"}],"id":"tooth","meta":{"lastUpdated":"2015-10-24T07:41:03.495+11:00","profile":["http://hl7.org/fhir/StructureDefinition/valueset-shareable-definition"]},"name":"Surface Codes","publisher":"FHIR Project team","resourceType":"ValueSet","status":"draft","text":{"div":"<div><h2>Surface Codes</h2><p>This value set includes a smattering of FDI tooth surface codes.</p><p><b>Copyright Statement:</b> This is an example set.</p><p>This value set has an inline code system http://hl7.org/fhir/ex-surface, which defines the following codes:</p><table class=\"codes\"><tr><td><b>Code</b></td><td><b>Display</b></td><td><b>Definition</b></td></tr><tr><td>0<a name=\"0\"> </a></td><td/><td/></tr><tr><td>1<a name=\"1\"> </a></td><td>1</td><td>Permanent teeth Maxillary right.</td></tr><tr><td>2<a name=\"2\"> </a></td><td>2</td><td>Permanent teeth Maxillary left.</td></tr><tr><td>3<a name=\"3\"> </a></td><td>3</td><td>Permanent teeth Mandibular right.</td></tr><tr><td>4<a name=\"4\"> </a></td><td>4</td><td>Permanent teeth Mandibular left.</td></tr><tr><td>5<a name=\"5\"> </a></td><td>5</td><td>Deciduous teeth Maxillary right.</td></tr><tr><td>6<a name=\"6\"> </a></td><td>6</td><td>Deciduous teeth Maxillary left.</td></tr><tr><td>7<a name=\"7\"> </a></td><td>7</td><td>Deciduous teeth Mandibular right.</td></tr><tr><td>8<a name=\"8\"> </a></td><td>8</td><td>Deciduous teeth Mandibular left.</td></tr><tr><td>11<a name=\"11\"> </a></td><td>11</td><td>Upper Right Tooth 1 from the central axis, permanent dentition.</td></tr><tr><td>12<a name=\"12\"> </a></td><td>12</td><td>Upper Right Tooth 2 from the central axis, permanent dentition.</td></tr><tr><td>13<a name=\"13\"> </a></td><td>13</td><td>Upper Right Tooth 3 from the central axis, permanent dentition.</td></tr><tr><td>14<a name=\"14\"> </a></td><td>14</td><td>Upper Right Tooth 4 from the central axis, permanent dentition.</td></tr><tr><td>15<a name=\"15\"> </a></td><td>15</td><td>Upper Right Tooth 5 from the central axis, permanent dentition.</td></tr><tr><td>16<a name=\"16\"> </a></td><td>16</td><td>Upper Right Tooth 6 from the central axis, permanent dentition.</td></tr><tr><td>17<a name=\"17\"> </a></td><td>17</td><td>Upper Right Tooth 7 from the central axis, permanent dentition.</td></tr><tr><td>18<a name=\"18\"> </a></td><td>18</td><td>Upper Right Tooth 1 from the central axis, permanent dentition.</td></tr><tr><td>21<a name=\"21\"> </a></td><td>21</td><td>Upper Left Tooth 1 from the central axis, permanent dentition.</td></tr><tr><td>22<a name=\"22\"> </a></td><td>22</td><td>Upper Left Tooth 2 from the central axis, permanent dentition.</td></tr><tr><td>23<a name=\"23\"> </a></td><td>23</td><td>Upper Left Tooth 3 from the central axis, permanent dentition.</td></tr><tr><td>24<a name=\"24\"> </a></td><td>24</td><td>Upper Left Tooth 4 from the central axis, permanent dentition.</td></tr><tr><td>25<a name=\"25\"> </a></td><td>25</td><td>Upper Left Tooth 5 from the central axis, permanent dentition.</td></tr><tr><td>26<a name=\"26\"> </a></td><td>26</td><td>Upper Left Tooth 6 from the central axis, permanent dentition.</td></tr><tr><td>27<a name=\"27\"> </a></td><td>27</td><td>Upper Left Tooth 7 from the central axis, permanent dentition.</td></tr><tr><td>28<a name=\"28\"> </a></td><td>28</td><td>Upper Left Tooth 8 from the central axis, permanent dentition.</td></tr><tr><td>31<a name=\"31\"> </a></td><td>31</td><td>Lower Left Tooth 1 from the central axis, permanent dentition.</td></tr><tr><td>32<a name=\"32\"> </a></td><td>32</td><td>Lower Left Tooth 2 from the central axis, permanent dentition.</td></tr><tr><td>33<a name=\"33\"> </a></td><td>33</td><td>Lower Left Tooth 3 from the central axis, permanent dentition.</td></tr><tr><td>34<a name=\"34\"> </a></td><td>34</td><td>Lower Left Tooth 4 from the central axis, permanent dentition.</td></tr><tr><td>35<a name=\"35\"> </a></td><td>35</td><td>Lower Left Tooth 5 from the central axis, permanent dentition.</td></tr><tr><td>36<a name=\"36\"> </a></td><td>36</td><td>Lower Left Tooth 6 from the central axis, permanent dentition.</td></tr><tr><td>37<a name=\"37\"> </a></td><td>37</td><td>Lower Left Tooth 7 from the central axis, permanent dentition.</td></tr><tr><td>38<a name=\"38\"> </a></td><td>38</td><td>Lower Left Tooth 8 from the central axis, permanent dentition.</td></tr><tr><td>41<a name=\"41\"> </a></td><td>41</td><td>Lower Right Tooth 1 from the central axis, permanent dentition.</td></tr><tr><td>42<a name=\"42\"> </a></td><td>42</td><td>Lower Right Tooth 2 from the central axis, permanent dentition.</td></tr><tr><td>43<a name=\"43\"> </a></td><td>43</td><td>Lower Right Tooth 3 from the central axis, permanent dentition.</td></tr><tr><td>44<a name=\"44\"> </a></td><td>44</td><td>Lower Right Tooth 4 from the central axis, permanent dentition.</td></tr><tr><td>45<a name=\"45\"> </a></td><td>45</td><td>Lower Right Tooth 5 from the central axis, permanent dentition.</td></tr><tr><td>46<a name=\"46\"> </a></td><td>46</td><td>Lower Right Tooth 6 from the central axis, permanent dentition.</td></tr><tr><td>47<a name=\"47\"> </a></td><td>47</td><td>Lower Right Tooth 7 from the central axis, permanent dentition.</td></tr><tr><td>48<a name=\"48\"> </a></td><td>48</td><td>Lower Right Tooth 8 from the central axis, permanent dentition.</td></tr></table></div>","status":"generated"},"url":"http://hl7.org/fhir/ValueSet/tooth","version":"1.0.2"}