{"compose":{"include":[{"concept":[{"code":"BAD","display":"bad address","extension":[{"url":"http://hl7.org/fhir/StructureDefinition/valueset-definition","valueString":"Description: A flag indicating that the address is bad, in fact, useless."}]},{"code":"CONF","display":"confidential address","extension":[{"url":"http://hl7.org/fhir/StructureDefinition/valueset-definition","valueString":"Description: Indicates that the address is considered sensitive and should only be shared or published in accordance with organizational controls governing patient demographic information with increased sensitivity. Uses of Addresses. Lloyd to supply more complete description."}]},{"code":"HP","display":"primary home","extension":[{"url":"http://hl7.org/fhir/StructureDefinition/valueset-definition","valueString":"Description: The primary home, to reach a person after business hours."}]},{"code":"HV","display":"vacation home","extension":[{"url":"http://hl7.org/fhir/StructureDefinition/valueset-definition","valueString":"Description: A vacation home, to reach a person while on vacation."}]},{"code":"DIR","display":"direct","extension":[{"url":"http://hl7.org/fhir/StructureDefinition/valueset-definition","valueString":"Description: Indicates a work place address or telecommunication address that reaches the individual or organization directly without intermediaries. For phones, often referred to as a 'private line'."}]},{"code":"PUB","display":"public","extension":[{"url":"http://hl7.org/fhir/StructureDefinition/valueset-definition","valueString":"Description: Indicates a work place address or telecommunication address that is a 'standard' address which may reach a reception service, mail-room, or other intermediary prior to the target entity."}]},{"code":"PHYS","display":"physical visit address","extension":[{"url":"http://hl7.org/fhir/StructureDefinition/valueset-definition","valueString":"Description: Used primarily to visit an address."}]},{"code":"PST","display":"postal address","extension":[{"url":"http://hl7.org/fhir/StructureDefinition/valueset-definition","valueString":"Description: Used to send mail."}]}],"system":"http://hl7.org/fhir/v3/AddressUse"}]},"contact":[{"telecom":[{"system":"other","value":"http://hl7.org/fhir"},{"system":"email","value":"fhir@lists.hl7.org"}]}],"date":"2015-10-24T07:41:03+11:00","description":"Uses of an address not included in Address.use","experimental":false,"extension":[{"url":"http://hl7.org/fhir/StructureDefinition/valueset-oid","valueUri":"urn:oid:2.16.840.1.113883.4.642.2.365"}],"id":"postal-address-use","meta":{"lastUpdated":"2015-10-24T07:41:03.495+11:00","profile":["http://hl7.org/fhir/StructureDefinition/valueset-shareable-definition"]},"name":"PostalAddressUse","publisher":"HL7 (FHIR Project)","resourceType":"ValueSet","status":"draft","text":{"div":"<div><h2>PostalAddressUse</h2><p>Uses of an address not included in Address.use</p><p>This value set includes codes from the following code systems:</p><ul><li>Include these codes as defined in <a href=\"v3/AddressUse/index.html\">http://hl7.org/fhir/v3/AddressUse</a><table><tr><td><b>Code</b></td><td><b>Display</b></td><td><b>Definition</b></td></tr><tr><td>BAD</td><td>bad address</td><td>Description: A flag indicating that the address is bad, in fact, useless.</td></tr><tr><td>CONF</td><td>confidential address</td><td>Description: Indicates that the address is considered sensitive and should only be shared or published in accordance with organizational controls governing patient demographic information with increased sensitivity. Uses of Addresses. Lloyd to supply more complete description.</td></tr><tr><td>HP</td><td>primary home</td><td>Description: The primary home, to reach a person after business hours.</td></tr><tr><td>HV</td><td>vacation home</td><td>Description: A vacation home, to reach a person while on vacation.</td></tr><tr><td>DIR</td><td>direct</td><td>Description: Indicates a work place address or telecommunication address that reaches the individual or organization directly without intermediaries. For phones, often referred to as a 'private line'.</td></tr><tr><td>PUB</td><td>public</td><td>Description: Indicates a work place address or telecommunication address that is a 'standard' address which may reach a reception service, mail-room, or other intermediary prior to the target entity.</td></tr><tr><td>PHYS</td><td>physical visit address</td><td>Description: Used primarily to visit an address.</td></tr><tr><td>PST</td><td>postal address</td><td>Description: Used to send mail.</td></tr></table></li></ul></div>","status":"extensions"},"url":"http://hl7.org/fhir/ValueSet/postal-address-use","version":"1.0.2"}