{
  "resourceType": "ValueSet",
  "id": "contact-point-system",
  "meta": {
    "lastUpdated": "2015-10-24T07:41:03.495+11:00",
    "profile": [
      "http://hl7.org/fhir/StructureDefinition/valueset-shareable-definition"
    ]
  },
  "text": {
    "status": "generated",
    "div": "<div><h2>ContactPointSystem</h2><p>Telecommunications form for contact point</p><p>This value set has an inline code system http://hl7.org/fhir/contact-point-system, which defines the following codes:</p><table class=\"codes\"><tr><td><b>Code</b></td><td><b>Display</b></td><td><b>Definition</b></td></tr><tr><td>phone<a name=\"phone\"> </a></td><td>Phone</td><td>The value is a telephone number used for voice calls. Use of full international numbers starting with + is recommended to enable automatic dialing support but not required.</td></tr><tr><td>fax<a name=\"fax\"> </a></td><td>Fax</td><td>The value is a fax machine. Use of full international numbers starting with + is recommended to enable automatic dialing support but not required.</td></tr><tr><td>email<a name=\"email\"> </a></td><td>Email</td><td>The value is an email address.</td></tr><tr><td>pager<a name=\"pager\"> </a></td><td>Pager</td><td>The value is a pager number. These may be local pager numbers that are only usable on a particular pager system.</td></tr><tr><td>other<a name=\"other\"> </a></td><td>URL</td><td>A contact that is not a phone, fax, or email address. The format of the value SHOULD be a URL. This is intended for various personal contacts including blogs, Twitter, Facebook, etc. Do not use for email addresses. If this is not a URL, then it will require human interpretation.</td></tr></table></div>"
  },
  "extension": [
    {
      "url": "http://hl7.org/fhir/StructureDefinition/valueset-oid",
      "valueUri": "urn:oid:2.16.840.1.113883.4.642.2.39"
    }
  ],
  "url": "http://hl7.org/fhir/ValueSet/contact-point-system",
  "version": "1.0.2",
  "name": "ContactPointSystem",
  "status": "draft",
  "experimental": false,
  "publisher": "HL7 (FHIR Project)",
  "contact": [
    {
      "telecom": [
        {
          "system": "other",
          "value": "http://hl7.org/fhir"
        },
        {
          "system": "email",
          "value": "fhir@lists.hl7.org"
        }
      ]
    }
  ],
  "date": "2015-10-24T07:41:03+11:00",
  "description": "Telecommunications form for contact point",
  "codeSystem": {
    "extension": [
      {
        "url": "http://hl7.org/fhir/StructureDefinition/valueset-oid",
        "valueUri": "urn:oid:2.16.840.1.113883.4.642.1.39"
      }
    ],
    "system": "http://hl7.org/fhir/contact-point-system",
    "version": "1.0.2",
    "caseSensitive": true,
    "concept": [
      {
        "code": "phone",
        "display": "Phone",
        "definition": "The value is a telephone number used for voice calls. Use of full international numbers starting with + is recommended to enable automatic dialing support but not required."
      },
      {
        "code": "fax",
        "display": "Fax",
        "definition": "The value is a fax machine. Use of full international numbers starting with + is recommended to enable automatic dialing support but not required."
      },
      {
        "code": "email",
        "display": "Email",
        "definition": "The value is an email address."
      },
      {
        "code": "pager",
        "display": "Pager",
        "definition": "The value is a pager number. These may be local pager numbers that are only usable on a particular pager system."
      },
      {
        "code": "other",
        "display": "URL",
        "definition": "A contact that is not a phone, fax, or email address. The format of the value SHOULD be a URL. This is intended for various personal contacts including blogs, Twitter, Facebook, etc. Do not use for email addresses. If this is not a URL, then it will require human interpretation."
      }
    ]
  }
}