{"compose":{"include":[{"system":"http://hl7.org/fhir/sid/cvx"},{"system":"urn:oid:1.2.36.1.2001.1005.17"}]},"contact":[{"telecom":[{"system":"other","value":"http://hl7.org/fhir"}]}],"date":"2015-10-24T07:41:03+11:00","description":"This identifies the vaccine substance administered - CVX codes.","experimental":true,"extension":[{"url":"http://hl7.org/fhir/StructureDefinition/valueset-oid","valueUri":"urn:oid:2.16.840.1.113883.3.88.12.80.22"},{"url":"http://hl7.org/fhir/StructureDefinition/valueset-oid","valueUri":"urn:oid:2.16.840.1.113883.4.642.2.414"}],"id":"vaccine-code","meta":{"lastUpdated":"2015-10-24T07:41:03.495+11:00","profile":["http://hl7.org/fhir/StructureDefinition/valueset-shareable-definition"]},"name":"Vaccine Administered Value Set","publisher":"HL7 FHIR","resourceType":"ValueSet","status":"active","text":{"div":"<div>\n      <p>Around the world, various different coding systems are used for immunizations:</p>\n      <ul> \n        <li>USA: CVX (\n          <a href=\"http://hl7.org/fhir/sid/cvx\">http://hl7.org/fhir/sid/cvx</a>)\n        </li>\n        <li>Australia: ACIR (\n          <a href=\"http://www.medicareaustralia.gov.au/provider/vendors/files/9560-1301-acir-idi-vaccine-codes.pdf\">urn:oid:1.2.36.1.2001.1005.17</a>)\n        </li>\n      </ul>\n    </div>","status":"additional"},"url":"http://hl7.org/fhir/ValueSet/vaccine-code","version":"1.0.2"}