{"compose":{"include":[{"concept":[{"code":"C38192","display":"AURICULAR (OTIC)"},{"code":"C38193","display":"BUCCAL"},{"code":"C38194","display":"CONJUNCTIVAL"},{"code":"C38675","display":"CUTANEOUS"},{"code":"C38197","display":"DENTAL"},{"code":"C38633","display":"ELECTRO-OSMOSIS"},{"code":"C38205","display":"ENDOCERVICAL"},{"code":"C38206","display":"ENDOSINUSIAL"},{"code":"C38208","display":"ENDOTRACHEAL"},{"code":"C38209","display":"ENTERAL"},{"code":"C38210","display":"EPIDURAL"},{"code":"C38211","display":"EXTRA-AMNIOTIC"},{"code":"C38212","display":"EXTRACORPOREAL"},{"code":"C38200","display":"HEMODIALYSIS"},{"code":"C38215","display":"INFILTRATION"},{"code":"C38219","display":"INTERSTITIAL"},{"code":"C38220","display":"INTRA-ABDOMINAL"},{"code":"C38221","display":"INTRA-AMNIOTIC"},{"code":"C38222","display":"INTRA-ARTERIAL"},{"code":"C38223","display":"INTRA-ARTICULAR"},{"code":"C38224","display":"INTRABILIARY"},{"code":"C38225","display":"INTRABRONCHIAL"},{"code":"C38226","display":"INTRABURSAL"},{"code":"C38227","display":"INTRACARDIAC"},{"code":"C38228","display":"INTRACARTILAGINOUS"},{"code":"C38229","display":"INTRACAUDAL"},{"code":"C38230","display":"INTRACAVERNOUS"},{"code":"C38231","display":"INTRACAVITARY"},{"code":"C38232","display":"INTRACEREBRAL"},{"code":"C38233","display":"INTRACISTERNAL"},{"code":"C38234","display":"INTRACORNEAL"},{"code":"C38217","display":"INTRACORONAL, DENTAL"},{"code":"C38218","display":"INTRACORONARY"},{"code":"C38235","display":"INTRACORPORUS CAVERNOSUM"},{"code":"C38236","display":"INTRACRANIAL"},{"code":"C38238","display":"INTRADERMAL"},{"code":"C38239","display":"INTRADISCAL"},{"code":"C38240","display":"INTRADUCTAL"},{"code":"C38241","display":"INTRADUODENAL"},{"code":"C38242","display":"INTRADURAL"},{"code":"C79144","display":"INTRAEPICARDIAL"},{"code":"C38243","display":"INTRAEPIDERMAL"},{"code":"C38245","display":"INTRAESOPHAGEAL"},{"code":"C38246","display":"INTRAGASTRIC"},{"code":"C38247","display":"INTRAGINGIVAL"},{"code":"C38248","display":"INTRAHEPATIC"},{"code":"C38249","display":"INTRAILEAL"},{"code":"C38250","display":"INTRALESIONAL"},{"code":"C79138","display":"INTRALINGUAL"},{"code":"C38251","display":"INTRALUMINAL"},{"code":"C38252","display":"INTRALYMPHATIC"},{"code":"C79137","display":"INTRAMAMMARY"},{"code":"C38253","display":"INTRAMEDULLARY"},{"code":"C38254","display":"INTRAMENINGEAL"},{"code":"C28161","display":"INTRAMUSCULAR"},{"code":"C79141","display":"INTRANODAL"},{"code":"C38255","display":"INTRAOCULAR"},{"code":"C79142","display":"INTRAOMENTUM"},{"code":"C38256","display":"INTRAOVARIAN"},{"code":"C38257","display":"INTRAPERICARDIAL"},{"code":"C38258","display":"INTRAPERITONEAL"},{"code":"C38259","display":"INTRAPLEURAL"},{"code":"C38260","display":"INTRAPROSTATIC"},{"code":"C38261","display":"INTRAPULMONARY"},{"code":"C79139","display":"INTRARUMINAL"},{"code":"C38262","display":"INTRASINAL"},{"code":"C38263","display":"INTRASPINAL"},{"code":"C38264","display":"INTRASYNOVIAL"},{"code":"C38265","display":"INTRATENDINOUS"},{"code":"C38266","display":"INTRATESTICULAR"},{"code":"C38267","display":"INTRATHECAL"},{"code":"C38207","display":"INTRATHORACIC"},{"code":"C38268","display":"INTRATUBULAR"},{"code":"C38269","display":"INTRATUMOR"},{"code":"C38270","display":"INTRATYMPANIC"},{"code":"C38272","display":"INTRAUTERINE"},{"code":"C38273","display":"INTRAVASCULAR"},{"code":"C38276","display":"INTRAVENOUS"},{"code":"C38274","display":"INTRAVENOUS BOLUS"},{"code":"C38279","display":"INTRAVENOUS DRIP"},{"code":"C38277","display":"INTRAVENTRICULAR"},{"code":"C38278","display":"INTRAVESICAL"},{"code":"C38280","display":"INTRAVITREAL"},{"code":"C38203","display":"IONTOPHORESIS"},{"code":"C38281","display":"IRRIGATION"},{"code":"C38282","display":"LARYNGEAL"},{"code":"C38284","display":"NASAL"},{"code":"C38285","display":"NASOGASTRIC"},{"code":"C48623","display":"NOT APPLICABLE"},{"code":"C38286","display":"OCCLUSIVE DRESSING TECHNIQUE"},{"code":"C38287","display":"OPHTHALMIC"},{"code":"C38288","display":"ORAL"},{"code":"C38289","display":"OROPHARYNGEAL"},{"code":"C38290","display":"OTHER"},{"code":"C38291","display":"PARENTERAL"},{"code":"C38676","display":"PERCUTANEOUS"},{"code":"C38292","display":"PERIARTICULAR"},{"code":"C38677","display":"PERIDURAL"},{"code":"C38293","display":"PERINEURAL"},{"code":"C38294","display":"PERIODONTAL"},{"code":"C38295","display":"RECTAL"},{"code":"C38216","display":"RESPIRATORY (INHALATION)"},{"code":"C38296","display":"RETROBULBAR"},{"code":"C38198","display":"SOFT TISSUE"},{"code":"C38297","display":"SUBARACHNOID"},{"code":"C38298","display":"SUBCONJUNCTIVAL"},{"code":"C38299","display":"SUBCUTANEOUS"},{"code":"C65103","display":"SUBGINGIVAL"},{"code":"C38300","display":"SUBLINGUAL"},{"code":"C38301","display":"SUBMUCOSAL"},{"code":"C79143","display":"SUBRETINAL"},{"code":"C38304","display":"TOPICAL"},{"code":"C38305","display":"TRANSDERMAL"},{"code":"C79145","display":"TRANSENDOCARDIAL"},{"code":"C38283","display":"TRANSMUCOSAL"},{"code":"C38307","display":"TRANSPLACENTAL"},{"code":"C38308","display":"TRANSTRACHEAL"},{"code":"C38309","display":"TRANSTYMPANIC"},{"code":"C38310","display":"UNASSIGNED"},{"code":"C38311","display":"UNKNOWN"},{"code":"C38312","display":"URETERAL"},{"code":"C38271","display":"URETHRAL"},{"code":"C38313","display":"VAGINAL"}],"system":"http://ncimeta.nci.nih.gov"}]},"contact":[{"telecom":[{"system":"other","value":"https://phinvads.cdc.gov/vads/ViewValueSet.action?oid=2.16.840.1.113883.3.88.12.3221.8.7"}]}],"date":"2015-10-24T07:41:03+11:00","description":"Route of Administration value set is based upon FDA Drug Registration and Listing Database (FDA Orange Book) which are used in FDA structured product and labelling (SPL)","experimental":true,"extension":[{"url":"http://hl7.org/fhir/StructureDefinition/valueset-oid","valueUri":"urn:oid:2.16.840.1.113883.3.88.12.3221.8.11"},{"url":"http://hl7.org/fhir/StructureDefinition/valueset-oid","valueUri":"urn:oid:2.16.840.1.113883.4.642.2.0"}],"id":"daf-medication-route","meta":{"lastUpdated":"2015-10-24T07:41:03.495+11:00","profile":["http://hl7.org/fhir/StructureDefinition/valueset-shareable-definition"]},"name":"Medication Route FDA Value Set","publisher":"PHIN VADS","resourceType":"ValueSet","status":"active","text":{"div":"<div><h2>Medication Route FDA Value Set</h2><p>Route of Administration value set is based upon FDA Drug Registration and Listing Database (FDA Orange Book) which are used in FDA structured product and labelling (SPL)</p><p>This value set includes codes from the following code systems:</p><ul><li>Include these codes as defined in http://ncimeta.nci.nih.gov<table><tr><td><b>Code</b></td><td><b>Display</b></td></tr><tr><td>C38192</td><td>AURICULAR (OTIC)</td><td/></tr><tr><td>C38193</td><td>BUCCAL</td><td/></tr><tr><td>C38194</td><td>CONJUNCTIVAL</td><td/></tr><tr><td>C38675</td><td>CUTANEOUS</td><td/></tr><tr><td>C38197</td><td>DENTAL</td><td/></tr><tr><td>C38633</td><td>ELECTRO-OSMOSIS</td><td/></tr><tr><td>C38205</td><td>ENDOCERVICAL</td><td/></tr><tr><td>C38206</td><td>ENDOSINUSIAL</td><td/></tr><tr><td>C38208</td><td>ENDOTRACHEAL</td><td/></tr><tr><td>C38209</td><td>ENTERAL</td><td/></tr><tr><td>C38210</td><td>EPIDURAL</td><td/></tr><tr><td>C38211</td><td>EXTRA-AMNIOTIC</td><td/></tr><tr><td>C38212</td><td>EXTRACORPOREAL</td><td/></tr><tr><td>C38200</td><td>HEMODIALYSIS</td><td/></tr><tr><td>C38215</td><td>INFILTRATION</td><td/></tr><tr><td>C38219</td><td>INTERSTITIAL</td><td/></tr><tr><td>C38220</td><td>INTRA-ABDOMINAL</td><td/></tr><tr><td>C38221</td><td>INTRA-AMNIOTIC</td><td/></tr><tr><td>C38222</td><td>INTRA-ARTERIAL</td><td/></tr><tr><td>C38223</td><td>INTRA-ARTICULAR</td><td/></tr><tr><td>C38224</td><td>INTRABILIARY</td><td/></tr><tr><td>C38225</td><td>INTRABRONCHIAL</td><td/></tr><tr><td>C38226</td><td>INTRABURSAL</td><td/></tr><tr><td>C38227</td><td>INTRACARDIAC</td><td/></tr><tr><td>C38228</td><td>INTRACARTILAGINOUS</td><td/></tr><tr><td>C38229</td><td>INTRACAUDAL</td><td/></tr><tr><td>C38230</td><td>INTRACAVERNOUS</td><td/></tr><tr><td>C38231</td><td>INTRACAVITARY</td><td/></tr><tr><td>C38232</td><td>INTRACEREBRAL</td><td/></tr><tr><td>C38233</td><td>INTRACISTERNAL</td><td/></tr><tr><td>C38234</td><td>INTRACORNEAL</td><td/></tr><tr><td>C38217</td><td>INTRACORONAL, DENTAL</td><td/></tr><tr><td>C38218</td><td>INTRACORONARY</td><td/></tr><tr><td>C38235</td><td>INTRACORPORUS CAVERNOSUM</td><td/></tr><tr><td>C38236</td><td>INTRACRANIAL</td><td/></tr><tr><td>C38238</td><td>INTRADERMAL</td><td/></tr><tr><td>C38239</td><td>INTRADISCAL</td><td/></tr><tr><td>C38240</td><td>INTRADUCTAL</td><td/></tr><tr><td>C38241</td><td>INTRADUODENAL</td><td/></tr><tr><td>C38242</td><td>INTRADURAL</td><td/></tr><tr><td>C79144</td><td>INTRAEPICARDIAL</td><td/></tr><tr><td>C38243</td><td>INTRAEPIDERMAL</td><td/></tr><tr><td>C38245</td><td>INTRAESOPHAGEAL</td><td/></tr><tr><td>C38246</td><td>INTRAGASTRIC</td><td/></tr><tr><td>C38247</td><td>INTRAGINGIVAL</td><td/></tr><tr><td>C38248</td><td>INTRAHEPATIC</td><td/></tr><tr><td>C38249</td><td>INTRAILEAL</td><td/></tr><tr><td>C38250</td><td>INTRALESIONAL</td><td/></tr><tr><td>C79138</td><td>INTRALINGUAL</td><td/></tr><tr><td>C38251</td><td>INTRALUMINAL</td><td/></tr><tr><td>C38252</td><td>INTRALYMPHATIC</td><td/></tr><tr><td>C79137</td><td>INTRAMAMMARY</td><td/></tr><tr><td>C38253</td><td>INTRAMEDULLARY</td><td/></tr><tr><td>C38254</td><td>INTRAMENINGEAL</td><td/></tr><tr><td>C28161</td><td>INTRAMUSCULAR</td><td/></tr><tr><td>C79141</td><td>INTRANODAL</td><td/></tr><tr><td>C38255</td><td>INTRAOCULAR</td><td/></tr><tr><td>C79142</td><td>INTRAOMENTUM</td><td/></tr><tr><td>C38256</td><td>INTRAOVARIAN</td><td/></tr><tr><td>C38257</td><td>INTRAPERICARDIAL</td><td/></tr><tr><td>C38258</td><td>INTRAPERITONEAL</td><td/></tr><tr><td>C38259</td><td>INTRAPLEURAL</td><td/></tr><tr><td>C38260</td><td>INTRAPROSTATIC</td><td/></tr><tr><td>C38261</td><td>INTRAPULMONARY</td><td/></tr><tr><td>C79139</td><td>INTRARUMINAL</td><td/></tr><tr><td>C38262</td><td>INTRASINAL</td><td/></tr><tr><td>C38263</td><td>INTRASPINAL</td><td/></tr><tr><td>C38264</td><td>INTRASYNOVIAL</td><td/></tr><tr><td>C38265</td><td>INTRATENDINOUS</td><td/></tr><tr><td>C38266</td><td>INTRATESTICULAR</td><td/></tr><tr><td>C38267</td><td>INTRATHECAL</td><td/></tr><tr><td>C38207</td><td>INTRATHORACIC</td><td/></tr><tr><td>C38268</td><td>INTRATUBULAR</td><td/></tr><tr><td>C38269</td><td>INTRATUMOR</td><td/></tr><tr><td>C38270</td><td>INTRATYMPANIC</td><td/></tr><tr><td>C38272</td><td>INTRAUTERINE</td><td/></tr><tr><td>C38273</td><td>INTRAVASCULAR</td><td/></tr><tr><td>C38276</td><td>INTRAVENOUS</td><td/></tr><tr><td>C38274</td><td>INTRAVENOUS BOLUS</td><td/></tr><tr><td>C38279</td><td>INTRAVENOUS DRIP</td><td/></tr><tr><td>C38277</td><td>INTRAVENTRICULAR</td><td/></tr><tr><td>C38278</td><td>INTRAVESICAL</td><td/></tr><tr><td>C38280</td><td>INTRAVITREAL</td><td/></tr><tr><td>C38203</td><td>IONTOPHORESIS</td><td/></tr><tr><td>C38281</td><td>IRRIGATION</td><td/></tr><tr><td>C38282</td><td>LARYNGEAL</td><td/></tr><tr><td>C38284</td><td>NASAL</td><td/></tr><tr><td>C38285</td><td>NASOGASTRIC</td><td/></tr><tr><td>C48623</td><td>NOT APPLICABLE</td><td/></tr><tr><td>C38286</td><td>OCCLUSIVE DRESSING TECHNIQUE</td><td/></tr><tr><td>C38287</td><td>OPHTHALMIC</td><td/></tr><tr><td>C38288</td><td>ORAL</td><td/></tr><tr><td>C38289</td><td>OROPHARYNGEAL</td><td/></tr><tr><td>C38290</td><td>OTHER</td><td/></tr><tr><td>C38291</td><td>PARENTERAL</td><td/></tr><tr><td>C38676</td><td>PERCUTANEOUS</td><td/></tr><tr><td>C38292</td><td>PERIARTICULAR</td><td/></tr><tr><td>C38677</td><td>PERIDURAL</td><td/></tr><tr><td>C38293</td><td>PERINEURAL</td><td/></tr><tr><td>C38294</td><td>PERIODONTAL</td><td/></tr><tr><td>C38295</td><td>RECTAL</td><td/></tr><tr><td>C38216</td><td>RESPIRATORY (INHALATION)</td><td/></tr><tr><td>C38296</td><td>RETROBULBAR</td><td/></tr><tr><td>C38198</td><td>SOFT TISSUE</td><td/></tr><tr><td>C38297</td><td>SUBARACHNOID</td><td/></tr><tr><td>C38298</td><td>SUBCONJUNCTIVAL</td><td/></tr><tr><td>C38299</td><td>SUBCUTANEOUS</td><td/></tr><tr><td>C65103</td><td>SUBGINGIVAL</td><td/></tr><tr><td>C38300</td><td>SUBLINGUAL</td><td/></tr><tr><td>C38301</td><td>SUBMUCOSAL</td><td/></tr><tr><td>C79143</td><td>SUBRETINAL</td><td/></tr><tr><td>C38304</td><td>TOPICAL</td><td/></tr><tr><td>C38305</td><td>TRANSDERMAL</td><td/></tr><tr><td>C79145</td><td>TRANSENDOCARDIAL</td><td/></tr><tr><td>C38283</td><td>TRANSMUCOSAL</td><td/></tr><tr><td>C38307</td><td>TRANSPLACENTAL</td><td/></tr><tr><td>C38308</td><td>TRANSTRACHEAL</td><td/></tr><tr><td>C38309</td><td>TRANSTYMPANIC</td><td/></tr><tr><td>C38310</td><td>UNASSIGNED</td><td/></tr><tr><td>C38311</td><td>UNKNOWN</td><td/></tr><tr><td>C38312</td><td>URETERAL</td><td/></tr><tr><td>C38271</td><td>URETHRAL</td><td/></tr><tr><td>C38313</td><td>VAGINAL</td><td/></tr></table></li></ul></div>","status":"generated"},"url":"http://hl7.org/fhir/ValueSet/daf-medication-route","version":"1.0.2"}