{"compose":{"include":[{"concept":[{"code":"439031000124108","display":"honey thick liquid"},{"code":"439021000124105","display":"nectar thick liquid"},{"code":"439041000124103","display":"spoon thick liquid"},{"code":"439081000124109","display":"thin liquid"}],"system":"http://snomed.info/sct"}]},"contact":[{"telecom":[{"system":"other","value":"http://hl7.org/fhir"}]}],"copyright":"This value set includes content from SNOMED CT, which is copyright © 2002+ International Health Terminology Standards Development Organisation (IHTSDO), and distributed by agreement between IHTSDO and HL7. Implementer use of SNOMED CT is not covered by this agreement.","date":"2015-10-24T07:41:03+11:00","description":"FluidConsistencyType :  Codes used to represent the consistency of fluids and liquids provided to the patient. This value set includes all the children of  SNOMED CT Concepts from SCTID(US Extension): 435681000124103  Dietary liquid consistency diet (regime/therapy) and is provided as a suggestive example.","experimental":true,"extension":[{"url":"http://hl7.org/fhir/StructureDefinition/valueset-oid","valueUri":"urn:oid:2.16.840.1.113883.4.642.2.210"}],"id":"consistency-type","meta":{"lastUpdated":"2015-10-24T07:41:03.495+11:00","profile":["http://hl7.org/fhir/StructureDefinition/valueset-shareable-definition"]},"name":"Fluid Consistency Type Codes","publisher":"FHIR NutritionOrder team","resourceType":"ValueSet","status":"draft","text":{"div":"<div><h2>Fluid Consistency Type Codes</h2><p>FluidConsistencyType :  Codes used to represent the consistency of fluids and liquids provided to the patient. This value set includes all the children of  SNOMED CT Concepts from SCTID(US Extension): 435681000124103  Dietary liquid consistency diet (regime/therapy) and is provided as a suggestive example.</p><p><b>Copyright Statement:</b> This value set includes content from SNOMED CT, which is copyright &copy; 2002+ International Health Terminology Standards Development Organisation (IHTSDO), and distributed by agreement between IHTSDO and HL7. Implementer use of SNOMED CT is not covered by this agreement.</p><p>This value set includes codes from the following code systems:</p><ul><li>Include these codes as defined in http://snomed.info/sct<table><tr><td><b>Code</b></td><td><b>Display</b></td></tr><tr><td>439031000124108</td><td>honey thick liquid</td><td/></tr><tr><td>439021000124105</td><td>nectar thick liquid</td><td/></tr><tr><td>439041000124103</td><td>spoon thick liquid</td><td/></tr><tr><td>439081000124109</td><td>thin liquid</td><td/></tr></table></li></ul></div>","status":"generated"},"url":"http://hl7.org/fhir/ValueSet/consistency-type","version":"1.0.2"}