{"codeSystem":{"caseSensitive":true,"concept":[{"code":"1","definition":"Fixed Bridge","display":"Fixed Bridge"},{"code":"2","definition":"Maryland Bridge","display":"Maryland Bridge"},{"code":"3","definition":"Denture Acrylic","display":"Denture Acrylic"},{"code":"4","definition":"Denture Chrome Cobalt","display":"Denture Chrome Cobalt"}],"extension":[{"url":"http://hl7.org/fhir/StructureDefinition/valueset-oid","valueUri":"urn:oid:2.16.840.1.113883.4.642.1.312"}],"system":"http://hl7.org/fhir/ex-oralprostho"},"contact":[{"telecom":[{"system":"other","value":"http://hl7.org/fhir"}]}],"copyright":"This is an example set.","date":"2015-10-24T07:41:03+11:00","description":"This value set includes sample Oral Prosthodontic Material type codes.","experimental":true,"extension":[{"url":"http://hl7.org/fhir/StructureDefinition/valueset-oid","valueUri":"urn:oid:2.16.840.1.113883.4.642.2.312"}],"id":"oral-prosthodontic-material","meta":{"lastUpdated":"2015-10-24T07:41:03.495+11:00","profile":["http://hl7.org/fhir/StructureDefinition/valueset-shareable-definition"]},"name":"Oral Prostho Material type Codes","publisher":"Financial Management","resourceType":"ValueSet","status":"draft","text":{"div":"<div><h2>Oral Prostho Material type Codes</h2><p>This value set includes sample Oral Prosthodontic Material type codes.</p><p><b>Copyright Statement:</b> This is an example set.</p><p>This value set has an inline code system http://hl7.org/fhir/ex-oralprostho, which defines the following codes:</p><table class=\"codes\"><tr><td><b>Code</b></td><td><b>Display</b></td><td><b>Definition</b></td></tr><tr><td>1<a name=\"1\"> </a></td><td>Fixed Bridge</td><td>Fixed Bridge</td></tr><tr><td>2<a name=\"2\"> </a></td><td>Maryland Bridge</td><td>Maryland Bridge</td></tr><tr><td>3<a name=\"3\"> </a></td><td>Denture Acrylic</td><td>Denture Acrylic</td></tr><tr><td>4<a name=\"4\"> </a></td><td>Denture Chrome Cobalt</td><td>Denture Chrome Cobalt</td></tr></table></div>","status":"generated"},"url":"http://hl7.org/fhir/ValueSet/oral-prosthodontic-material","version":"1.0.2"}