{
  "resourceType": "ValueSet",
  "id": "claim-exception",
  "meta": {
    "lastUpdated": "2015-10-24T07:41:03.495+11:00",
    "profile": [
      "http://hl7.org/fhir/StructureDefinition/valueset-shareable-definition"
    ]
  },
  "text": {
    "status": "generated",
    "div": "<div><h2>Exception Codes</h2><p>This value set includes sample Exception codes.</p><p><b>Copyright Statement:</b> This is an example set.</p><p>This value set has an inline code system http://hl7.org/fhir/exception, which defines the following codes:</p><table class=\"codes\"><tr><td><b>Code</b></td><td><b>Display</b></td><td><b>Definition</b></td></tr><tr><td>student<a name=\"student\"> </a></td><td>Student (Fulltime)</td><td>Fulltime Student</td></tr><tr><td>disabled<a name=\"disabled\"> </a></td><td>Disabled</td><td>Disabled</td></tr></table></div>"
  },
  "extension": [
    {
      "url": "http://hl7.org/fhir/StructureDefinition/valueset-oid",
      "valueUri": "urn:oid:2.16.840.1.113883.4.642.2.307"
    }
  ],
  "url": "http://hl7.org/fhir/ValueSet/claim-exception",
  "version": "1.0.2",
  "name": "Exception Codes",
  "status": "draft",
  "experimental": true,
  "publisher": "Financial Management",
  "contact": [
    {
      "telecom": [
        {
          "system": "other",
          "value": "http://hl7.org/fhir"
        }
      ]
    }
  ],
  "date": "2015-10-24T07:41:03+11:00",
  "description": "This value set includes sample Exception codes.",
  "copyright": "This is an example set.",
  "codeSystem": {
    "extension": [
      {
        "url": "http://hl7.org/fhir/StructureDefinition/valueset-oid",
        "valueUri": "urn:oid:2.16.840.1.113883.4.642.1.307"
      }
    ],
    "system": "http://hl7.org/fhir/exception",
    "caseSensitive": true,
    "concept": [
      {
        "code": "student",
        "display": "Student (Fulltime)",
        "_display": {
          "fhir_comments": [
            "   student over the age limit   "
          ]
        },
        "definition": "Fulltime Student"
      },
      {
        "code": "disabled",
        "display": "Disabled",
        "_display": {
          "fhir_comments": [
            "   disabled   "
          ]
        },
        "definition": "Disabled"
      }
    ]
  }
}