{"compose":{"exclude":[{"filter":[{"op":"is-a","property":"concept","value":"410942007"}],"system":"http://snomed.info/sct"},{"filter":[{"op":"is-a","property":"concept","value":"438951008"}],"system":"http://snomed.info/sct"},{"filter":[{"op":"is-a","property":"concept","value":"312412007"}],"system":"http://snomed.info/sct"},{"filter":[{"op":"is-a","property":"concept","value":"312413002"}],"system":"http://snomed.info/sct"},{"filter":[{"op":"is-a","property":"concept","value":"312417001"}],"system":"http://snomed.info/sct"}],"include":[{"filter":[{"op":"is-a","property":"concept","value":"105590001"}],"system":"http://snomed.info/sct"}]},"contact":[{"telecom":[{"system":"other","value":"http://hl7.org/fhir"}]}],"copyright":"This value set includes content from SNOMED CT, which is copyright © 2002+ International Health Terminology Standards Development Organisation (IHTSDO), and distributed by agreement between IHTSDO and HL7. Implementer use of SNOMED CT is not covered by this agreement.","description":"SNOMED CT Substance concepts Other Than Clinical Drug Substances that are not represented by RXNORM  drug concepts or FDA UNII substance concepts. This value set is meant to be quite broad and includes many substances that may never be prescribed or be a reactant. It does not remove all overlap with RXNORM and UNII; for those concepts, the alternative code system should be chosen.","extension":[{"url":"http://hl7.org/fhir/StructureDefinition/valueset-oid","valueUri":"urn:oid:2.16.840.1.113762.1.4.1010.9"}],"id":"substance-sct","meta":{"lastUpdated":"2015-10-24T07:41:03.495+11:00"},"name":"DAF SNOMED CT Substances Other Than Clinical Drugs","publisher":"FHIR Project team","resourceType":"ValueSet","status":"draft","text":{"div":"<div><h2>DAF SNOMED CT Substances Other Than Clinical Drugs</h2><p>SNOMED CT Substance concepts Other Than Clinical Drug Substances that are not represented by RXNORM  drug concepts or FDA UNII substance concepts. This value set is meant to be quite broad and includes many substances that may never be prescribed or be a reactant. It does not remove all overlap with RXNORM and UNII; for those concepts, the alternative code system should be chosen.</p><p><b>Copyright Statement:</b> This value set includes content from SNOMED CT, which is copyright &copy; 2002+ International Health Terminology Standards Development Organisation (IHTSDO), and distributed by agreement between IHTSDO and HL7. Implementer use of SNOMED CT is not covered by this agreement.</p><p>This value set includes codes from the following code systems:</p><ul><li>Include codes from http://snomed.info/sct where concept  is-a  105590001</li><li>Exclude codes from http://snomed.info/sct where concept  is-a  410942007</li><li>Exclude codes from http://snomed.info/sct where concept  is-a  438951008</li><li>Exclude codes from http://snomed.info/sct where concept  is-a  312412007</li><li>Exclude codes from http://snomed.info/sct where concept  is-a  312413002</li><li>Exclude codes from http://snomed.info/sct where concept  is-a  312417001</li></ul></div>","status":"generated"},"url":"http://hl7.org/fhir/ValueSet/substance-sct"}