{"codeSystem":{"caseSensitive":true,"concept":[{"code":"blood","definition":"Blood or Blood Product","display":"Blood or Blood Product"},{"code":"device","definition":"Device or Medical/Surgical Supply, including Health Information Technology (HIT)","display":"Device, Materials, or Information Technology"},{"code":"fall","definition":"Fall by patient","display":"Fall"},{"code":"infection","definition":"Healthcare-related infection","display":"Healthcare-Related Infection"},{"code":"substance","definition":"Medication or Other Substance","display":"Medication or Other Substance"},{"code":"perinatal","definition":"Perinatal","display":"Perinatal"},{"code":"ulcer","definition":"Pressure Ulcer","display":"Pressure Ulcer"},{"code":"surgery","definition":"Surgery or Anesthesia (includes invasive procedures)","display":"Surgery or Anesthesia"},{"code":"embolism","definition":"Venous Thromboembolism","display":"Venous Thromboembolism"},{"code":"other","definition":"Other (please specify)","display":"Other (please specify)"}],"system":"http://hl7.org/fhir/qicore-adverseevent-category"},"contact":[{"telecom":[{"system":"other","value":"http://www.hl7.org/Special/committees/cqi"}]}],"date":"2015-10-24T07:41:03+11:00","description":"Value Set for QICore Adverse Event Category (Preferred)","experimental":true,"extension":[{"url":"http://hl7.org/fhir/StructureDefinition/valueset-oid","valueUri":"urn:oid:2.16.840.1.113883.4.642.2.0"}],"id":"qicore-adverseevent-category","meta":{"lastUpdated":"2015-10-24T07:41:03.495+11:00","profile":["http://hl7.org/fhir/StructureDefinition/valueset-shareable-definition"]},"name":"QICore Adverse Event Category Codes","publisher":"HL7 Clinical Quality Information (CQI) Work Group","resourceType":"ValueSet","status":"draft","text":{"div":"<div><h2>QICore Adverse Event Category Codes</h2><p>Value Set for QICore Adverse Event Category (Preferred)</p><p>This value set has an inline code system http://hl7.org/fhir/qicore-adverseevent-category, which defines the following codes:</p><table class=\"codes\"><tr><td><b>Code</b></td><td><b>Display</b></td><td><b>Definition</b></td></tr><tr><td>blood<a name=\"blood\"> </a></td><td>Blood or Blood Product</td><td>Blood or Blood Product</td></tr><tr><td>device<a name=\"device\"> </a></td><td>Device, Materials, or Information Technology</td><td>Device or Medical/Surgical Supply, including Health Information Technology (HIT)</td></tr><tr><td>fall<a name=\"fall\"> </a></td><td>Fall</td><td>Fall by patient</td></tr><tr><td>infection<a name=\"infection\"> </a></td><td>Healthcare-Related Infection</td><td>Healthcare-related infection</td></tr><tr><td>substance<a name=\"substance\"> </a></td><td>Medication or Other Substance</td><td>Medication or Other Substance</td></tr><tr><td>perinatal<a name=\"perinatal\"> </a></td><td>Perinatal</td><td>Perinatal</td></tr><tr><td>ulcer<a name=\"ulcer\"> </a></td><td>Pressure Ulcer</td><td>Pressure Ulcer</td></tr><tr><td>surgery<a name=\"surgery\"> </a></td><td>Surgery or Anesthesia</td><td>Surgery or Anesthesia (includes invasive procedures)</td></tr><tr><td>embolism<a name=\"embolism\"> </a></td><td>Venous Thromboembolism</td><td>Venous Thromboembolism</td></tr><tr><td>other<a name=\"other\"> </a></td><td>Other (please specify)</td><td>Other (please specify)</td></tr></table></div>","status":"generated"},"url":"http://hl7.org/fhir/ValueSet/qicore-adverseevent-category","version":"1.0.2"}