{"compose":{"include":[{"system":"http://hl7.org/fhir/v2/0078"}]},"contact":[{"telecom":[{"system":"other","value":"http://hl7.org/fhir"}]}],"date":"2015-10-24T07:41:03+11:00","description":"This value set defines the set of Codes identifying interpretations of observations","experimental":true,"extension":[{"url":"http://hl7.org/fhir/StructureDefinition/valueset-oid","valueUri":"urn:oid:2.16.840.1.113883.4.642.2.0"}],"id":"uslab-obs-interpretation","meta":{"lastUpdated":"2015-10-24T07:41:03.495+11:00","profile":["http://hl7.org/fhir/StructureDefinition/valueset-shareable-definition"]},"name":"US Laboratory Observation Profile Interpretation Codes","publisher":"HL7 International - Orders and Observations WG","resourceType":"ValueSet","status":"draft","text":{"div":"<div><h2>US Laboratory Observation Profile Interpretation Codes</h2><p>This value set defines the set of Codes identifying interpretations of observations</p><p>This value set includes codes from the following code systems:</p><ul><li>Include all codes defined in <a href=\"../v2/0078/index.html\">http://hl7.org/fhir/v2/0078</a></li></ul></div>","status":"generated"},"url":"http://hl7.org/fhir/ValueSet/uslab-obs-interpretation","version":"1.0.2"}