{"compose":{"include":[{"filter":[{"op":"=","property":"SCALE_TYP","value":"Doc"}],"system":"http://loinc.org"}]},"contact":[{"telecom":[{"system":"other","value":"http://hl7.org"}]}],"copyright":"This content from LOINC® is copyright © 1995 Regenstrief Institute, Inc. and the LOINC Committee, and available at no cost under the license at http://loinc.org/terms-of-use.","date":"2015-10-24T07:41:03+11:00","description":"FHIR Document Codes - all LOINC codes where scale type = 'DOC'.","experimental":true,"extension":[{"url":"http://hl7.org/fhir/StructureDefinition/valueset-oid","valueUri":"urn:oid:2.16.840.1.113883.4.642.2.121"}],"id":"doc-typecodes","meta":{"lastUpdated":"2015-10-24T07:41:03.495+11:00","profile":["http://hl7.org/fhir/StructureDefinition/valueset-shareable-definition"]},"name":"FHIR Document Type Codes","publisher":"HL7","resourceType":"ValueSet","status":"draft","text":{"div":"<div><h2>FHIR Document Type Codes</h2><p>FHIR Document Codes - all LOINC codes where scale type = 'DOC'.</p><p><b>Copyright Statement:</b> This content from LOINC&reg; is copyright &copy; 1995 Regenstrief Institute, Inc. and the LOINC Committee, and available at no cost under the license at http://loinc.org/terms-of-use.</p><p>This value set includes codes from the following code systems:</p><ul><li>Include codes from http://loinc.org where SCALE_TYP  =  Doc</li></ul></div>","status":"generated"},"url":"http://hl7.org/fhir/ValueSet/doc-typecodes","version":"1.0.2"}