{
  "resourceType": "ValueSet",
  "id": "allergy-intolerance-category",
  "meta": {
    "lastUpdated": "2015-10-24T07:41:03.495+11:00",
    "profile": [
      "http://hl7.org/fhir/StructureDefinition/valueset-shareable-definition"
    ]
  },
  "text": {
    "status": "generated",
    "div": "<div><h2>AllergyIntoleranceCategory</h2><p>Category of an identified Substance.</p><p>This value set has an inline code system http://hl7.org/fhir/allergy-intolerance-category, which defines the following codes:</p><table class=\"codes\"><tr><td><b>Code</b></td><td><b>Display</b></td><td><b>Definition</b></td></tr><tr><td>food<a name=\"food\"> </a></td><td>Food</td><td>Any substance consumed to provide nutritional support for the body.</td></tr><tr><td>medication<a name=\"medication\"> </a></td><td>Medication</td><td>Substances administered to achieve a physiological effect.</td></tr><tr><td>environment<a name=\"environment\"> </a></td><td>Environment</td><td>Substances that are encountered in the environment.</td></tr><tr><td>other<a name=\"other\"> </a></td><td>Other</td><td>Other substances that are not covered by any other category.</td></tr></table></div>"
  },
  "extension": [
    {
      "url": "http://hl7.org/fhir/StructureDefinition/valueset-oid",
      "valueUri": "urn:oid:2.16.840.1.113883.4.642.2.53"
    }
  ],
  "url": "http://hl7.org/fhir/ValueSet/allergy-intolerance-category",
  "version": "1.0.2",
  "name": "AllergyIntoleranceCategory",
  "status": "draft",
  "experimental": false,
  "publisher": "HL7 (FHIR Project)",
  "contact": [
    {
      "telecom": [
        {
          "system": "other",
          "value": "http://hl7.org/fhir"
        },
        {
          "system": "email",
          "value": "fhir@lists.hl7.org"
        }
      ]
    }
  ],
  "date": "2015-10-24T07:41:03+11:00",
  "description": "Category of an identified Substance.",
  "codeSystem": {
    "extension": [
      {
        "url": "http://hl7.org/fhir/StructureDefinition/valueset-oid",
        "valueUri": "urn:oid:2.16.840.1.113883.4.642.1.53"
      }
    ],
    "system": "http://hl7.org/fhir/allergy-intolerance-category",
    "version": "1.0.2",
    "caseSensitive": true,
    "concept": [
      {
        "code": "food",
        "display": "Food",
        "definition": "Any substance consumed to provide nutritional support for the body."
      },
      {
        "code": "medication",
        "display": "Medication",
        "definition": "Substances administered to achieve a physiological effect."
      },
      {
        "code": "environment",
        "display": "Environment",
        "definition": "Substances that are encountered in the environment."
      },
      {
        "code": "other",
        "display": "Other",
        "definition": "Other substances that are not covered by any other category."
      }
    ]
  }
}