{
  "resourceType": "ValueSet",
  "id": "note-type",
  "meta": {
    "lastUpdated": "2015-10-24T07:41:03.495+11:00",
    "profile": [
      "http://hl7.org/fhir/StructureDefinition/valueset-shareable-definition"
    ]
  },
  "text": {
    "status": "generated",
    "div": "<div><h2>NoteType</h2><p>The presentation types of notes.</p><p>This value set has an inline code system http://hl7.org/fhir/note-type, which defines the following codes:</p><table class=\"codes\"><tr><td><b>Code</b></td><td><b>Display</b></td><td><b>Definition</b></td></tr><tr><td>display<a name=\"display\"> </a></td><td>Display</td><td>Display the note.</td></tr><tr><td>print<a name=\"print\"> </a></td><td>Print (Form)</td><td>Print the note on the form.</td></tr><tr><td>printoper<a name=\"printoper\"> </a></td><td>Print (Operator)</td><td>Print the note for the operator.</td></tr></table></div>"
  },
  "extension": [
    {
      "url": "http://hl7.org/fhir/StructureDefinition/valueset-oid",
      "valueUri": "urn:oid:2.16.840.1.113883.4.642.2.8"
    }
  ],
  "url": "http://hl7.org/fhir/ValueSet/note-type",
  "version": "1.0.2",
  "name": "NoteType",
  "status": "draft",
  "experimental": false,
  "publisher": "HL7 (FHIR Project)",
  "contact": [
    {
      "telecom": [
        {
          "system": "other",
          "value": "http://hl7.org/fhir"
        },
        {
          "system": "email",
          "value": "fhir@lists.hl7.org"
        }
      ]
    }
  ],
  "date": "2015-10-24T07:41:03+11:00",
  "description": "The presentation types of notes.",
  "codeSystem": {
    "extension": [
      {
        "url": "http://hl7.org/fhir/StructureDefinition/valueset-oid",
        "valueUri": "urn:oid:2.16.840.1.113883.4.642.1.8"
      }
    ],
    "system": "http://hl7.org/fhir/note-type",
    "version": "1.0.2",
    "caseSensitive": true,
    "concept": [
      {
        "code": "display",
        "display": "Display",
        "definition": "Display the note."
      },
      {
        "code": "print",
        "display": "Print (Form)",
        "definition": "Print the note on the form."
      },
      {
        "code": "printoper",
        "display": "Print (Operator)",
        "definition": "Print the note for the operator."
      }
    ]
  }
}