{"compose":{"include":[{"concept":[{"code":"82242000","display":"Hospital-children's"},{"code":"225732001","display":"Hospital-community"},{"code":"79993009","display":"Hospital-government"},{"code":"32074000","display":"Hospital-long term care"},{"code":"4322002","display":"Hospital-military field"},{"code":"224687002","display":"Hospital-prison"},{"code":"62480006","display":"Hospital-psychiatric"},{"code":"80522000","display":"Hospital-rehabilitation"},{"code":"36125001","display":"Hospital-trauma center"},{"code":"48311003","display":"Hospital-Veterans' Administration"},{"code":"284546000","display":"Hospice facility"},{"code":"42665001","display":"Nursing home"},{"code":"45618002","display":"Skilled nursing facility"},{"code":"418518002","display":"Dialysis unit--hospital"},{"code":"73770003","display":"Emergency department--hospital"},{"code":"69362002","display":"Hospital ambulatory surgery facility"},{"code":"52668009","display":"Hospital birthing center"},{"code":"360957003","display":"Hospital outpatient allergy clinic"},{"code":"10206005","display":"Hospital outpatient dental clinic"},{"code":"37550003","display":"Hospital outpatient dermatology clinic"},{"code":"73644007","display":"Hospital outpatient endocrinology clinic"},{"code":"31628002","display":"Hospital outpatient family medicine clinic"},{"code":"58482006","display":"Hospital outpatient gastroenterology clinic"},{"code":"90484001","display":"Hospital outpatient general surgery clinic"},{"code":"1814000","display":"Hospital outpatient geriatric health center"},{"code":"22549003","display":"Hospital outpatient gynecology clinic"},{"code":"56293002","display":"Hospital outpatient hematology clinic"},{"code":"360966004","display":"Hospital outpatient immunology clinic"},{"code":"2849009","display":"Hospital outpatient infectious disease clinic"},{"code":"14866005","display":"Hospital outpatient mental health center"},{"code":"38238005","display":"Hospital outpatient neurology clinic"},{"code":"56189001","display":"Hospital outpatient obstetrical clinic"},{"code":"89972002","display":"Hospital outpatient oncology clinic"},{"code":"78088001","display":"Hospital outpatient ophthalmology clinic"},{"code":"78001009","display":"Hospital outpatient orthopedics clinic"},{"code":"23392004","display":"Hospital outpatient otorhinolaryngology clinic"},{"code":"36293008","display":"Hospital outpatient pain clinic"},{"code":"3729002","display":"Hospital outpatient pediatric clinic"},{"code":"5584006","display":"Hospital outpatient peripheral vascular clinic"},{"code":"37546005","display":"Hospital outpatient rehabilitation clinic"},{"code":"57159002","display":"Hospital outpatient respiratory disease clinic"},{"code":"331006","display":"Hospital outpatient rheumatology clinic"},{"code":"50569004","display":"Hospital outpatient urology clinic"},{"code":"79491001","display":"Hospital radiology facility"},{"code":"33022008","display":"Hospital-based outpatient clinic or department--OTHER-NOT LISTED"},{"code":"19602009","display":"Fee-for-service private physicians' group office"},{"code":"39350007","display":"Private physicians' group office"},{"code":"83891005","display":"Solo practice private office"},{"code":"394759007","display":"Independent ambulatory care provider site--OTHER--NOT LISTED"},{"code":"405607001","display":"Ambulatory surgery center"},{"code":"309900005","display":"Care of the elderly day hospital"},{"code":"275576008","display":"Elderly assessment clinic"},{"code":"10531005","display":"Free-standing ambulatory surgery facility"},{"code":"91154008","display":"Free-standing birthing center"},{"code":"41844007","display":"Free-standing geriatric health center"},{"code":"45899008","display":"Free-standing laboratory facility"},{"code":"51563005","display":"Free-standing mental health center"},{"code":"1773006","display":"Free-standing radiology facility"},{"code":"72311000","display":"Health maintenance organization"},{"code":"6827000","display":"Local community health center"},{"code":"309898008","display":"Psychogeriatric day hospital"},{"code":"39913001","display":"Residential school infirmary"},{"code":"77931003","display":"Rural health center"},{"code":"25681007","display":"Sexually transmitted disease health center"},{"code":"20078004","display":"Substance abuse treatment center"},{"code":"46224007","display":"Vaccination clinic"},{"code":"81234003","display":"Walk-in clinic"},{"code":"35971002","display":"Ambulatory care site--OTHER--NOT LISTED"},{"code":"11424001","display":"Ambulance-based care"},{"code":"409519008","display":"Contained casualty setting"},{"code":"901005","display":"Helicopter-based care"},{"code":"2081004","display":"Hospital ship"},{"code":"59374000","display":"Traveler's aid clinic"},{"code":"413456002","display":"Adult day care center"},{"code":"413817003","display":"Child day care center"},{"code":"310205006","display":"Private residential home"},{"code":"419955002","display":"Residential institution"},{"code":"272501009","display":"Sports facility"},{"code":"394777002","display":"Health encounter site--NOT LISTED"}],"system":"http://snomed.info/sct"}]},"contact":[{"telecom":[{"system":"other","value":"http://hl7.org/fhir"},{"system":"email","value":"fhir@lists.hl7.org"}]}],"copyright":"This value set includes content from SNOMED CT, which is copyright © 2002+ International Health Terminology Standards Development Organisation (IHTSDO), and distributed by agreement between IHTSDO and HL7. Implementer use of SNOMED CT is not covered by this agreement.","date":"2015-10-24T07:41:03+11:00","description":"This is the code representing the type of organizational setting where the clinical encounter, service, interaction, or treatment occurred. The value set used for Healthcare Facility Type has been defined by HITSP to be the value set reproduced from HITSP C80 Table 2-147.","experimental":true,"extension":[{"url":"http://hl7.org/fhir/StructureDefinition/valueset-oid","valueUri":"urn:oid:2.16.840.1.113883.3.88.12.80.67"},{"url":"http://hl7.org/fhir/StructureDefinition/valueset-oid","valueUri":"urn:oid:2.16.840.1.113883.4.642.2.131"}],"id":"c80-facilitycodes","meta":{"lastUpdated":"2015-10-23T20:41:03.495+00:00","profile":["http://hl7.org/fhir/StructureDefinition/valueset-shareable-definition"]},"name":"Facility Type Code Value Set","publisher":"HITSP","resourceType":"ValueSet","status":"active","text":{"div":"<div><h2>Facility Type Code Value Set</h2><p>This is the code representing the type of organizational setting where the clinical encounter, service, interaction, or treatment occurred. The value set used for Healthcare Facility Type has been defined by HITSP to be the value set reproduced from HITSP C80 Table 2-147.</p><p><b>Copyright Statement:</b> This value set includes content from SNOMED CT, which is copyright &copy; 2002+ International Health Terminology Standards Development Organisation (IHTSDO), and distributed by agreement between IHTSDO and HL7. Implementer use of SNOMED CT is not covered by this agreement.</p><p>This value set includes codes from the following code systems:</p><ul><li>Include these codes as defined in http://snomed.info/sct<table><tr><td><b>Code</b></td><td><b>Display</b></td></tr><tr><td>82242000</td><td>Hospital-children's</td><td/></tr><tr><td>225732001</td><td>Hospital-community</td><td/></tr><tr><td>79993009</td><td>Hospital-government</td><td/></tr><tr><td>32074000</td><td>Hospital-long term care</td><td/></tr><tr><td>4322002</td><td>Hospital-military field</td><td/></tr><tr><td>224687002</td><td>Hospital-prison</td><td/></tr><tr><td>62480006</td><td>Hospital-psychiatric</td><td/></tr><tr><td>80522000</td><td>Hospital-rehabilitation</td><td/></tr><tr><td>36125001</td><td>Hospital-trauma center</td><td/></tr><tr><td>48311003</td><td>Hospital-Veterans' Administration</td><td/></tr><tr><td>284546000</td><td>Hospice facility</td><td/></tr><tr><td>42665001</td><td>Nursing home</td><td/></tr><tr><td>45618002</td><td>Skilled nursing facility</td><td/></tr><tr><td>418518002</td><td>Dialysis unit--hospital</td><td/></tr><tr><td>73770003</td><td>Emergency department--hospital</td><td/></tr><tr><td>69362002</td><td>Hospital ambulatory surgery facility</td><td/></tr><tr><td>52668009</td><td>Hospital birthing center</td><td/></tr><tr><td>360957003</td><td>Hospital outpatient allergy clinic</td><td/></tr><tr><td>10206005</td><td>Hospital outpatient dental clinic</td><td/></tr><tr><td>37550003</td><td>Hospital outpatient dermatology clinic</td><td/></tr><tr><td>73644007</td><td>Hospital outpatient endocrinology clinic</td><td/></tr><tr><td>31628002</td><td>Hospital outpatient family medicine clinic</td><td/></tr><tr><td>58482006</td><td>Hospital outpatient gastroenterology clinic</td><td/></tr><tr><td>90484001</td><td>Hospital outpatient general surgery clinic</td><td/></tr><tr><td>1814000</td><td>Hospital outpatient geriatric health center</td><td/></tr><tr><td>22549003</td><td>Hospital outpatient gynecology clinic</td><td/></tr><tr><td>56293002</td><td>Hospital outpatient hematology clinic</td><td/></tr><tr><td>360966004</td><td>Hospital outpatient immunology clinic</td><td/></tr><tr><td>2849009</td><td>Hospital outpatient infectious disease clinic</td><td/></tr><tr><td>14866005</td><td>Hospital outpatient mental health center</td><td/></tr><tr><td>38238005</td><td>Hospital outpatient neurology clinic</td><td/></tr><tr><td>56189001</td><td>Hospital outpatient obstetrical clinic</td><td/></tr><tr><td>89972002</td><td>Hospital outpatient oncology clinic</td><td/></tr><tr><td>78088001</td><td>Hospital outpatient ophthalmology clinic</td><td/></tr><tr><td>78001009</td><td>Hospital outpatient orthopedics clinic</td><td/></tr><tr><td>23392004</td><td>Hospital outpatient otorhinolaryngology clinic</td><td/></tr><tr><td>36293008</td><td>Hospital outpatient pain clinic</td><td/></tr><tr><td>3729002</td><td>Hospital outpatient pediatric clinic</td><td/></tr><tr><td>5584006</td><td>Hospital outpatient peripheral vascular clinic</td><td/></tr><tr><td>37546005</td><td>Hospital outpatient rehabilitation clinic</td><td/></tr><tr><td>57159002</td><td>Hospital outpatient respiratory disease clinic</td><td/></tr><tr><td>331006</td><td>Hospital outpatient rheumatology clinic</td><td/></tr><tr><td>50569004</td><td>Hospital outpatient urology clinic</td><td/></tr><tr><td>79491001</td><td>Hospital radiology facility</td><td/></tr><tr><td>33022008</td><td>Hospital-based outpatient clinic or department--OTHER-NOT LISTED</td><td/></tr><tr><td>19602009</td><td>Fee-for-service private physicians' group office</td><td/></tr><tr><td>39350007</td><td>Private physicians' group office</td><td/></tr><tr><td>83891005</td><td>Solo practice private office</td><td/></tr><tr><td>394759007</td><td>Independent ambulatory care provider site--OTHER--NOT LISTED</td><td/></tr><tr><td>405607001</td><td>Ambulatory surgery center</td><td/></tr><tr><td>309900005</td><td>Care of the elderly day hospital</td><td/></tr><tr><td>275576008</td><td>Elderly assessment clinic</td><td/></tr><tr><td>10531005</td><td>Free-standing ambulatory surgery facility</td><td/></tr><tr><td>91154008</td><td>Free-standing birthing center</td><td/></tr><tr><td>41844007</td><td>Free-standing geriatric health center</td><td/></tr><tr><td>45899008</td><td>Free-standing laboratory facility</td><td/></tr><tr><td>51563005</td><td>Free-standing mental health center</td><td/></tr><tr><td>1773006</td><td>Free-standing radiology facility</td><td/></tr><tr><td>72311000</td><td>Health maintenance organization</td><td/></tr><tr><td>6827000</td><td>Local community health center</td><td/></tr><tr><td>309898008</td><td>Psychogeriatric day hospital</td><td/></tr><tr><td>39913001</td><td>Residential school infirmary</td><td/></tr><tr><td>77931003</td><td>Rural health center</td><td/></tr><tr><td>25681007</td><td>Sexually transmitted disease health center</td><td/></tr><tr><td>20078004</td><td>Substance abuse treatment center</td><td/></tr><tr><td>46224007</td><td>Vaccination clinic</td><td/></tr><tr><td>81234003</td><td>Walk-in clinic</td><td/></tr><tr><td>35971002</td><td>Ambulatory care site--OTHER--NOT LISTED</td><td/></tr><tr><td>11424001</td><td>Ambulance-based care</td><td/></tr><tr><td>409519008</td><td>Contained casualty setting</td><td/></tr><tr><td>901005</td><td>Helicopter-based care</td><td/></tr><tr><td>2081004</td><td>Hospital ship</td><td/></tr><tr><td>59374000</td><td>Traveler's aid clinic</td><td/></tr><tr><td>413456002</td><td>Adult day care center</td><td/></tr><tr><td>413817003</td><td>Child day care center</td><td/></tr><tr><td>310205006</td><td>Private residential home</td><td/></tr><tr><td>419955002</td><td>Residential institution</td><td/></tr><tr><td>272501009</td><td>Sports facility</td><td/></tr><tr><td>394777002</td><td>Health encounter site--NOT LISTED</td><td/></tr></table></li></ul></div>","status":"generated"},"url":"http://hl7.org/fhir/ValueSet/c80-facilitycodes","version":"20091109"}