{"codeSystem":{"caseSensitive":true,"concept":[{"code":"page","definition":"This is a page of content that is included in the implementation guide. It has no particular function.","display":"Page"},{"code":"example","definition":"This is a page that represents a human readable rendering of an example.","display":"Example"},{"code":"list","definition":"This is a page that represents a list of resources of one or more types.","display":"List"},{"code":"include","definition":"This is a page showing where an included guide is injected.","display":"Include"},{"code":"directory","concept":[{"code":"dictionary","definition":"This is a page that creates the listed resources as a dictionary.","display":"Dictionary"}],"definition":"This is a page that lists the resources of a given type, and also creates pages for all the listed types as other pages in the section.","display":"Directory"},{"code":"toc","definition":"This is a generated page that contains the table of contents.","display":"Table Of Contents"},{"code":"resource","definition":"This is a page that represents a presented resource. This is typically used for generated conformance resource presentations.","display":"Resource"}],"extension":[{"url":"http://hl7.org/fhir/StructureDefinition/valueset-oid","valueUri":"urn:oid:2.16.840.1.113883.4.642.1.171"}],"system":"http://hl7.org/fhir/guide-page-kind","version":"1.0.2"},"contact":[{"telecom":[{"system":"other","value":"http://hl7.org/fhir"},{"system":"email","value":"fhir@lists.hl7.org"}]}],"date":"2015-10-24T07:41:03+11:00","description":"The kind of an included page.","experimental":false,"extension":[{"url":"http://hl7.org/fhir/StructureDefinition/valueset-oid","valueUri":"urn:oid:2.16.840.1.113883.4.642.2.171"}],"id":"guide-page-kind","meta":{"lastUpdated":"2015-10-24T07:41:03.495+11:00","profile":["http://hl7.org/fhir/StructureDefinition/valueset-shareable-definition"]},"name":"GuidePageKind","publisher":"HL7 (FHIR Project)","resourceType":"ValueSet","status":"draft","text":{"div":"<div><h2>GuidePageKind</h2><p>The kind of an included page.</p><p>This value set has an inline code system http://hl7.org/fhir/guide-page-kind, which defines the following codes:</p><table class=\"codes\"><tr><td><b>Lvl</b></td><td><b>Code</b></td><td><b>Display</b></td><td><b>Definition</b></td></tr><tr><td>1</td><td>page<a name=\"page\"> </a></td><td>Page</td><td>This is a page of content that is included in the implementation guide. It has no particular function.</td></tr><tr><td>1</td><td>example<a name=\"example\"> </a></td><td>Example</td><td>This is a page that represents a human readable rendering of an example.</td></tr><tr><td>1</td><td>list<a name=\"list\"> </a></td><td>List</td><td>This is a page that represents a list of resources of one or more types.</td></tr><tr><td>1</td><td>include<a name=\"include\"> </a></td><td>Include</td><td>This is a page showing where an included guide is injected.</td></tr><tr><td>1</td><td>directory<a name=\"directory\"> </a></td><td>Directory</td><td>This is a page that lists the resources of a given type, and also creates pages for all the listed types as other pages in the section.</td></tr><tr><td>2</td><td>&nbsp;&nbsp;dictionary<a name=\"dictionary\"> </a></td><td>Dictionary</td><td>This is a page that creates the listed resources as a dictionary.</td></tr><tr><td>1</td><td>toc<a name=\"toc\"> </a></td><td>Table Of Contents</td><td>This is a generated page that contains the table of contents.</td></tr><tr><td>1</td><td>resource<a name=\"resource\"> </a></td><td>Resource</td><td>This is a page that represents a presented resource. This is typically used for generated conformance resource presentations.</td></tr></table></div>","status":"generated"},"url":"http://hl7.org/fhir/ValueSet/guide-page-kind","version":"1.0.2"}