{
  "resourceType": "ValueSet",
  "id": "risk-probability",
  "meta": {
    "lastUpdated": "2015-10-24T07:41:03.495+11:00",
    "profile": [
      "http://hl7.org/fhir/StructureDefinition/valueset-shareable-definition"
    ]
  },
  "text": {
    "status": "generated",
    "div": "<div><h2>Risk Probability</h2><p>Codes representing the likelihood of a particular outcome in a risk assessment.</p><p>This value set has an inline code system http://hl7.org/fhir/risk-probability, which defines the following codes:</p><table class=\"codes\"><tr><td><b>Code</b></td><td><b>Display</b></td><td><b>Definition</b></td></tr><tr><td>negligible<a name=\"negligible\"> </a></td><td>Negligible likelihood</td><td>The specified outcome is exceptionally unlikely.</td></tr><tr><td>low<a name=\"low\"> </a></td><td>Low likelihood</td><td>The specified outcome is possible but unlikely.</td></tr><tr><td>moderate<a name=\"moderate\"> </a></td><td>Moderate likelihood</td><td>The specified outcome has a reasonable likelihood of occurrence.</td></tr><tr><td>high<a name=\"high\"> </a></td><td>High likelihood</td><td>The specified outcome is more likely to occur than not.</td></tr><tr><td>certain<a name=\"certain\"> </a></td><td>Certain</td><td>The specified outcome is effectively guaranteed.</td></tr></table></div>"
  },
  "extension": [
    {
      "url": "http://hl7.org/fhir/StructureDefinition/valueset-oid",
      "valueUri": "urn:oid:2.16.840.1.113883.4.642.2.262"
    }
  ],
  "url": "http://hl7.org/fhir/ValueSet/risk-probability",
  "version": "1.0.2",
  "name": "Risk Probability",
  "status": "draft",
  "experimental": true,
  "publisher": "FHIR Project team",
  "contact": [
    {
      "telecom": [
        {
          "system": "other",
          "value": "http://hl7.org/fhir"
        }
      ]
    }
  ],
  "date": "2015-10-24T07:41:03+11:00",
  "description": "Codes representing the likelihood of a particular outcome in a risk assessment.",
  "codeSystem": {
    "extension": [
      {
        "url": "http://hl7.org/fhir/StructureDefinition/valueset-oid",
        "valueUri": "urn:oid:2.16.840.1.113883.4.642.1.262"
      }
    ],
    "system": "http://hl7.org/fhir/risk-probability",
    "caseSensitive": true,
    "concept": [
      {
        "code": "negligible",
        "display": "Negligible likelihood",
        "definition": "The specified outcome is exceptionally unlikely."
      },
      {
        "code": "low",
        "display": "Low likelihood",
        "definition": "The specified outcome is possible but unlikely."
      },
      {
        "code": "moderate",
        "display": "Moderate likelihood",
        "definition": "The specified outcome has a reasonable likelihood of occurrence."
      },
      {
        "code": "high",
        "display": "High likelihood",
        "definition": "The specified outcome is more likely to occur than not."
      },
      {
        "code": "certain",
        "display": "Certain",
        "definition": "The specified outcome is effectively guaranteed."
      }
    ]
  }
}