{
  "resourceType": "ValueSet",
  "id": "process-outcome",
  "meta": {
    "lastUpdated": "2015-10-24T07:41:03.495+11:00",
    "profile": [
      "http://hl7.org/fhir/StructureDefinition/valueset-shareable-definition"
    ]
  },
  "text": {
    "status": "generated",
    "div": "<div><h2>Process Outcome Codes</h2><p>This value set includes sample Process Outcome codes.</p><p><b>Copyright Statement:</b> This is an example set.</p><p>This value set has an inline code system http://hl7.org/fhir/processoutcomecodes, which defines the following codes:</p><table class=\"codes\"><tr><td><b>Code</b></td><td><b>Definition</b></td></tr><tr><td>complete<a name=\"complete\"> </a></td><td/></tr><tr><td>pended<a name=\"pended\"> </a></td><td/></tr><tr><td>error<a name=\"error\"> </a></td><td/></tr></table></div>"
  },
  "extension": [
    {
      "url": "http://hl7.org/fhir/StructureDefinition/valueset-oid",
      "valueUri": "urn:oid:2.16.840.1.113883.4.642.2.352"
    }
  ],
  "url": "http://hl7.org/fhir/ValueSet/process-outcome",
  "version": "1.0.2",
  "name": "Process Outcome Codes",
  "status": "draft",
  "experimental": true,
  "publisher": "Financial Management",
  "contact": [
    {
      "telecom": [
        {
          "system": "other",
          "value": "http://hl7.org/fhir"
        }
      ]
    }
  ],
  "date": "2015-10-24T07:41:03+11:00",
  "description": "This value set includes sample Process Outcome codes.",
  "copyright": "This is an example set.",
  "codeSystem": {
    "extension": [
      {
        "url": "http://hl7.org/fhir/StructureDefinition/valueset-oid",
        "valueUri": "urn:oid:2.16.840.1.113883.4.642.1.352"
      }
    ],
    "system": "http://hl7.org/fhir/processoutcomecodes",
    "caseSensitive": true,
    "concept": [
      {
        "code": "complete"
      },
      {
        "code": "pended"
      },
      {
        "code": "error"
      }
    ]
  }
}