{
  "resourceType": "ValueSet",
  "id": "immunization-recommendation-status",
  "meta": {
    "lastUpdated": "2015-10-24T07:41:03.495+11:00",
    "profile": [
      "http://hl7.org/fhir/StructureDefinition/valueset-shareable-definition"
    ]
  },
  "text": {
    "status": "generated",
    "div": "<div><h2>Immunization Recommendation Status Codes</h2><p>The value set to instantiate this attribute should be drawn from a terminologically robust code system that consists of or contains concepts to support the medication process, in particular the process and reasons for dispensing. This value set is provided as a suggestive example.</p><p>This value set has an inline code system http://hl7.org/fhir/immunization-recommendation-status, which defines the following codes:</p><table class=\"codes\"><tr><td><b>Code</b></td><td><b>Display</b></td><td><b>Definition</b></td></tr><tr><td>due<a name=\"due\"> </a></td><td>Due</td><td>The patient is due for their next vaccination.</td></tr><tr><td>overdue<a name=\"overdue\"> </a></td><td>Overdue</td><td>The patient is considered overdue for their next vaccination.</td></tr></table></div>"
  },
  "extension": [
    {
      "url": "http://hl7.org/fhir/StructureDefinition/valueset-oid",
      "valueUri": "urn:oid:2.16.840.1.113883.4.642.2.168"
    }
  ],
  "url": "http://hl7.org/fhir/ValueSet/immunization-recommendation-status",
  "version": "1.0.2",
  "name": "Immunization Recommendation Status Codes",
  "status": "draft",
  "experimental": true,
  "publisher": "FHIR Project team",
  "contact": [
    {
      "telecom": [
        {
          "system": "other",
          "value": "http://hl7.org/fhir"
        }
      ]
    }
  ],
  "date": "2015-10-24T07:41:03+11:00",
  "description": "The value set to instantiate this attribute should be drawn from a terminologically robust code system that consists of or contains concepts to support the medication process, in particular the process and reasons for dispensing. This value set is provided as a suggestive example.",
  "codeSystem": {
    "extension": [
      {
        "url": "http://hl7.org/fhir/StructureDefinition/valueset-oid",
        "valueUri": "urn:oid:2.16.840.1.113883.4.642.1.168"
      }
    ],
    "system": "http://hl7.org/fhir/immunization-recommendation-status",
    "caseSensitive": true,
    "concept": [
      {
        "code": "due",
        "display": "Due",
        "definition": "The patient is due for their next vaccination."
      },
      {
        "code": "overdue",
        "display": "Overdue",
        "definition": "The patient is considered overdue for their next vaccination."
      }
    ]
  }
}