{"codeSystem":{"caseSensitive":true,"concept":[{"code":"in-progress","definition":"The procedure is still occurring.","display":"In Progress"},{"code":"aborted","definition":"The procedure was terminated without completing successfully.","display":"Aboted"},{"code":"completed","definition":"All actions involved in the procedure have taken place.","display":"Completed"},{"code":"entered-in-error","definition":"The statement was entered in error and Is not valid.","display":"Entered in Error"}],"extension":[{"url":"http://hl7.org/fhir/StructureDefinition/valueset-oid","valueUri":"urn:oid:2.16.840.1.113883.4.642.1.237"}],"system":"http://hl7.org/fhir/procedure-status","version":"1.0.2"},"contact":[{"telecom":[{"system":"other","value":"http://hl7.org/fhir"},{"system":"email","value":"fhir@lists.hl7.org"}]}],"date":"2015-10-24T07:41:03+11:00","description":"A code specifying the state of the procedure.","experimental":false,"extension":[{"url":"http://hl7.org/fhir/StructureDefinition/valueset-oid","valueUri":"urn:oid:2.16.840.1.113883.4.642.2.237"}],"id":"procedure-status","meta":{"lastUpdated":"2015-10-24T07:41:03.495+11:00","profile":["http://hl7.org/fhir/StructureDefinition/valueset-shareable-definition"]},"name":"ProcedureStatus","publisher":"HL7 (FHIR Project)","resourceType":"ValueSet","status":"draft","text":{"div":"<div><h2>ProcedureStatus</h2><p>A code specifying the state of the procedure.</p><p>This value set has an inline code system http://hl7.org/fhir/procedure-status, which defines the following codes:</p><table class=\"codes\"><tr><td><b>Code</b></td><td><b>Display</b></td><td><b>Definition</b></td></tr><tr><td>in-progress<a name=\"in-progress\"> </a></td><td>In Progress</td><td>The procedure is still occurring.</td></tr><tr><td>aborted<a name=\"aborted\"> </a></td><td>Aboted</td><td>The procedure was terminated without completing successfully.</td></tr><tr><td>completed<a name=\"completed\"> </a></td><td>Completed</td><td>All actions involved in the procedure have taken place.</td></tr><tr><td>entered-in-error<a name=\"entered-in-error\"> </a></td><td>Entered in Error</td><td>The statement was entered in error and Is not valid.</td></tr></table></div>","status":"generated"},"url":"http://hl7.org/fhir/ValueSet/procedure-status","version":"1.0.2"}