{"codeSystem":{"caseSensitive":true,"concept":[{"code":"black","definition":"Color for representation - black.","display":"Color Black"},{"code":"red","definition":"Color for representation - red.","display":"Color Red"},{"code":"green","definition":"Color for representation - green.","display":"Color Green"},{"code":"yellow","definition":"Color for representation - yellow.","display":"Color Yellow"},{"code":"blue","definition":"Color for representation - blue.","display":"Color Blue"},{"code":"magenta","definition":"Color for representation - magenta.","display":"Color Magenta"},{"code":"cyan","definition":"Color for representation - cyan.","display":"Color Cyan"},{"code":"white","definition":"Color for representation - white.","display":"Color White"}],"extension":[{"url":"http://hl7.org/fhir/StructureDefinition/valueset-oid","valueUri":"urn:oid:2.16.840.1.113883.4.642.1.341"}],"system":"http://hl7.org/fhir/metric-color","version":"1.0.2"},"contact":[{"telecom":[{"system":"other","value":"http://hl7.org/fhir"},{"system":"email","value":"fhir@lists.hl7.org"}]}],"date":"2015-10-24T07:41:03+11:00","description":"Describes the typical color of representation.","experimental":false,"extension":[{"url":"http://hl7.org/fhir/StructureDefinition/valueset-oid","valueUri":"urn:oid:2.16.840.1.113883.4.642.2.341"}],"id":"metric-color","meta":{"lastUpdated":"2015-10-24T07:41:03.495+11:00","profile":["http://hl7.org/fhir/StructureDefinition/valueset-shareable-definition"]},"name":"DeviceMetricColor","publisher":"HL7 (FHIR Project)","resourceType":"ValueSet","status":"draft","text":{"div":"<div><h2>DeviceMetricColor</h2><p>Describes the typical color of representation.</p><p>This value set has an inline code system http://hl7.org/fhir/metric-color, which defines the following codes:</p><table class=\"codes\"><tr><td><b>Code</b></td><td><b>Display</b></td><td><b>Definition</b></td></tr><tr><td>black<a name=\"black\"> </a></td><td>Color Black</td><td>Color for representation - black.</td></tr><tr><td>red<a name=\"red\"> </a></td><td>Color Red</td><td>Color for representation - red.</td></tr><tr><td>green<a name=\"green\"> </a></td><td>Color Green</td><td>Color for representation - green.</td></tr><tr><td>yellow<a name=\"yellow\"> </a></td><td>Color Yellow</td><td>Color for representation - yellow.</td></tr><tr><td>blue<a name=\"blue\"> </a></td><td>Color Blue</td><td>Color for representation - blue.</td></tr><tr><td>magenta<a name=\"magenta\"> </a></td><td>Color Magenta</td><td>Color for representation - magenta.</td></tr><tr><td>cyan<a name=\"cyan\"> </a></td><td>Color Cyan</td><td>Color for representation - cyan.</td></tr><tr><td>white<a name=\"white\"> </a></td><td>Color White</td><td>Color for representation - white.</td></tr></table></div>","status":"generated"},"url":"http://hl7.org/fhir/ValueSet/metric-color","version":"1.0.2"}