{
  "resourceType": "ValueSet",
  "id": "metric-calibration-state",
  "meta": {
    "lastUpdated": "2015-10-24T07:41:03.495+11:00",
    "profile": [
      "http://hl7.org/fhir/StructureDefinition/valueset-shareable-definition"
    ]
  },
  "text": {
    "status": "generated",
    "div": "<div><h2>DeviceMetricCalibrationState</h2><p>Describes the state of a metric calibration.</p><p>This value set has an inline code system http://hl7.org/fhir/metric-calibration-state, which defines the following codes:</p><table class=\"codes\"><tr><td><b>Code</b></td><td><b>Display</b></td><td><b>Definition</b></td></tr><tr><td>not-calibrated<a name=\"not-calibrated\"> </a></td><td>Not Calibrated</td><td>The metric has not been calibrated.</td></tr><tr><td>calibration-required<a name=\"calibration-required\"> </a></td><td>Calibration Required</td><td>The metric needs to be calibrated.</td></tr><tr><td>calibrated<a name=\"calibrated\"> </a></td><td>Calibrated</td><td>The metric has been calibrated.</td></tr><tr><td>unspecified<a name=\"unspecified\"> </a></td><td>Unspecified</td><td>The state of calibration of this metric is unspecified.</td></tr></table></div>"
  },
  "extension": [
    {
      "url": "http://hl7.org/fhir/StructureDefinition/valueset-oid",
      "valueUri": "urn:oid:2.16.840.1.113883.4.642.2.340"
    }
  ],
  "url": "http://hl7.org/fhir/ValueSet/metric-calibration-state",
  "version": "1.0.2",
  "name": "DeviceMetricCalibrationState",
  "status": "draft",
  "experimental": false,
  "publisher": "HL7 (FHIR Project)",
  "contact": [
    {
      "telecom": [
        {
          "system": "other",
          "value": "http://hl7.org/fhir"
        },
        {
          "system": "email",
          "value": "fhir@lists.hl7.org"
        }
      ]
    }
  ],
  "date": "2015-10-24T07:41:03+11:00",
  "description": "Describes the state of a metric calibration.",
  "codeSystem": {
    "extension": [
      {
        "url": "http://hl7.org/fhir/StructureDefinition/valueset-oid",
        "valueUri": "urn:oid:2.16.840.1.113883.4.642.1.340"
      }
    ],
    "system": "http://hl7.org/fhir/metric-calibration-state",
    "version": "1.0.2",
    "caseSensitive": true,
    "concept": [
      {
        "code": "not-calibrated",
        "display": "Not Calibrated",
        "definition": "The metric has not been calibrated."
      },
      {
        "code": "calibration-required",
        "display": "Calibration Required",
        "definition": "The metric needs to be calibrated."
      },
      {
        "code": "calibrated",
        "display": "Calibrated",
        "definition": "The metric has been calibrated."
      },
      {
        "code": "unspecified",
        "display": "Unspecified",
        "definition": "The state of calibration of this metric is unspecified."
      }
    ]
  }
}