{"codeSystem":{"caseSensitive":true,"concept":[{"code":"available","definition":"The physical specimen is present and in good condition.","display":"Available"},{"code":"unavailable","definition":"There is no physical specimen because it is either lost, destroyed or consumed.","display":"Unavailable"},{"code":"unsatisfactory","definition":"The specimen cannot be used because of a quality issue such as a broken container, contamination, or too old.","display":"Unsatisfactory"},{"code":"entered-in-error","definition":"The specimen was entered in error and therefore nullified.","display":"Entered-in-error"}],"extension":[{"url":"http://hl7.org/fhir/StructureDefinition/valueset-oid","valueUri":"urn:oid:2.16.840.1.113883.4.642.1.426"}],"system":"http://hl7.org/fhir/specimen-status","version":"1.0.2"},"contact":[{"telecom":[{"system":"other","value":"http://hl7.org/fhir"},{"system":"email","value":"fhir@lists.hl7.org"}]}],"date":"2015-10-24T07:41:03+11:00","description":"Codes providing the status/availability of a specimen.","experimental":false,"extension":[{"url":"http://hl7.org/fhir/StructureDefinition/valueset-oid","valueUri":"urn:oid:2.16.840.1.113883.4.642.2.426"}],"id":"specimen-status","meta":{"lastUpdated":"2015-10-24T07:41:03.495+11:00","profile":["http://hl7.org/fhir/StructureDefinition/valueset-shareable-definition"]},"name":"SpecimenStatus","publisher":"HL7 (FHIR Project)","resourceType":"ValueSet","status":"draft","text":{"div":"<div><h2>SpecimenStatus</h2><p>Codes providing the status/availability of a specimen.</p><p>This value set has an inline code system http://hl7.org/fhir/specimen-status, which defines the following codes:</p><table class=\"codes\"><tr><td><b>Code</b></td><td><b>Display</b></td><td><b>Definition</b></td></tr><tr><td>available<a name=\"available\"> </a></td><td>Available</td><td>The physical specimen is present and in good condition.</td></tr><tr><td>unavailable<a name=\"unavailable\"> </a></td><td>Unavailable</td><td>There is no physical specimen because it is either lost, destroyed or consumed.</td></tr><tr><td>unsatisfactory<a name=\"unsatisfactory\"> </a></td><td>Unsatisfactory</td><td>The specimen cannot be used because of a quality issue such as a broken container, contamination, or too old.</td></tr><tr><td>entered-in-error<a name=\"entered-in-error\"> </a></td><td>Entered-in-error</td><td>The specimen was entered in error and therefore nullified.</td></tr></table></div>","status":"generated"},"url":"http://hl7.org/fhir/ValueSet/specimen-status","version":"1.0.2"}