{"compose":{"include":[{"filter":[{"op":"is-a","property":"concept","value":"385356007"}],"system":"http://snomed.info/sct"}]},"contact":[{"telecom":[{"system":"other","value":"http://www.hl7.org/Special/committees/patientcare/"}]}],"copyright":"This value set includes content from SNOMED CT, which is copyright © 2002+ International Health Terminology Standards Development Organisation (IHTSDO), and distributed by agreement between IHTSDO and HL7. Implementer use of SNOMED CT is not covered by this agreement.","date":"2015-10-24T07:41:03+11:00","description":"Example value set for stages of cancer and other conditions","experimental":true,"extension":[{"url":"http://hl7.org/fhir/StructureDefinition/valueset-oid","valueUri":"urn:oid:2.16.840.1.113883.4.642.2.408"}],"id":"condition-stage","meta":{"lastUpdated":"2015-10-24T07:41:03.495+11:00","profile":["http://hl7.org/fhir/StructureDefinition/valueset-shareable-definition"]},"name":"Condition Stage","publisher":"HL7 International - Patient Care WG","resourceType":"ValueSet","status":"draft","text":{"div":"<div><h2>Condition Stage</h2><p>Example value set for stages of cancer and other conditions</p><p><b>Copyright Statement:</b> This value set includes content from SNOMED CT, which is copyright &copy; 2002+ International Health Terminology Standards Development Organisation (IHTSDO), and distributed by agreement between IHTSDO and HL7. Implementer use of SNOMED CT is not covered by this agreement.</p><p>This value set includes codes from the following code systems:</p><ul><li>Include codes from http://snomed.info/sct where concept  is-a  385356007</li></ul></div>","status":"generated"},"url":"http://hl7.org/fhir/ValueSet/condition-stage","version":"1.0.2"}