{"compose":{"include":[{"filter":[{"op":"in","property":"TTY","value":"SCD,SBD,GPCK,BPCK,SCDG,SBDG,SCDF,SBDF"}],"system":"http://www.nlm.nih.gov/research/umls/rxnorm"}]},"contact":[{"telecom":[{"system":"other","value":"http://hl7.org/fhir"}]}],"date":"2015-10-24T07:41:03+11:00","description":"All prescribable medication formulations represented using  either a 'generic' or 'brand-specific' concept. This includes RxNorm codes whose Term Type is SCD (semantic clinical drug), SBD (semantic brand drug), GPCK (generic pack), BPCK (brand pack), SCDG (semantic clinical drug group), SBDG (semantic brand drug group), SCDF (semantic clinical drug form), or SBDF (semantic brand drug form)","experimental":true,"extension":[{"url":"http://hl7.org/fhir/StructureDefinition/valueset-oid","valueUri":"urn:oid:2.16.840.1.113762.1.4.1010.4"},{"url":"http://hl7.org/fhir/StructureDefinition/valueset-oid","valueUri":"urn:oid:2.16.840.1.113883.4.642.2.0"}],"id":"daf-medication-codes","meta":{"lastUpdated":"2015-10-24T07:41:03.495+11:00","profile":["http://hl7.org/fhir/StructureDefinition/valueset-shareable-definition"]},"name":"Medication Clinical Drug (RxNorm)","publisher":"FHIR Project team","resourceType":"ValueSet","status":"draft","text":{"div":"<div><h2>Medication Clinical Drug (RxNorm)</h2><p>All prescribable medication formulations represented using  either a 'generic' or 'brand-specific' concept. This includes RxNorm codes whose Term Type is SCD (semantic clinical drug), SBD (semantic brand drug), GPCK (generic pack), BPCK (brand pack), SCDG (semantic clinical drug group), SBDG (semantic brand drug group), SCDF (semantic clinical drug form), or SBDF (semantic brand drug form)</p><p>This value set includes codes from the following code systems:</p><ul><li>Include codes from http://www.nlm.nih.gov/research/umls/rxnorm where TTY  in  SCD,SBD,GPCK,BPCK,SCDG,SBDG,SCDF,SBDF</li></ul></div>","status":"generated"},"url":"http://hl7.org/fhir/ValueSet/daf-medication-codes","version":"1.0.2"}