{"compose":{"include":[{"concept":[{"code":"123456","display":"DIAG-1"},{"code":"123457","display":"DIAG-1a"},{"code":"987654","display":"DIAG-2"},{"code":"123987","display":"DIAG-3"},{"code":"112233","display":"DIAG-4"},{"code":"997755","display":"DIAG-5"},{"code":"321789","display":"DIAG-6"}],"system":"http://hl7.org/fhir/sid/icd-10"}]},"contact":[{"telecom":[{"system":"other","value":"http://hl7.org/fhir"}]}],"copyright":"This is an example set.","date":"2015-10-24T07:41:03+11:00","description":"This value set includes sample ICD-10 codes.","experimental":true,"extension":[{"url":"http://hl7.org/fhir/StructureDefinition/valueset-oid","valueUri":"urn:oid:2.16.840.1.113883.4.642.2.308"}],"id":"icd-10","meta":{"lastUpdated":"2015-10-24T07:41:03.495+11:00","profile":["http://hl7.org/fhir/StructureDefinition/valueset-shareable-definition"]},"name":"ICD-10 Codes","publisher":"Financial Management","resourceType":"ValueSet","status":"draft","text":{"div":"<div><h2>ICD-10 Codes</h2><p>This value set includes sample ICD-10 codes.</p><p><b>Copyright Statement:</b> This is an example set.</p><p>This value set includes codes from the following code systems:</p><ul><li>Include these codes as defined in http://hl7.org/fhir/sid/icd-10<table><tr><td><b>Code</b></td><td><b>Display</b></td></tr><tr><td>123456</td><td>DIAG-1</td><td/></tr><tr><td>123457</td><td>DIAG-1a</td><td/></tr><tr><td>987654</td><td>DIAG-2</td><td/></tr><tr><td>123987</td><td>DIAG-3</td><td/></tr><tr><td>112233</td><td>DIAG-4</td><td/></tr><tr><td>997755</td><td>DIAG-5</td><td/></tr><tr><td>321789</td><td>DIAG-6</td><td/></tr></table></li></ul></div>","status":"generated"},"url":"http://hl7.org/fhir/ValueSet/icd-10","version":"1.0.2"}