{"compose":{"include":[{"concept":[{"code":"228053002","display":"Cut-up food"},{"code":"439091000124107","display":"Easy to chew food"},{"code":"228049004","display":"Chopped food"},{"code":"441881000124103","display":"Ground food"},{"code":"441761000124103","display":"Minced food"},{"code":"441751000124100","display":"Mashed food"},{"code":"228059003","display":"Soft food"},{"code":"441791000124106","display":"Strained food"},{"code":"228055009","display":"Liquidized food"},{"code":"228056005","display":"Lumpy food"},{"code":"441771000124105","display":"Moist food"},{"code":"228057001","display":"Semi-solid food"},{"code":"228058006","display":"Single texture food"},{"code":"228060008","display":"Solid food"}],"system":"http://snomed.info/sct","version":"http://snomed.info/sct/US1000124/version/20140901"}]},"contact":[{"telecom":[{"system":"other","value":"http://hl7.org/fhir"}]}],"copyright":"This value set includes content from SNOMED CT, which is copyright © 2002+ International Health Terminology Standards Development Organisation (IHTSDO), and distributed by agreement between IHTSDO and HL7. Implementer use of SNOMED CT is not covered by this agreement.","date":"2015-10-24T07:41:03+11:00","description":"TextureModifier: Codes for food consistency types or texture modifications to apply to foods. This value set is composed of SNOMED CT (US Extension and Core) Concepts from SCTID 229961002 Food consistency types (substance) hierarchy and is provided as a suggestive example.","experimental":true,"extension":[{"url":"http://hl7.org/fhir/StructureDefinition/valueset-oid","valueUri":"urn:oid:2.16.840.1.113883.4.642.2.208"}],"id":"texture-code","meta":{"lastUpdated":"2015-10-24T07:41:03.495+11:00","profile":["http://hl7.org/fhir/StructureDefinition/valueset-shareable-definition"]},"name":"Texture Modifier Codes","publisher":"FHIR NutritionOrder team","resourceType":"ValueSet","status":"draft","text":{"div":"<div><h2>Texture Modifier Codes</h2><p>TextureModifier: Codes for food consistency types or texture modifications to apply to foods. This value set is composed of SNOMED CT (US Extension and Core) Concepts from SCTID 229961002 Food consistency types (substance) hierarchy and is provided as a suggestive example.</p><p><b>Copyright Statement:</b> This value set includes content from SNOMED CT, which is copyright &copy; 2002+ International Health Terminology Standards Development Organisation (IHTSDO), and distributed by agreement between IHTSDO and HL7. Implementer use of SNOMED CT is not covered by this agreement.</p><p>This value set includes codes from the following code systems:</p><ul><li>Include these codes as defined in http://snomed.info/sct<table><tr><td><b>Code</b></td><td><b>Display</b></td></tr><tr><td>228053002</td><td>Cut-up food</td><td/></tr><tr><td>439091000124107</td><td>Easy to chew food</td><td/></tr><tr><td>228049004</td><td>Chopped food</td><td/></tr><tr><td>441881000124103</td><td>Ground food</td><td/></tr><tr><td>441761000124103</td><td>Minced food</td><td/></tr><tr><td>441751000124100</td><td>Mashed food</td><td/></tr><tr><td>228059003</td><td>Soft food</td><td/></tr><tr><td>441791000124106</td><td>Strained food</td><td/></tr><tr><td>228055009</td><td>Liquidized food</td><td/></tr><tr><td>228056005</td><td>Lumpy food</td><td/></tr><tr><td>441771000124105</td><td>Moist food</td><td/></tr><tr><td>228057001</td><td>Semi-solid food</td><td/></tr><tr><td>228058006</td><td>Single texture food</td><td/></tr><tr><td>228060008</td><td>Solid food</td><td/></tr></table></li></ul></div>","status":"generated"},"url":"http://hl7.org/fhir/ValueSet/texture-code","version":"1.0.2"}