{"codeSystem":{"caseSensitive":true,"concept":[{"code":"unspecified","definition":"The communication medium has not been specified","display":"Not Specified"},{"code":"telephone","definition":"The message was communicated via telephone","display":"Telephone"},{"code":"fax","definition":"The message was sent via a fax transmission","display":"Facsimile (fax)"},{"code":"device","definition":"The message was communicated via a medical device","display":"Via medical device"},{"code":"video","definition":"The message was communicated via a video call","display":"Video call"},{"code":"voicemail","definition":"The message was left on the recipient's voicemail system","display":"Voice message (voicemail)"},{"code":"text","definition":"The message was sent via text message (SMS)","display":"Text message (SMS)"},{"code":"social-media","definition":"The message was communicated via a social media platform","display":"Social media"},{"code":"in-person","definition":"The message was communicated in person","display":"In person"},{"code":"mail","definition":"The message was posted via conventional mail","display":"Mail (conventional)"},{"code":"email","definition":"The message was sent as an email","display":"Electronic mail (email)"},{"code":"portal","definition":"The message was communicated via a patient portal","display":"Patient portal"}],"system":"http://hl7.org/fhir/qicore-communication-medium"},"contact":[{"telecom":[{"system":"other","value":"http://www.hl7.org/Special/committees/cqi"}]}],"date":"2015-10-24T07:41:03+11:00","description":"Value Set for QICore Communication Medium (Example)","experimental":true,"extension":[{"url":"http://hl7.org/fhir/StructureDefinition/valueset-oid","valueUri":"urn:oid:2.16.840.1.113883.4.642.2.0"}],"id":"qicore-communication-medium","meta":{"lastUpdated":"2015-10-24T07:41:03.495+11:00","profile":["http://hl7.org/fhir/StructureDefinition/valueset-shareable-definition"]},"name":"QICore Communication Medium Codes","publisher":"HL7 Clinical Quality Information (CQI) Work Group","resourceType":"ValueSet","status":"draft","text":{"div":"<div><h2>QICore Communication Medium Codes</h2><p>Value Set for QICore Communication Medium (Example)</p><p>This value set has an inline code system http://hl7.org/fhir/qicore-communication-medium, which defines the following codes:</p><table class=\"codes\"><tr><td><b>Code</b></td><td><b>Display</b></td><td><b>Definition</b></td></tr><tr><td>unspecified<a name=\"unspecified\"> </a></td><td>Not Specified</td><td>The communication medium has not been specified</td></tr><tr><td>telephone<a name=\"telephone\"> </a></td><td>Telephone</td><td>The message was communicated via telephone</td></tr><tr><td>fax<a name=\"fax\"> </a></td><td>Facsimile (fax)</td><td>The message was sent via a fax transmission</td></tr><tr><td>device<a name=\"device\"> </a></td><td>Via medical device</td><td>The message was communicated via a medical device</td></tr><tr><td>video<a name=\"video\"> </a></td><td>Video call</td><td>The message was communicated via a video call</td></tr><tr><td>voicemail<a name=\"voicemail\"> </a></td><td>Voice message (voicemail)</td><td>The message was left on the recipient's voicemail system</td></tr><tr><td>text<a name=\"text\"> </a></td><td>Text message (SMS)</td><td>The message was sent via text message (SMS)</td></tr><tr><td>social-media<a name=\"social-media\"> </a></td><td>Social media</td><td>The message was communicated via a social media platform</td></tr><tr><td>in-person<a name=\"in-person\"> </a></td><td>In person</td><td>The message was communicated in person</td></tr><tr><td>mail<a name=\"mail\"> </a></td><td>Mail (conventional)</td><td>The message was posted via conventional mail</td></tr><tr><td>email<a name=\"email\"> </a></td><td>Electronic mail (email)</td><td>The message was sent as an email</td></tr><tr><td>portal<a name=\"portal\"> </a></td><td>Patient portal</td><td>The message was communicated via a patient portal</td></tr></table></div>","status":"generated"},"url":"http://hl7.org/fhir/ValueSet/qicore-communication-medium","version":"1.0.2"}