{"codeSystem":{"caseSensitive":true,"concept":[{"code":"medication","definition":"Supply is a kind of medication.","display":"Medication"},{"code":"device","definition":"What is supplied (or requested) is a device.","display":"Device"}],"extension":[{"url":"http://hl7.org/fhir/StructureDefinition/valueset-oid","valueUri":"urn:oid:2.16.840.1.113883.4.642.1.356"}],"system":"http://hl7.org/fhir/supply-item-type"},"contact":[{"telecom":[{"system":"other","value":"http://hl7.org/fhir"}]}],"date":"2015-10-24T07:41:03+11:00","description":"This value sets refers to a specific supply item.","experimental":true,"extension":[{"url":"http://hl7.org/fhir/StructureDefinition/valueset-oid","valueUri":"urn:oid:2.16.840.1.113883.4.642.2.356"}],"id":"supplydelivery-type","meta":{"lastUpdated":"2015-10-24T07:41:03.495+11:00","profile":["http://hl7.org/fhir/StructureDefinition/valueset-shareable-definition"]},"name":"Supply Item Type","publisher":"FHIR Project team","resourceType":"ValueSet","status":"draft","text":{"div":"<div><h2>Supply Item Type</h2><p>This value sets refers to a specific supply item.</p><p>This value set has an inline code system http://hl7.org/fhir/supply-item-type, which defines the following codes:</p><table class=\"codes\"><tr><td><b>Code</b></td><td><b>Display</b></td><td><b>Definition</b></td></tr><tr><td>medication<a name=\"medication\"> </a></td><td>Medication</td><td>Supply is a kind of medication.</td></tr><tr><td>device<a name=\"device\"> </a></td><td>Device</td><td>What is supplied (or requested) is a device.</td></tr></table></div>","status":"generated"},"url":"http://hl7.org/fhir/ValueSet/supplydelivery-type","version":"1.0.2"}