{"compose":{"include":[{"filter":[{"op":"is-a","property":"concept","value":"404684003"}],"system":"http://snomed.info/sct"}]},"contact":[{"telecom":[{"system":"other","value":"http://hl7.org/fhir"}]}],"copyright":"This value set includes content from SNOMED CT, which is copyright © 2002+ International Health Terminology Standards Development Organisation (IHTSDO), and distributed by agreement between IHTSDO and HL7. Implementer use of SNOMED CT is not covered by this agreement.","date":"2015-10-24T07:41:03+11:00","description":"This value set includes all SNOMED CT Clinical Findings.","experimental":true,"extension":[{"url":"http://hl7.org/fhir/StructureDefinition/valueset-oid","valueUri":"urn:oid:2.16.840.1.113883.4.642.2.55"}],"id":"manifestation-codes","meta":{"lastUpdated":"2015-10-24T07:41:03.495+11:00","profile":["http://hl7.org/fhir/StructureDefinition/valueset-shareable-definition"]},"name":"SNOMED CT Clinical Findings","publisher":"FHIR Project team","resourceType":"ValueSet","status":"draft","text":{"div":"<div><h2>SNOMED CT Clinical Findings</h2><p>This value set includes all SNOMED CT Clinical Findings.</p><p><b>Copyright Statement:</b> This value set includes content from SNOMED CT, which is copyright &copy; 2002+ International Health Terminology Standards Development Organisation (IHTSDO), and distributed by agreement between IHTSDO and HL7. Implementer use of SNOMED CT is not covered by this agreement.</p><p>This value set includes codes from the following code systems:</p><ul><li>Include codes from http://snomed.info/sct where concept  is-a  404684003</li></ul></div>","status":"generated"},"url":"http://hl7.org/fhir/ValueSet/manifestation-codes","version":"1.0.2"}