{"compose":{"include":[{"system":"http://snomed.info/sct"},{"system":"http://loinc.org"},{"system":"http://www.nlm.nih.gov/research/umls/rxnorm"}]},"contact":[{"telecom":[{"system":"other","value":"http://healthit.gov"}]}],"copyright":"This value set includes content from LOINC®, which is copyright © 1995 Regenstrief Institute, Inc. and the LOINC Committee, and available at no cost under the license at http://loinc.org/terms-of-use. This value set includes content from SNOMED CT, which is copyright © 2002+ International Health Terminology Standards Development Organisation (IHTSDO), and distributed by agreement between IHTSDO and HL7. Implementer use of SNOMED CT is not covered by this agreement.","date":"2015-10-24T07:41:03+11:00","description":"The allowed codes for identifying the ISO 11179 data element concept if intended for registration/use within the U.S. Structured Data Capture (SDC) project.","experimental":true,"extension":[{"url":"http://hl7.org/fhir/StructureDefinition/valueset-oid","valueUri":"urn:oid:2.16.840.1.113883.4.642.2.0"}],"id":"sdcde-dataelement-sdccode","meta":{"lastUpdated":"2015-10-24T07:41:03.495+11:00","profile":["http://hl7.org/fhir/StructureDefinition/valueset-shareable-definition"]},"name":"DataElement SDC Concept","publisher":"Office of the National Coordinator for Health IT","resourceType":"ValueSet","status":"draft","text":{"div":"<div><h2>DataElement SDC Concept</h2><p>The allowed codes for identifying the ISO 11179 data element concept if intended for registration/use within the U.S. Structured Data Capture (SDC) project.</p><p><b>Copyright Statement:</b> This value set includes content from LOINC&reg;, which is copyright &copy; 1995 Regenstrief Institute, Inc. and the LOINC Committee, and available at no cost under the license at http://loinc.org/terms-of-use. This value set includes content from SNOMED CT, which is copyright &copy; 2002+ International Health Terminology Standards Development Organisation (IHTSDO), and distributed by agreement between IHTSDO and HL7. Implementer use of SNOMED CT is not covered by this agreement.</p><p>This value set includes codes from the following code systems:</p><ul><li>Include all codes defined in http://snomed.info/sct</li><li>Include all codes defined in http://loinc.org</li><li>Include all codes defined in http://www.nlm.nih.gov/research/umls/rxnorm</li></ul></div>","status":"generated"},"url":"http://hl7.org/fhir/ValueSet/sdcde-dataelement-sdccode","version":"1.0.2"}