{"compose":{"include":[{"concept":[{"code":"official"},{"code":"anonymous"},{"code":"maiden"}],"system":"http://hl7.org/fhir/name-use"}]},"contact":[{"telecom":[{"system":"other","value":"http://hl7.org/fhir"},{"system":"email","value":"fhir@lists.hl7.org"}]}],"date":"2015-10-24T07:41:03+11:00","description":"The name types for US Laboratory reporting to Public Health","experimental":false,"extension":[{"url":"http://hl7.org/fhir/StructureDefinition/valueset-oid","valueUri":"urn:oid:2.16.840.1.113883.4.642.2.0"}],"id":"uslab-patient-uslabph-nameuse","meta":{"lastUpdated":"2015-10-24T07:41:03.495+11:00","profile":["http://hl7.org/fhir/StructureDefinition/valueset-shareable-definition"]},"name":"USLabPHNameUse","publisher":"HL7 (FHIR Project)","resourceType":"ValueSet","status":"draft","text":{"div":"<div><h2>USLabPHNameUse</h2><p>The name types for US Laboratory reporting to Public Health</p><p>This value set includes codes from the following code systems:</p><ul><li>Include these codes as defined in <a href=\"../valueset-name-use.html\">http://hl7.org/fhir/name-use</a><table><tr><td><b>Code</b></td><td><b>Display</b></td></tr><tr><td>official</td><td>Official</td><td>The formal name as registered in an official (government) registry, but which name might not be commonly used. May be called &quot;legal name&quot;.</td></tr><tr><td>anonymous</td><td>Anonymous</td><td>Anonymous assigned name, alias, or pseudonym (used to protect a person's identity for privacy reasons)</td></tr><tr><td>maiden</td><td>Maiden</td><td>A name used prior to marriage. Marriage naming customs vary greatly around the world. This name use is for use by applications that collect and store &quot;maiden&quot; names. Though the concept of maiden name is often gender specific, the use of this term is not gender specific. The use of this term does not imply any particular history for a person's name, nor should the maiden name be determined algorithmically.</td></tr></table></li></ul></div>","status":"generated"},"url":"http://hl7.org/fhir/ValueSet/uslab-patient-uslabph-nameuse","version":"1.0.2"}