{"codeSystem":{"caseSensitive":true,"concept":[{"code":"active","definition":"This account is active and may be used.","display":"Active"},{"code":"inactive","definition":"This account is inactive and should not be used to track financial information.","display":"Inactive"}],"extension":[{"url":"http://hl7.org/fhir/StructureDefinition/valueset-oid","valueUri":"urn:oid:2.16.840.1.113883.4.642.1.362"}],"system":"http://hl7.org/fhir/account-status","version":"1.0.2"},"contact":[{"telecom":[{"system":"other","value":"http://hl7.org/fhir"},{"system":"email","value":"fhir@lists.hl7.org"}]}],"date":"2015-10-24T07:41:03+11:00","description":"Indicates whether the account is available to be used.","experimental":false,"extension":[{"url":"http://hl7.org/fhir/StructureDefinition/valueset-oid","valueUri":"urn:oid:2.16.840.1.113883.4.642.2.362"}],"id":"account-status","meta":{"lastUpdated":"2015-10-24T07:41:03.495+11:00","profile":["http://hl7.org/fhir/StructureDefinition/valueset-shareable-definition"]},"name":"AccountStatus","publisher":"HL7 (FHIR Project)","resourceType":"ValueSet","status":"draft","text":{"div":"<div><h2>AccountStatus</h2><p>Indicates whether the account is available to be used.</p><p>This value set has an inline code system http://hl7.org/fhir/account-status, which defines the following codes:</p><table class=\"codes\"><tr><td><b>Code</b></td><td><b>Display</b></td><td><b>Definition</b></td></tr><tr><td>active<a name=\"active\"> </a></td><td>Active</td><td>This account is active and may be used.</td></tr><tr><td>inactive<a name=\"inactive\"> </a></td><td>Inactive</td><td>This account is inactive and should not be used to track financial information.</td></tr></table></div>","status":"generated"},"url":"http://hl7.org/fhir/ValueSet/account-status","version":"1.0.2"}