{"codeSystem":{"caseSensitive":true,"concept":[{"code":"proposed","definition":"A goal is proposed for this patient","display":"Proposed"},{"code":"planned","definition":"A goal is planned for this patient","display":"Planned"},{"code":"accepted","definition":"A proposed goal was accepted","display":"Accepted"},{"code":"rejected","definition":"A proposed goal was rejected","display":"Rejected"},{"code":"in-progress","definition":"The goal is being sought but has not yet been reached.  (Also applies if goal was reached in the past but there has been regression and goal is being sought again)","display":"In Progress"},{"code":"achieved","definition":"The goal has been met and no further action is needed","display":"Achieved"},{"code":"sustaining","definition":"The goal has been met, but ongoing activity is needed to sustain the goal objective","display":"Sustaining"},{"code":"on-hold","definition":"The goal remains a long term objective but is no longer being actively pursued for a temporary period of time.","display":"On Hold"},{"code":"cancelled","definition":"The goal is no longer being sought","display":"Cancelled"}],"extension":[{"url":"http://hl7.org/fhir/StructureDefinition/valueset-oid","valueUri":"urn:oid:2.16.840.1.113883.4.642.1.150"}],"system":"http://hl7.org/fhir/goal-status","version":"1.0.2"},"contact":[{"telecom":[{"system":"other","value":"http://hl7.org/fhir"},{"system":"email","value":"fhir@lists.hl7.org"}]}],"date":"2015-10-24T07:41:03+11:00","description":"Indicates whether the goal has been met and is still being targeted","experimental":false,"extension":[{"url":"http://hl7.org/fhir/StructureDefinition/valueset-oid","valueUri":"urn:oid:2.16.840.1.113883.4.642.2.150"}],"id":"goal-status","meta":{"lastUpdated":"2015-10-24T07:41:03.495+11:00","profile":["http://hl7.org/fhir/StructureDefinition/valueset-shareable-definition"]},"name":"GoalStatus","publisher":"HL7 (FHIR Project)","resourceType":"ValueSet","status":"draft","text":{"div":"<div><h2>GoalStatus</h2><p>Indicates whether the goal has been met and is still being targeted</p><p>This value set has an inline code system http://hl7.org/fhir/goal-status, which defines the following codes:</p><table class=\"codes\"><tr><td><b>Code</b></td><td><b>Display</b></td><td><b>Definition</b></td></tr><tr><td>proposed<a name=\"proposed\"> </a></td><td>Proposed</td><td>A goal is proposed for this patient</td></tr><tr><td>planned<a name=\"planned\"> </a></td><td>Planned</td><td>A goal is planned for this patient</td></tr><tr><td>accepted<a name=\"accepted\"> </a></td><td>Accepted</td><td>A proposed goal was accepted</td></tr><tr><td>rejected<a name=\"rejected\"> </a></td><td>Rejected</td><td>A proposed goal was rejected</td></tr><tr><td>in-progress<a name=\"in-progress\"> </a></td><td>In Progress</td><td>The goal is being sought but has not yet been reached.  (Also applies if goal was reached in the past but there has been regression and goal is being sought again)</td></tr><tr><td>achieved<a name=\"achieved\"> </a></td><td>Achieved</td><td>The goal has been met and no further action is needed</td></tr><tr><td>sustaining<a name=\"sustaining\"> </a></td><td>Sustaining</td><td>The goal has been met, but ongoing activity is needed to sustain the goal objective</td></tr><tr><td>on-hold<a name=\"on-hold\"> </a></td><td>On Hold</td><td>The goal remains a long term objective but is no longer being actively pursued for a temporary period of time.</td></tr><tr><td>cancelled<a name=\"cancelled\"> </a></td><td>Cancelled</td><td>The goal is no longer being sought</td></tr></table></div>","status":"generated"},"url":"http://hl7.org/fhir/ValueSet/goal-status","version":"1.0.2"}