{"compose":{"include":[{"concept":[{"code":"18262-6","designation":[{"use":{"code":"900000000000003001","display":"Fully specified name","system":"http://snomed.info/sct"},"value":"Cholesterol in LDL [Mass/volume] in Serum or Plasma by Direct assay"}],"display":"LDL Cholesterol (Assay)"},{"code":"13457-7","designation":[{"use":{"code":"900000000000003001","display":"Fully specified name","system":"http://snomed.info/sct"},"value":"Cholesterol in LDL [Mass/volume] in Serum or Plasma by calculation"}],"display":"LDL Cholesterol (Calc)"}],"system":"http://loinc.org"}]},"contact":[{"telecom":[{"system":"other","value":"http://hl7.org/fhir"},{"system":"email","value":"fhir@lists.hl7.org"}]}],"copyright":"This content from LOINC© is copyright © 1995 Regenstrief Institute, Inc. and the LOINC Committee, and available at no cost under the license at http://loinc.org/terms-of-use.","date":"2015-06-23T10:59:44+10:00","description":"LDL Cholesterol codes - measured or calculated","experimental":true,"extension":[{"url":"http://hl7.org/fhir/StructureDefinition/valueset-oid","valueUri":"2.16.840.1.113883.4.642.2.444"},{"url":"http://hl7.org/fhir/StructureDefinition/valueset-oid","valueUri":"urn:oid:2.16.840.1.113883.4.642.2.387"}],"id":"ldlcholesterol-codes","meta":{"lastUpdated":"2015-10-24T06:41:03.495+10:00","profile":["http://hl7.org/fhir/StructureDefinition/valueset-shareable-definition"]},"name":"LDLCodes","publisher":"HL7 (FHIR Project)","resourceType":"ValueSet","status":"draft","text":{"div":"<div>\n      <p>This value set contains 2 concepts</p>\n      <h2>LDLCodes</h2>\n      <p>LDL Cholesterol codes - measured or calculated</p>\n      <p>\n        <b>Copyright Statement:</b> This content from LOINC&copy; is copyright &copy; 1995 Regenstrief Institute, Inc. and the LOINC Committee, and available at no cost under the license at http://loinc.org/terms-of-use.\n      </p>\n      <p>This value set includes codes defined in other code systems, using the following rules:</p>\n      <ul>\n        <li>Include these codes as defined in http://loinc.org\n          <table>\n            <tr>\n              <td>\n                <b>Code</b>\n              </td>\n              <td>\n                <b>Display</b>\n              </td>\n            </tr>\n            <tr>\n              <td>18262-6</td>\n              <td>LDL Cholesterol (Calc)</td>\n            </tr>\n            <tr>\n              <td>13457-7</td>\n              <td>LDL Cholesterol (Assay)</td>\n            </tr>\n          </table>\n        </li>\n      </ul>\n    </div>","status":"generated"},"url":"http://hl7.org/fhir/ValueSet/ldlcholesterol-codes","version":"1.0.0"}