{
  "resourceType": "ValueSet",
  "id": "flag-category",
  "meta": {
    "lastUpdated": "2015-10-24T07:41:03.495+11:00",
    "profile": [
      "http://hl7.org/fhir/StructureDefinition/valueset-shareable-definition"
    ]
  },
  "text": {
    "status": "generated",
    "div": "<div><h2>Flag Category</h2><p>Example list of detail codes for flagged issues. (Not complete or necessarily appropriate.)</p><p>This value set has an inline code system http://hl7.org/fhir/flag-category, which defines the following codes:</p><table class=\"codes\"><tr><td><b>Code</b></td><td><b>Display</b></td><td><b>Definition</b></td></tr><tr><td>diet<a name=\"diet\"> </a></td><td>Diet</td><td>Flags related to the subject's dietary needs.</td></tr><tr><td>drug<a name=\"drug\"> </a></td><td>Drug</td><td>Flags related to the patient's medications.</td></tr><tr><td>lab<a name=\"lab\"> </a></td><td>Lab</td><td>Flags related to performing laboratory tests and related processes (e.g. phlebotomy).</td></tr><tr><td>admin<a name=\"admin\"> </a></td><td>Administrative</td><td>Flags related to administrative and financial processes.</td></tr><tr><td>contact<a name=\"contact\"> </a></td><td>Subject contact</td><td>Flags related to coming into contact with the patient.</td></tr></table></div>"
  },
  "extension": [
    {
      "url": "http://hl7.org/fhir/StructureDefinition/valueset-oid",
      "valueUri": "urn:oid:2.16.840.1.113883.4.642.2.403"
    }
  ],
  "url": "http://hl7.org/fhir/ValueSet/flag-category",
  "version": "1.0.2",
  "name": "Flag Category",
  "status": "draft",
  "experimental": true,
  "publisher": "HL7 International - Patient Care WG",
  "contact": [
    {
      "telecom": [
        {
          "system": "other",
          "value": "http://www.hl7.org/Special/committees/patientcare"
        }
      ]
    }
  ],
  "date": "2015-10-24T07:41:03+11:00",
  "description": "Example list of detail codes for flagged issues. (Not complete or necessarily appropriate.)",
  "codeSystem": {
    "extension": [
      {
        "url": "http://hl7.org/fhir/StructureDefinition/valueset-oid",
        "valueUri": "urn:oid:2.16.840.1.113883.4.642.1.403"
      }
    ],
    "system": "http://hl7.org/fhir/flag-category",
    "caseSensitive": true,
    "concept": [
      {
        "code": "diet",
        "display": "Diet",
        "definition": "Flags related to the subject's dietary needs."
      },
      {
        "code": "drug",
        "display": "Drug",
        "definition": "Flags related to the patient's medications."
      },
      {
        "code": "lab",
        "display": "Lab",
        "definition": "Flags related to performing laboratory tests and related processes (e.g. phlebotomy)."
      },
      {
        "code": "admin",
        "display": "Administrative",
        "definition": "Flags related to administrative and financial processes."
      },
      {
        "code": "contact",
        "display": "Subject contact",
        "definition": "Flags related to coming into contact with the patient."
      }
    ]
  }
}