{
  "resourceType": "ValueSet",
  "id": "detectedissue-severity",
  "meta": {
    "lastUpdated": "2015-10-24T07:41:03.495+11:00",
    "profile": [
      "http://hl7.org/fhir/StructureDefinition/valueset-shareable-definition"
    ]
  },
  "text": {
    "status": "generated",
    "div": "<div><h2>DetectedIssueSeverity</h2><p>Indicates the potential degree of impact of the identified issue on the patient.</p><p>This value set has an inline code system http://hl7.org/fhir/detectedissue-severity, which defines the following codes:</p><table class=\"codes\"><tr><td><b>Code</b></td><td><b>Display</b></td><td><b>Definition</b></td></tr><tr><td>high<a name=\"high\"> </a></td><td>High</td><td>Indicates the issue may be life-threatening or has the potential to cause permanent injury.</td></tr><tr><td>moderate<a name=\"moderate\"> </a></td><td>Moderate</td><td>Indicates the issue may result in noticeable adverse consequences but is unlikely to be life-threatening or cause permanent injury.</td></tr><tr><td>low<a name=\"low\"> </a></td><td>Low</td><td>Indicates the issue may result in some adverse consequences but is unlikely to substantially affect the situation of the subject.</td></tr></table></div>"
  },
  "extension": [
    {
      "url": "http://hl7.org/fhir/StructureDefinition/valueset-oid",
      "valueUri": "urn:oid:2.16.840.1.113883.4.642.2.105"
    }
  ],
  "url": "http://hl7.org/fhir/ValueSet/detectedissue-severity",
  "version": "1.0.2",
  "name": "DetectedIssueSeverity",
  "status": "draft",
  "experimental": false,
  "publisher": "HL7 (FHIR Project)",
  "contact": [
    {
      "telecom": [
        {
          "system": "other",
          "value": "http://hl7.org/fhir"
        },
        {
          "system": "email",
          "value": "fhir@lists.hl7.org"
        }
      ]
    }
  ],
  "date": "2015-10-24T07:41:03+11:00",
  "description": "Indicates the potential degree of impact of the identified issue on the patient.",
  "codeSystem": {
    "extension": [
      {
        "url": "http://hl7.org/fhir/StructureDefinition/valueset-oid",
        "valueUri": "urn:oid:2.16.840.1.113883.4.642.1.105"
      }
    ],
    "system": "http://hl7.org/fhir/detectedissue-severity",
    "version": "1.0.2",
    "caseSensitive": true,
    "concept": [
      {
        "code": "high",
        "display": "High",
        "definition": "Indicates the issue may be life-threatening or has the potential to cause permanent injury."
      },
      {
        "code": "moderate",
        "display": "Moderate",
        "definition": "Indicates the issue may result in noticeable adverse consequences but is unlikely to be life-threatening or cause permanent injury."
      },
      {
        "code": "low",
        "display": "Low",
        "definition": "Indicates the issue may result in some adverse consequences but is unlikely to substantially affect the situation of the subject."
      }
    ]
  }
}