{"codeSystem":{"caseSensitive":true,"concept":[{"code":"institutional","definition":"A claim for Institution based, typically in-patient, goods and services.","display":"Institutional"},{"code":"oral","definition":"A claim for Oral Health (Dentist, Denturist, Hygienist) goods and services.","display":"Oral Health"},{"code":"pharmacy","definition":"A claim for Pharmacy based goods and services.","display":"Pharmacy"},{"code":"professional","definition":"A claim for Professional, typically out-patient, goods and services.","display":"Professional"},{"code":"vision","definition":"A claim for Vision (Ophthamologist, Optometrist and Optician) goods and services.","display":"Vision"}],"extension":[{"url":"http://hl7.org/fhir/StructureDefinition/valueset-oid","valueUri":"urn:oid:2.16.840.1.113883.4.642.1.322"}],"system":"http://hl7.org/fhir/claim-type-link","version":"1.0.2"},"contact":[{"telecom":[{"system":"other","value":"http://hl7.org/fhir"},{"system":"email","value":"fhir@lists.hl7.org"}]}],"date":"2015-10-24T07:41:03+11:00","description":"The type or discipline-style of the claim.","experimental":false,"extension":[{"url":"http://hl7.org/fhir/StructureDefinition/valueset-oid","valueUri":"urn:oid:2.16.840.1.113883.4.642.2.322"}],"id":"claim-type-link","meta":{"lastUpdated":"2015-10-24T07:41:03.495+11:00","profile":["http://hl7.org/fhir/StructureDefinition/valueset-shareable-definition"]},"name":"ClaimType","publisher":"HL7 (FHIR Project)","resourceType":"ValueSet","status":"draft","text":{"div":"<div><h2>ClaimType</h2><p>The type or discipline-style of the claim.</p><p>This value set has an inline code system http://hl7.org/fhir/claim-type-link, which defines the following codes:</p><table class=\"codes\"><tr><td><b>Code</b></td><td><b>Display</b></td><td><b>Definition</b></td></tr><tr><td>institutional<a name=\"institutional\"> </a></td><td>Institutional</td><td>A claim for Institution based, typically in-patient, goods and services.</td></tr><tr><td>oral<a name=\"oral\"> </a></td><td>Oral Health</td><td>A claim for Oral Health (Dentist, Denturist, Hygienist) goods and services.</td></tr><tr><td>pharmacy<a name=\"pharmacy\"> </a></td><td>Pharmacy</td><td>A claim for Pharmacy based goods and services.</td></tr><tr><td>professional<a name=\"professional\"> </a></td><td>Professional</td><td>A claim for Professional, typically out-patient, goods and services.</td></tr><tr><td>vision<a name=\"vision\"> </a></td><td>Vision</td><td>A claim for Vision (Ophthamologist, Optometrist and Optician) goods and services.</td></tr></table></div>","status":"generated"},"url":"http://hl7.org/fhir/ValueSet/claim-type-link","version":"1.0.2"}