{"codeSystem":{"caseSensitive":true,"concept":[{"code":"patient"},{"code":"provider"},{"code":"none"}],"extension":[{"url":"http://hl7.org/fhir/StructureDefinition/valueset-oid","valueUri":"urn:oid:2.16.840.1.113883.4.642.1.22"}],"system":"http://hl7.org/fhir/fundsreserve"},"contact":[{"telecom":[{"system":"other","value":"http://hl7.org/fhir"}]}],"copyright":"This is an example set.","date":"2015-10-24T07:41:03+11:00","description":"This value set includes sample funds reservation type codes.","experimental":true,"extension":[{"url":"http://hl7.org/fhir/StructureDefinition/valueset-oid","valueUri":"urn:oid:2.16.840.1.113883.4.642.2.22"}],"id":"fundsreserve","meta":{"lastUpdated":"2015-10-24T07:41:03.495+11:00","profile":["http://hl7.org/fhir/StructureDefinition/valueset-shareable-definition"]},"name":"Funds Reservation Codes","publisher":"Financial Management","resourceType":"ValueSet","status":"draft","text":{"div":"<div><h2>Funds Reservation Codes</h2><p>This value set includes sample funds reservation type codes.</p><p><b>Copyright Statement:</b> This is an example set.</p><p>This value set has an inline code system http://hl7.org/fhir/fundsreserve, which defines the following codes:</p><table class=\"codes\"><tr><td><b>Code</b></td><td><b>Definition</b></td></tr><tr><td>patient<a name=\"patient\"> </a></td><td/></tr><tr><td>provider<a name=\"provider\"> </a></td><td/></tr><tr><td>none<a name=\"none\"> </a></td><td/></tr></table></div>","status":"generated"},"url":"http://hl7.org/fhir/ValueSet/fundsreserve","version":"1.0.2"}