{"codeSystem":{"caseSensitive":true,"concept":[{"code":"photo","definition":"The media consists of one or more unmoving images, including photographs, computer-generated graphs and charts, and scanned documents","display":"Photo"},{"code":"video","definition":"The media consists of a series of frames that capture a moving image","display":"Video"},{"code":"audio","definition":"The media consists of a sound recording","display":"Audio"}],"extension":[{"url":"http://hl7.org/fhir/StructureDefinition/valueset-oid","valueUri":"urn:oid:2.16.840.1.113883.4.642.1.183"}],"system":"http://hl7.org/fhir/digital-media-type","version":"1.0.2"},"contact":[{"telecom":[{"system":"other","value":"http://hl7.org/fhir"},{"system":"email","value":"fhir@lists.hl7.org"}]}],"date":"2015-10-24T07:41:03+11:00","description":"Whether the Media is a photo, video, or audio","experimental":false,"extension":[{"url":"http://hl7.org/fhir/StructureDefinition/valueset-oid","valueUri":"urn:oid:2.16.840.1.113883.4.642.2.183"}],"id":"digital-media-type","meta":{"lastUpdated":"2015-10-24T07:41:03.495+11:00","profile":["http://hl7.org/fhir/StructureDefinition/valueset-shareable-definition"]},"name":"DigitalMediaType","publisher":"HL7 (FHIR Project)","resourceType":"ValueSet","status":"draft","text":{"div":"<div><h2>DigitalMediaType</h2><p>Whether the Media is a photo, video, or audio</p><p>This value set has an inline code system http://hl7.org/fhir/digital-media-type, which defines the following codes:</p><table class=\"codes\"><tr><td><b>Code</b></td><td><b>Display</b></td><td><b>Definition</b></td></tr><tr><td>photo<a name=\"photo\"> </a></td><td>Photo</td><td>The media consists of one or more unmoving images, including photographs, computer-generated graphs and charts, and scanned documents</td></tr><tr><td>video<a name=\"video\"> </a></td><td>Video</td><td>The media consists of a series of frames that capture a moving image</td></tr><tr><td>audio<a name=\"audio\"> </a></td><td>Audio</td><td>The media consists of a sound recording</td></tr></table></div>","status":"generated"},"url":"http://hl7.org/fhir/ValueSet/digital-media-type","version":"1.0.2"}