{"codeSystem":{"caseSensitive":true,"concept":[{"code":"instance","definition":"The Conformance instance represents the present capabilities of a specific system instance.  This is the kind returned by OPTIONS for a FHIR server end-point.","display":"Instance"},{"code":"capability","definition":"The Conformance instance represents the capabilities of a system or piece of software, independent of a particular installation.","display":"Capability","extension":[{"url":"http://hl7.org/fhir/StructureDefinition/valueset-comments","valueString":"Elements marked as 'optional' represent configurable capabilities"}]},{"code":"requirements","definition":"The Conformance instance represents a set of requirements for other systems to meet; e.g. as part of an implementation guide or 'request for proposal'.","display":"Requirements"}],"extension":[{"url":"http://hl7.org/fhir/StructureDefinition/valueset-oid","valueUri":"urn:oid:2.16.840.1.113883.4.642.1.94"}],"system":"http://hl7.org/fhir/conformance-statement-kind","version":"1.0.2"},"contact":[{"telecom":[{"system":"other","value":"http://hl7.org/fhir"},{"system":"email","value":"fhir@lists.hl7.org"}]}],"date":"2015-10-24T07:41:03+11:00","description":"How a conformance statement is intended to be used.","experimental":false,"extension":[{"url":"http://hl7.org/fhir/StructureDefinition/valueset-oid","valueUri":"urn:oid:2.16.840.1.113883.4.642.2.94"}],"id":"conformance-statement-kind","meta":{"lastUpdated":"2015-10-24T07:41:03.495+11:00","profile":["http://hl7.org/fhir/StructureDefinition/valueset-shareable-definition"]},"name":"ConformanceStatementKind","publisher":"HL7 (FHIR Project)","resourceType":"ValueSet","status":"draft","text":{"div":"<div><h2>ConformanceStatementKind</h2><p>How a conformance statement is intended to be used.</p><p>This value set has an inline code system http://hl7.org/fhir/conformance-statement-kind, which defines the following codes:</p><table class=\"codes\"><tr><td><b>Code</b></td><td><b>Display</b></td><td><b>Definition</b></td><td><b>Comments</b></td></tr><tr><td>instance<a name=\"instance\"> </a></td><td>Instance</td><td>The Conformance instance represents the present capabilities of a specific system instance.  This is the kind returned by OPTIONS for a FHIR server end-point.</td><td/></tr><tr><td>capability<a name=\"capability\"> </a></td><td>Capability</td><td>The Conformance instance represents the capabilities of a system or piece of software, independent of a particular installation.</td><td>Elements marked as 'optional' represent configurable capabilities</td></tr><tr><td>requirements<a name=\"requirements\"> </a></td><td>Requirements</td><td>The Conformance instance represents a set of requirements for other systems to meet; e.g. as part of an implementation guide or 'request for proposal'.</td><td/></tr></table></div>","status":"extensions"},"url":"http://hl7.org/fhir/ValueSet/conformance-statement-kind","version":"1.0.2"}