{
  "resourceType": "ValueSet",
  "id": "oral-prosthodontic-material",
  "meta": {
    "lastUpdated": "2015-10-24T07:41:03.495+11:00",
    "profile": [
      "http://hl7.org/fhir/StructureDefinition/valueset-shareable-definition"
    ]
  },
  "text": {
    "status": "generated",
    "div": "<div><h2>Oral Prostho Material type Codes</h2><p>This value set includes sample Oral Prosthodontic Material type codes.</p><p><b>Copyright Statement:</b> This is an example set.</p><p>This value set has an inline code system http://hl7.org/fhir/ex-oralprostho, which defines the following codes:</p><table class=\"codes\"><tr><td><b>Code</b></td><td><b>Display</b></td><td><b>Definition</b></td></tr><tr><td>1<a name=\"1\"> </a></td><td>Fixed Bridge</td><td>Fixed Bridge</td></tr><tr><td>2<a name=\"2\"> </a></td><td>Maryland Bridge</td><td>Maryland Bridge</td></tr><tr><td>3<a name=\"3\"> </a></td><td>Denture Acrylic</td><td>Denture Acrylic</td></tr><tr><td>4<a name=\"4\"> </a></td><td>Denture Chrome Cobalt</td><td>Denture Chrome Cobalt</td></tr></table></div>"
  },
  "extension": [
    {
      "url": "http://hl7.org/fhir/StructureDefinition/valueset-oid",
      "valueUri": "urn:oid:2.16.840.1.113883.4.642.2.312"
    }
  ],
  "url": "http://hl7.org/fhir/ValueSet/oral-prosthodontic-material",
  "version": "1.0.2",
  "name": "Oral Prostho Material type Codes",
  "status": "draft",
  "experimental": true,
  "publisher": "Financial Management",
  "contact": [
    {
      "telecom": [
        {
          "system": "other",
          "value": "http://hl7.org/fhir"
        }
      ]
    }
  ],
  "date": "2015-10-24T07:41:03+11:00",
  "description": "This value set includes sample Oral Prosthodontic Material type codes.",
  "copyright": "This is an example set.",
  "codeSystem": {
    "extension": [
      {
        "url": "http://hl7.org/fhir/StructureDefinition/valueset-oid",
        "valueUri": "urn:oid:2.16.840.1.113883.4.642.1.312"
      }
    ],
    "system": "http://hl7.org/fhir/ex-oralprostho",
    "caseSensitive": true,
    "concept": [
      {
        "code": "1",
        "display": "Fixed Bridge",
        "_display": {
          "fhir_comments": [
            "   Fixed Bridge   "
          ]
        },
        "definition": "Fixed Bridge"
      },
      {
        "code": "2",
        "display": "Maryland Bridge",
        "_display": {
          "fhir_comments": [
            "   Maryland Bridge   "
          ]
        },
        "definition": "Maryland Bridge"
      },
      {
        "code": "3",
        "display": "Denture Acrylic",
        "_display": {
          "fhir_comments": [
            "   Denture Acrylic   "
          ]
        },
        "definition": "Denture Acrylic"
      },
      {
        "code": "4",
        "display": "Denture Chrome Cobalt",
        "_display": {
          "fhir_comments": [
            "   Denture Chrome Cobalt   "
          ]
        },
        "definition": "Denture Chrome Cobalt"
      }
    ]
  }
}