{"codeSystem":{"caseSensitive":true,"concept":[{"code":"BILL","definition":"Contact details for information regarding to billing/general finance enquiries.","display":"Billing"},{"code":"ADMIN","definition":"Contact details for administrative enquiries.","display":"Administrative"},{"code":"HR","definition":"Contact details for issues related to Human Resources, such as staff matters, OH&S etc.","display":"Human Resource"},{"code":"PAYOR","definition":"Contact details for dealing with issues related to insurance claims/adjudication/payment.","display":"Payor"},{"code":"PATINF","definition":"Generic information contact for patients.","display":"Patient"},{"code":"PRESS","definition":"Dedicated contact point for matters relating to press enquiries.","display":"Press"}],"extension":[{"url":"http://hl7.org/fhir/StructureDefinition/valueset-oid","valueUri":"urn:oid:2.16.840.1.113883.4.642.1.229"}],"system":"http://hl7.org/fhir/contactentity-type"},"contact":[{"telecom":[{"system":"other","value":"http://hl7.org/fhir"}]}],"date":"2015-10-24T07:41:03+11:00","description":"This example value set defines a set of codes that can be used to indicate the purpose for which you would contact a contact party.","experimental":true,"extension":[{"url":"http://hl7.org/fhir/StructureDefinition/valueset-oid","valueUri":"urn:oid:2.16.840.1.113883.4.642.2.229"}],"id":"contactentity-type","meta":{"lastUpdated":"2015-10-24T07:41:03.495+11:00","profile":["http://hl7.org/fhir/StructureDefinition/valueset-shareable-definition"]},"name":"ContactEntityType","publisher":"FHIR Project team","resourceType":"ValueSet","status":"draft","text":{"div":"<div><h2>ContactEntityType</h2><p>This example value set defines a set of codes that can be used to indicate the purpose for which you would contact a contact party.</p><p>This value set has an inline code system http://hl7.org/fhir/contactentity-type, which defines the following codes:</p><table class=\"codes\"><tr><td><b>Code</b></td><td><b>Display</b></td><td><b>Definition</b></td></tr><tr><td>BILL<a name=\"BILL\"> </a></td><td>Billing</td><td>Contact details for information regarding to billing/general finance enquiries.</td></tr><tr><td>ADMIN<a name=\"ADMIN\"> </a></td><td>Administrative</td><td>Contact details for administrative enquiries.</td></tr><tr><td>HR<a name=\"HR\"> </a></td><td>Human Resource</td><td>Contact details for issues related to Human Resources, such as staff matters, OH&amp;S etc.</td></tr><tr><td>PAYOR<a name=\"PAYOR\"> </a></td><td>Payor</td><td>Contact details for dealing with issues related to insurance claims/adjudication/payment.</td></tr><tr><td>PATINF<a name=\"PATINF\"> </a></td><td>Patient</td><td>Generic information contact for patients.</td></tr><tr><td>PRESS<a name=\"PRESS\"> </a></td><td>Press</td><td>Dedicated contact point for matters relating to press enquiries.</td></tr></table></div>","status":"generated"},"url":"http://hl7.org/fhir/ValueSet/contactentity-type","version":"1.0.2"}