{"codeSystem":{"caseSensitive":true,"concept":[{"code":"instance","definition":"The Location resource represents a specific instance of a location (e.g. Operating Theatre 1A).","display":"Instance"},{"code":"kind","definition":"The Location represents a class of locations (e.g. Any Operating Theatre) although this class of locations could be constrained within a specific boundary (such as organization, or parent location, address etc.).","display":"Kind"}],"extension":[{"url":"http://hl7.org/fhir/StructureDefinition/valueset-oid","valueUri":"urn:oid:2.16.840.1.113883.4.642.1.181"}],"system":"http://hl7.org/fhir/location-mode","version":"1.0.2"},"contact":[{"telecom":[{"system":"other","value":"http://hl7.org/fhir"},{"system":"email","value":"fhir@lists.hl7.org"}]}],"date":"2015-10-24T07:41:03+11:00","description":"Indicates whether a resource instance represents a specific location or a class of locations.","experimental":false,"extension":[{"url":"http://hl7.org/fhir/StructureDefinition/valueset-oid","valueUri":"urn:oid:2.16.840.1.113883.4.642.2.181"}],"id":"location-mode","meta":{"lastUpdated":"2015-10-24T07:41:03.495+11:00","profile":["http://hl7.org/fhir/StructureDefinition/valueset-shareable-definition"]},"name":"LocationMode","publisher":"HL7 (FHIR Project)","resourceType":"ValueSet","status":"draft","text":{"div":"<div><h2>LocationMode</h2><p>Indicates whether a resource instance represents a specific location or a class of locations.</p><p>This value set has an inline code system http://hl7.org/fhir/location-mode, which defines the following codes:</p><table class=\"codes\"><tr><td><b>Code</b></td><td><b>Display</b></td><td><b>Definition</b></td></tr><tr><td>instance<a name=\"instance\"> </a></td><td>Instance</td><td>The Location resource represents a specific instance of a location (e.g. Operating Theatre 1A).</td></tr><tr><td>kind<a name=\"kind\"> </a></td><td>Kind</td><td>The Location represents a class of locations (e.g. Any Operating Theatre) although this class of locations could be constrained within a specific boundary (such as organization, or parent location, address etc.).</td></tr></table></div>","status":"generated"},"url":"http://hl7.org/fhir/ValueSet/location-mode","version":"1.0.2"}