{"contained":[{"description":"Type options for DocumentReference.author","expansion":{"contains":[{"code":"Practitioner","display":"Practitioner","system":"http://hl7.org/fhir/resource-types"},{"code":"Device","display":"Device","system":"http://hl7.org/fhir/resource-types"}],"identifier":"urn:uuid:77602aaf-3721-419f-b8bb-886db8a389e2","timestamp":"2015-10-24T07:43:41+11:00"},"id":"vs2","name":"Type options for DocumentReference.author","resourceType":"ValueSet","status":"active"}],"date":"2012-06-24T00:00:00+10:00","group":{"extension":[{"url":"http://hl7.org/fhir/Profile/questionnaire-extensions#flyover","valueString":"A reference to a document."}],"group":[{"extension":[{"url":"http://hl7.org/fhir/Profile/questionnaire-extensions#flyover","valueString":"The logical id of the resource, as used in the URL for the resource. Once assigned, this value never changes. The only time that a resource does not have an id is when it is being submitted to the server using a create operation. Bundles always have an id, though it is usually a generated UUID."},{"url":"http://www.healthintersections.com.au/fhir/Profile/metadata#type","valueString":"string"}],"linkId":"DocumentReference.id","question":[{"linkId":"DocumentReference.id.value","repeats":false,"required":false,"text":"Logical id of this artifact","type":"string"}],"repeats":true,"required":false},{"extension":[{"url":"http://hl7.org/fhir/Profile/questionnaire-extensions#flyover","valueString":"The metadata about the resource. This is content that is maintained by the infrastructure. Changes to the content may not always be associated with version changes to the resource."}],"linkId":"DocumentReference.meta","repeats":true,"required":false,"text":"Metadata about the resource"},{"extension":[{"url":"http://hl7.org/fhir/Profile/questionnaire-extensions#flyover","valueString":"A reference to a set of rules that were followed when the resource was constructed, and which must be understood when processing the content. Asserting this rule set restricts the content to be only understood by a limited set of trading partners. This inherently limits the usefulness of the data in the long term. However, the existing health eco-system is highly fractured, and not yet ready to define, collect, and exchange data in a generally computable sense. Wherever possible, implementers and/or specification writers should avoid using this element as much as possible."},{"url":"http://www.healthintersections.com.au/fhir/Profile/metadata#type","valueString":"uri"}],"linkId":"DocumentReference.implicitRules","question":[{"linkId":"DocumentReference.implicitRules.value","repeats":false,"required":false,"text":"A set of rules under which this content was created","type":"string"}],"repeats":true,"required":false},{"extension":[{"url":"http://hl7.org/fhir/Profile/questionnaire-extensions#flyover","valueString":"The base language in which the resource is written. Language is provided to support indexing and accessibility (typically, services such as text to speech use the language tag). The html language tag in the narrative applies  to the narrative. The language tag on the resource may be used to specify the language of other presentations generated from the data in the resource  Not all the content has to be in the base language. The Resource.language should not be assumed to apply to the narrative automatically. If a language is specified, it should it also be specified on the div element in the html (see rules in HTML5 for information about the relationship between xml:lang and the html lang attribute)."},{"url":"http://www.healthintersections.com.au/fhir/Profile/metadata#type","valueString":"code"}],"linkId":"DocumentReference.language","question":[{"linkId":"DocumentReference.language.value","repeats":false,"required":false,"text":"language","type":"choice"}],"repeats":true,"required":false},{"extension":[{"url":"http://hl7.org/fhir/Profile/questionnaire-extensions#flyover","valueString":"A human-readable narrative that contains a summary of the resource, and may be used to represent the content of the resource to a human. The narrative need not encode all the structured data, but is required to contain sufficient detail to make it \"clinically safe\" for a human to just read the narrative. Resource definitions may define what content should be represented in the narrative to ensure clinical safety. Contained resources do not have narrative. Resources that are not contained SHOULD have a narrative."}],"linkId":"DocumentReference.text","repeats":true,"required":false,"text":"Text summary of the resource, for human interpretation"},{"extension":[{"url":"http://hl7.org/fhir/Profile/questionnaire-extensions#flyover","valueString":"These resources do not have an independent existence apart from the resource that contains them - they cannot be identified independently, and nor can they have their own independent transaction scope. This should never be done when the content can be identified properly, as once identification is lost, it is extremely difficult (and context dependent) to restore it again."}],"linkId":"DocumentReference.contained","repeats":true,"required":false,"text":"Contained, inline Resources"},{"extension":[{"url":"http://hl7.org/fhir/Profile/questionnaire-extensions#flyover","valueString":"May be used to represent additional information that is not part of the basic definition of the resource. In order to make the use of extensions safe and manageable, there is a strict set of governance  applied to the definition and use of extensions. Though any implementer is allowed to define an extension, there is a set of requirements that SHALL be met as part of the definition of the extension. There can be no stigma associated with the use of extensions by any application, project, or standard - regardless of the institution or jurisdiction that uses or defines the extensions.  The use of extensions is what allows the FHIR specification to retain a core level of simplicity for everyone."}],"linkId":"DocumentReference.extension","repeats":true,"required":false,"text":"Additional Content defined by implementations"},{"extension":[{"url":"http://hl7.org/fhir/Profile/questionnaire-extensions#flyover","valueString":"May be used to represent additional information that is not part of the basic definition of the resource, and that modifies the understanding of the element that contains it. Usually modifier elements provide negation or qualification. In order to make the use of extensions safe and manageable, there is a strict set of governance applied to the definition and use of extensions. Though any implementer is allowed to define an extension, there is a set of requirements that SHALL be met as part of the definition of the extension. Applications processing a resource are required to check for modifier extensions. There can be no stigma associated with the use of extensions by any application, project, or standard - regardless of the institution or jurisdiction that uses or defines the extensions.  The use of extensions is what allows the FHIR specification to retain a core level of simplicity for everyone."}],"linkId":"DocumentReference.modifierExtension","repeats":true,"required":false,"text":"Extensions that cannot be ignored"},{"extension":[{"url":"http://hl7.org/fhir/Profile/questionnaire-extensions#flyover","valueString":"Globally unique identifier assigned to the document by the creating entity. A DocumentEntry representing a single document is identified by the uniqueId attribute; the linkage between DocumentEntry and the Document it represents is made with the uniqueId attribute. This unique identifier may be used in other documents to reference this document. CDA Document Id extension and root."},{"url":"http://www.healthintersections.com.au/fhir/Profile/metadata#type","valueString":"Identifier"}],"linkId":"DocumentReference.masterIdentifier","question":[{"linkId":"DocumentReference.masterIdentifier.label","repeats":false,"required":false,"text":"label:","type":"string"},{"linkId":"DocumentReference.masterIdentifier.system","repeats":false,"required":false,"text":"system:","type":"string"},{"linkId":"DocumentReference.masterIdentifier.value","repeats":false,"required":false,"text":"value:","type":"string"}],"repeats":true,"required":true,"text":"XDSDocumentEntry.uniqueId"},{"extension":[{"url":"http://hl7.org/fhir/Profile/questionnaire-extensions#flyover","valueString":"Other identifiers for the document."},{"url":"http://www.healthintersections.com.au/fhir/Profile/metadata#type","valueString":"Identifier"}],"linkId":"DocumentReference.identifier","question":[{"linkId":"DocumentReference.identifier.label","repeats":false,"required":false,"text":"label:","type":"string"},{"linkId":"DocumentReference.identifier.system","repeats":false,"required":false,"text":"system:","type":"string"},{"linkId":"DocumentReference.identifier.value","repeats":false,"required":false,"text":"value:","type":"string"}],"repeats":true,"required":false,"text":"XDSDocumentEntry.referenceIdList"},{"extension":[{"url":"http://hl7.org/fhir/Profile/questionnaire-extensions#flyover","valueString":"The patientId represents the subject of care of the document.  The value of the patientId shall be the same for all new documents of a SubmissionSet. Patient information typically includes: the patient first and last name, sex, and birth date. In the context of XDS, the patientId shall be the one with use = official. The Clinical XDS Affinity Domain policies may require more or less specific information and format. This patient information is not intended to be updated once the Document is registered (just as the Document content and metadata itself will not be updated without replacing the previous document). As sourcePatientInfo may have been updated by the source actor, it may no longer be in use within the Document Source (EHR-CR). It is only intended as an audit/checking mechanism and has occasional use for Document Consumer actors."},{"url":"http://www.healthintersections.com.au/fhir/Profile/metadata#type","valueString":"Reference"}],"linkId":"DocumentReference.subject","question":[{"extension":[{"url":"http://www.healthintersections.com.au/fhir/Profile/metadata#reference","valueString":"/Patient?subject=$subj&patient=$subj&encounter=$encounter"}],"linkId":"DocumentReference.subject.value","repeats":false,"required":false,"text":"XDSDocumentEntry.patientId + sourcePatientId/sourcePatientInfo","type":"reference"}],"repeats":true,"required":true},{"extension":[{"url":"http://hl7.org/fhir/Profile/questionnaire-extensions#flyover","valueString":"The code specifying the particular kind of document (e.g. Prescription, Discharge Summary, Report). It is suggested that the XDS Affinity Domain draws these values from a coding scheme providing a coarse level of granularity (about 10 to 100 entries). Shall have a single value. Key metadata element describing the document, used in searching/filtering."},{"url":"http://www.healthintersections.com.au/fhir/Profile/metadata#type","valueString":"CodeableConcept"}],"linkId":"DocumentReference.type","question":[{"linkId":"DocumentReference.type.coding","repeats":false,"required":false,"text":"code:","type":"open-choice"},{"linkId":"DocumentReference.type.text","repeats":false,"required":false,"text":"text:","type":"string"}],"repeats":true,"required":true,"text":"XDSDocumentEntry.typeCode"},{"extension":[{"url":"http://hl7.org/fhir/Profile/questionnaire-extensions#flyover","valueString":"A categorization for the type of the document. This may be implied by or derived from the code specified in the Document Type. XDSDocumentEntry.typeCode."},{"url":"http://www.healthintersections.com.au/fhir/Profile/metadata#type","valueString":"CodeableConcept"}],"linkId":"DocumentReference.class","question":[{"linkId":"DocumentReference.class.coding","repeats":false,"required":false,"text":"code:","type":"open-choice"},{"linkId":"DocumentReference.class.text","repeats":false,"required":false,"text":"text:","type":"string"}],"repeats":true,"required":true,"text":"XDSDocumentEntry.classCode"},{"extension":[{"url":"http://hl7.org/fhir/Profile/questionnaire-extensions#flyover","valueString":"Represents the humans and/or machines that authored the document. Not necessarily who did the actual data entry (i.e. typist) it in or who was the source (informant)."}],"linkId":"DocumentReference.author","question":[{"group":[{"extension":[{"url":"http://www.healthintersections.com.au/fhir/Profile/metadata#type","valueString":"Reference"}],"linkId":"DocumentReference.author._Practitioner","question":[{"extension":[{"url":"http://www.healthintersections.com.au/fhir/Profile/metadata#reference","valueString":"/Practitioner?subject=$subj&patient=$subj&encounter=$encounter"}],"linkId":"DocumentReference.author._Practitioner.value","repeats":false,"required":false,"text":"Practitioner","type":"reference"}]},{"extension":[{"url":"http://www.healthintersections.com.au/fhir/Profile/metadata#type","valueString":"Reference"}],"linkId":"DocumentReference.author._Device","question":[{"extension":[{"url":"http://www.healthintersections.com.au/fhir/Profile/metadata#reference","valueString":"/Device?subject=$subj&patient=$subj&encounter=$encounter"}],"linkId":"DocumentReference.author._Device.value","repeats":false,"required":false,"text":"Device","type":"reference"}]}],"linkId":"DocumentReference.author._type","options":{"reference":"#vs2"},"repeats":false,"required":false,"text":"type","type":"choice"}],"repeats":true,"required":true,"text":"XDSDocumentEntry.author"},{"extension":[{"url":"http://hl7.org/fhir/Profile/questionnaire-extensions#flyover","valueString":"Org which maintains the document. Identifies the logical organization to go to find the current version, where to report issues, etc. This is different from the physical location of the document, which is the technical location of the document, which host may be delegated to the management of some other organization."},{"url":"http://www.healthintersections.com.au/fhir/Profile/metadata#type","valueString":"Reference"}],"linkId":"DocumentReference.custodian","question":[{"extension":[{"url":"http://www.healthintersections.com.au/fhir/Profile/metadata#reference","valueString":"/Organization?subject=$subj&patient=$subj&encounter=$encounter"}],"linkId":"DocumentReference.custodian.value","repeats":false,"required":false,"text":"n/a","type":"reference"}],"repeats":true,"required":false},{"extension":[{"url":"http://hl7.org/fhir/Profile/questionnaire-extensions#flyover","valueString":"Represents a participant who has legally authenticated or attested the document within the authorInstitution. Legal authentication implies that a document has been signed manually or electronically by the legalAuthenticator. Represents a participant within the author institution who has legally authenticated or attested the document. Legal authentication implies that a document has been signed manually or electronically by the legal Authenticator."},{"url":"http://www.healthintersections.com.au/fhir/Profile/metadata#type","valueString":"Reference"}],"linkId":"DocumentReference.authenticator","question":[{"extension":[{"url":"http://www.healthintersections.com.au/fhir/Profile/metadata#reference","valueString":"/Practitioner?subject=$subj&patient=$subj&encounter=$encounter"}],"linkId":"DocumentReference.authenticator.value","repeats":false,"required":false,"text":"??","type":"reference"}],"repeats":true,"required":false},{"extension":[{"url":"http://hl7.org/fhir/Profile/questionnaire-extensions#flyover","valueString":"Represents the time the author created the document in the Document Source. Creation time is used for tracking, organizing versions and searching. This is the creation time of the document, not the source material on which it is based."},{"url":"http://www.healthintersections.com.au/fhir/Profile/metadata#type","valueString":"datetime"}],"linkId":"DocumentReference.created","question":[{"linkId":"DocumentReference.created.value","repeats":false,"required":false,"text":"XDSDocumentEntry.creationTime","type":"dateTime"}],"repeats":true,"required":true},{"extension":[{"url":"http://hl7.org/fhir/Profile/questionnaire-extensions#flyover","valueString":"When this document reference created. Referencing/indexing time is used for tracking, organizing versions and searching."},{"url":"http://www.healthintersections.com.au/fhir/Profile/metadata#type","valueString":"instant"}],"linkId":"DocumentReference.indexed","question":[{"linkId":"DocumentReference.indexed.value","repeats":false,"required":false,"text":"XDS submission time or XDSDocumentEntry.creationTime  if unknown","type":"instant"}],"repeats":true,"required":true},{"extension":[{"url":"http://hl7.org/fhir/Profile/questionnaire-extensions#flyover","valueString":"This attribute is always set to Approved as part of the submission of new XDS Documents. It may be changed to Deprecated under the primary responsibility of the Document Source with possible patient supervision. Although XDS supports the ability to delete documents, there is no such state as ???the Document Entry is removed??? (only an audit trail is kept if such a deletion is allowed). This is the status of the DocumentReference object, which might be independent from the docStatus element."},{"url":"http://www.healthintersections.com.au/fhir/Profile/metadata#type","valueString":"code"}],"linkId":"DocumentReference.status","question":[{"linkId":"DocumentReference.status.value","repeats":false,"required":false,"text":"status","type":"choice"}],"repeats":true,"required":true},{"extension":[{"url":"http://hl7.org/fhir/Profile/questionnaire-extensions#flyover","valueString":"Status of the underlying document. The document that is pointed to might be in various lifecycle states."},{"url":"http://www.healthintersections.com.au/fhir/Profile/metadata#type","valueString":"CodeableConcept"}],"linkId":"DocumentReference.docStatus","question":[{"linkId":"DocumentReference.docStatus.coding","repeats":false,"required":false,"text":"code:","type":"choice"},{"linkId":"DocumentReference.docStatus.text","repeats":false,"required":false,"text":"text:","type":"string"}],"repeats":true,"required":false,"text":"preliminary | final | appended | amended | entered-in-error"},{"extension":[{"url":"http://hl7.org/fhir/Profile/questionnaire-extensions#flyover","valueString":"Relationships to other documents."}],"group":[{"extension":[{"url":"http://hl7.org/fhir/Profile/questionnaire-extensions#flyover","valueString":"unique id for the element within a resource (for internal references)."},{"url":"http://www.healthintersections.com.au/fhir/Profile/metadata#type","valueString":"string"}],"linkId":"DocumentReference.relatesTo.id","question":[{"linkId":"DocumentReference.relatesTo.id.value","repeats":false,"required":false,"text":"xml:id (or equivalent in JSON)","type":"string"}],"repeats":true,"required":false},{"extension":[{"url":"http://hl7.org/fhir/Profile/questionnaire-extensions#flyover","valueString":"May be used to represent additional information that is not part of the basic definition of the element. In order to make the use of extensions safe and manageable, there is a strict set of governance  applied to the definition and use of extensions. Though any implementer is allowed to define an extension, there is a set of requirements that SHALL be met as part of the definition of the extension. There can be no stigma associated with the use of extensions by any application, project, or standard - regardless of the institution or jurisdiction that uses or defines the extensions.  The use of extensions is what allows the FHIR specification to retain a core level of simplicity for everyone."}],"linkId":"DocumentReference.relatesTo.extension","repeats":true,"required":false,"text":"Additional Content defined by implementations"},{"extension":[{"url":"http://hl7.org/fhir/Profile/questionnaire-extensions#flyover","valueString":"May be used to represent additional information that is not part of the basic definition of the element, and that modifies the understanding of the element that contains it. Usually modifier elements provide negation or qualification. In order to make the use of extensions safe and manageable, there is a strict set of governance applied to the definition and use of extensions. Though any implementer is allowed to define an extension, there is a set of requirements that SHALL be met as part of the definition of the extension. Applications processing a resource are required to check for modifier extensions. There can be no stigma associated with the use of extensions by any application, project, or standard - regardless of the institution or jurisdiction that uses or defines the extensions.  The use of extensions is what allows the FHIR specification to retain a core level of simplicity for everyone."}],"linkId":"DocumentReference.relatesTo.modifierExtension","repeats":true,"required":false,"text":"Extensions that cannot be ignored"},{"extension":[{"url":"http://hl7.org/fhir/Profile/questionnaire-extensions#flyover","valueString":"supersedes | transforms | signs | appends. If this document appends another document, then the document cannot be fully understood without also accessing the referenced document."},{"url":"http://www.healthintersections.com.au/fhir/Profile/metadata#type","valueString":"code"}],"linkId":"DocumentReference.relatesTo.code","question":[{"linkId":"DocumentReference.relatesTo.code.value","repeats":false,"required":false,"text":"code","type":"choice"}],"repeats":true,"required":true},{"extension":[{"url":"http://hl7.org/fhir/Profile/questionnaire-extensions#flyover","valueString":"Target of the relationship."},{"url":"http://www.healthintersections.com.au/fhir/Profile/metadata#type","valueString":"Reference"}],"linkId":"DocumentReference.relatesTo.target","question":[{"extension":[{"url":"http://www.healthintersections.com.au/fhir/Profile/metadata#reference","valueString":"/DocumentReference?subject=$subj&patient=$subj&encounter=$encounter"}],"linkId":"DocumentReference.relatesTo.target.value","repeats":false,"required":false,"text":"The target document of this relationship","type":"reference"}],"repeats":true,"required":true}],"linkId":"DocumentReference.relatesTo","repeats":true,"required":false,"title":"Relationships that this document has with other document references that already exist"},{"extension":[{"url":"http://hl7.org/fhir/Profile/questionnaire-extensions#flyover","valueString":"Represents the title of the document. What the document is about, rather than a terse summary of the document. It is commonly the case that records do not have a title and are collectively referred to by the display name of Record code (e.g. a \"consultation\" or \"progress note\")."},{"url":"http://www.healthintersections.com.au/fhir/Profile/metadata#type","valueString":"string"}],"linkId":"DocumentReference.description","question":[{"linkId":"DocumentReference.description.value","repeats":false,"required":false,"text":"XDSDocumentEntry.title","type":"string"}],"repeats":true,"required":false},{"extension":[{"url":"http://hl7.org/fhir/Profile/questionnaire-extensions#flyover","valueString":"The code specifying the level of confidentiality of the XDS Document. These codes are specific to an XDS Affinity Domain. Enforcement and issues related to highly sensitive documents are beyond the scope of XDS (see security section). confidentialityCode is part of a codification scheme and value set enforced by the Document Registry."},{"url":"http://www.healthintersections.com.au/fhir/Profile/metadata#type","valueString":"CodeableConcept"}],"linkId":"DocumentReference.securityLabel","question":[{"linkId":"DocumentReference.securityLabel.coding","repeats":false,"required":false,"text":"code:","type":"open-choice"},{"linkId":"DocumentReference.securityLabel.text","repeats":false,"required":false,"text":"text:","type":"string"}],"repeats":true,"required":true,"text":"XDSDocumentEntry.confidentialityCode"},{"extension":[{"url":"http://hl7.org/fhir/Profile/questionnaire-extensions#flyover","valueString":"The document and format referenced. There may be multiple content element repetitions, each with a different format."}],"group":[{"extension":[{"url":"http://hl7.org/fhir/Profile/questionnaire-extensions#flyover","valueString":"unique id for the element within a resource (for internal references)."},{"url":"http://www.healthintersections.com.au/fhir/Profile/metadata#type","valueString":"string"}],"linkId":"DocumentReference.content.id","question":[{"linkId":"DocumentReference.content.id.value","repeats":false,"required":false,"text":"xml:id (or equivalent in JSON)","type":"string"}],"repeats":true,"required":false},{"extension":[{"url":"http://hl7.org/fhir/Profile/questionnaire-extensions#flyover","valueString":"May be used to represent additional information that is not part of the basic definition of the element. In order to make the use of extensions safe and manageable, there is a strict set of governance  applied to the definition and use of extensions. Though any implementer is allowed to define an extension, there is a set of requirements that SHALL be met as part of the definition of the extension. There can be no stigma associated with the use of extensions by any application, project, or standard - regardless of the institution or jurisdiction that uses or defines the extensions.  The use of extensions is what allows the FHIR specification to retain a core level of simplicity for everyone."}],"linkId":"DocumentReference.content.extension","repeats":true,"required":false,"text":"Additional Content defined by implementations"},{"extension":[{"url":"http://hl7.org/fhir/Profile/questionnaire-extensions#flyover","valueString":"May be used to represent additional information that is not part of the basic definition of the element, and that modifies the understanding of the element that contains it. Usually modifier elements provide negation or qualification. In order to make the use of extensions safe and manageable, there is a strict set of governance applied to the definition and use of extensions. Though any implementer is allowed to define an extension, there is a set of requirements that SHALL be met as part of the definition of the extension. Applications processing a resource are required to check for modifier extensions. There can be no stigma associated with the use of extensions by any application, project, or standard - regardless of the institution or jurisdiction that uses or defines the extensions.  The use of extensions is what allows the FHIR specification to retain a core level of simplicity for everyone."}],"linkId":"DocumentReference.content.modifierExtension","repeats":true,"required":false,"text":"Extensions that cannot be ignored"},{"extension":[{"url":"http://hl7.org/fhir/Profile/questionnaire-extensions#flyover","valueString":"The document or url of the document along with critical metadata to prove content has integrity."},{"url":"http://www.healthintersections.com.au/fhir/Profile/metadata#type","valueString":"Attachment"}],"linkId":"DocumentReference.content.attachment","repeats":true,"required":true,"text":"Where to access the document"},{"extension":[{"url":"http://hl7.org/fhir/Profile/questionnaire-extensions#flyover","valueString":"An identifier of the document encoding, structure, and template that the document conforms to beyond the base format indicated in the mimeType. Note that while IHE mostly issues URNs for format types, not all documents can be identified by a URI."},{"url":"http://www.healthintersections.com.au/fhir/Profile/metadata#type","valueString":"Coding"}],"linkId":"DocumentReference.content.format","question":[{"linkId":"DocumentReference.content.format.value","repeats":false,"required":false,"text":"Format/content rules for the document","type":"open-choice"}],"repeats":true,"required":false}],"linkId":"DocumentReference.content","repeats":true,"required":true,"title":"Document referenced"},{"extension":[{"url":"http://hl7.org/fhir/Profile/questionnaire-extensions#flyover","valueString":"Clinical context of document - eventCodeList, serviceStart & Stop time, and facility type."}],"group":[{"extension":[{"url":"http://hl7.org/fhir/Profile/questionnaire-extensions#flyover","valueString":"unique id for the element within a resource (for internal references)."},{"url":"http://www.healthintersections.com.au/fhir/Profile/metadata#type","valueString":"string"}],"linkId":"DocumentReference.context.id","question":[{"linkId":"DocumentReference.context.id.value","repeats":false,"required":false,"text":"xml:id (or equivalent in JSON)","type":"string"}],"repeats":true,"required":false},{"extension":[{"url":"http://hl7.org/fhir/Profile/questionnaire-extensions#flyover","valueString":"May be used to represent additional information that is not part of the basic definition of the element. In order to make the use of extensions safe and manageable, there is a strict set of governance  applied to the definition and use of extensions. Though any implementer is allowed to define an extension, there is a set of requirements that SHALL be met as part of the definition of the extension. There can be no stigma associated with the use of extensions by any application, project, or standard - regardless of the institution or jurisdiction that uses or defines the extensions.  The use of extensions is what allows the FHIR specification to retain a core level of simplicity for everyone."}],"linkId":"DocumentReference.context.extension","repeats":true,"required":false,"text":"Additional Content defined by implementations"},{"extension":[{"url":"http://hl7.org/fhir/Profile/questionnaire-extensions#flyover","valueString":"May be used to represent additional information that is not part of the basic definition of the element, and that modifies the understanding of the element that contains it. Usually modifier elements provide negation or qualification. In order to make the use of extensions safe and manageable, there is a strict set of governance applied to the definition and use of extensions. Though any implementer is allowed to define an extension, there is a set of requirements that SHALL be met as part of the definition of the extension. Applications processing a resource are required to check for modifier extensions. There can be no stigma associated with the use of extensions by any application, project, or standard - regardless of the institution or jurisdiction that uses or defines the extensions.  The use of extensions is what allows the FHIR specification to retain a core level of simplicity for everyone."}],"linkId":"DocumentReference.context.modifierExtension","repeats":true,"required":false,"text":"Extensions that cannot be ignored"},{"extension":[{"url":"http://hl7.org/fhir/Profile/questionnaire-extensions#flyover","valueString":"Describes the clinical encounter or type of care that the document content is associated with."},{"url":"http://www.healthintersections.com.au/fhir/Profile/metadata#type","valueString":"Reference"}],"linkId":"DocumentReference.context.encounter","question":[{"extension":[{"url":"http://www.healthintersections.com.au/fhir/Profile/metadata#reference","valueString":"/Encounter?subject=$subj&patient=$subj&encounter=$encounter"}],"linkId":"DocumentReference.context.encounter.value","repeats":false,"required":false,"text":"Context of the document  content","type":"reference"}],"repeats":true,"required":false},{"extension":[{"url":"http://hl7.org/fhir/Profile/questionnaire-extensions#flyover","valueString":"This list of codes represents the main clinical acts, such as a colonoscopy or an appendectomy, being documented. In some cases, the event is inherent in the typeCode, such as a \"History and Physical Report\" in which the procedure being documented is necessarily a \"History and Physical\" act. An event can further specialize the act inherent in the typeCode, such as where it is simply \"Procedure Report\" and the procedure was a \"colonoscopy\". If one or more eventCodes are included, they shall not conflict with the values inherent in the classCode, practiceSettingCode or typeCode, as such a conflict would create an ambiguous situation. This short list of codes is provided to be used as ???key words??? for certain types of queries."},{"url":"http://www.healthintersections.com.au/fhir/Profile/metadata#type","valueString":"CodeableConcept"}],"linkId":"DocumentReference.context.event","question":[{"linkId":"DocumentReference.context.event.coding","repeats":false,"required":false,"text":"code:","type":"open-choice"},{"linkId":"DocumentReference.context.event.text","repeats":false,"required":false,"text":"text:","type":"string"}],"repeats":true,"required":false,"text":"XDSDocumentEntry.eventCodeList"},{"extension":[{"url":"http://hl7.org/fhir/Profile/questionnaire-extensions#flyover","valueString":"The start and stop time of the service being documented took place. At least a start date SHALL be provided."},{"url":"http://www.healthintersections.com.au/fhir/Profile/metadata#type","valueString":"Period"}],"linkId":"DocumentReference.context.period","question":[{"linkId":"DocumentReference.context.period.low","repeats":false,"required":false,"text":"start:","type":"dateTime"},{"linkId":"DocumentReference.context.period.end","repeats":false,"required":false,"text":"end:","type":"dateTime"}],"repeats":true,"required":true,"text":"XDSDocumentEntry.serviceStartTime & XDSDocumentEntry.serviceStopTime"},{"extension":[{"url":"http://hl7.org/fhir/Profile/questionnaire-extensions#flyover","valueString":"This code represents the type of organizational setting of the clinical encounter during which the documented act occurred. In some cases, the setting of the encounter is inherent in the typeCode, such as \"Diabetes Clinic Progress Note\". healthcareFacilityTypeCode shall be equivalent to or further specialize the value inherent in the typeCode; for example, where the typeCode is simply \"Clinic Progress Note\" and the value of healthcareFacilityTypeCode is \"private clinic\". The value shall not conflict with the value inherent in the typeCode, as such a conflict would create an ambiguous situation."},{"url":"http://www.healthintersections.com.au/fhir/Profile/metadata#type","valueString":"CodeableConcept"}],"linkId":"DocumentReference.context.facilityType","question":[{"linkId":"DocumentReference.context.facilityType.coding","repeats":false,"required":false,"text":"code:","type":"open-choice"},{"linkId":"DocumentReference.context.facilityType.text","repeats":false,"required":false,"text":"text:","type":"string"}],"repeats":true,"required":false,"text":"XDSDocumentEntry.healthCareFacilityTypeCode"},{"extension":[{"url":"http://hl7.org/fhir/Profile/questionnaire-extensions#flyover","valueString":"XDSDocumentEntry.practiceSettingCode. The value set for this content has an example binding because it is a value set decided by community policy. Other examples exist for consideration: * HITSP created the table HITSP/C80 Table 2-148 Clinical Specialty Value Set (a value set based upon SNOMED CT which is referenced by Direct (XDR and XDM for Direct Messaging Specification, Version 1), as well as Nationwide Health Information Network (NHIN).  Query for Documents, Web Service Interface Specification, V 3.0, 07/27/2011 * ELGA (Austria) (ELGA CDA Implementie-rungsleitfäden Registrierung von CDA Dokumenten für ELGA mit IHE Cross-Enterprise Document Sharing: XDS Metadaten (XDSDocumentEntry), [1.2.40.0.34.7.6.3] * XDS Connect-a-thon practiceSettingCode."},{"url":"http://www.healthintersections.com.au/fhir/Profile/metadata#type","valueString":"CodeableConcept"}],"linkId":"DocumentReference.context.practiceSetting","question":[{"linkId":"DocumentReference.context.practiceSetting.coding","repeats":false,"required":false,"text":"code:","type":"open-choice"},{"linkId":"DocumentReference.context.practiceSetting.text","repeats":false,"required":false,"text":"text:","type":"string"}],"repeats":true,"required":false,"text":"XDSDocumentEntry.practiceSettingCode"},{"extension":[{"url":"http://hl7.org/fhir/Profile/questionnaire-extensions#flyover","valueString":"The Patient Information as known when the document was published. May be a reference to a version specific, or contained."},{"url":"http://www.healthintersections.com.au/fhir/Profile/metadata#type","valueString":"Reference"}],"linkId":"DocumentReference.context.sourcePatientInfo","question":[{"extension":[{"url":"http://www.healthintersections.com.au/fhir/Profile/metadata#reference","valueString":"/Patient?subject=$subj&patient=$subj&encounter=$encounter"}],"linkId":"DocumentReference.context.sourcePatientInfo.value","repeats":false,"required":false,"text":"Patient demographics from source","type":"reference"}],"repeats":true,"required":false},{"extension":[{"url":"http://hl7.org/fhir/Profile/questionnaire-extensions#flyover","valueString":"Related identifiers or resources associated with the DocumentReference."}],"group":[{"extension":[{"url":"http://hl7.org/fhir/Profile/questionnaire-extensions#flyover","valueString":"unique id for the element within a resource (for internal references)."},{"url":"http://www.healthintersections.com.au/fhir/Profile/metadata#type","valueString":"string"}],"linkId":"DocumentReference.context.related.id","question":[{"linkId":"DocumentReference.context.related.id.value","repeats":false,"required":false,"text":"xml:id (or equivalent in JSON)","type":"string"}],"repeats":true,"required":false},{"extension":[{"url":"http://hl7.org/fhir/Profile/questionnaire-extensions#flyover","valueString":"May be used to represent additional information that is not part of the basic definition of the element. In order to make the use of extensions safe and manageable, there is a strict set of governance  applied to the definition and use of extensions. Though any implementer is allowed to define an extension, there is a set of requirements that SHALL be met as part of the definition of the extension. There can be no stigma associated with the use of extensions by any application, project, or standard - regardless of the institution or jurisdiction that uses or defines the extensions.  The use of extensions is what allows the FHIR specification to retain a core level of simplicity for everyone."}],"linkId":"DocumentReference.context.related.extension","repeats":true,"required":false,"text":"Additional Content defined by implementations"},{"extension":[{"url":"http://hl7.org/fhir/Profile/questionnaire-extensions#flyover","valueString":"May be used to represent additional information that is not part of the basic definition of the element, and that modifies the understanding of the element that contains it. Usually modifier elements provide negation or qualification. In order to make the use of extensions safe and manageable, there is a strict set of governance applied to the definition and use of extensions. Though any implementer is allowed to define an extension, there is a set of requirements that SHALL be met as part of the definition of the extension. Applications processing a resource are required to check for modifier extensions. There can be no stigma associated with the use of extensions by any application, project, or standard - regardless of the institution or jurisdiction that uses or defines the extensions.  The use of extensions is what allows the FHIR specification to retain a core level of simplicity for everyone."}],"linkId":"DocumentReference.context.related.modifierExtension","repeats":true,"required":false,"text":"Extensions that cannot be ignored"},{"extension":[{"url":"http://hl7.org/fhir/Profile/questionnaire-extensions#flyover","valueString":"Related identifier to this DocumentReference. If both id and ref are present they shall refer to the same thing. Order numbers, accession numbers, XDW workflow numbers."},{"url":"http://www.healthintersections.com.au/fhir/Profile/metadata#type","valueString":"Identifier"}],"linkId":"DocumentReference.context.related.identifier","question":[{"linkId":"DocumentReference.context.related.identifier.label","repeats":false,"required":false,"text":"label:","type":"string"},{"linkId":"DocumentReference.context.related.identifier.system","repeats":false,"required":false,"text":"system:","type":"string"},{"linkId":"DocumentReference.context.related.identifier.value","repeats":false,"required":false,"text":"value:","type":"string"}],"repeats":true,"required":false,"text":"Identifier of related objects or events"},{"extension":[{"url":"http://hl7.org/fhir/Profile/questionnaire-extensions#flyover","valueString":"Related Resource to this DocumentReference. If both id and ref are present they shall refer to the same thing. Order, DiagnosticOrder,  Procedure, EligibilityRequest, etc."},{"url":"http://www.healthintersections.com.au/fhir/Profile/metadata#type","valueString":"Reference"}],"linkId":"DocumentReference.context.related.ref","question":[{"extension":[{"url":"http://www.healthintersections.com.au/fhir/Profile/metadata#reference","valueString":"/Resource?subject=$subj&patient=$subj&encounter=$encounter"}],"linkId":"DocumentReference.context.related.ref.value","repeats":false,"required":false,"text":"Related Resource","type":"reference"}],"repeats":true,"required":false}],"linkId":"DocumentReference.context.related","repeats":true,"required":false,"text":"May be identifiers or resources that caused the DocumentReference or referenced Document to be created.","title":"Related identifiers or resources"}],"linkId":"DocumentReference.context","repeats":false,"required":false,"text":"These values are primarily added to help with searching for interesting/relevant documents.","title":"event codes, service Start & Stop time, and facility type"}],"linkId":"DocumentReference","repeats":true,"required":false,"text":"Usually, this is used for documents other than those defined by FHIR.","title":"XDSDocumentEntry"},"id":"qs1","identifier":[{"system":"urn:ietf:rfc:3986"}],"publisher":"HL7","resourceType":"Questionnaire","status":"draft"}