{
  "resourceType": "ActivityDefinition",
  "id": "administer-zika-virus-exposure-assessment",
  "text": {
    "status": "generated",
    "div": "\u003cdiv xmlns\u003d\"http://www.w3.org/1999/xhtml\"\u003e\n         \u003ctable class\u003d\"grid dict\"\u003e\n            \u003ctr\u003e\n               \u003ctd\u003e\n                  \u003cb\u003eId: \u003c/b\u003e\n               \u003c/td\u003e\n            \u003c/tr\u003e\n            \u003ctr\u003e\n               \u003ctd style\u003d\"padding-left: 25px; padding-right: 25px;\"\u003eActivityDefinition/administer-zika-virus-exposure-assessment\u003c/td\u003e\n            \u003c/tr\u003e\n         \u003c/table\u003e\n         \u003cp/\u003e\n         \u003ctable class\u003d\"grid dict\"\u003e\n            \u003ctr\u003e\n               \u003ctd\u003e\n                  \u003cb\u003eStatus: \u003c/b\u003e\n               \u003c/td\u003e\n            \u003c/tr\u003e\n            \u003ctr\u003e\n               \u003ctd style\u003d\"padding-left: 25px; padding-right: 25px;\"\u003edraft\u003c/td\u003e\n            \u003c/tr\u003e\n         \u003c/table\u003e\n         \u003cp/\u003e\n         \u003ctable class\u003d\"grid dict\"\u003e\n            \u003ctr\u003e\n               \u003ctd\u003e\n                  \u003cb\u003eDescription: \u003c/b\u003e\n               \u003c/td\u003e\n            \u003c/tr\u003e\n            \u003ctr\u003e\n               \u003ctd style\u003d\"padding-left: 25px; padding-right: 25px;\"\u003eAdminister Zika Virus Exposure Assessment\u003c/td\u003e\n            \u003c/tr\u003e\n         \u003c/table\u003e\n         \u003cp/\u003e\n         \u003ctable class\u003d\"grid dict\"\u003e\n            \u003ctr\u003e\n               \u003ctd\u003e\n                  \u003cb\u003eCategory: \u003c/b\u003e\n               \u003c/td\u003e\n            \u003c/tr\u003e\n            \u003ctr\u003e\n               \u003ctd style\u003d\"padding-left: 25px; padding-right: 25px;\"\u003eprocedure\u003c/td\u003e\n            \u003c/tr\u003e\n         \u003c/table\u003e\n         \u003cp/\u003e\n         \u003ctable class\u003d\"grid dict\"\u003e\n            \u003ctr\u003e\n               \u003ctd\u003e\n                  \u003cb\u003eCode: \u003c/b\u003e\n               \u003c/td\u003e\n            \u003c/tr\u003e\n            \u003ctr\u003e\n               \u003ctd style\u003d\"padding-right: 25px;\"\u003e\n                  \u003cspan\u003e\n                     \u003cspan\u003e\n                        \u003cspan style\u003d\"padding-left: 25px;\"\u003e\n                           \u003cb\u003esystem: \u003c/b\u003e\n                           \u003cspan\u003ehttp://example.org/questionnaires\u003c/span\u003e\n                           \u003cbr/\u003e\n                        \u003c/span\u003e\n                        \u003cspan style\u003d\"padding-left: 25px;\"\u003e\n                           \u003cb\u003ecode: \u003c/b\u003e\n                           \u003cspan\u003ezika-virus-exposure-assessment\u003c/span\u003e\n                           \u003cbr/\u003e\n                        \u003c/span\u003e\n                     \u003c/span\u003e\n                  \u003c/span\u003e\n               \u003c/td\u003e\n            \u003c/tr\u003e\n         \u003c/table\u003e\n         \u003cp/\u003e\n         \u003ctable class\u003d\"grid dict\"\u003e\n            \u003ctr\u003e\n               \u003ctd\u003e\n                  \u003cb\u003eParticipant: \u003c/b\u003e\n               \u003c/td\u003e\n            \u003c/tr\u003e\n            \u003ctr style\u003d\"vertical-align: top;\"\u003e\n               \u003ctd style\u003d\"padding-left: 25px; padding-right: 25px;\"\u003epractitioner\u003c/td\u003e\n            \u003c/tr\u003e\n         \u003c/table\u003e\n      \u003c/div\u003e"
  },
  "url": "http://example.org/ActivityDefinition/administer-zika-virus-exposure-assessment",
  "status": "draft",
  "description": "Administer Zika Virus Exposure Assessment",
  "useContext": [
    {
      "code": {
        "system": "http://terminology.hl7.org/CodeSystem/usage-context-type",
        "code": "age"
      },
      "valueRange": {
        "low": {
          "value": 12,
          "unit": "a"
        }
      }
    }
  ],
  "relatedArtifact": [
    {
      "type": "derived-from",
      "url": "https://www.cdc.gov/zika/hc-providers/pregnant-woman.html"
    },
    {
      "type": "depends-on",
      "resource": "Questionnaire/zika-virus-exposure-assessment"
    }
  ],
  "library": [
    "Library/zika-virus-intervention-logic"
  ],
  "kind": "ServiceRequest",
  "code": {
    "coding": [
      {
        "system": "http://example.org/questionnaires",
        "code": "zika-virus-exposure-assessment"
      }
    ]
  },
  "timingTiming": null,
  "participant": [
    {
      "type": "practitioner"
    }
  ]
}