{
  "resourceType": "Questionnaire",
  "id": "qs1",
  "contained": [
    {
      "resourceType": "ValueSet",
      "id": "vs2",
      "name": "Type options for FamilyMemberHistory.born[x]",
      "status": "active",
      "description": "Type options for FamilyMemberHistory.born[x]",
      "expansion": {
        "identifier": "urn:uuid:00ccd281-9c21-4dd4-a8db-0ae4bda374f6",
        "timestamp": "2019-11-01T09:35:19+11:00",
        "contains": [
          {
            "system": "http://hl7.org/fhir/data-types",
            "code": "Period",
            "display": "Period"
          },
          {
            "system": "http://hl7.org/fhir/data-types",
            "code": "date",
            "display": "date"
          },
          {
            "system": "http://hl7.org/fhir/data-types",
            "code": "string",
            "display": "string"
          }
        ]
      }
    },
    {
      "resourceType": "ValueSet",
      "id": "vs3",
      "name": "Type options for FamilyMemberHistory.age[x]",
      "status": "active",
      "description": "Type options for FamilyMemberHistory.age[x]",
      "expansion": {
        "identifier": "urn:uuid:b0c916dc-f6f6-4b51-a5aa-48918bcf9bc8",
        "timestamp": "2019-11-01T09:35:19+11:00",
        "contains": [
          {
            "system": "http://hl7.org/fhir/data-types",
            "code": "Age",
            "display": "Age"
          },
          {
            "system": "http://hl7.org/fhir/data-types",
            "code": "Range",
            "display": "Range"
          },
          {
            "system": "http://hl7.org/fhir/data-types",
            "code": "string",
            "display": "string"
          }
        ]
      }
    },
    {
      "resourceType": "ValueSet",
      "id": "vs4",
      "name": "Type options for FamilyMemberHistory.deceased[x]",
      "status": "active",
      "description": "Type options for FamilyMemberHistory.deceased[x]",
      "expansion": {
        "identifier": "urn:uuid:3f891603-4296-49c6-a9c8-bb21c0766f67",
        "timestamp": "2019-11-01T09:35:19+11:00",
        "contains": [
          {
            "system": "http://hl7.org/fhir/data-types",
            "code": "boolean",
            "display": "boolean"
          },
          {
            "system": "http://hl7.org/fhir/data-types",
            "code": "Age",
            "display": "Age"
          },
          {
            "system": "http://hl7.org/fhir/data-types",
            "code": "Range",
            "display": "Range"
          },
          {
            "system": "http://hl7.org/fhir/data-types",
            "code": "date",
            "display": "date"
          },
          {
            "system": "http://hl7.org/fhir/data-types",
            "code": "string",
            "display": "string"
          }
        ]
      }
    },
    {
      "resourceType": "ValueSet",
      "id": "vs5",
      "name": "Type options for FamilyMemberHistory.condition.onset[x]",
      "status": "active",
      "description": "Type options for FamilyMemberHistory.condition.onset[x]",
      "expansion": {
        "identifier": "urn:uuid:ce4d9a6c-eac6-4295-83af-7f1e59bae33e",
        "timestamp": "2019-11-01T09:35:19+11:00",
        "contains": [
          {
            "system": "http://hl7.org/fhir/data-types",
            "code": "Age",
            "display": "Age"
          },
          {
            "system": "http://hl7.org/fhir/data-types",
            "code": "Range",
            "display": "Range"
          },
          {
            "system": "http://hl7.org/fhir/data-types",
            "code": "Period",
            "display": "Period"
          },
          {
            "system": "http://hl7.org/fhir/data-types",
            "code": "string",
            "display": "string"
          }
        ]
      }
    }
  ],
  "identifier": [
    {
      "system": "urn:ietf:rfc:3986"
    }
  ],
  "version": "4.0.1",
  "status": "draft",
  "date": "2013-10-02T00:00:00+10:00",
  "publisher": "Health Level Seven International (Clinical Genomics)",
  "item": [
    {
      "linkId": "FamilyMemberHistory",
      "text": "Information about patient\u0027s relatives, relevant for patient",
      "type": "group",
      "required": false,
      "repeats": true,
      "item": [
        {
          "extension": [
            {
              "url": "http://hl7.org/fhir/StructureDefinition/questionnaire-itemControl",
              "valueCodeableConcept": {
                "coding": [
                  {
                    "system": "http://hl7.org/fhir/questionnaire-item-control",
                    "code": "flyover",
                    "display": "Fly-over"
                  }
                ]
              }
            }
          ],
          "text": "Significant health conditions for a person related to the patient relevant in the context of care for the patient.",
          "type": "display"
        },
        {
          "extension": [
            {
              "url": "http://hl7.org/fhir/StructureDefinition/questionnaire-maxOccurs",
              "valueInteger": 1
            },
            {
              "url": "http://hl7.org/fhir/StructureDefinition/questionnaire-fhirType",
              "valueString": "string"
            }
          ],
          "linkId": "FamilyMemberHistory.id",
          "type": "group",
          "required": false,
          "repeats": true,
          "item": [
            {
              "extension": [
                {
                  "url": "http://hl7.org/fhir/StructureDefinition/questionnaire-itemControl",
                  "valueCodeableConcept": {
                    "coding": [
                      {
                        "system": "http://hl7.org/fhir/questionnaire-item-control",
                        "code": "flyover",
                        "display": "Fly-over"
                      }
                    ]
                  }
                }
              ],
              "text": "The logical id of the resource, as used in the URL for the resource. Once assigned, this value never changes. The only time that a resource does not have an id is when it is being submitted to the server using a create operation.",
              "type": "display"
            },
            {
              "linkId": "FamilyMemberHistory.id.value",
              "text": "Logical id of this artifact",
              "type": "string",
              "required": false,
              "repeats": false
            }
          ]
        },
        {
          "extension": [
            {
              "url": "http://hl7.org/fhir/StructureDefinition/questionnaire-maxOccurs",
              "valueInteger": 1
            }
          ],
          "linkId": "FamilyMemberHistory.meta",
          "text": "Metadata about the resource",
          "type": "group",
          "required": false,
          "repeats": true,
          "item": [
            {
              "extension": [
                {
                  "url": "http://hl7.org/fhir/StructureDefinition/questionnaire-itemControl",
                  "valueCodeableConcept": {
                    "coding": [
                      {
                        "system": "http://hl7.org/fhir/questionnaire-item-control",
                        "code": "flyover",
                        "display": "Fly-over"
                      }
                    ]
                  }
                }
              ],
              "text": "The metadata about the resource. This is content that is maintained by the infrastructure. Changes to the content might not always be associated with version changes to the resource.",
              "type": "display"
            }
          ]
        },
        {
          "extension": [
            {
              "url": "http://hl7.org/fhir/StructureDefinition/questionnaire-maxOccurs",
              "valueInteger": 1
            },
            {
              "url": "http://hl7.org/fhir/StructureDefinition/questionnaire-fhirType",
              "valueString": "uri"
            }
          ],
          "linkId": "FamilyMemberHistory.implicitRules",
          "type": "group",
          "required": false,
          "repeats": true,
          "item": [
            {
              "extension": [
                {
                  "url": "http://hl7.org/fhir/StructureDefinition/questionnaire-itemControl",
                  "valueCodeableConcept": {
                    "coding": [
                      {
                        "system": "http://hl7.org/fhir/questionnaire-item-control",
                        "code": "flyover",
                        "display": "Fly-over"
                      }
                    ]
                  }
                }
              ],
              "text": "A reference to a set of rules that were followed when the resource was constructed, and which must be understood when processing the content. Often, this is a reference to an implementation guide that defines the special rules along with other profiles etc. Asserting this rule set restricts the content to be only understood by a limited set of trading partners. This inherently limits the usefulness of the data in the long term. However, the existing health eco-system is highly fractured, and not yet ready to define, collect, and exchange data in a generally computable sense. Wherever possible, implementers and/or specification writers should avoid using this element. Often, when used, the URL is a reference to an implementation guide that defines these special rules as part of it\u0027s narrative along with other profiles, value sets, etc.",
              "type": "display"
            },
            {
              "linkId": "FamilyMemberHistory.implicitRules.value",
              "text": "A set of rules under which this content was created",
              "type": "string",
              "required": false,
              "repeats": false
            }
          ]
        },
        {
          "extension": [
            {
              "url": "http://hl7.org/fhir/StructureDefinition/questionnaire-maxOccurs",
              "valueInteger": 1
            },
            {
              "url": "http://hl7.org/fhir/StructureDefinition/questionnaire-fhirType",
              "valueString": "code"
            }
          ],
          "linkId": "FamilyMemberHistory.language",
          "type": "group",
          "required": false,
          "repeats": true,
          "item": [
            {
              "extension": [
                {
                  "url": "http://hl7.org/fhir/StructureDefinition/questionnaire-itemControl",
                  "valueCodeableConcept": {
                    "coding": [
                      {
                        "system": "http://hl7.org/fhir/questionnaire-item-control",
                        "code": "flyover",
                        "display": "Fly-over"
                      }
                    ]
                  }
                }
              ],
              "text": "The base language in which the resource is written. Language is provided to support indexing and accessibility (typically, services such as text to speech use the language tag). The html language tag in the narrative applies  to the narrative. The language tag on the resource may be used to specify the language of other presentations generated from the data in the resource. Not all the content has to be in the base language. The Resource.language should not be assumed to apply to the narrative automatically. If a language is specified, it should it also be specified on the div element in the html (see rules in HTML5 for information about the relationship between xml:lang and the html lang attribute).",
              "type": "display"
            },
            {
              "linkId": "FamilyMemberHistory.language.value",
              "text": "language",
              "type": "choice",
              "required": false,
              "repeats": false
            }
          ]
        },
        {
          "extension": [
            {
              "url": "http://hl7.org/fhir/StructureDefinition/questionnaire-maxOccurs",
              "valueInteger": 1
            }
          ],
          "linkId": "FamilyMemberHistory.text",
          "text": "Text summary of the resource, for human interpretation",
          "type": "group",
          "required": false,
          "repeats": true,
          "item": [
            {
              "extension": [
                {
                  "url": "http://hl7.org/fhir/StructureDefinition/questionnaire-itemControl",
                  "valueCodeableConcept": {
                    "coding": [
                      {
                        "system": "http://hl7.org/fhir/questionnaire-item-control",
                        "code": "flyover",
                        "display": "Fly-over"
                      }
                    ]
                  }
                }
              ],
              "text": "A human-readable narrative that contains a summary of the resource and can be used to represent the content of the resource to a human. The narrative need not encode all the structured data, but is required to contain sufficient detail to make it \"clinically safe\" for a human to just read the narrative. Resource definitions may define what content should be represented in the narrative to ensure clinical safety. Contained resources do not have narrative. Resources that are not contained SHOULD have a narrative. In some cases, a resource may only have text with little or no additional discrete data (as long as all minOccurs\u003d1 elements are satisfied).  This may be necessary for data from legacy systems where information is captured as a \"text blob\" or where text is additionally entered raw or narrated and encoded information is added later.",
              "type": "display"
            }
          ]
        },
        {
          "linkId": "FamilyMemberHistory.contained",
          "text": "Contained, inline Resources",
          "type": "group",
          "required": false,
          "repeats": true,
          "item": [
            {
              "extension": [
                {
                  "url": "http://hl7.org/fhir/StructureDefinition/questionnaire-itemControl",
                  "valueCodeableConcept": {
                    "coding": [
                      {
                        "system": "http://hl7.org/fhir/questionnaire-item-control",
                        "code": "flyover",
                        "display": "Fly-over"
                      }
                    ]
                  }
                }
              ],
              "text": "These resources do not have an independent existence apart from the resource that contains them - they cannot be identified independently, and nor can they have their own independent transaction scope. This should never be done when the content can be identified properly, as once identification is lost, it is extremely difficult (and context dependent) to restore it again. Contained resources may have profiles and tags In their meta elements, but SHALL NOT have security labels.",
              "type": "display"
            }
          ]
        },
        {
          "linkId": "FamilyMemberHistory.extension",
          "text": "Extension",
          "type": "group",
          "required": false,
          "repeats": true,
          "item": [
            {
              "extension": [
                {
                  "url": "http://hl7.org/fhir/StructureDefinition/questionnaire-itemControl",
                  "valueCodeableConcept": {
                    "coding": [
                      {
                        "system": "http://hl7.org/fhir/questionnaire-item-control",
                        "code": "flyover",
                        "display": "Fly-over"
                      }
                    ]
                  }
                }
              ],
              "text": "An Extension",
              "type": "display"
            }
          ]
        },
        {
          "linkId": "FamilyMemberHistory.modifierExtension",
          "text": "Extensions that cannot be ignored",
          "type": "group",
          "required": false,
          "repeats": true,
          "item": [
            {
              "extension": [
                {
                  "url": "http://hl7.org/fhir/StructureDefinition/questionnaire-itemControl",
                  "valueCodeableConcept": {
                    "coding": [
                      {
                        "system": "http://hl7.org/fhir/questionnaire-item-control",
                        "code": "flyover",
                        "display": "Fly-over"
                      }
                    ]
                  }
                }
              ],
              "text": "May be used to represent additional information that is not part of the basic definition of the resource and that modifies the understanding of the element that contains it and/or the understanding of the containing element\u0027s descendants. Usually modifier elements provide negation or qualification. To make the use of extensions safe and manageable, there is a strict set of governance applied to the definition and use of extensions. Though any implementer is allowed to define an extension, there is a set of requirements that SHALL be met as part of the definition of the extension. Applications processing a resource are required to check for modifier extensions.\n\nModifier extensions SHALL NOT change the meaning of any elements on Resource or DomainResource (including cannot change the meaning of modifierExtension itself). There can be no stigma associated with the use of extensions by any application, project, or standard - regardless of the institution or jurisdiction that uses or defines the extensions.  The use of extensions is what allows the FHIR specification to retain a core level of simplicity for everyone.",
              "type": "display"
            }
          ]
        },
        {
          "extension": [
            {
              "url": "http://hl7.org/fhir/StructureDefinition/questionnaire-fhirType",
              "valueString": "Identifier"
            }
          ],
          "linkId": "FamilyMemberHistory.identifier",
          "text": "External Id(s) for this record",
          "type": "group",
          "required": false,
          "repeats": true,
          "item": [
            {
              "extension": [
                {
                  "url": "http://hl7.org/fhir/StructureDefinition/questionnaire-itemControl",
                  "valueCodeableConcept": {
                    "coding": [
                      {
                        "system": "http://hl7.org/fhir/questionnaire-item-control",
                        "code": "flyover",
                        "display": "Fly-over"
                      }
                    ]
                  }
                }
              ],
              "text": "Business identifiers assigned to this family member history by the performer or other systems which remain constant as the resource is updated and propagates from server to server. This is a business identifier, not a resource identifier (see [discussion](http://hl7.org/fhir/resource.html#identifiers)).  It is best practice for the identifier to only appear on a single resource instance, however business practices may occasionally dictate that multiple resource instances with the same identifier can exist - possibly even with different resource types.  For example, multiple Patient and a Person resource instance might share the same social insurance number.",
              "type": "display"
            },
            {
              "linkId": "FamilyMemberHistory.identifier.label",
              "text": "label:",
              "type": "string",
              "required": false,
              "repeats": false
            },
            {
              "linkId": "FamilyMemberHistory.identifier.system",
              "text": "system:",
              "type": "string",
              "required": false,
              "repeats": false
            },
            {
              "linkId": "FamilyMemberHistory.identifier.value",
              "text": "value:",
              "type": "string",
              "required": false,
              "repeats": false
            }
          ]
        },
        {
          "extension": [
            {
              "url": "http://hl7.org/fhir/StructureDefinition/questionnaire-fhirType",
              "valueString": "uri"
            }
          ],
          "linkId": "FamilyMemberHistory.instantiatesCanonical",
          "type": "group",
          "required": false,
          "repeats": true,
          "item": [
            {
              "extension": [
                {
                  "url": "http://hl7.org/fhir/StructureDefinition/questionnaire-itemControl",
                  "valueCodeableConcept": {
                    "coding": [
                      {
                        "system": "http://hl7.org/fhir/questionnaire-item-control",
                        "code": "flyover",
                        "display": "Fly-over"
                      }
                    ]
                  }
                }
              ],
              "text": "The URL pointing to a FHIR-defined protocol, guideline, orderset or other definition that is adhered to in whole or in part by this FamilyMemberHistory.",
              "type": "display"
            },
            {
              "linkId": "FamilyMemberHistory.instantiatesCanonical.value",
              "text": "Instantiates FHIR protocol or definition",
              "type": "string",
              "required": false,
              "repeats": false
            }
          ]
        },
        {
          "extension": [
            {
              "url": "http://hl7.org/fhir/StructureDefinition/questionnaire-fhirType",
              "valueString": "uri"
            }
          ],
          "linkId": "FamilyMemberHistory.instantiatesUri",
          "type": "group",
          "required": false,
          "repeats": true,
          "item": [
            {
              "extension": [
                {
                  "url": "http://hl7.org/fhir/StructureDefinition/questionnaire-itemControl",
                  "valueCodeableConcept": {
                    "coding": [
                      {
                        "system": "http://hl7.org/fhir/questionnaire-item-control",
                        "code": "flyover",
                        "display": "Fly-over"
                      }
                    ]
                  }
                }
              ],
              "text": "The URL pointing to an externally maintained protocol, guideline, orderset or other definition that is adhered to in whole or in part by this FamilyMemberHistory. This might be an HTML page, PDF, etc. or could just be a non-resolvable URI identifier.",
              "type": "display"
            },
            {
              "linkId": "FamilyMemberHistory.instantiatesUri.value",
              "text": "Instantiates external protocol or definition",
              "type": "string",
              "required": false,
              "repeats": false
            }
          ]
        },
        {
          "extension": [
            {
              "url": "http://hl7.org/fhir/StructureDefinition/questionnaire-minOccurs",
              "valueInteger": 1
            },
            {
              "url": "http://hl7.org/fhir/StructureDefinition/questionnaire-maxOccurs",
              "valueInteger": 1
            },
            {
              "url": "http://hl7.org/fhir/StructureDefinition/questionnaire-fhirType",
              "valueString": "code"
            }
          ],
          "linkId": "FamilyMemberHistory.status",
          "type": "group",
          "required": true,
          "repeats": true,
          "item": [
            {
              "extension": [
                {
                  "url": "http://hl7.org/fhir/StructureDefinition/questionnaire-itemControl",
                  "valueCodeableConcept": {
                    "coding": [
                      {
                        "system": "http://hl7.org/fhir/questionnaire-item-control",
                        "code": "flyover",
                        "display": "Fly-over"
                      }
                    ]
                  }
                }
              ],
              "text": "A code specifying the status of the record of the family history of a specific family member. This element is labeled as a modifier because the status contains codes that mark the resource as not currently valid.",
              "type": "display"
            },
            {
              "linkId": "FamilyMemberHistory.status.value",
              "text": "status",
              "type": "choice",
              "required": false,
              "repeats": false
            }
          ]
        },
        {
          "extension": [
            {
              "url": "http://hl7.org/fhir/StructureDefinition/questionnaire-maxOccurs",
              "valueInteger": 1
            },
            {
              "url": "http://hl7.org/fhir/StructureDefinition/questionnaire-fhirType",
              "valueString": "CodeableConcept"
            }
          ],
          "linkId": "FamilyMemberHistory.dataAbsentReason",
          "text": "subject-unknown | withheld | unable-to-obtain | deferred",
          "type": "group",
          "required": false,
          "repeats": true,
          "item": [
            {
              "extension": [
                {
                  "url": "http://hl7.org/fhir/StructureDefinition/questionnaire-itemControl",
                  "valueCodeableConcept": {
                    "coding": [
                      {
                        "system": "http://hl7.org/fhir/questionnaire-item-control",
                        "code": "flyover",
                        "display": "Fly-over"
                      }
                    ]
                  }
                }
              ],
              "text": "Describes why the family member\u0027s history is not available.",
              "type": "display"
            },
            {
              "linkId": "FamilyMemberHistory.dataAbsentReason.coding",
              "text": "code:",
              "type": "open-choice",
              "required": false,
              "repeats": false
            },
            {
              "linkId": "FamilyMemberHistory.dataAbsentReason.text",
              "text": "text:",
              "type": "string",
              "required": false,
              "repeats": false
            }
          ]
        },
        {
          "extension": [
            {
              "url": "http://hl7.org/fhir/StructureDefinition/questionnaire-minOccurs",
              "valueInteger": 1
            },
            {
              "url": "http://hl7.org/fhir/StructureDefinition/questionnaire-maxOccurs",
              "valueInteger": 1
            },
            {
              "url": "http://hl7.org/fhir/StructureDefinition/questionnaire-fhirType",
              "valueString": "Reference"
            }
          ],
          "linkId": "FamilyMemberHistory.patient",
          "type": "group",
          "required": true,
          "repeats": true,
          "item": [
            {
              "extension": [
                {
                  "url": "http://hl7.org/fhir/StructureDefinition/questionnaire-itemControl",
                  "valueCodeableConcept": {
                    "coding": [
                      {
                        "system": "http://hl7.org/fhir/questionnaire-item-control",
                        "code": "flyover",
                        "display": "Fly-over"
                      }
                    ]
                  }
                }
              ],
              "text": "The person who this history concerns.",
              "type": "display"
            },
            {
              "extension": [
                {
                  "url": "http://hl7.org/fhir/StructureDefinition/questionnaire-allowedResource",
                  "valueCode": "Patient"
                },
                {
                  "url": "http://hl7.org/fhir/StructureDefinition/questionnaire-referenceFilter",
                  "valueString": "subject\u003d$subj\u0026patient\u003d$subj\u0026encounter\u003d$encounter"
                }
              ],
              "linkId": "FamilyMemberHistory.patient.value",
              "text": "Patient history is about",
              "type": "reference",
              "required": false,
              "repeats": false
            }
          ]
        },
        {
          "extension": [
            {
              "url": "http://hl7.org/fhir/StructureDefinition/questionnaire-maxOccurs",
              "valueInteger": 1
            },
            {
              "url": "http://hl7.org/fhir/StructureDefinition/questionnaire-fhirType",
              "valueString": "datetime"
            }
          ],
          "linkId": "FamilyMemberHistory.date",
          "type": "group",
          "required": false,
          "repeats": true,
          "item": [
            {
              "extension": [
                {
                  "url": "http://hl7.org/fhir/StructureDefinition/questionnaire-itemControl",
                  "valueCodeableConcept": {
                    "coding": [
                      {
                        "system": "http://hl7.org/fhir/questionnaire-item-control",
                        "code": "flyover",
                        "display": "Fly-over"
                      }
                    ]
                  }
                }
              ],
              "text": "The date (and possibly time) when the family member history was recorded or last updated. This should be captured even if the same as the date on the List aggregating the full family history.",
              "type": "display"
            },
            {
              "linkId": "FamilyMemberHistory.date.value",
              "text": "When history was recorded or last updated",
              "type": "dateTime",
              "required": false,
              "repeats": false
            }
          ]
        },
        {
          "extension": [
            {
              "url": "http://hl7.org/fhir/StructureDefinition/questionnaire-maxOccurs",
              "valueInteger": 1
            },
            {
              "url": "http://hl7.org/fhir/StructureDefinition/questionnaire-fhirType",
              "valueString": "string"
            }
          ],
          "linkId": "FamilyMemberHistory.name",
          "type": "group",
          "required": false,
          "repeats": true,
          "item": [
            {
              "extension": [
                {
                  "url": "http://hl7.org/fhir/StructureDefinition/questionnaire-itemControl",
                  "valueCodeableConcept": {
                    "coding": [
                      {
                        "system": "http://hl7.org/fhir/questionnaire-item-control",
                        "code": "flyover",
                        "display": "Fly-over"
                      }
                    ]
                  }
                }
              ],
              "text": "This will either be a name or a description; e.g. \"Aunt Susan\", \"my cousin with the red hair\".",
              "type": "display"
            },
            {
              "linkId": "FamilyMemberHistory.name.value",
              "text": "The family member described",
              "type": "string",
              "required": false,
              "repeats": false
            }
          ]
        },
        {
          "extension": [
            {
              "url": "http://hl7.org/fhir/StructureDefinition/questionnaire-minOccurs",
              "valueInteger": 1
            },
            {
              "url": "http://hl7.org/fhir/StructureDefinition/questionnaire-maxOccurs",
              "valueInteger": 1
            },
            {
              "url": "http://hl7.org/fhir/StructureDefinition/questionnaire-fhirType",
              "valueString": "CodeableConcept"
            }
          ],
          "linkId": "FamilyMemberHistory.relationship",
          "text": "Relationship to the subject",
          "type": "group",
          "required": true,
          "repeats": true,
          "item": [
            {
              "extension": [
                {
                  "url": "http://hl7.org/fhir/StructureDefinition/questionnaire-itemControl",
                  "valueCodeableConcept": {
                    "coding": [
                      {
                        "system": "http://hl7.org/fhir/questionnaire-item-control",
                        "code": "flyover",
                        "display": "Fly-over"
                      }
                    ]
                  }
                }
              ],
              "text": "The type of relationship this person has to the patient (father, mother, brother etc.).",
              "type": "display"
            },
            {
              "linkId": "FamilyMemberHistory.relationship.coding",
              "text": "code:",
              "type": "open-choice",
              "required": false,
              "repeats": false
            },
            {
              "linkId": "FamilyMemberHistory.relationship.text",
              "text": "text:",
              "type": "string",
              "required": false,
              "repeats": false
            }
          ]
        },
        {
          "extension": [
            {
              "url": "http://hl7.org/fhir/StructureDefinition/questionnaire-maxOccurs",
              "valueInteger": 1
            },
            {
              "url": "http://hl7.org/fhir/StructureDefinition/questionnaire-fhirType",
              "valueString": "CodeableConcept"
            }
          ],
          "linkId": "FamilyMemberHistory.sex",
          "text": "male | female | other | unknown",
          "type": "group",
          "required": false,
          "repeats": true,
          "item": [
            {
              "extension": [
                {
                  "url": "http://hl7.org/fhir/StructureDefinition/questionnaire-itemControl",
                  "valueCodeableConcept": {
                    "coding": [
                      {
                        "system": "http://hl7.org/fhir/questionnaire-item-control",
                        "code": "flyover",
                        "display": "Fly-over"
                      }
                    ]
                  }
                }
              ],
              "text": "The birth sex of the family member. This element should ideally reflect whether the individual is genetically male or female.  However, as reported information based on the knowledge of the patient or reporting friend/relative, there may be situations where the reported sex might not be totally accurate.  E.g. \u0027Aunt Sue\u0027 might be XY rather than XX.  Questions soliciting this information should be phrased to encourage capture of genetic sex where known.  However, systems performing analysis should also allow for the possibility of imprecision with this element.",
              "type": "display"
            },
            {
              "linkId": "FamilyMemberHistory.sex.coding",
              "text": "code:",
              "type": "open-choice",
              "required": false,
              "repeats": false
            },
            {
              "linkId": "FamilyMemberHistory.sex.text",
              "text": "text:",
              "type": "string",
              "required": false,
              "repeats": false
            }
          ]
        },
        {
          "extension": [
            {
              "url": "http://hl7.org/fhir/StructureDefinition/questionnaire-maxOccurs",
              "valueInteger": 1
            }
          ],
          "linkId": "FamilyMemberHistory.born[x]",
          "text": "(approximate) date of birth",
          "type": "group",
          "required": false,
          "repeats": true,
          "item": [
            {
              "extension": [
                {
                  "url": "http://hl7.org/fhir/StructureDefinition/questionnaire-itemControl",
                  "valueCodeableConcept": {
                    "coding": [
                      {
                        "system": "http://hl7.org/fhir/questionnaire-item-control",
                        "code": "flyover",
                        "display": "Fly-over"
                      }
                    ]
                  }
                }
              ],
              "text": "The actual or approximate date of birth of the relative.",
              "type": "display"
            },
            {
              "linkId": "FamilyMemberHistory.born[x]._type",
              "text": "type",
              "type": "choice",
              "required": false,
              "repeats": false,
              "answerValueSet": "#vs2",
              "item": [
                {
                  "extension": [
                    {
                      "url": "http://hl7.org/fhir/StructureDefinition/questionnaire-fhirType",
                      "valueString": "Period"
                    }
                  ],
                  "linkId": "FamilyMemberHistory.born[x]._null",
                  "type": "group",
                  "item": [
                    {
                      "linkId": "FamilyMemberHistory.born[x]._null.low",
                      "text": "start:",
                      "type": "dateTime",
                      "required": false,
                      "repeats": false
                    },
                    {
                      "linkId": "FamilyMemberHistory.born[x]._null.end",
                      "text": "end:",
                      "type": "dateTime",
                      "required": false,
                      "repeats": false
                    }
                  ]
                },
                {
                  "extension": [
                    {
                      "url": "http://hl7.org/fhir/StructureDefinition/questionnaire-fhirType",
                      "valueString": "datetime"
                    }
                  ],
                  "linkId": "FamilyMemberHistory.born[x]._null",
                  "type": "group",
                  "item": [
                    {
                      "linkId": "FamilyMemberHistory.born[x]._null.value",
                      "type": "dateTime",
                      "required": false,
                      "repeats": false
                    }
                  ]
                },
                {
                  "extension": [
                    {
                      "url": "http://hl7.org/fhir/StructureDefinition/questionnaire-fhirType",
                      "valueString": "string"
                    }
                  ],
                  "linkId": "FamilyMemberHistory.born[x]._null",
                  "type": "group",
                  "item": [
                    {
                      "linkId": "FamilyMemberHistory.born[x]._null.value",
                      "type": "string",
                      "required": false,
                      "repeats": false
                    }
                  ]
                }
              ]
            }
          ]
        },
        {
          "extension": [
            {
              "url": "http://hl7.org/fhir/StructureDefinition/questionnaire-maxOccurs",
              "valueInteger": 1
            }
          ],
          "linkId": "FamilyMemberHistory.age[x]",
          "text": "(approximate) age",
          "type": "group",
          "required": false,
          "repeats": true,
          "item": [
            {
              "extension": [
                {
                  "url": "http://hl7.org/fhir/StructureDefinition/questionnaire-itemControl",
                  "valueCodeableConcept": {
                    "coding": [
                      {
                        "system": "http://hl7.org/fhir/questionnaire-item-control",
                        "code": "flyover",
                        "display": "Fly-over"
                      }
                    ]
                  }
                }
              ],
              "text": "The age of the relative at the time the family member history is recorded. use estimatedAge to indicate whether the age is actual or not.",
              "type": "display"
            },
            {
              "linkId": "FamilyMemberHistory.age[x]._type",
              "text": "type",
              "type": "choice",
              "required": false,
              "repeats": false,
              "answerValueSet": "#vs3",
              "item": [
                {
                  "extension": [
                    {
                      "url": "http://hl7.org/fhir/StructureDefinition/questionnaire-fhirType",
                      "valueString": "Quantity"
                    }
                  ],
                  "linkId": "FamilyMemberHistory.age[x]._null",
                  "type": "group",
                  "item": [
                    {
                      "linkId": "FamilyMemberHistory.age[x]._null.comparator",
                      "text": "comp:",
                      "type": "choice",
                      "required": false,
                      "repeats": false
                    },
                    {
                      "linkId": "FamilyMemberHistory.age[x]._null.value",
                      "text": "value:",
                      "type": "decimal",
                      "required": false,
                      "repeats": false
                    },
                    {
                      "linkId": "FamilyMemberHistory.age[x]._null.units",
                      "text": "units:",
                      "type": "string",
                      "required": false,
                      "repeats": false
                    },
                    {
                      "linkId": "FamilyMemberHistory.age[x]._null.code",
                      "text": "coded units:",
                      "type": "string",
                      "required": false,
                      "repeats": false
                    },
                    {
                      "linkId": "FamilyMemberHistory.age[x]._null.system",
                      "text": "units system:",
                      "type": "string",
                      "required": false,
                      "repeats": false
                    }
                  ]
                },
                {
                  "extension": [
                    {
                      "url": "http://hl7.org/fhir/StructureDefinition/questionnaire-fhirType",
                      "valueString": "Range"
                    }
                  ],
                  "linkId": "FamilyMemberHistory.age[x]._null",
                  "type": "group",
                  "item": [
                    {
                      "linkId": "FamilyMemberHistory.age[x]._null.low",
                      "text": "low:",
                      "type": "decimal",
                      "required": false,
                      "repeats": false
                    },
                    {
                      "linkId": "FamilyMemberHistory.age[x]._null.high",
                      "text": "high:",
                      "type": "decimal",
                      "required": false,
                      "repeats": false
                    },
                    {
                      "linkId": "FamilyMemberHistory.age[x]._null.units",
                      "text": "units:",
                      "type": "string",
                      "required": false,
                      "repeats": false
                    }
                  ]
                },
                {
                  "extension": [
                    {
                      "url": "http://hl7.org/fhir/StructureDefinition/questionnaire-fhirType",
                      "valueString": "string"
                    }
                  ],
                  "linkId": "FamilyMemberHistory.age[x]._null",
                  "type": "group",
                  "item": [
                    {
                      "linkId": "FamilyMemberHistory.age[x]._null.value",
                      "type": "string",
                      "required": false,
                      "repeats": false
                    }
                  ]
                }
              ]
            }
          ]
        },
        {
          "extension": [
            {
              "url": "http://hl7.org/fhir/StructureDefinition/questionnaire-maxOccurs",
              "valueInteger": 1
            },
            {
              "url": "http://hl7.org/fhir/StructureDefinition/questionnaire-fhirType",
              "valueString": "boolean"
            }
          ],
          "linkId": "FamilyMemberHistory.estimatedAge",
          "type": "group",
          "required": false,
          "repeats": true,
          "item": [
            {
              "extension": [
                {
                  "url": "http://hl7.org/fhir/StructureDefinition/questionnaire-itemControl",
                  "valueCodeableConcept": {
                    "coding": [
                      {
                        "system": "http://hl7.org/fhir/questionnaire-item-control",
                        "code": "flyover",
                        "display": "Fly-over"
                      }
                    ]
                  }
                }
              ],
              "text": "If true, indicates that the age value specified is an estimated value. This element is labeled as a modifier because the fact that age is estimated can/should change the results of any algorithm that calculates based on the specified age.",
              "type": "display"
            },
            {
              "linkId": "FamilyMemberHistory.estimatedAge.value",
              "text": "Age is estimated?",
              "type": "boolean",
              "required": false,
              "repeats": false
            }
          ]
        },
        {
          "extension": [
            {
              "url": "http://hl7.org/fhir/StructureDefinition/questionnaire-maxOccurs",
              "valueInteger": 1
            }
          ],
          "linkId": "FamilyMemberHistory.deceased[x]",
          "text": "Dead? How old/when?",
          "type": "group",
          "required": false,
          "repeats": true,
          "item": [
            {
              "extension": [
                {
                  "url": "http://hl7.org/fhir/StructureDefinition/questionnaire-itemControl",
                  "valueCodeableConcept": {
                    "coding": [
                      {
                        "system": "http://hl7.org/fhir/questionnaire-item-control",
                        "code": "flyover",
                        "display": "Fly-over"
                      }
                    ]
                  }
                }
              ],
              "text": "Deceased flag or the actual or approximate age of the relative at the time of death for the family member history record.",
              "type": "display"
            },
            {
              "linkId": "FamilyMemberHistory.deceased[x]._type",
              "text": "type",
              "type": "choice",
              "required": false,
              "repeats": false,
              "answerValueSet": "#vs4",
              "item": [
                {
                  "extension": [
                    {
                      "url": "http://hl7.org/fhir/StructureDefinition/questionnaire-fhirType",
                      "valueString": "boolean"
                    }
                  ],
                  "linkId": "FamilyMemberHistory.deceased[x]._null",
                  "type": "group",
                  "item": [
                    {
                      "linkId": "FamilyMemberHistory.deceased[x]._null.value",
                      "type": "boolean",
                      "required": false,
                      "repeats": false
                    }
                  ]
                },
                {
                  "extension": [
                    {
                      "url": "http://hl7.org/fhir/StructureDefinition/questionnaire-fhirType",
                      "valueString": "Quantity"
                    }
                  ],
                  "linkId": "FamilyMemberHistory.deceased[x]._null",
                  "type": "group",
                  "item": [
                    {
                      "linkId": "FamilyMemberHistory.deceased[x]._null.comparator",
                      "text": "comp:",
                      "type": "choice",
                      "required": false,
                      "repeats": false
                    },
                    {
                      "linkId": "FamilyMemberHistory.deceased[x]._null.value",
                      "text": "value:",
                      "type": "decimal",
                      "required": false,
                      "repeats": false
                    },
                    {
                      "linkId": "FamilyMemberHistory.deceased[x]._null.units",
                      "text": "units:",
                      "type": "string",
                      "required": false,
                      "repeats": false
                    },
                    {
                      "linkId": "FamilyMemberHistory.deceased[x]._null.code",
                      "text": "coded units:",
                      "type": "string",
                      "required": false,
                      "repeats": false
                    },
                    {
                      "linkId": "FamilyMemberHistory.deceased[x]._null.system",
                      "text": "units system:",
                      "type": "string",
                      "required": false,
                      "repeats": false
                    }
                  ]
                },
                {
                  "extension": [
                    {
                      "url": "http://hl7.org/fhir/StructureDefinition/questionnaire-fhirType",
                      "valueString": "Range"
                    }
                  ],
                  "linkId": "FamilyMemberHistory.deceased[x]._null",
                  "type": "group",
                  "item": [
                    {
                      "linkId": "FamilyMemberHistory.deceased[x]._null.low",
                      "text": "low:",
                      "type": "decimal",
                      "required": false,
                      "repeats": false
                    },
                    {
                      "linkId": "FamilyMemberHistory.deceased[x]._null.high",
                      "text": "high:",
                      "type": "decimal",
                      "required": false,
                      "repeats": false
                    },
                    {
                      "linkId": "FamilyMemberHistory.deceased[x]._null.units",
                      "text": "units:",
                      "type": "string",
                      "required": false,
                      "repeats": false
                    }
                  ]
                },
                {
                  "extension": [
                    {
                      "url": "http://hl7.org/fhir/StructureDefinition/questionnaire-fhirType",
                      "valueString": "datetime"
                    }
                  ],
                  "linkId": "FamilyMemberHistory.deceased[x]._null",
                  "type": "group",
                  "item": [
                    {
                      "linkId": "FamilyMemberHistory.deceased[x]._null.value",
                      "type": "dateTime",
                      "required": false,
                      "repeats": false
                    }
                  ]
                },
                {
                  "extension": [
                    {
                      "url": "http://hl7.org/fhir/StructureDefinition/questionnaire-fhirType",
                      "valueString": "string"
                    }
                  ],
                  "linkId": "FamilyMemberHistory.deceased[x]._null",
                  "type": "group",
                  "item": [
                    {
                      "linkId": "FamilyMemberHistory.deceased[x]._null.value",
                      "type": "string",
                      "required": false,
                      "repeats": false
                    }
                  ]
                }
              ]
            }
          ]
        },
        {
          "extension": [
            {
              "url": "http://hl7.org/fhir/StructureDefinition/questionnaire-fhirType",
              "valueString": "CodeableConcept"
            }
          ],
          "linkId": "FamilyMemberHistory.reasonCode",
          "text": "Why was family member history performed?",
          "type": "group",
          "required": false,
          "repeats": true,
          "item": [
            {
              "extension": [
                {
                  "url": "http://hl7.org/fhir/StructureDefinition/questionnaire-itemControl",
                  "valueCodeableConcept": {
                    "coding": [
                      {
                        "system": "http://hl7.org/fhir/questionnaire-item-control",
                        "code": "flyover",
                        "display": "Fly-over"
                      }
                    ]
                  }
                }
              ],
              "text": "Describes why the family member history occurred in coded or textual form. Textual reasons can be captured using reasonCode.text.",
              "type": "display"
            },
            {
              "linkId": "FamilyMemberHistory.reasonCode.coding",
              "text": "code:",
              "type": "open-choice",
              "required": false,
              "repeats": false
            },
            {
              "linkId": "FamilyMemberHistory.reasonCode.text",
              "text": "text:",
              "type": "string",
              "required": false,
              "repeats": false
            }
          ]
        },
        {
          "extension": [
            {
              "url": "http://hl7.org/fhir/StructureDefinition/questionnaire-fhirType",
              "valueString": "Reference"
            }
          ],
          "linkId": "FamilyMemberHistory.reasonReference",
          "type": "group",
          "required": false,
          "repeats": true,
          "item": [
            {
              "extension": [
                {
                  "url": "http://hl7.org/fhir/StructureDefinition/questionnaire-itemControl",
                  "valueCodeableConcept": {
                    "coding": [
                      {
                        "system": "http://hl7.org/fhir/questionnaire-item-control",
                        "code": "flyover",
                        "display": "Fly-over"
                      }
                    ]
                  }
                }
              ],
              "text": "Indicates a Condition, Observation, AllergyIntolerance, or QuestionnaireResponse that justifies this family member history event.",
              "type": "display"
            },
            {
              "extension": [
                {
                  "url": "http://hl7.org/fhir/StructureDefinition/questionnaire-allowedResource",
                  "valueCode": "Condition, Observation, AllergyIntolerance, QuestionnaireResponse, DiagnosticReport, DocumentReference"
                },
                {
                  "url": "http://hl7.org/fhir/StructureDefinition/questionnaire-referenceFilter",
                  "valueString": "subject\u003d$subj\u0026patient\u003d$subj\u0026encounter\u003d$encounter"
                }
              ],
              "linkId": "FamilyMemberHistory.reasonReference.value",
              "text": "Why was family member history performed?",
              "type": "reference",
              "required": false,
              "repeats": false
            }
          ]
        },
        {
          "extension": [
            {
              "url": "http://hl7.org/fhir/StructureDefinition/questionnaire-fhirType",
              "valueString": "Annotation"
            }
          ],
          "linkId": "FamilyMemberHistory.note",
          "text": "General note about related person",
          "type": "group",
          "required": false,
          "repeats": true,
          "item": [
            {
              "extension": [
                {
                  "url": "http://hl7.org/fhir/StructureDefinition/questionnaire-itemControl",
                  "valueCodeableConcept": {
                    "coding": [
                      {
                        "system": "http://hl7.org/fhir/questionnaire-item-control",
                        "code": "flyover",
                        "display": "Fly-over"
                      }
                    ]
                  }
                }
              ],
              "text": "This property allows a non condition-specific note to the made about the related person. Ideally, the note would be in the condition property, but this is not always possible.",
              "type": "display"
            }
          ]
        },
        {
          "linkId": "FamilyMemberHistory.condition",
          "text": "Condition that the related person had",
          "type": "group",
          "required": false,
          "repeats": true,
          "item": [
            {
              "extension": [
                {
                  "url": "http://hl7.org/fhir/StructureDefinition/questionnaire-itemControl",
                  "valueCodeableConcept": {
                    "coding": [
                      {
                        "system": "http://hl7.org/fhir/questionnaire-item-control",
                        "code": "flyover",
                        "display": "Fly-over"
                      }
                    ]
                  }
                }
              ],
              "text": "The significant Conditions (or condition) that the family member had. This is a repeating section to allow a system to represent more than one condition per resource, though there is nothing stopping multiple resources - one per condition.",
              "type": "display"
            },
            {
              "extension": [
                {
                  "url": "http://hl7.org/fhir/StructureDefinition/questionnaire-maxOccurs",
                  "valueInteger": 1
                },
                {
                  "url": "http://hl7.org/fhir/StructureDefinition/questionnaire-fhirType",
                  "valueString": "string"
                }
              ],
              "linkId": "FamilyMemberHistory.condition.id",
              "type": "group",
              "required": false,
              "repeats": true,
              "item": [
                {
                  "extension": [
                    {
                      "url": "http://hl7.org/fhir/StructureDefinition/questionnaire-itemControl",
                      "valueCodeableConcept": {
                        "coding": [
                          {
                            "system": "http://hl7.org/fhir/questionnaire-item-control",
                            "code": "flyover",
                            "display": "Fly-over"
                          }
                        ]
                      }
                    }
                  ],
                  "text": "Unique id for the element within a resource (for internal references). This may be any string value that does not contain spaces.",
                  "type": "display"
                },
                {
                  "linkId": "FamilyMemberHistory.condition.id.value",
                  "text": "Unique id for inter-element referencing",
                  "type": "string",
                  "required": false,
                  "repeats": false
                }
              ]
            },
            {
              "linkId": "FamilyMemberHistory.condition.extension",
              "text": "Additional content defined by implementations",
              "type": "group",
              "required": false,
              "repeats": true,
              "item": [
                {
                  "extension": [
                    {
                      "url": "http://hl7.org/fhir/StructureDefinition/questionnaire-itemControl",
                      "valueCodeableConcept": {
                        "coding": [
                          {
                            "system": "http://hl7.org/fhir/questionnaire-item-control",
                            "code": "flyover",
                            "display": "Fly-over"
                          }
                        ]
                      }
                    }
                  ],
                  "text": "May be used to represent additional information that is not part of the basic definition of the element. To make the use of extensions safe and manageable, there is a strict set of governance  applied to the definition and use of extensions. Though any implementer can define an extension, there is a set of requirements that SHALL be met as part of the definition of the extension. There can be no stigma associated with the use of extensions by any application, project, or standard - regardless of the institution or jurisdiction that uses or defines the extensions.  The use of extensions is what allows the FHIR specification to retain a core level of simplicity for everyone.",
                  "type": "display"
                }
              ]
            },
            {
              "linkId": "FamilyMemberHistory.condition.modifierExtension",
              "text": "Extensions that cannot be ignored even if unrecognized",
              "type": "group",
              "required": false,
              "repeats": true,
              "item": [
                {
                  "extension": [
                    {
                      "url": "http://hl7.org/fhir/StructureDefinition/questionnaire-itemControl",
                      "valueCodeableConcept": {
                        "coding": [
                          {
                            "system": "http://hl7.org/fhir/questionnaire-item-control",
                            "code": "flyover",
                            "display": "Fly-over"
                          }
                        ]
                      }
                    }
                  ],
                  "text": "May be used to represent additional information that is not part of the basic definition of the element and that modifies the understanding of the element in which it is contained and/or the understanding of the containing element\u0027s descendants. Usually modifier elements provide negation or qualification. To make the use of extensions safe and manageable, there is a strict set of governance applied to the definition and use of extensions. Though any implementer can define an extension, there is a set of requirements that SHALL be met as part of the definition of the extension. Applications processing a resource are required to check for modifier extensions.\n\nModifier extensions SHALL NOT change the meaning of any elements on Resource or DomainResource (including cannot change the meaning of modifierExtension itself). There can be no stigma associated with the use of extensions by any application, project, or standard - regardless of the institution or jurisdiction that uses or defines the extensions.  The use of extensions is what allows the FHIR specification to retain a core level of simplicity for everyone.",
                  "type": "display"
                }
              ]
            },
            {
              "extension": [
                {
                  "url": "http://hl7.org/fhir/StructureDefinition/questionnaire-minOccurs",
                  "valueInteger": 1
                },
                {
                  "url": "http://hl7.org/fhir/StructureDefinition/questionnaire-maxOccurs",
                  "valueInteger": 1
                },
                {
                  "url": "http://hl7.org/fhir/StructureDefinition/questionnaire-fhirType",
                  "valueString": "CodeableConcept"
                }
              ],
              "linkId": "FamilyMemberHistory.condition.code",
              "text": "Condition suffered by relation",
              "type": "group",
              "required": true,
              "repeats": true,
              "item": [
                {
                  "extension": [
                    {
                      "url": "http://hl7.org/fhir/StructureDefinition/questionnaire-itemControl",
                      "valueCodeableConcept": {
                        "coding": [
                          {
                            "system": "http://hl7.org/fhir/questionnaire-item-control",
                            "code": "flyover",
                            "display": "Fly-over"
                          }
                        ]
                      }
                    }
                  ],
                  "text": "The actual condition specified. Could be a coded condition (like MI or Diabetes) or a less specific string like \u0027cancer\u0027 depending on how much is known about the condition and the capabilities of the creating system.",
                  "type": "display"
                },
                {
                  "linkId": "FamilyMemberHistory.condition.code.coding",
                  "text": "code:",
                  "type": "open-choice",
                  "required": false,
                  "repeats": false
                },
                {
                  "linkId": "FamilyMemberHistory.condition.code.text",
                  "text": "text:",
                  "type": "string",
                  "required": false,
                  "repeats": false
                }
              ]
            },
            {
              "extension": [
                {
                  "url": "http://hl7.org/fhir/StructureDefinition/questionnaire-maxOccurs",
                  "valueInteger": 1
                },
                {
                  "url": "http://hl7.org/fhir/StructureDefinition/questionnaire-fhirType",
                  "valueString": "CodeableConcept"
                }
              ],
              "linkId": "FamilyMemberHistory.condition.outcome",
              "text": "deceased | permanent disability | etc.",
              "type": "group",
              "required": false,
              "repeats": true,
              "item": [
                {
                  "extension": [
                    {
                      "url": "http://hl7.org/fhir/StructureDefinition/questionnaire-itemControl",
                      "valueCodeableConcept": {
                        "coding": [
                          {
                            "system": "http://hl7.org/fhir/questionnaire-item-control",
                            "code": "flyover",
                            "display": "Fly-over"
                          }
                        ]
                      }
                    }
                  ],
                  "text": "Indicates what happened following the condition.  If the condition resulted in death, deceased date is captured on the relation.",
                  "type": "display"
                },
                {
                  "linkId": "FamilyMemberHistory.condition.outcome.coding",
                  "text": "code:",
                  "type": "open-choice",
                  "required": false,
                  "repeats": false
                },
                {
                  "linkId": "FamilyMemberHistory.condition.outcome.text",
                  "text": "text:",
                  "type": "string",
                  "required": false,
                  "repeats": false
                }
              ]
            },
            {
              "extension": [
                {
                  "url": "http://hl7.org/fhir/StructureDefinition/questionnaire-maxOccurs",
                  "valueInteger": 1
                },
                {
                  "url": "http://hl7.org/fhir/StructureDefinition/questionnaire-fhirType",
                  "valueString": "boolean"
                }
              ],
              "linkId": "FamilyMemberHistory.condition.contributedToDeath",
              "type": "group",
              "required": false,
              "repeats": true,
              "item": [
                {
                  "extension": [
                    {
                      "url": "http://hl7.org/fhir/StructureDefinition/questionnaire-itemControl",
                      "valueCodeableConcept": {
                        "coding": [
                          {
                            "system": "http://hl7.org/fhir/questionnaire-item-control",
                            "code": "flyover",
                            "display": "Fly-over"
                          }
                        ]
                      }
                    }
                  ],
                  "text": "This condition contributed to the cause of death of the related person. If contributedToDeath is not populated, then it is unknown.",
                  "type": "display"
                },
                {
                  "linkId": "FamilyMemberHistory.condition.contributedToDeath.value",
                  "text": "Whether the condition contributed to the cause of death",
                  "type": "boolean",
                  "required": false,
                  "repeats": false
                }
              ]
            },
            {
              "extension": [
                {
                  "url": "http://hl7.org/fhir/StructureDefinition/questionnaire-maxOccurs",
                  "valueInteger": 1
                }
              ],
              "linkId": "FamilyMemberHistory.condition.onset[x]",
              "text": "When condition first manifested",
              "type": "group",
              "required": false,
              "repeats": true,
              "item": [
                {
                  "extension": [
                    {
                      "url": "http://hl7.org/fhir/StructureDefinition/questionnaire-itemControl",
                      "valueCodeableConcept": {
                        "coding": [
                          {
                            "system": "http://hl7.org/fhir/questionnaire-item-control",
                            "code": "flyover",
                            "display": "Fly-over"
                          }
                        ]
                      }
                    }
                  ],
                  "text": "Either the age of onset, range of approximate age or descriptive string can be recorded.  For conditions with multiple occurrences, this describes the first known occurrence.",
                  "type": "display"
                },
                {
                  "linkId": "FamilyMemberHistory.condition.onset[x]._type",
                  "text": "type",
                  "type": "choice",
                  "required": false,
                  "repeats": false,
                  "answerValueSet": "#vs5",
                  "item": [
                    {
                      "extension": [
                        {
                          "url": "http://hl7.org/fhir/StructureDefinition/questionnaire-fhirType",
                          "valueString": "Quantity"
                        }
                      ],
                      "linkId": "FamilyMemberHistory.condition.onset[x]._null",
                      "type": "group",
                      "item": [
                        {
                          "linkId": "FamilyMemberHistory.condition.onset[x]._null.comparator",
                          "text": "comp:",
                          "type": "choice",
                          "required": false,
                          "repeats": false
                        },
                        {
                          "linkId": "FamilyMemberHistory.condition.onset[x]._null.value",
                          "text": "value:",
                          "type": "decimal",
                          "required": false,
                          "repeats": false
                        },
                        {
                          "linkId": "FamilyMemberHistory.condition.onset[x]._null.units",
                          "text": "units:",
                          "type": "string",
                          "required": false,
                          "repeats": false
                        },
                        {
                          "linkId": "FamilyMemberHistory.condition.onset[x]._null.code",
                          "text": "coded units:",
                          "type": "string",
                          "required": false,
                          "repeats": false
                        },
                        {
                          "linkId": "FamilyMemberHistory.condition.onset[x]._null.system",
                          "text": "units system:",
                          "type": "string",
                          "required": false,
                          "repeats": false
                        }
                      ]
                    },
                    {
                      "extension": [
                        {
                          "url": "http://hl7.org/fhir/StructureDefinition/questionnaire-fhirType",
                          "valueString": "Range"
                        }
                      ],
                      "linkId": "FamilyMemberHistory.condition.onset[x]._null",
                      "type": "group",
                      "item": [
                        {
                          "linkId": "FamilyMemberHistory.condition.onset[x]._null.low",
                          "text": "low:",
                          "type": "decimal",
                          "required": false,
                          "repeats": false
                        },
                        {
                          "linkId": "FamilyMemberHistory.condition.onset[x]._null.high",
                          "text": "high:",
                          "type": "decimal",
                          "required": false,
                          "repeats": false
                        },
                        {
                          "linkId": "FamilyMemberHistory.condition.onset[x]._null.units",
                          "text": "units:",
                          "type": "string",
                          "required": false,
                          "repeats": false
                        }
                      ]
                    },
                    {
                      "extension": [
                        {
                          "url": "http://hl7.org/fhir/StructureDefinition/questionnaire-fhirType",
                          "valueString": "Period"
                        }
                      ],
                      "linkId": "FamilyMemberHistory.condition.onset[x]._null",
                      "type": "group",
                      "item": [
                        {
                          "linkId": "FamilyMemberHistory.condition.onset[x]._null.low",
                          "text": "start:",
                          "type": "dateTime",
                          "required": false,
                          "repeats": false
                        },
                        {
                          "linkId": "FamilyMemberHistory.condition.onset[x]._null.end",
                          "text": "end:",
                          "type": "dateTime",
                          "required": false,
                          "repeats": false
                        }
                      ]
                    },
                    {
                      "extension": [
                        {
                          "url": "http://hl7.org/fhir/StructureDefinition/questionnaire-fhirType",
                          "valueString": "string"
                        }
                      ],
                      "linkId": "FamilyMemberHistory.condition.onset[x]._null",
                      "type": "group",
                      "item": [
                        {
                          "linkId": "FamilyMemberHistory.condition.onset[x]._null.value",
                          "type": "string",
                          "required": false,
                          "repeats": false
                        }
                      ]
                    }
                  ]
                }
              ]
            },
            {
              "extension": [
                {
                  "url": "http://hl7.org/fhir/StructureDefinition/questionnaire-maxOccurs",
                  "valueInteger": 1
                },
                {
                  "url": "http://hl7.org/fhir/StructureDefinition/questionnaire-fhirType",
                  "valueString": "Annotation"
                }
              ],
              "linkId": "FamilyMemberHistory.condition.note",
              "text": "Extra information about condition",
              "type": "group",
              "required": false,
              "repeats": true,
              "item": [
                {
                  "extension": [
                    {
                      "url": "http://hl7.org/fhir/StructureDefinition/questionnaire-itemControl",
                      "valueCodeableConcept": {
                        "coding": [
                          {
                            "system": "http://hl7.org/fhir/questionnaire-item-control",
                            "code": "flyover",
                            "display": "Fly-over"
                          }
                        ]
                      }
                    }
                  ],
                  "text": "An area where general notes can be placed about this specific condition.",
                  "type": "display"
                }
              ]
            }
          ]
        }
      ]
    }
  ],
  "meta": {
    "tag": [
      {
        "system": "http://terminology.hl7.org/CodeSystem/v3-ActReason",
        "code": "HTEST",
        "display": "test health data"
      }
    ]
  }
}