{
  "resourceType": "FamilyMemberHistory",
  "id": "father",
  "text": {
    "status": "generated",
    "div": "\u003cdiv xmlns\u003d\"http://www.w3.org/1999/xhtml\"\u003eFather died of a heart attack aged 74\u003c/div\u003e"
  },
  "identifier": [
    {
      "value": "12345"
    }
  ],
  "instantiatesUri": [
    "http://example.org/family-member-history-questionnaire"
  ],
  "status": "completed",
  "patient": {
    "reference": "Patient/example",
    "display": "Peter Patient"
  },
  "date": "2011-03-18T09:23:00+10:00",
  "relationship": {
    "coding": [
      {
        "system": "http://terminology.hl7.org/CodeSystem/v3-RoleCode",
        "code": "FTH",
        "display": "father"
      }
    ]
  },
  "sex": {
    "coding": [
      {
        "system": "http://hl7.org/fhir/administrative-gender",
        "code": "male",
        "display": "Male"
      }
    ]
  },
  "condition": [
    {
      "code": {
        "coding": [
          {
            "system": "http://snomed.info/sct",
            "code": "315619001",
            "display": "Myocardial Infarction"
          }
        ],
        "text": "Heart Attack"
      },
      "contributedToDeath": true,
      "onsetAge": {
        "value": 74,
        "unit": "yr",
        "system": "http://unitsofmeasure.org",
        "code": "a"
      },
      "note": [
        {
          "text": "Was fishing at the time. At least he went doing someting he loved."
        }
      ]
    }
  ],
  "meta": {
    "tag": [
      {
        "system": "http://terminology.hl7.org/CodeSystem/v3-ActReason",
        "code": "HTEST",
        "display": "test health data"
      }
    ]
  }
}