{
  "resourceType": "Observation",
  "id": "example",
  "text": {
    "status": "generated",
    "div": "\u003cdiv xmlns\u003d\"http://www.w3.org/1999/xhtml\"\u003e\u003cp\u003e\u003cb\u003eGenerated Narrative with Details\u003c/b\u003e\u003c/p\u003e\u003cp\u003e\u003cb\u003eid\u003c/b\u003e: example\u003c/p\u003e\u003cp\u003e\u003cb\u003estatus\u003c/b\u003e: final\u003c/p\u003e\u003cp\u003e\u003cb\u003ecategory\u003c/b\u003e: Vital Signs \u003cspan\u003e(Details : {http://terminology.hl7.org/CodeSystem/observation-category code \u0027vital-signs\u0027 \u003d \u0027Vital Signs\u0027, given as \u0027Vital Signs\u0027})\u003c/span\u003e\u003c/p\u003e\u003cp\u003e\u003cb\u003ecode\u003c/b\u003e: Body Weight \u003cspan\u003e(Details : {LOINC code \u002729463-7\u0027 \u003d \u0027Body weight\u0027, given as \u0027Body Weight\u0027}; {LOINC code \u00273141-9\u0027 \u003d \u0027Body weight Measured\u0027, given as \u0027Body weight Measured\u0027}; {SNOMED CT code \u002727113001\u0027 \u003d \u0027Body weight\u0027, given as \u0027Body weight\u0027}; {http://acme.org/devices/clinical-codes code \u0027body-weight\u0027 \u003d \u0027body-weight\u0027, given as \u0027Body Weight\u0027})\u003c/span\u003e\u003c/p\u003e\u003cp\u003e\u003cb\u003esubject\u003c/b\u003e: \u003ca\u003ePatient/example\u003c/a\u003e\u003c/p\u003e\u003cp\u003e\u003cb\u003eencounter\u003c/b\u003e: \u003ca\u003eEncounter/example\u003c/a\u003e\u003c/p\u003e\u003cp\u003e\u003cb\u003eeffective\u003c/b\u003e: 28/03/2016\u003c/p\u003e\u003cp\u003e\u003cb\u003evalue\u003c/b\u003e: 185 lbs\u003cspan\u003e (Details: UCUM code [lb_av] \u003d \u0027lb_av\u0027)\u003c/span\u003e\u003c/p\u003e\u003c/div\u003e"
  },
  "status": "final",
  "category": [
    {
      "coding": [
        {
          "system": "http://terminology.hl7.org/CodeSystem/observation-category",
          "code": "vital-signs",
          "display": "Vital Signs"
        }
      ]
    }
  ],
  "code": {
    "coding": [
      {
        "system": "http://loinc.org",
        "code": "29463-7",
        "display": "Body Weight"
      },
      {
        "system": "http://loinc.org",
        "code": "3141-9",
        "display": "Body weight Measured"
      },
      {
        "system": "http://snomed.info/sct",
        "code": "27113001",
        "display": "Body weight"
      },
      {
        "system": "http://acme.org/devices/clinical-codes",
        "code": "body-weight",
        "display": "Body Weight"
      }
    ]
  },
  "subject": {
    "reference": "Patient/example"
  },
  "encounter": {
    "reference": "Encounter/example"
  },
  "effectiveDateTime": "2016-03-28T11:15:33+10:00",
  "valueQuantity": {
    "value": 185,
    "unit": "lbs",
    "system": "http://unitsofmeasure.org",
    "code": "[lb_av]"
  },
  "meta": {
    "tag": [
      {
        "system": "http://terminology.hl7.org/CodeSystem/v3-ActReason",
        "code": "HTEST",
        "display": "test health data"
      }
    ]
  }
}