{
  "resourceType": "OperationDefinition",
  "id": "ValueSet-expand",
  "text": {
    "status": "generated",
    "div": "\u003cdiv xmlns\u003d\"http://www.w3.org/1999/xhtml\"\u003e\u003ch2\u003eValue Set Expansion\u003c/h2\u003e\u003cp\u003eOPERATION: Value Set Expansion\u003c/p\u003e\u003cp\u003eThe official URL for this operation definition is: \u003c/p\u003e\u003cpre\u003ehttp://hl7.org/fhir/OperationDefinition/ValueSet-expand\u003c/pre\u003e\u003cdiv\u003e\u003cp\u003eThe definition of a value set is used to create a simple collection of codes suitable for use for data entry or validation.\u003c/p\u003e\n\u003cp\u003eIf the operation is not called at the instance level, one of the in parameters url, context or valueSet must be provided.  An expanded value set will be returned, or an OperationOutcome with an error message.\u003c/p\u003e\n\u003c/div\u003e\u003cp\u003eURL: [base]/ValueSet/$expand\u003c/p\u003e\u003cp\u003eURL: [base]/ValueSet/[id]/$expand\u003c/p\u003e\u003cp\u003eParameters\u003c/p\u003e\u003ctable class\u003d\"grid\"\u003e\u003ctr\u003e\u003ctd\u003e\u003cb\u003eUse\u003c/b\u003e\u003c/td\u003e\u003ctd\u003e\u003cb\u003eName\u003c/b\u003e\u003c/td\u003e\u003ctd\u003e\u003cb\u003eCardinality\u003c/b\u003e\u003c/td\u003e\u003ctd\u003e\u003cb\u003eType\u003c/b\u003e\u003c/td\u003e\u003ctd\u003e\u003cb\u003eBinding\u003c/b\u003e\u003c/td\u003e\u003ctd\u003e\u003cb\u003eDocumentation\u003c/b\u003e\u003c/td\u003e\u003c/tr\u003e\u003ctr\u003e\u003ctd\u003eIN\u003c/td\u003e\u003ctd\u003eurl\u003c/td\u003e\u003ctd\u003e0..1\u003c/td\u003e\u003ctd\u003e\u003ca href\u003d\"datatypes.html#uri\"\u003euri\u003c/a\u003e\u003c/td\u003e\u003ctd/\u003e\u003ctd\u003e\u003cdiv\u003e\u003cp\u003eA canonical reference to a value set. The server must know the value set (e.g. it is defined explicitly in the server\u0027s value sets, or it is defined implicitly by some code system known to the server\u003c/p\u003e\n\u003c/div\u003e\u003c/td\u003e\u003c/tr\u003e\u003ctr\u003e\u003ctd\u003eIN\u003c/td\u003e\u003ctd\u003evalueSet\u003c/td\u003e\u003ctd\u003e0..1\u003c/td\u003e\u003ctd\u003e\u003ca href\u003d\"valueset.html\"\u003eValueSet\u003c/a\u003e\u003c/td\u003e\u003ctd/\u003e\u003ctd\u003e\u003cdiv\u003e\u003cp\u003eThe value set is provided directly as part of the request. Servers may choose not to accept value sets in this fashion\u003c/p\u003e\n\u003c/div\u003e\u003c/td\u003e\u003c/tr\u003e\u003ctr\u003e\u003ctd\u003eIN\u003c/td\u003e\u003ctd\u003evalueSetVersion\u003c/td\u003e\u003ctd\u003e0..1\u003c/td\u003e\u003ctd\u003e\u003ca href\u003d\"datatypes.html#string\"\u003estring\u003c/a\u003e\u003c/td\u003e\u003ctd/\u003e\u003ctd\u003e\u003cdiv\u003e\u003cp\u003eThe identifier that is used to identify a specific version of the value set to be used when generating the expansion. This is an arbitrary value managed by the value set author and is not expected to be globally unique. For example, it might be a timestamp (e.g. yyyymmdd) if a managed version is not available.\u003c/p\u003e\n\u003c/div\u003e\u003c/td\u003e\u003c/tr\u003e\u003ctr\u003e\u003ctd\u003eIN\u003c/td\u003e\u003ctd\u003econtext\u003c/td\u003e\u003ctd\u003e0..1\u003c/td\u003e\u003ctd\u003e\u003ca href\u003d\"datatypes.html#uri\"\u003euri\u003c/a\u003e\u003c/td\u003e\u003ctd/\u003e\u003ctd\u003e\u003cdiv\u003e\u003cp\u003eThe context of the value set, so that the server can resolve this to a value set to expand. The recommended format for this URI is [Structure Definition URL]#[name or path into structure definition] e.g. http://hl7.org/fhir/StructureDefinition/observation-hspc-height-hspcheight#Observation.interpretation. Other forms may be used but are not defined. This form is only usable if the terminology server also has access to the conformance registry that the server is using, but can be used to delegate the mapping from an application context to a binding at run-time\u003c/p\u003e\n\u003c/div\u003e\u003c/td\u003e\u003c/tr\u003e\u003ctr\u003e\u003ctd\u003eIN\u003c/td\u003e\u003ctd\u003econtextDirection\u003c/td\u003e\u003ctd\u003e0..1\u003c/td\u003e\u003ctd\u003e\u003ca href\u003d\"datatypes.html#code\"\u003ecode\u003c/a\u003e\u003c/td\u003e\u003ctd/\u003e\u003ctd\u003e\u003cdiv\u003e\u003cp\u003eIf a context is provided, a context direction may also be provided. Valid values are:\u003c/p\u003e\n\u003cul\u003e\n\u003cli\u003e\u0027incoming\u0027: the codes a client can use for PUT/POST operations,  and\u003c/li\u003e\n\u003cli\u003e\u0027outgoing\u0027, the codes a client might receive from the server.\u003c/li\u003e\n\u003c/ul\u003e\n\u003cp\u003eThe purpose is to inform the server whether to use the value set associated with the context for reading or writing purposes (note: for most elements, this is the same value set, but there are a few elements where the reading and writing value sets are different)\u003c/p\u003e\n\u003c/div\u003e\u003c/td\u003e\u003c/tr\u003e\u003ctr\u003e\u003ctd\u003eIN\u003c/td\u003e\u003ctd\u003efilter\u003c/td\u003e\u003ctd\u003e0..1\u003c/td\u003e\u003ctd\u003e\u003ca href\u003d\"datatypes.html#string\"\u003estring\u003c/a\u003e\u003c/td\u003e\u003ctd/\u003e\u003ctd\u003e\u003cdiv\u003e\u003cp\u003eA text filter that is applied to restrict the codes that are returned (this is useful in a UI context). The interpretation of this is delegated to the server in order to allow to determine the most optimal search approach for the context. The server can document the way this parameter works in \u003ca href\u003d\"terminologycapabilities.html\"\u003eTerminologyCapabilities\u003c/a\u003e..expansion.textFilter. Typical usage of this parameter includes functionality like:\u003c/p\u003e\n\u003cul\u003e\n\u003cli\u003eusing left matching e.g. \u0026quot;acut ast\u0026quot;\u003c/li\u003e\n\u003cli\u003eallowing for wild cards such as %, \u0026amp;, ?\u003c/li\u003e\n\u003cli\u003esearching on definition as well as display(s)\u003c/li\u003e\n\u003cli\u003eallowing for search conditions (and / or / exclusions)\u003c/li\u003e\n\u003c/ul\u003e\n\u003cp\u003eText Search engines such as Lucene or Solr, long with their considerable functionality, might also be used. The optional text search might also be code system specific, and servers might have different implementations for different code systems\u003c/p\u003e\n\u003c/div\u003e\u003c/td\u003e\u003c/tr\u003e\u003ctr\u003e\u003ctd\u003eIN\u003c/td\u003e\u003ctd\u003edate\u003c/td\u003e\u003ctd\u003e0..1\u003c/td\u003e\u003ctd\u003e\u003ca href\u003d\"datatypes.html#dateTime\"\u003edateTime\u003c/a\u003e\u003c/td\u003e\u003ctd/\u003e\u003ctd\u003e\u003cdiv\u003e\u003cp\u003eThe date for which the expansion should be generated.  if a date is provided, it means that the server should use the value set / code system definitions as they were on the given date, or return an error if this is not possible.  Normally, the date is the current conditions (which is the default value) but under some circumstances, systems need to generate an expansion as it would have been in the past. A typical example of this would be where code selection is constrained to the set of codes that were available when the patient was treated, not when the record is being edited. Note that which date is appropriate is a matter for implementation policy.\u003c/p\u003e\n\u003c/div\u003e\u003c/td\u003e\u003c/tr\u003e\u003ctr\u003e\u003ctd\u003eIN\u003c/td\u003e\u003ctd\u003eoffset\u003c/td\u003e\u003ctd\u003e0..1\u003c/td\u003e\u003ctd\u003e\u003ca href\u003d\"datatypes.html#integer\"\u003einteger\u003c/a\u003e\u003c/td\u003e\u003ctd/\u003e\u003ctd\u003e\u003cdiv\u003e\u003cp\u003ePaging support - where to start if a subset is desired (default \u003d 0). Offset is number of records (not number of pages)\u003c/p\u003e\n\u003c/div\u003e\u003c/td\u003e\u003c/tr\u003e\u003ctr\u003e\u003ctd\u003eIN\u003c/td\u003e\u003ctd\u003ecount\u003c/td\u003e\u003ctd\u003e0..1\u003c/td\u003e\u003ctd\u003e\u003ca href\u003d\"datatypes.html#integer\"\u003einteger\u003c/a\u003e\u003c/td\u003e\u003ctd/\u003e\u003ctd\u003e\u003cdiv\u003e\u003cp\u003ePaging support - how many codes should be provided in a partial page view. Paging only applies to flat expansions - servers ignore paging if the expansion is not flat.  If count \u003d 0, the client is asking how large the expansion is. Servers SHOULD honor this request for hierarchical expansions as well, and simply return the overall count\u003c/p\u003e\n\u003c/div\u003e\u003c/td\u003e\u003c/tr\u003e\u003ctr\u003e\u003ctd\u003eIN\u003c/td\u003e\u003ctd\u003eincludeDesignations\u003c/td\u003e\u003ctd\u003e0..1\u003c/td\u003e\u003ctd\u003e\u003ca href\u003d\"datatypes.html#boolean\"\u003eboolean\u003c/a\u003e\u003c/td\u003e\u003ctd/\u003e\u003ctd\u003e\u003cdiv\u003e\u003cp\u003eControls whether concept designations are to be included or excluded in value set expansions\u003c/p\u003e\n\u003c/div\u003e\u003c/td\u003e\u003c/tr\u003e\u003ctr\u003e\u003ctd\u003eIN\u003c/td\u003e\u003ctd\u003edesignation\u003c/td\u003e\u003ctd\u003e0..*\u003c/td\u003e\u003ctd\u003e\u003ca href\u003d\"datatypes.html#string\"\u003estring\u003c/a\u003e\u003c/td\u003e\u003ctd/\u003e\u003ctd\u003e\u003cdiv\u003e\u003cp\u003eA \u003ca href\u003d\"search.html#token\"\u003etoken\u003c/a\u003e that specifies a system+code that is either a use or a language. Designations that match by language or use are included in the expansion. If no designation is specified, it is at the server discretion which designations to return\u003c/p\u003e\n\u003c/div\u003e\u003c/td\u003e\u003c/tr\u003e\u003ctr\u003e\u003ctd\u003eIN\u003c/td\u003e\u003ctd\u003eincludeDefinition\u003c/td\u003e\u003ctd\u003e0..1\u003c/td\u003e\u003ctd\u003e\u003ca href\u003d\"datatypes.html#boolean\"\u003eboolean\u003c/a\u003e\u003c/td\u003e\u003ctd/\u003e\u003ctd\u003e\u003cdiv\u003e\u003cp\u003eControls whether the value set definition is included or excluded in value set expansions\u003c/p\u003e\n\u003c/div\u003e\u003c/td\u003e\u003c/tr\u003e\u003ctr\u003e\u003ctd\u003eIN\u003c/td\u003e\u003ctd\u003eactiveOnly\u003c/td\u003e\u003ctd\u003e0..1\u003c/td\u003e\u003ctd\u003e\u003ca href\u003d\"datatypes.html#boolean\"\u003eboolean\u003c/a\u003e\u003c/td\u003e\u003ctd/\u003e\u003ctd\u003e\u003cdiv\u003e\u003cp\u003eControls whether inactive concepts are included or excluded in value set expansions. Note that if the value set explicitly specifies that inactive codes are included, this parameter can still remove them from a specific expansion, but this parameter cannot include them if the value set excludes them\u003c/p\u003e\n\u003c/div\u003e\u003c/td\u003e\u003c/tr\u003e\u003ctr\u003e\u003ctd\u003eIN\u003c/td\u003e\u003ctd\u003eexcludeNested\u003c/td\u003e\u003ctd\u003e0..1\u003c/td\u003e\u003ctd\u003e\u003ca href\u003d\"datatypes.html#boolean\"\u003eboolean\u003c/a\u003e\u003c/td\u003e\u003ctd/\u003e\u003ctd\u003e\u003cdiv\u003e\u003cp\u003eControls whether or not the value set expansion nests codes or not (i.e. ValueSet.expansion.contains.contains)\u003c/p\u003e\n\u003c/div\u003e\u003c/td\u003e\u003c/tr\u003e\u003ctr\u003e\u003ctd\u003eIN\u003c/td\u003e\u003ctd\u003eexcludeNotForUI\u003c/td\u003e\u003ctd\u003e0..1\u003c/td\u003e\u003ctd\u003e\u003ca href\u003d\"datatypes.html#boolean\"\u003eboolean\u003c/a\u003e\u003c/td\u003e\u003ctd/\u003e\u003ctd\u003e\u003cdiv\u003e\u003cp\u003eControls whether or not the value set expansion is assembled for a user interface use or not. Value sets intended for User Interface might include \u003ca href\u003d\"codesystem.html#status\"\u003e\u0027abstract\u0027 codes\u003c/a\u003e or have nested contains with items with no code or abstract \u003d true, with the sole purpose of helping a user navigate through the list efficiently, where as a value set not generated for UI use might be flat, and only contain the selectable codes in the value set. The exact implications of \u0027for UI\u0027 depend on the code system, and what properties it exposes for a terminology server to use. In the FHIR Specification itself, the value set expansions are generated with excludeNotForUI \u003d false, and the expansions used when generated schema / code etc, or performing validation, are all excludeNotForUI \u003d true.\u003c/p\u003e\n\u003c/div\u003e\u003c/td\u003e\u003c/tr\u003e\u003ctr\u003e\u003ctd\u003eIN\u003c/td\u003e\u003ctd\u003eexcludePostCoordinated\u003c/td\u003e\u003ctd\u003e0..1\u003c/td\u003e\u003ctd\u003e\u003ca href\u003d\"datatypes.html#boolean\"\u003eboolean\u003c/a\u003e\u003c/td\u003e\u003ctd/\u003e\u003ctd\u003e\u003cdiv\u003e\u003cp\u003eControls whether or not the value set expansion includes post coordinated codes\u003c/p\u003e\n\u003c/div\u003e\u003c/td\u003e\u003c/tr\u003e\u003ctr\u003e\u003ctd\u003eIN\u003c/td\u003e\u003ctd\u003edisplayLanguage\u003c/td\u003e\u003ctd\u003e0..1\u003c/td\u003e\u003ctd\u003e\u003ca href\u003d\"datatypes.html#code\"\u003ecode\u003c/a\u003e\u003c/td\u003e\u003ctd/\u003e\u003ctd\u003e\u003cdiv\u003e\u003cp\u003eSpecifies the language to be used for description in the expansions i.e. the language to be used for ValueSet.expansion.contains.display\u003c/p\u003e\n\u003c/div\u003e\u003c/td\u003e\u003c/tr\u003e\u003ctr\u003e\u003ctd\u003eIN\u003c/td\u003e\u003ctd\u003eexclude-system\u003c/td\u003e\u003ctd\u003e0..*\u003c/td\u003e\u003ctd\u003e\u003ca href\u003d\"datatypes.html#canonical\"\u003ecanonical\u003c/a\u003e\u003c/td\u003e\u003ctd/\u003e\u003ctd\u003e\u003cdiv\u003e\u003cp\u003eCode system, or a particular version of a code system to be excluded from the value set expansion. The format is the same as a canonical URL: [system]|[version] - e.g. http://loinc.org|2.56\u003c/p\u003e\n\u003c/div\u003e\u003c/td\u003e\u003c/tr\u003e\u003ctr\u003e\u003ctd\u003eIN\u003c/td\u003e\u003ctd\u003esystem-version\u003c/td\u003e\u003ctd\u003e0..*\u003c/td\u003e\u003ctd\u003e\u003ca href\u003d\"datatypes.html#canonical\"\u003ecanonical\u003c/a\u003e\u003c/td\u003e\u003ctd/\u003e\u003ctd\u003e\u003cdiv\u003e\u003cp\u003eSpecifies a version to use for a system, if the value set does not specify which one to use. The format is the same as a canonical URL: [system]|[version] - e.g. http://loinc.org|2.56\u003c/p\u003e\n\u003c/div\u003e\u003c/td\u003e\u003c/tr\u003e\u003ctr\u003e\u003ctd\u003eIN\u003c/td\u003e\u003ctd\u003echeck-system-version\u003c/td\u003e\u003ctd\u003e0..*\u003c/td\u003e\u003ctd\u003e\u003ca href\u003d\"datatypes.html#canonical\"\u003ecanonical\u003c/a\u003e\u003c/td\u003e\u003ctd/\u003e\u003ctd\u003e\u003cdiv\u003e\u003cp\u003eEdge Case: Specifies a version to use for a system. If a value set specifies a different version, an error is returned instead of the expansion. The format is the same as a canonical URL: [system]|[version] - e.g. http://loinc.org|2.56\u003c/p\u003e\n\u003c/div\u003e\u003c/td\u003e\u003c/tr\u003e\u003ctr\u003e\u003ctd\u003eIN\u003c/td\u003e\u003ctd\u003eforce-system-version\u003c/td\u003e\u003ctd\u003e0..*\u003c/td\u003e\u003ctd\u003e\u003ca href\u003d\"datatypes.html#canonical\"\u003ecanonical\u003c/a\u003e\u003c/td\u003e\u003ctd/\u003e\u003ctd\u003e\u003cdiv\u003e\u003cp\u003eEdge Case: Specifies a version to use for a system. This parameter overrides any specified version in the value set (and any it depends on). The format is the same as a canonical URL: [system]|[version] - e.g. http://loinc.org|2.56. Note that this has obvious safety issues, in that it may result in a value set expansion giving a different list of codes that is both wrong and unsafe, and implementers should only use this capability reluctantly. It primarily exists to deal with situations where specifications have fallen into decay as time passes. If the value is override, the version used SHALL explicitly be represented in the expansion parameters\u003c/p\u003e\n\u003c/div\u003e\u003c/td\u003e\u003c/tr\u003e\u003ctr\u003e\u003ctd\u003eOUT\u003c/td\u003e\u003ctd\u003ereturn\u003c/td\u003e\u003ctd\u003e1..1\u003c/td\u003e\u003ctd\u003e\u003ca href\u003d\"valueset.html\"\u003eValueSet\u003c/a\u003e\u003c/td\u003e\u003ctd/\u003e\u003ctd\u003e\u003cdiv\u003e\u003cp\u003eThe result of the expansion. Servers generating expansions SHOULD ensure that all the parameters that affect the contents of the expansion are recorded in the ValueSet.expansion.parameter list\u003c/p\u003e\n\u003c/div\u003e\u003c/td\u003e\u003c/tr\u003e\u003c/table\u003e\u003cdiv\u003e\u003cp\u003eThe value set expansion returned by this query should be treated as a transient result that will change over time (whether it does or not depends on how the value set is specified), so applications should repeat the operation each time the value set is used.\u003c/p\u003e\n\u003cp\u003eIf the expansion is too large (at the discretion of the server), the server MAY return an error (OperationOutcome with code too-costly). Clients can work through large flat expansions in a set of pages (partial views of the full expansion) instead of just getting the full expansion in a single exchange by using offset and count parameters, or use the count parameter to request a subset of the expansion for limited purposes. Servers are not obliged to support paging, but if they do, SHALL support both the offset and count parameters. Hierarchical expansions are not subject to paging and servers simply return the entire expansion.\u003c/p\u003e\n\u003cp\u003eDifferent servers may return different results from expanding a value set for the following reasons:\u003c/p\u003e\n\u003cul\u003e\n\u003cli\u003eThe underlying code systems are different (e.g. different versions, possibly with different defined behavior)\u003c/li\u003e\n\u003cli\u003eThe server optimizes filter includes differently, such as sorting by code frequency\u003c/li\u003e\n\u003cli\u003eServers introduce arbitrary groups to assist a user to navigate the lists based either on extensions in the definition, or additional knowledge available to the server\u003c/li\u003e\n\u003c/ul\u003e\n\u003cp\u003eWhen a server cannot correctly expand a value set because it does not fully understand the code systems (e.g. it has the wrong version, or incomplete definitions) then it SHALL return an error. If the value set itself is unbounded due to the inclusion of post-coordinated value sets (e.g. SNOMED CT, UCUM), then the extension \u003ca href\u003d\"extension-valueset-unclosed.html\"\u003ehttp://hl7.org/fhir/StructureDefinition/valueset-unclosed\u003c/a\u003e can be used to indicate that the expansion is incomplete\u003c/p\u003e\n\u003c/div\u003e\u003c/div\u003e"
  },
  "extension": [
    {
      "url": "http://hl7.org/fhir/StructureDefinition/structuredefinition-fmm",
      "valueInteger": 5
    },
    {
      "url": "http://hl7.org/fhir/StructureDefinition/structuredefinition-standards-status",
      "valueCode": "normative"
    },
    {
      "url": "http://hl7.org/fhir/StructureDefinition/structuredefinition-normative-version",
      "valueCode": "4.0.1"
    }
  ],
  "url": "http://hl7.org/fhir/OperationDefinition/ValueSet-expand",
  "version": "4.0.1",
  "name": "Value Set Expansion",
  "status": "draft",
  "kind": "operation",
  "date": "2019-11-01T09:29:23+11:00",
  "publisher": "HL7 (FHIR Project)",
  "contact": [
    {
      "telecom": [
        {
          "system": "url",
          "value": "http://hl7.org/fhir"
        },
        {
          "system": "email",
          "value": "fhir@lists.hl7.org"
        }
      ]
    }
  ],
  "description": "The definition of a value set is used to create a simple collection of codes suitable for use for data entry or validation. \n\nIf the operation is not called at the instance level, one of the in parameters url, context or valueSet must be provided.  An expanded value set will be returned, or an OperationOutcome with an error message.",
  "code": "expand",
  "comment": "The value set expansion returned by this query should be treated as a transient result that will change over time (whether it does or not depends on how the value set is specified), so applications should repeat the operation each time the value set is used.  \n\nIf the expansion is too large (at the discretion of the server), the server MAY return an error (OperationOutcome with code too-costly). Clients can work through large flat expansions in a set of pages (partial views of the full expansion) instead of just getting the full expansion in a single exchange by using offset and count parameters, or use the count parameter to request a subset of the expansion for limited purposes. Servers are not obliged to support paging, but if they do, SHALL support both the offset and count parameters. Hierarchical expansions are not subject to paging and servers simply return the entire expansion.  \n\nDifferent servers may return different results from expanding a value set for the following reasons:  \n\n* The underlying code systems are different (e.g. different versions, possibly with different defined behavior) \n* The server optimizes filter includes differently, such as sorting by code frequency \n* Servers introduce arbitrary groups to assist a user to navigate the lists based either on extensions in the definition, or additional knowledge available to the server\n\nWhen a server cannot correctly expand a value set because it does not fully understand the code systems (e.g. it has the wrong version, or incomplete definitions) then it SHALL return an error. If the value set itself is unbounded due to the inclusion of post-coordinated value sets (e.g. SNOMED CT, UCUM), then the extension [http://hl7.org/fhir/StructureDefinition/valueset-unclosed](extension-valueset-unclosed.html) can be used to indicate that the expansion is incomplete",
  "resource": [
    "ValueSet"
  ],
  "system": false,
  "type": true,
  "instance": true,
  "parameter": [
    {
      "name": "url",
      "use": "in",
      "min": 0,
      "max": "1",
      "documentation": "A canonical reference to a value set. The server must know the value set (e.g. it is defined explicitly in the server\u0027s value sets, or it is defined implicitly by some code system known to the server",
      "type": "uri"
    },
    {
      "name": "valueSet",
      "use": "in",
      "min": 0,
      "max": "1",
      "documentation": "The value set is provided directly as part of the request. Servers may choose not to accept value sets in this fashion",
      "type": "ValueSet"
    },
    {
      "name": "valueSetVersion",
      "use": "in",
      "min": 0,
      "max": "1",
      "documentation": "The identifier that is used to identify a specific version of the value set to be used when generating the expansion. This is an arbitrary value managed by the value set author and is not expected to be globally unique. For example, it might be a timestamp (e.g. yyyymmdd) if a managed version is not available.",
      "type": "string"
    },
    {
      "name": "context",
      "use": "in",
      "min": 0,
      "max": "1",
      "documentation": "The context of the value set, so that the server can resolve this to a value set to expand. The recommended format for this URI is [Structure Definition URL]#[name or path into structure definition] e.g. http://hl7.org/fhir/StructureDefinition/observation-hspc-height-hspcheight#Observation.interpretation. Other forms may be used but are not defined. This form is only usable if the terminology server also has access to the conformance registry that the server is using, but can be used to delegate the mapping from an application context to a binding at run-time",
      "type": "uri"
    },
    {
      "name": "contextDirection",
      "use": "in",
      "min": 0,
      "max": "1",
      "documentation": "If a context is provided, a context direction may also be provided. Valid values are: \n\n* \u0027incoming\u0027: the codes a client can use for PUT/POST operations,  and \n* \u0027outgoing\u0027, the codes a client might receive from the server.\n\nThe purpose is to inform the server whether to use the value set associated with the context for reading or writing purposes (note: for most elements, this is the same value set, but there are a few elements where the reading and writing value sets are different)",
      "type": "code"
    },
    {
      "name": "filter",
      "use": "in",
      "min": 0,
      "max": "1",
      "documentation": "A text filter that is applied to restrict the codes that are returned (this is useful in a UI context). The interpretation of this is delegated to the server in order to allow to determine the most optimal search approach for the context. The server can document the way this parameter works in [TerminologyCapabilities](terminologycapabilities.html)..expansion.textFilter. Typical usage of this parameter includes functionality like:\n\n* using left matching e.g. \"acut ast\"\n* allowing for wild cards such as %, \u0026, ?\n* searching on definition as well as display(s)\n* allowing for search conditions (and / or / exclusions)\n\nText Search engines such as Lucene or Solr, long with their considerable functionality, might also be used. The optional text search might also be code system specific, and servers might have different implementations for different code systems",
      "type": "string"
    },
    {
      "name": "date",
      "use": "in",
      "min": 0,
      "max": "1",
      "documentation": "The date for which the expansion should be generated.  if a date is provided, it means that the server should use the value set / code system definitions as they were on the given date, or return an error if this is not possible.  Normally, the date is the current conditions (which is the default value) but under some circumstances, systems need to generate an expansion as it would have been in the past. A typical example of this would be where code selection is constrained to the set of codes that were available when the patient was treated, not when the record is being edited. Note that which date is appropriate is a matter for implementation policy.",
      "type": "dateTime"
    },
    {
      "name": "offset",
      "use": "in",
      "min": 0,
      "max": "1",
      "documentation": "Paging support - where to start if a subset is desired (default \u003d 0). Offset is number of records (not number of pages)",
      "type": "integer"
    },
    {
      "name": "count",
      "use": "in",
      "min": 0,
      "max": "1",
      "documentation": "Paging support - how many codes should be provided in a partial page view. Paging only applies to flat expansions - servers ignore paging if the expansion is not flat.  If count \u003d 0, the client is asking how large the expansion is. Servers SHOULD honor this request for hierarchical expansions as well, and simply return the overall count",
      "type": "integer"
    },
    {
      "name": "includeDesignations",
      "use": "in",
      "min": 0,
      "max": "1",
      "documentation": "Controls whether concept designations are to be included or excluded in value set expansions",
      "type": "boolean"
    },
    {
      "name": "designation",
      "use": "in",
      "min": 0,
      "max": "*",
      "documentation": "A [token](search.html#token) that specifies a system+code that is either a use or a language. Designations that match by language or use are included in the expansion. If no designation is specified, it is at the server discretion which designations to return",
      "type": "string"
    },
    {
      "name": "includeDefinition",
      "use": "in",
      "min": 0,
      "max": "1",
      "documentation": "Controls whether the value set definition is included or excluded in value set expansions",
      "type": "boolean"
    },
    {
      "name": "activeOnly",
      "use": "in",
      "min": 0,
      "max": "1",
      "documentation": "Controls whether inactive concepts are included or excluded in value set expansions. Note that if the value set explicitly specifies that inactive codes are included, this parameter can still remove them from a specific expansion, but this parameter cannot include them if the value set excludes them",
      "type": "boolean"
    },
    {
      "name": "excludeNested",
      "use": "in",
      "min": 0,
      "max": "1",
      "documentation": "Controls whether or not the value set expansion nests codes or not (i.e. ValueSet.expansion.contains.contains)",
      "type": "boolean"
    },
    {
      "name": "excludeNotForUI",
      "use": "in",
      "min": 0,
      "max": "1",
      "documentation": "Controls whether or not the value set expansion is assembled for a user interface use or not. Value sets intended for User Interface might include [\u0027abstract\u0027 codes](codesystem.html#status) or have nested contains with items with no code or abstract \u003d true, with the sole purpose of helping a user navigate through the list efficiently, where as a value set not generated for UI use might be flat, and only contain the selectable codes in the value set. The exact implications of \u0027for UI\u0027 depend on the code system, and what properties it exposes for a terminology server to use. In the FHIR Specification itself, the value set expansions are generated with excludeNotForUI \u003d false, and the expansions used when generated schema / code etc, or performing validation, are all excludeNotForUI \u003d true.",
      "type": "boolean"
    },
    {
      "name": "excludePostCoordinated",
      "use": "in",
      "min": 0,
      "max": "1",
      "documentation": "Controls whether or not the value set expansion includes post coordinated codes",
      "type": "boolean"
    },
    {
      "name": "displayLanguage",
      "use": "in",
      "min": 0,
      "max": "1",
      "documentation": "Specifies the language to be used for description in the expansions i.e. the language to be used for ValueSet.expansion.contains.display",
      "type": "code"
    },
    {
      "name": "exclude-system",
      "use": "in",
      "min": 0,
      "max": "*",
      "documentation": "Code system, or a particular version of a code system to be excluded from the value set expansion. The format is the same as a canonical URL: [system]|[version] - e.g. http://loinc.org|2.56",
      "type": "canonical"
    },
    {
      "name": "system-version",
      "use": "in",
      "min": 0,
      "max": "*",
      "documentation": "Specifies a version to use for a system, if the value set does not specify which one to use. The format is the same as a canonical URL: [system]|[version] - e.g. http://loinc.org|2.56",
      "type": "canonical"
    },
    {
      "name": "check-system-version",
      "use": "in",
      "min": 0,
      "max": "*",
      "documentation": "Edge Case: Specifies a version to use for a system. If a value set specifies a different version, an error is returned instead of the expansion. The format is the same as a canonical URL: [system]|[version] - e.g. http://loinc.org|2.56",
      "type": "canonical"
    },
    {
      "name": "force-system-version",
      "use": "in",
      "min": 0,
      "max": "*",
      "documentation": "Edge Case: Specifies a version to use for a system. This parameter overrides any specified version in the value set (and any it depends on). The format is the same as a canonical URL: [system]|[version] - e.g. http://loinc.org|2.56. Note that this has obvious safety issues, in that it may result in a value set expansion giving a different list of codes that is both wrong and unsafe, and implementers should only use this capability reluctantly. It primarily exists to deal with situations where specifications have fallen into decay as time passes. If the value is override, the version used SHALL explicitly be represented in the expansion parameters",
      "type": "canonical"
    },
    {
      "name": "return",
      "use": "out",
      "min": 1,
      "max": "1",
      "documentation": "The result of the expansion. Servers generating expansions SHOULD ensure that all the parameters that affect the contents of the expansion are recorded in the ValueSet.expansion.parameter list",
      "type": "ValueSet"
    }
  ]
}