{
  "resourceType": "RelatedPerson",
  "id": "peter",
  "text": {
    "status": "generated",
    "div": "\u003cdiv xmlns\u003d\"http://www.w3.org/1999/xhtml\"\u003e\n      \u003ctable\u003e\n        \u003ctbody\u003e\n          \u003ctr\u003e\n            \u003ctd\u003eName\u003c/td\u003e\n            \u003ctd\u003ePeter Chalmers\u003c/td\u003e\n          \u003c/tr\u003e\n          \u003ctr\u003e\n            \u003ctd\u003eAddress\u003c/td\u003e\n            \u003ctd\u003e534 Erewhon, Pleasantville, Vic, 3999\u003c/td\u003e\n          \u003c/tr\u003e\n          \u003ctr\u003e\n            \u003ctd\u003eContacts\u003c/td\u003e\n            \u003ctd\u003eWork: (03) 5555 6473\u003c/td\u003e\n          \u003c/tr\u003e\n        \u003c/tbody\u003e\n      \u003c/table\u003e\n    \u003c/div\u003e"
  },
  "patient": {
    "reference": "Patient/animal"
  },
  "relationship": [
    {
      "coding": [
        {
          "system": "http://terminology.hl7.org/CodeSystem/v2-0131",
          "code": "C"
        }
      ]
    }
  ],
  "name": [
    {
      "use": "official",
      "family": "Chalmers",
      "given": [
        "Peter",
        "James"
      ]
    }
  ],
  "telecom": [
    {
      "system": "phone",
      "value": "(03) 5555 6473",
      "use": "work"
    }
  ],
  "gender": "male",
  "address": [
    {
      "use": "home",
      "line": [
        "534 Erewhon St"
      ],
      "city": "PleasantVille",
      "state": "Vic",
      "postalCode": "3999"
    }
  ],
  "photo": [
    {
      "contentType": "image/jpeg",
      "url": "http://example.com/Binary/f012"
    }
  ],
  "period": {
    "start": "2012-03-11"
  },
  "meta": {
    "tag": [
      {
        "system": "http://terminology.hl7.org/CodeSystem/v3-ActReason",
        "code": "HTEST",
        "display": "test health data"
      }
    ]
  }
}