{
  "resourceType": "Substance",
  "id": "f204",
  "text": {
    "status": "generated",
    "div": "\u003cdiv xmlns\u003d\"http://www.w3.org/1999/xhtml\"\u003e\u003cp\u003e\u003cb\u003eGenerated Narrative with Details\u003c/b\u003e\u003c/p\u003e\u003cp\u003e\u003cb\u003eid\u003c/b\u003e: f204\u003c/p\u003e\u003cp\u003e\u003cb\u003eidentifier\u003c/b\u003e: 15970\u003c/p\u003e\u003cp\u003e\u003cb\u003ecategory\u003c/b\u003e: Chemical \u003cspan\u003e(Details : {http://terminology.hl7.org/CodeSystem/substance-category code \u0027chemical\u0027 \u003d \u0027Chemical\u0027, given as \u0027Chemical\u0027})\u003c/span\u003e\u003c/p\u003e\u003cp\u003e\u003cb\u003ecode\u003c/b\u003e: Silver nitrate 20% solution (product) \u003cspan\u003e(Details : {SNOMED CT code \u0027333346007\u0027 \u003d \u0027Silver nitrate 20% solution\u0027, given as \u0027Silver nitrate 20% solution (product)\u0027})\u003c/span\u003e\u003c/p\u003e\u003cp\u003e\u003cb\u003edescription\u003c/b\u003e: Solution for silver nitrate stain\u003c/p\u003e\u003ch3\u003eInstances\u003c/h3\u003e\u003ctable\u003e\u003ctr\u003e\u003ctd\u003e-\u003c/td\u003e\u003ctd\u003e\u003cb\u003eIdentifier\u003c/b\u003e\u003c/td\u003e\u003ctd\u003e\u003cb\u003eExpiry\u003c/b\u003e\u003c/td\u003e\u003ctd\u003e\u003cb\u003eQuantity\u003c/b\u003e\u003c/td\u003e\u003c/tr\u003e\u003ctr\u003e\u003ctd\u003e*\u003c/td\u003e\u003ctd\u003eAB94687\u003c/td\u003e\u003ctd\u003e01/01/2018\u003c/td\u003e\u003ctd\u003e100 mL\u003cspan\u003e (Details: UCUM code mL \u003d \u0027mL\u0027)\u003c/span\u003e\u003c/td\u003e\u003c/tr\u003e\u003c/table\u003e\u003c/div\u003e"
  },
  "identifier": [
    {
      "system": "http://acme.org/identifiers/substances",
      "value": "15970"
    }
  ],
  "category": [
    {
      "coding": [
        {
          "system": "http://terminology.hl7.org/CodeSystem/substance-category",
          "code": "chemical",
          "display": "Chemical"
        }
      ]
    }
  ],
  "code": {
    "coding": [
      {
        "system": "http://snomed.info/sct",
        "code": "333346007",
        "display": "Silver nitrate 20% solution (product)"
      }
    ]
  },
  "description": "Solution for silver nitrate stain",
  "instance": [
    {
      "identifier": {
        "system": "http://acme.org/identifiers/substances/lot",
        "value": "AB94687"
      },
      "expiry": "2018-01-01",
      "quantity": {
        "value": 100,
        "unit": "mL",
        "system": "http://unitsofmeasure.org",
        "code": "mL"
      }
    }
  ],
  "meta": {
    "tag": [
      {
        "system": "http://terminology.hl7.org/CodeSystem/v3-ActReason",
        "code": "HTEST",
        "display": "test health data"
      }
    ]
  }
}