{
  "resourceType": "ValueSet",
  "id": "audit-event-type",
  "meta": {
    "lastUpdated": "2019-11-01T09:29:23.356+11:00",
    "profile": [
      "http://hl7.org/fhir/StructureDefinition/shareablevalueset"
    ]
  },
  "text": {
    "status": "generated",
    "div": "\u003cdiv xmlns\u003d\"http://www.w3.org/1999/xhtml\"\u003e\u003ch2\u003eAudit Event ID\u003c/h2\u003e\u003cdiv\u003e\u003cp\u003eEvent Types for Audit Events - defined by DICOM with some FHIR specific additions.\u003c/p\u003e\n\u003c/div\u003e\u003cp\u003e\u003cb\u003eCopyright Statement:\u003c/b\u003e\u003c/p\u003e\u003cdiv\u003e\u003cp\u003eThese codes are excerpted from Digital Imaging and Communications in Medicine (DICOM) Standard, Part 16: Content Mapping Resource, Copyright © 2011 by the National Electrical Manufacturers Association.\u003c/p\u003e\n\u003c/div\u003e\u003cp\u003eThis value set includes codes from the following code systems:\u003c/p\u003e\u003cul\u003e\u003cli\u003eInclude these codes as defined in \u003ca href\u003d\"http://dicom.nema.org/resources/ontology/DCM\"\u003e\u003ccode\u003ehttp://dicom.nema.org/resources/ontology/DCM\u003c/code\u003e\u003c/a\u003e\u003ctable class\u003d\"none\"\u003e\u003ctr\u003e\u003ctd style\u003d\"white-space:nowrap\"\u003e\u003cb\u003eCode\u003c/b\u003e\u003c/td\u003e\u003ctd\u003e\u003cb\u003eDisplay\u003c/b\u003e\u003c/td\u003e\u003c/tr\u003e\u003ctr\u003e\u003ctd\u003e\u003ca href\u003d\"codesystem-dicom-dcim.html#dicom-dcim-110100\"\u003e110100\u003c/a\u003e\u003c/td\u003e\u003ctd\u003eApplication Activity\u003c/td\u003e\u003ctd\u003eAudit event: Application Activity has taken place\u003c/td\u003e\u003c/tr\u003e\u003ctr\u003e\u003ctd\u003e\u003ca href\u003d\"codesystem-dicom-dcim.html#dicom-dcim-110101\"\u003e110101\u003c/a\u003e\u003c/td\u003e\u003ctd\u003eAudit Log Used\u003c/td\u003e\u003ctd\u003eAudit event: Audit Log has been used\u003c/td\u003e\u003c/tr\u003e\u003ctr\u003e\u003ctd\u003e\u003ca href\u003d\"codesystem-dicom-dcim.html#dicom-dcim-110102\"\u003e110102\u003c/a\u003e\u003c/td\u003e\u003ctd\u003eBegin Transferring DICOM Instances\u003c/td\u003e\u003ctd\u003eAudit event: Storage of DICOM Instances has begun\u003c/td\u003e\u003c/tr\u003e\u003ctr\u003e\u003ctd\u003e\u003ca href\u003d\"codesystem-dicom-dcim.html#dicom-dcim-110103\"\u003e110103\u003c/a\u003e\u003c/td\u003e\u003ctd\u003eDICOM Instances Accessed\u003c/td\u003e\u003ctd\u003eAudit event: DICOM Instances have been created, read, updated, or deleted\u003c/td\u003e\u003c/tr\u003e\u003ctr\u003e\u003ctd\u003e\u003ca href\u003d\"codesystem-dicom-dcim.html#dicom-dcim-110104\"\u003e110104\u003c/a\u003e\u003c/td\u003e\u003ctd\u003eDICOM Instances Transferred\u003c/td\u003e\u003ctd\u003eAudit event: Storage of DICOM Instances has been completed\u003c/td\u003e\u003c/tr\u003e\u003ctr\u003e\u003ctd\u003e\u003ca href\u003d\"codesystem-dicom-dcim.html#dicom-dcim-110105\"\u003e110105\u003c/a\u003e\u003c/td\u003e\u003ctd\u003eDICOM Study Deleted\u003c/td\u003e\u003ctd\u003eAudit event: Entire Study has been deleted\u003c/td\u003e\u003c/tr\u003e\u003ctr\u003e\u003ctd\u003e\u003ca href\u003d\"codesystem-dicom-dcim.html#dicom-dcim-110106\"\u003e110106\u003c/a\u003e\u003c/td\u003e\u003ctd\u003eExport\u003c/td\u003e\u003ctd\u003eAudit event: Data has been exported out of the system\u003c/td\u003e\u003c/tr\u003e\u003ctr\u003e\u003ctd\u003e\u003ca href\u003d\"codesystem-dicom-dcim.html#dicom-dcim-110107\"\u003e110107\u003c/a\u003e\u003c/td\u003e\u003ctd\u003eImport\u003c/td\u003e\u003ctd\u003eAudit event: Data has been imported into the system\u003c/td\u003e\u003c/tr\u003e\u003ctr\u003e\u003ctd\u003e\u003ca href\u003d\"codesystem-dicom-dcim.html#dicom-dcim-110108\"\u003e110108\u003c/a\u003e\u003c/td\u003e\u003ctd\u003eNetwork Entry\u003c/td\u003e\u003ctd\u003eAudit event: System has joined or left network\u003c/td\u003e\u003c/tr\u003e\u003ctr\u003e\u003ctd\u003e\u003ca href\u003d\"codesystem-dicom-dcim.html#dicom-dcim-110109\"\u003e110109\u003c/a\u003e\u003c/td\u003e\u003ctd\u003eOrder Record\u003c/td\u003e\u003ctd\u003eAudit event: Order has been created, read, updated or deleted\u003c/td\u003e\u003c/tr\u003e\u003ctr\u003e\u003ctd\u003e\u003ca href\u003d\"codesystem-dicom-dcim.html#dicom-dcim-110110\"\u003e110110\u003c/a\u003e\u003c/td\u003e\u003ctd\u003ePatient Record\u003c/td\u003e\u003ctd\u003eAudit event: Patient Record has been created, read, updated, or deleted\u003c/td\u003e\u003c/tr\u003e\u003ctr\u003e\u003ctd\u003e\u003ca href\u003d\"codesystem-dicom-dcim.html#dicom-dcim-110111\"\u003e110111\u003c/a\u003e\u003c/td\u003e\u003ctd\u003eProcedure Record\u003c/td\u003e\u003ctd\u003eAudit event: Procedure Record has been created, read, updated, or deleted\u003c/td\u003e\u003c/tr\u003e\u003ctr\u003e\u003ctd\u003e\u003ca href\u003d\"codesystem-dicom-dcim.html#dicom-dcim-110112\"\u003e110112\u003c/a\u003e\u003c/td\u003e\u003ctd\u003eQuery\u003c/td\u003e\u003ctd\u003eAudit event: Query has been made\u003c/td\u003e\u003c/tr\u003e\u003ctr\u003e\u003ctd\u003e\u003ca href\u003d\"codesystem-dicom-dcim.html#dicom-dcim-110113\"\u003e110113\u003c/a\u003e\u003c/td\u003e\u003ctd\u003eSecurity Alert\u003c/td\u003e\u003ctd\u003eAudit event: Security Alert has been raised\u003c/td\u003e\u003c/tr\u003e\u003ctr\u003e\u003ctd\u003e\u003ca href\u003d\"codesystem-dicom-dcim.html#dicom-dcim-110114\"\u003e110114\u003c/a\u003e\u003c/td\u003e\u003ctd\u003eUser Authentication\u003c/td\u003e\u003ctd\u003eAudit event: User Authentication has been attempted\u003c/td\u003e\u003c/tr\u003e\u003c/table\u003e\u003c/li\u003e\u003cli\u003eInclude all codes defined in \u003ca href\u003d\"codesystem-audit-event-type.html\"\u003e\u003ccode\u003ehttp://terminology.hl7.org/CodeSystem/audit-event-type\u003c/code\u003e\u003c/a\u003e\u003c/li\u003e\u003cli\u003eInclude all codes defined in \u003ca href\u003d\"codesystem-iso-21089-lifecycle.html\"\u003e\u003ccode\u003ehttp://terminology.hl7.org/CodeSystem/iso-21089-lifecycle\u003c/code\u003e\u003c/a\u003e\u003c/li\u003e\u003c/ul\u003e\u003c/div\u003e"
  },
  "extension": [
    {
      "url": "http://hl7.org/fhir/StructureDefinition/structuredefinition-wg",
      "valueCode": "sec"
    },
    {
      "url": "http://hl7.org/fhir/StructureDefinition/structuredefinition-standards-status",
      "valueCode": "trial-use"
    },
    {
      "url": "http://hl7.org/fhir/StructureDefinition/structuredefinition-fmm",
      "valueInteger": 3
    }
  ],
  "url": "http://hl7.org/fhir/ValueSet/audit-event-type",
  "identifier": [
    {
      "system": "urn:ietf:rfc:3986",
      "value": "urn:oid:2.16.840.1.113883.4.642.3.462"
    }
  ],
  "version": "4.0.1",
  "name": "AuditEventID",
  "title": "Audit Event ID",
  "status": "active",
  "experimental": false,
  "date": "2015-03-26",
  "publisher": "NEMA/DICOM",
  "contact": [
    {
      "telecom": [
        {
          "system": "url",
          "value": "http://hl7.org/fhir"
        },
        {
          "system": "email",
          "value": "fhir@lists.hl7.org"
        }
      ]
    }
  ],
  "description": "Event Types for Audit Events - defined by DICOM with some FHIR specific additions.",
  "immutable": true,
  "copyright": "These codes are excerpted from Digital Imaging and Communications in Medicine (DICOM) Standard, Part 16: Content Mapping Resource, Copyright © 2011 by the National Electrical Manufacturers Association.",
  "compose": {
    "include": [
      {
        "system": "http://dicom.nema.org/resources/ontology/DCM",
        "concept": [
          {
            "code": "110100"
          },
          {
            "code": "110101"
          },
          {
            "code": "110102"
          },
          {
            "code": "110103"
          },
          {
            "code": "110104"
          },
          {
            "code": "110105"
          },
          {
            "code": "110106"
          },
          {
            "code": "110107"
          },
          {
            "code": "110108"
          },
          {
            "code": "110109"
          },
          {
            "code": "110110"
          },
          {
            "code": "110111"
          },
          {
            "code": "110112"
          },
          {
            "code": "110113"
          },
          {
            "code": "110114"
          }
        ]
      },
      {
        "system": "http://terminology.hl7.org/CodeSystem/audit-event-type"
      },
      {
        "system": "http://terminology.hl7.org/CodeSystem/iso-21089-lifecycle"
      }
    ]
  }
}